timestamp_ns,sensor_type,x,y,z
514300000000000,1,0.003888,6.944238,6.932379
514300005000000,4,0.004009,-0.000195,-0.000596
514300010000000,2,-0.060826,0.080097,-41.759756
514300018939393,1,0.014423,6.934454,6.935043
514300023975332,4,-0.001384,-0.000136,-0.002813
514300037878787,1,-0.003187,6.942562,6.929294
514300042950664,4,-0.000152,0.002994,-0.001222
514300056818181,1,0.011717,6.920763,6.921162
514300060251256,2,-0.035528,-0.020130,-41.631080
514300061925996,4,-0.000481,-0.003402,0.000748
514300075757575,1,0.008249,6.933286,6.928902
514300080901328,4,0.000529,0.000127,-0.000434
514300094696969,1,0.010681,6.927062,6.931946
514300099876660,4,-0.000586,0.001004,-0.000058
514300110502512,2,0.158559,-0.159336,-41.513407
514300113636363,1,0.016791,6.952818,6.953217
514300118851992,4,0.000630,0.000430,0.002247
514300132575757,1,-0.003386,6.949117,6.922961
514300137827324,4,0.001354,0.000386,0.003037
514300151515151,1,-0.010883,6.906143,6.954423
514300156802656,4,0.000841,0.002610,0.001214
514300160753768,2,0.043974,0.203018,-41.494609
514300170454545,1,-0.010368,6.932830,6.923425
514300175777988,4,-0.003684,0.002610,0.000270
514300189393939,1,0.008342,6.929841,6.918691
514300194753320,4,-0.000104,0.000563,-0.000690
514300208333333,1,0.005300,6.917144,6.924300
514300211005025,2,0.140423,0.105089,-41.474507
514300213728652,4,0.000454,-0.001184,0.002549
514300227272727,1,-0.025283,6.917261,6.936491
514300232703984,4,-0.000227,-0.000765,-0.001850
514300246212121,1,-0.023574,6.916575,6.934320
514300251679316,4,0.000538,0.000374,0.000777
514300261256281,2,-0.163427,-0.215187,-41.477050
514300265151515,1,-0.006523,6.958253,6.956355
514300270654648,4,-0.002055,-0.003202,0.001251
514300284090909,1,-0.010415,6.941034,6.943340
514300289629981,4,0.002969,-0.002053,0.003179
514300303030303,1,-0.007170,6.916402,6.934201
514300308605313,4,0.000568,-0.000014,-0.000795
514300311507537,2,-0.081405,0.137889,-41.381147
514300321969696,1,-0.002074,6.929120,6.939657
514300327580645,4,-0.002769,0.001975,-0.001551
514300340909090,1,-0.009009,6.920525,6.935658
514300346555977,4,-0.001560,0.001984,-0.003766
514300359848484,1,0.004632,6.920229,6.945486
514300361758793,2,-0.027692,-0.173657,-41.416416
514300365531309,4,-0.003047,-0.000036,0.000587
514300378787878,1,-0.021246,6.927411,6.931253
514300384506641,4,0.000969,-0.000604,0.005061
514300397727272,1,-0.007635,6.927568,6.956802
514300403481973,4,-0.000456,-0.000462,-0.001594
514300412010050,2,-0.152692,-0.113770,-41.639938
514300416666666,1,-0.010211,6.963643,6.939594
514300422457305,4,0.000248,0.001230,0.002407
514300435606060,1,0.001105,6.940064,6.964708
514300441432637,4,-0.002979,-0.000492,0.000893
514300454545454,1,-0.011923,6.920904,6.925290
514300460407969,4,0.001174,0.000013,0.001085
514300462261306,2,-0.020775,0.175529,-41.493782
514300473484848,1,0.000386,6.913639,6.934617
514300479383301,4,-0.001618,0.003116,0.001985
514300492424242,1,0.020323,6.936166,6.930836
514300498358633,4,-0.002690,-0.002150,-0.002094
514300511363636,1,-0.007418,6.945131,6.924439
514300512512562,2,-0.066483,-0.228842,-41.410207
514300517333965,4,0.001356,-0.002569,-0.000662
514300530303030,1,0.022157,6.957549,6.937430
514300536309297,4,0.000909,-0.000132,0.000518
514300549242424,1,-0.000138,6.946717,6.947486
514300555284629,4,-0.002132,0.001190,-0.001226
514300562763819,2,-0.117061,0.017628,-41.546159
514300568181818,1,-0.009672,6.928030,6.918481
514300574259962,4,-0.000649,0.000475,0.000206
514300587121212,1,0.004909,6.942348,6.918150
514300593235294,4,0.000048,-0.001501,-0.000599
514300606060606,1,-0.005462,6.918182,6.923563
514300612210626,4,0.000004,-0.002750,-0.000925
514300613015075,2,0.125727,-0.023585,-41.501865
514300624999999,1,0.006612,6.925547,6.930739
514300631185958,4,0.000775,-0.002555,0.002313
514300643939393,1,-0.019528,6.936593,6.933817
514300650161290,4,0.002539,-0.002490,0.002715
514300662878787,1,-0.008748,6.932081,6.936512
514300663266331,2,0.072862,0.316041,-41.359759
514300669136622,4,-0.000287,0.000837,-0.000993
514300681818181,1,-0.009778,6.916634,6.956016
514300688111954,4,0.001846,0.000812,-0.001628
514300700757575,1,-0.007599,6.933188,6.946479
514300707087286,4,-0.002330,-0.002921,0.000376
514300713517587,2,-0.013291,0.000480,-41.571755
514300719696969,1,0.042349,6.919415,6.939747
514300726062618,4,0.001145,0.001302,-0.000236
514300738636363,1,-0.008491,6.927883,6.925706
514300745037950,4,-0.002314,-0.001364,0.002305
514300757575757,1,-0.013508,6.933853,6.916655
514300763768844,2,-0.142499,-0.082913,-41.608848
514300764013282,4,-0.000969,0.000287,-0.002151
514300776515151,1,0.011362,6.935009,6.939418
514300782988614,4,0.000673,-0.000915,0.002093
514300795454545,1,-0.005594,6.929942,6.937799
514300801963946,4,0.001547,-0.000991,-0.000253
514300814020100,2,0.098005,-0.160679,-41.293044
514300814393939,1,-0.013969,6.930053,6.924033
514300820939278,4,-0.001102,-0.002839,-0.001715
514300833333333,1,-0.010687,6.909031,6.950421
514300839914611,4,0.000396,0.000651,0.000297
514300852272727,1,-0.008238,6.948309,6.947174
514300858889943,4,-0.000603,0.001866,0.000127
514300864271356,2,0.112807,0.003075,-41.492978
514300871212121,1,-0.015432,6.921288,6.965075
514300877865275,4,0.001407,-0.003548,-0.007845
514300890151515,1,0.021011,6.933970,6.937437
514300896840607,4,0.000568,-0.002850,-0.000425
514300909090909,1,-0.007570,6.939537,6.925743
514300914522613,2,-0.083592,0.040513,-41.329812
514300915815939,4,-0.000604,0.003175,0.000800
514300928030303,1,-0.024388,6.918490,6.934602
514300934791271,4,0.000332,0.001674,0.000737
514300946969696,1,-0.013573,6.933541,6.921453
514300953766603,4,-0.000915,0.002143,-0.002220
514300964773869,2,-0.105473,-0.230009,-41.387543
514300965909090,1,-0.009388,6.944587,6.937318
514300972741935,4,0.000646,-0.003095,0.000408
514300984848484,1,-0.000116,6.944896,6.940116
514300991717267,4,0.000386,0.003353,-0.003130
514301003787878,1,0.017359,6.928830,6.929193
514301010692599,4,-0.001202,0.001645,0.000671
514301015025125,2,0.048655,-0.168030,-41.603035
514301022727272,1,-0.015613,6.929201,6.945926
514301029667931,4,0.000361,-0.001912,-0.001182
514301041666666,1,0.015600,6.945872,6.912818
514301048643263,4,0.002490,-0.000103,0.000751
514301060606060,1,0.012998,6.912286,6.945126
514301065276381,2,-0.128866,-0.108680,-41.541578
514301067618595,4,-0.000230,-0.002366,0.001868
514301079545454,1,-0.004413,6.942779,6.918359
514301086593927,4,0.001006,0.004611,-0.002031
514301098484848,1,0.014054,6.916769,6.926327
514301105569259,4,0.001645,-0.002623,0.000315
514301115527638,2,-0.039982,-0.097619,-41.606750
514301117424242,1,-0.011977,6.913297,6.935483
514301124544592,4,0.001953,-0.004144,-0.000410
514301136363636,1,0.021673,6.966352,6.935515
514301143519924,4,-0.001126,-0.001404,0.000770
514301155303030,1,0.013400,6.937134,6.940335
514301162495256,4,0.002241,-0.000267,0.000411
514301165778894,2,-0.034318,0.025154,-41.540470
514301174242424,1,-0.004106,6.936690,6.940798
514301181470588,4,0.000229,0.000004,-0.002179
514301193181818,1,-0.006942,6.933419,6.933648
514301200445920,4,0.002217,0.000590,0.000790
514301212121212,1,0.009917,6.921556,6.933730
514301216030150,2,0.173800,0.076213,-41.731653
514301219421252,4,-0.001613,-0.000918,-0.000352
514301231060606,1,0.022944,6.948317,6.950539
514301238396584,4,-0.003068,-0.003376,-0.001201
514301250000000,1,0.000293,6.938201,6.946376
514301257371916,4,0.001045,-0.001306,-0.002038
514301266281407,2,0.078559,0.090832,-41.558236
514301268939393,1,0.018723,6.910929,6.918563
514301276347248,4,-0.001629,-0.000911,-0.000708
514301287878787,1,0.015713,6.931026,6.926288
514301295322580,4,0.004331,0.002109,0.002050
514301306818181,1,-0.015050,6.927689,6.917520
514301314297912,4,0.002337,-0.001998,-0.002445
514301316532663,2,-0.224280,0.001210,-41.494182
514301325757575,1,0.025093,6.934079,6.933653
514301333273244,4,-0.002214,0.002669,-0.001094
514301344696969,1,0.007057,6.945897,6.945699
514301352248576,4,-0.002503,-0.000862,-0.000477
514301363636363,1,0.012883,6.926779,6.930774
514301366783919,2,-0.168247,-0.217683,-41.506159
514301371223908,4,0.000537,0.000502,-0.001656
514301382575757,1,0.009228,6.928020,6.934287
514301390199240,4,0.001371,-0.001278,-0.000313
514301401515151,1,0.004785,6.943771,6.913017
514301409174573,4,0.001374,-0.001284,-0.001139
514301417035175,2,-0.034962,-0.062590,-41.505538
514301420454545,1,0.008577,6.931544,6.942838
514301428149905,4,0.001183,-0.001715,-0.000770
514301439393939,1,0.009323,6.953644,6.950590
514301447125237,4,0.001111,0.004108,0.001211
514301458333333,1,0.016159,6.951673,6.937845
514301466100569,4,0.000945,0.001062,-0.002146
514301467286432,2,-0.165416,-0.065223,-41.413027
514301477272727,1,0.000386,6.944823,6.943134
514301485075901,4,0.000231,-0.000060,0.000643
514301496212121,1,-0.003709,6.939207,6.933928
514301504051233,4,0.000233,0.000759,-0.000623
514301515151515,1,-0.010247,6.949834,6.935011
514301517537688,2,-0.052496,-0.250796,-41.563930
514301523026565,4,0.000117,-0.002456,-0.000640
514301534090909,1,0.024584,6.914843,6.927667
514301542001897,4,0.002782,0.000638,-0.000042
514301553030303,1,0.000392,6.947997,6.939142
514301560977229,4,0.003792,-0.002722,-0.002219
514301567788944,2,-0.160524,0.040070,-41.445200
514301571969696,1,0.003726,6.920822,6.920465
514301579952561,4,0.003425,0.000092,-0.000485
514301590909090,1,0.003870,6.917979,6.927966
514301598927893,4,-0.002398,0.000895,0.001089
514301609848484,1,0.006011,6.922561,6.953613
514301617903225,4,-0.002189,-0.000281,-0.000671
514301618040201,2,-0.248816,0.113852,-41.659854
514301628787878,1,0.014687,6.915492,6.923160
514301636878557,4,0.000512,-0.002239,0.002504
514301647727272,1,-0.027429,6.924958,6.943545
514301655853889,4,0.001832,-0.000726,-0.000433
514301666666666,1,-0.004967,6.939878,6.916081
514301668291457,2,0.233877,-0.007316,-41.679985
514301674829222,4,-0.000273,-0.001557,-0.000887
514301685606060,1,0.009576,6.927687,6.934495
514301693804554,4,-0.000541,0.003226,0.001893
514301704545454,1,-0.001114,6.919090,6.920512
514301712779886,4,0.001869,0.000740,-0.002235
514301718542713,2,-0.171298,0.052214,-41.551721
514301723484848,1,0.011614,6.939137,6.946949
514301731755218,4,-0.000083,0.001941,-0.002517
514301742424242,1,0.003896,6.936065,6.913637
514301750730550,4,0.001273,0.004645,0.002124
514301761363636,1,-0.003244,6.934020,6.957786
514301768793969,2,-0.014498,0.241917,-41.597913
514301769705882,4,0.002828,0.000437,0.001936
514301780303030,1,0.008243,6.952781,6.941519
514301788681214,4,-0.001436,0.001592,0.001309
514301799242424,1,-0.008536,6.935754,6.937183
514301807656546,4,0.000580,0.002632,-0.001078
514301818181818,1,-0.011270,6.929736,6.931880
514301819045226,2,0.008994,0.212977,-41.452449
514301826631878,4,-0.000374,0.000191,-0.002059
514301837121212,1,0.019267,6.909380,6.948819
514301845607210,4,0.000454,-0.003438,0.002094
514301856060606,1,-0.011242,6.917884,6.948508
514301864582542,4,0.000093,-0.001042,-0.001669
514301869296482,2,-0.240990,0.075808,-41.667476
514301875000000,1,0.008783,6.949403,6.943957
514301883557874,4,-0.000469,0.001377,0.001095
514301893939393,1,0.024718,6.941053,6.932471
514301902533206,4,-0.001411,-0.001692,0.001314
514301912878787,1,0.004115,6.949270,6.924996
514301919547738,2,0.211021,-0.123430,-41.047599
514301921508538,4,-0.001445,0.000120,0.000248
514301931818181,1,-0.007823,6.930641,6.909094
514301940483870,4,0.000624,0.001717,-0.002526
514301950757575,1,0.001657,6.911715,6.934985
514301959459203,4,-0.003822,-0.001135,0.003603
514301969696969,1,0.010383,6.928626,6.954474
514301969798994,2,0.220106,-0.119492,-41.490024
514301978434535,4,0.004044,0.003662,-0.000386
514301988636363,1,-0.017526,6.948644,6.942450
514301997409867,4,-0.003564,-0.004686,-0.001228
514302007575757,1,0.020435,6.104072,8.183658
514302016385199,4,-0.000396,-1.489131,-1.489997
514302020050251,2,-1.128027,0.098980,-41.408107
514302026515151,1,0.129254,6.576511,8.609511
514302035360531,4,0.000455,-1.489970,-1.490112
514302045454545,1,0.224620,7.135791,8.955894
514302054335863,4,0.000508,-1.480664,-1.481274
514302064393939,1,0.299957,7.665012,9.187911
514302070301507,2,-4.133319,-0.244684,-41.321795
514302073311195,4,-0.002069,-1.472043,-1.472493
514302083333333,1,0.330482,8.144958,9.360768
514302092286527,4,-0.002141,-1.463635,-1.460689
514302102272727,1,0.330140,8.623582,9.405794
514302111261859,4,-0.000469,-1.445064,-1.447240
514302120552763,2,-7.353955,-0.524008,-40.785485
514302121212121,1,0.308291,9.005610,9.305969
514302130237191,4,-0.000973,-1.431917,-1.431770
514302140151515,1,0.287752,9.264814,9.114437
514302149212523,4,-0.001457,-1.414883,-1.411655
514302159090909,1,0.194903,9.431976,8.829269
514302168187855,4,0.001691,-1.390552,-1.388729
514302170804020,2,-10.076108,-1.153846,-40.527553
514302178030303,1,0.079746,9.488259,8.485270
514302187163187,4,-0.001084,-1.364689,-1.369840
514302196969696,1,-0.052155,9.421844,8.038370
514302206138519,4,-0.002025,-1.345454,-1.342826
514302215909090,1,-0.145104,9.254717,7.543229
514302221055276,2,-12.675307,-2.018929,-39.190990
514302225113851,4,-0.001007,-1.312442,-1.313007
514302234848484,1,-0.262322,8.957378,7.031515
514302244089184,4,-0.002386,-1.283553,-1.283510
514302253787878,1,-0.361891,8.576009,6.503894
514302263064516,4,-0.003552,-1.251769,-1.251349
514302271306532,2,-15.297633,-2.711522,-38.536614
514302272727272,1,-0.437058,8.110251,6.026702
514302282039848,4,0.002867,-1.214288,-1.213347
514302291666666,1,-0.508770,7.617826,5.548088
514302301015180,4,-0.002997,-1.175032,-1.174818
514302310606060,1,-0.493041,7.087892,5.148351
514302319990512,4,-0.003997,-1.139530,-1.137128
514302321557788,2,-17.060858,-3.653888,-37.503636
514302329545454,1,-0.427840,6.524049,4.828448
514302338965844,4,0.001289,-1.098194,-1.097448
514302348484848,1,-0.364755,6.062185,4.578276
514302357941176,4,-0.001195,-1.053424,-1.051250
514302367424242,1,-0.248794,5.610586,4.419783
514302371809045,2,-18.848230,-4.846494,-36.682709
514302376916508,4,-0.001542,-1.006617,-1.010182
514302386363636,1,-0.112018,5.237555,4.373554
514302395891840,4,-0.001695,-0.960198,-0.959992
514302405303030,1,0.079648,4.929492,4.449475
514302414867172,4,0.001703,-0.916010,-0.914310
514302422060301,2,-20.396042,-5.937216,-35.669822
514302424242424,1,0.282729,4.754698,4.595619
514302433842504,4,0.001646,-0.863248,-0.865478
514302443181818,1,0.473575,4.671394,4.895166
514302452817836,4,0.000917,-0.813210,-0.808191
514302462121212,1,0.674094,4.723654,5.217982
514302471793168,4,0.003090,-0.757608,-0.756094
514302472311557,2,-21.945775,-6.638032,-34.808899
514302481060606,1,0.844848,4.855419,5.630831
514302490768500,4,0.000130,-0.703001,-0.701576
514302500000000,1,1.004262,5.123909,6.105588
514302509743833,4,0.000491,-0.649530,-0.652429
514302518939393,1,1.119077,5.432710,6.598454
514302522562814,2,-22.586453,-7.428910,-34.246187
514302528719165,4,-0.000166,-0.590731,-0.590487
514302537878787,1,1.157571,5.855245,7.114200
514302547694497,4,0.001009,-0.535788,-0.538659
514302556818181,1,1.184603,6.297104,7.625559
514302566669829,4,-0.000990,-0.476710,-0.476727
514302572814070,2,-22.943775,-8.091971,-33.438347
514302575757575,1,1.139064,6.767128,8.127253
514302585645161,4,0.001237,-0.412697,-0.416421
514302594696969,1,1.027916,7.254323,8.530515
514302604620493,4,-0.000433,-0.357028,-0.356261
514302613636363,1,0.880752,7.743866,8.899220
514302623065326,2,-23.850343,-8.518288,-32.763102
514302623595825,4,-0.001657,-0.295491,-0.294829
514302632575757,1,0.692694,8.171901,9.167874
514302642571157,4,0.000419,-0.233522,-0.233570
514302651515151,1,0.448447,8.550426,9.324313
514302661546489,4,-0.003544,-0.171461,-0.174077
514302670454545,1,0.190265,8.811285,9.427885
514302673316582,2,-23.812831,-8.652561,-32.630340
514302680521821,4,-0.002192,-0.112941,-0.109865
514302689393939,1,-0.097907,8.978749,9.389009
514302699497153,4,-0.000445,-0.051901,-0.047581
514302708333333,1,-0.363310,9.106119,9.234976
514302718472485,4,-0.002879,0.014023,0.014220
514302723567839,2,-24.084336,-9.060928,-32.679778
514302727272727,1,-0.621308,9.100968,9.008741
514302737447817,4,0.001771,0.079563,0.073270
514302746212121,1,-0.896187,8.948861,8.686874
514302756423149,4,-0.000105,0.137571,0.138991
514302765151515,1,-1.085082,8.730476,8.303766
514302773819095,2,-23.930245,-8.550276,-32.739022
514302775398481,4,0.000431,0.199302,0.199125
514302784090909,1,-1.272251,8.413241,7.839915
514302794373814,4,-0.002233,0.263518,0.262460
514302803030303,1,-1.401524,8.054750,7.369696
514302813349146,4,0.001836,0.322001,0.321308
514302821969696,1,-1.433079,7.610331,6.824243
514302824070351,2,-23.314299,-8.198713,-33.183164
514302832324478,4,-0.002157,0.383858,0.381060
514302840909090,1,-1.433469,7.155039,6.336265
514302851299810,4,0.003697,0.440376,0.443538
514302859848484,1,-1.387279,6.686164,5.868876
514302870275142,4,0.003134,0.503269,0.502422
514302874321608,2,-23.272014,-7.660219,-33.421063
514302878787878,1,-1.253750,6.175929,5.475338
514302889250474,4,-0.001937,0.557513,0.561816
514302897727272,1,-1.105281,5.730052,5.118682
514302908225806,4,0.003012,0.616629,0.615228
514302916666666,1,-0.914607,5.323686,4.886754
514302924572864,2,-22.422869,-6.970240,-34.239082
514302927201138,4,-0.004916,0.671700,0.673434
514302935606060,1,-0.684534,4.959629,4.766788
514302946176470,4,0.003198,0.729990,0.729254
514302954545454,1,-0.436374,4.696133,4.735985
514302965151802,4,-0.000800,0.781191,0.785168
514302973484848,1,-0.201517,4.500153,4.829904
514302974824120,2,-21.158254,-6.149098,-34.900007
514302984127134,4,0.000401,0.830503,0.833361
514302992424242,1,0.055699,4.448863,5.036242
514303003102466,4,-0.001716,0.884514,0.886732
514303011363636,1,0.297671,4.478516,5.321762
514303022077798,4,-0.000215,0.934809,0.937590
514303025075376,2,-19.779366,-5.415487,-35.914097
514303030303030,1,0.492938,4.572092,5.735281
514303041053130,4,-0.001393,0.986420,0.981349
514303049242424,1,0.668856,4.799216,6.159841
514303060028462,4,0.000178,1.028147,1.028956
514303068181818,1,0.779663,5.106396,6.640761
514303075326633,2,-18.347048,-4.531033,-37.105606
514303079003795,4,0.000889,1.073803,1.071429
514303087121212,1,0.847839,5.495154,7.163839
514303097979127,4,-0.002246,1.120300,1.114326
514303106060606,1,0.857137,5.921179,7.671386
514303116954459,4,0.001398,1.152495,1.155151
514303125000000,1,0.866400,6.430047,8.161119
514303125577889,2,-16.454659,-3.600907,-38.042409
514303135929791,4,-0.000254,1.195061,1.188670
514303143939393,1,0.799323,6.934303,8.562811
514303154905123,4,0.000332,1.228141,1.231089
514303162878787,1,0.730100,7.472256,8.897156
514303173880455,4,-0.002073,1.262913,1.264077
514303175829145,2,-14.212626,-2.653261,-38.813027
514303181818181,1,0.650634,7.982769,9.154430
514303192855787,4,-0.002105,1.295654,1.294219
514303200757575,1,0.541654,8.401479,9.309071
514303211831119,4,-0.003666,1.328365,1.323737
514303219696969,1,0.430589,8.818504,9.322669
514303226080402,2,-12.031866,-1.765274,-39.725023
514303230806451,4,-0.000357,1.355250,1.352514
514303238636363,1,0.281858,9.115858,9.225789
514303249781783,4,-0.001650,1.379255,1.381038
514303257575757,1,0.220515,9.347389,9.026631
514303268757115,4,-0.002339,1.401159,1.397994
514303276331658,2,-9.147986,-1.049286,-40.707386
514303276515151,1,0.158881,9.451840,8.719086
514303287732447,4,-0.000786,1.421745,1.419967
514303295454545,1,0.144021,9.465172,8.329960
514303306707779,4,-0.000914,1.436602,1.439573
514303314393939,1,0.113350,9.374105,7.881601
514303325683111,4,0.002111,1.452460,1.453409
514303326582914,2,-6.163056,-0.373889,-40.947965
514303333333333,1,0.095743,9.171005,7.387201
514303344658444,4,0.001005,1.469782,1.464372
514303352272727,1,0.154635,8.835909,6.836698
514303363633776,4,-0.000338,1.478073,1.477303
514303371212121,1,0.208925,8.452263,6.294482
514303376834170,2,-3.035391,-0.092852,-41.298142
514303382609108,4,-0.004954,1.486085,1.488122
514303390151515,1,0.263896,8.000469,5.810938
514303401584440,4,0.000233,1.488011,1.489047
514303409090909,1,0.351931,7.469881,5.356362
514303420559772,4,0.003540,1.494290,1.493750
514303427085427,2,-0.068624,0.103031,-41.729508
514303428030303,1,0.396317,6.922400,5.000876
514303439535104,4,0.000713,1.490945,1.491867
514303446969696,1,0.427383,6.387219,4.732188
514303458510436,4,-0.000156,1.490567,1.492485
514303465909090,1,0.451649,5.868978,4.526007
514303477336683,2,2.875235,0.128623,-41.752679
514303477485768,4,0.002237,1.481235,1.484522
514303484848484,1,0.417208,5.431292,4.478929
514303496461100,4,0.001474,1.477334,1.474838
514303503787878,1,0.406234,5.016395,4.512016
514303515436432,4,0.005828,1.462995,1.463383
514303522727272,1,0.305567,4.693918,4.635384
514303527587939,2,6.019865,-0.268662,-41.062512
514303534411764,4,0.000467,1.456684,1.450778
514303541666666,1,0.197846,4.509678,4.896585
514303553387096,4,-0.000532,1.438977,1.436787
514303560606060,1,0.074561,4.422300,5.228565
514303572362428,4,-0.000669,1.419824,1.419238
514303577839195,2,8.875015,-0.966183,-40.560398
514303579545454,1,-0.080550,4.437417,5.637446
514303591337760,4,0.002061,1.400677,1.398708
514303598484848,1,-0.243418,4.595625,6.125321
514303610313092,4,0.000583,1.375489,1.376039
514303617424242,1,-0.390111,4.876787,6.595345
514303628090452,2,11.640594,-1.803812,-39.625420
514303629288425,4,0.000110,1.349632,1.352026
514303636363636,1,-0.504307,5.259161,7.114853
514303648263757,4,0.003032,1.318840,1.321876
514303655303030,1,-0.632453,5.690506,7.581102
514303667239089,4,-0.001377,1.291155,1.292582
514303674242424,1,-0.700049,6.194056,8.060757
514303678341708,2,14.309412,-2.571185,-39.149823
514303686214421,4,0.001339,1.259225,1.255622
514303693181818,1,-0.760397,6.741849,8.469491
514303705189753,4,-0.001930,1.226722,1.219448
514303712121212,1,-0.771335,7.323740,8.785390
514303724165085,4,0.002375,1.189318,1.190908
514303728592964,2,16.205648,-3.516365,-37.928429
514303731060606,1,-0.758759,7.833916,9.043319
514303743140417,4,-0.000397,1.145431,1.150414
514303750000000,1,-0.661477,8.329030,9.173229
514303762115749,4,0.002549,1.110679,1.107504
514303768939393,1,-0.534835,8.784549,9.256337
514303778844221,2,18.032669,-4.580265,-36.951534
514303781091081,4,0.000174,1.065110,1.064537
514303787878787,1,-0.377028,9.108230,9.207449
514303800066413,4,0.001911,1.019270,1.019878
514303806818181,1,-0.190976,9.344318,9.050394
514303819041745,4,-0.002208,0.972396,0.975669
514303825757575,1,-0.013707,9.462047,8.815307
514303829095477,2,19.931902,-5.523922,-36.262326
514303838017077,4,0.002323,0.927020,0.924378
514303844696969,1,0.194454,9.476627,8.490372
514303856992409,4,0.001680,0.881159,0.876495
514303863636363,1,0.403126,9.379306,8.089461
514303875967741,4,-0.000957,0.827689,0.829901
514303879346733,2,21.605453,-6.222703,-35.192878
514303882575757,1,0.553090,9.140587,7.638920
514303894943074,4,-0.001040,0.771423,0.775351
514303901515151,1,0.692401,8.843723,7.155242
514303913918406,4,0.001598,0.720183,0.719055
514303920454545,1,0.825435,8.443626,6.646738
514303929597989,2,22.294217,-7.171087,-34.210534
514303932893738,4,0.001989,0.666056,0.663463
514303939393939,1,0.887872,7.963985,6.159540
514303951869070,4,0.000098,0.605968,0.610043
514303958333333,1,0.881005,7.483929,5.692308
514303970844402,4,-0.000524,0.550411,0.551217
514303977272727,1,0.855406,6.924861,5.293616
514303979849246,2,22.986859,-7.818905,-33.677467
514303989819734,4,0.000081,0.494724,0.494116
514303996212121,1,0.765065,6.441253,4.925116
514304008795066,4,-0.000313,0.435255,0.434529
514304015151515,1,0.615464,5.993240,4.636396
514304027770398,4,-0.000853,0.373517,0.373470
514304030100502,2,23.312426,-8.062319,-33.281222
514304034090909,1,0.437859,5.535194,4.480698
514304046745730,4,0.001011,0.312420,0.312373
514304053030303,1,0.211983,5.194775,4.406356
514304065721062,4,0.003938,0.253875,0.250475
514304071969696,1,-0.032591,4.954465,4.416893
514304080351758,2,23.676561,-8.725346,-32.943829
514304084696394,4,0.001142,0.190636,0.191183
514304090909090,1,-0.254727,4.779438,4.562407
514304103671726,4,0.000275,0.130851,0.129163
514304109848484,1,-0.496569,4.710817,4.816153
514304122647058,4,-0.000124,0.068405,0.066787
514304128787878,1,-0.736822,4.787021,5.135573
514304130603015,2,24.020297,-8.737715,-32.502851
514304141622390,4,0.000243,0.004681,0.003866
514304147727272,1,-0.917028,4.938927,5.546562
514304160597722,4,0.000018,-0.059394,-0.059723
514304166666666,1,-1.064872,5.164601,6.033488
514304179573055,4,-0.001997,-0.123178,-0.122153
514304180854271,2,24.099631,-8.835794,-32.695638
514304185606060,1,-1.147790,5.544544,6.537774
514304198548387,4,-0.000349,-0.182150,-0.182899
514304204545454,1,-1.210496,5.882860,7.083784
514304217523719,4,-0.004711,-0.240853,-0.241829
514304223484848,1,-1.204529,6.337903,7.604455
514304231105527,2,23.787963,-8.806176,-32.864930
514304236499051,4,0.000892,-0.301408,-0.307178
514304242424242,1,-1.153328,6.803578,8.090334
514304255474383,4,0.003775,-0.367843,-0.365435
514304261363636,1,-1.044596,7.291314,8.515514
514304274449715,4,-0.002548,-0.425935,-0.425192
514304280303030,1,-0.876538,7.721537,8.908835
514304281356783,2,23.048591,-7.801757,-33.445894
514304293425047,4,-0.000309,-0.483848,-0.485077
514304299242424,1,-0.661917,8.132865,9.174490
514304312400379,4,-0.001045,-0.544875,-0.542119
514304318181818,1,-0.414001,8.496221,9.346972
514304331375711,4,-0.001307,-0.599429,-0.598815
514304331608040,2,22.556103,-7.617989,-34.084989
514304337121212,1,-0.127509,8.790296,9.424131
514304350351043,4,-0.003337,-0.655467,-0.653612
514304356060606,1,0.110855,9.001956,9.387244
514304369326375,4,0.000504,-0.711861,-0.710986
514304375000000,1,0.389298,9.116813,9.203143
514304381859296,2,21.999262,-6.609740,-34.974611
514304388301707,4,-0.000551,-0.766781,-0.769774
514304393939393,1,0.638098,9.134793,8.970659
514304407277039,4,0.000277,-0.818899,-0.818863
514304412878787,1,0.811774,9.054762,8.611057
514304426252371,4,0.002131,-0.872767,-0.872283
514304431818181,1,1.011984,8.870424,8.153093
514304432110552,2,20.696229,-5.704986,-35.651236
514304445227703,4,0.003791,-0.921324,-0.920623
514304450757575,1,1.141414,8.601553,7.651394
514304464203036,4,-0.000134,-0.970869,-0.965979
514304469696969,1,1.222321,8.274610,7.135152
514304482361809,2,19.050046,-4.942395,-36.256986
514304483178368,4,-0.001055,-1.017995,-1.016642
514304488636363,1,1.262714,7.860764,6.594478
514304502153700,4,-0.004003,-1.061789,-1.062423
514304507575757,1,1.229582,7.388626,6.085593
514304521129032,4,0.001235,-1.104733,-1.101611
514304526515151,1,1.158573,6.907292,5.612359
514304532613065,2,17.127848,-3.941189,-37.594157
514304540104364,4,0.002797,-1.142803,-1.144796
514304545454545,1,1.088816,6.390459,5.217468
514304559079696,4,0.000282,-1.186402,-1.183619
514304564393939,1,0.944056,5.949558,4.917546
514304578055028,4,-0.001721,-1.218889,-1.215132
514304582864321,2,14.983552,-2.671768,-38.669747
514304583333333,1,0.762311,5.498910,4.673683
514304597030360,4,0.001000,-1.259062,-1.255802
514304602272727,1,0.589551,5.110301,4.596536
514304616005692,4,0.000245,-1.287521,-1.289157
514304621212121,1,0.405746,4.824500,4.658646
514304633115577,2,12.901042,-2.362919,-39.451072
514304634981024,4,0.000491,-1.320555,-1.319960
514304640151515,1,0.247429,4.567827,4.756144
514304653956356,4,0.001292,-1.348181,-1.345073
514304659090909,1,0.100392,4.461698,5.017552
514304672931688,4,-0.002739,-1.368356,-1.373434
514304678030303,1,-0.060446,4.419442,5.379861
514304683366834,2,10.343449,-1.438882,-40.089834
514304691907020,4,-0.000447,-1.394572,-1.396364
514304696969696,1,-0.149966,4.491523,5.800966
514304710882352,4,0.000287,-1.415001,-1.414230
514304715909090,1,-0.201478,4.662852,6.294126
514304729857685,4,0.001583,-1.434948,-1.434897
514304733618090,2,7.433336,-0.510353,-40.604396
514304734848484,1,-0.246520,4.935691,6.778695
514304748833017,4,0.004698,-1.448659,-1.452403
514304753787878,1,-0.242194,5.329071,7.335240
514304767808349,4,0.000200,-1.464659,-1.464259
514304772727272,1,-0.257989,5.755047,7.836039
514304783869346,2,4.412851,-0.234054,-41.219944
514304786783681,4,-0.002459,-1.475693,-1.471246
514304791666666,1,-0.239690,6.228246,8.314119
514304805759013,4,0.001158,-1.488164,-1.480748
514304810606060,1,-0.214066,6.784077,8.733340
514304824734345,4,0.002179,-1.489631,-1.487478
514304829545454,1,-0.178443,7.323168,9.075191
514304834120603,2,1.517655,-0.022318,-41.440019
514304843709677,4,-0.001719,-1.492991,-1.489053
514304848484848,1,-0.169141,7.820097,9.282342
514304862685009,4,-0.000543,-1.496330,-1.492717
514304867424242,1,-0.168071,8.311835,9.422752
514304881660341,4,-0.000157,-1.488136,-1.490504
514304884371859,2,-1.721051,-0.016937,-41.264112
514304886363636,1,-0.175972,8.681396,9.417446
514304900635673,4,-0.000843,-1.483789,-1.485637
514304905303030,1,-0.233000,9.027441,9.348353
514304919611005,4,-0.001500,-1.476329,-1.478251
514304924242424,1,-0.310008,9.238926,9.125676
514304934623115,2,-4.657713,-0.169037,-41.110340
514304938586337,4,0.000006,-1.468468,-1.470965
514304943181818,1,-0.414647,9.349922,8.840422
514304957561669,4,-0.001055,-1.456445,-1.456841
514304962121212,1,-0.487392,9.364786,8.428162
514304976537001,4,0.002545,-1.441109,-1.439834
514304981060606,1,-0.612301,9.224962,8.020619
514304984874371,2,-7.738890,-0.682424,-40.925554
514304995512333,4,0.000019,-1.422014,-1.423331
514304999999999,1,-0.725531,8.993312,7.522727
514305014487666,4,0.000027,-1.404256,-1.406138
514305018939393,1,-0.828133,8.689020,7.009645
514305033462998,4,0.001014,-1.381968,-1.382892
514305035125628,2,-10.315489,-1.793057,-40.130485
514305037878787,1,-0.921401,8.224288,6.516923
514305052438330,4,0.002213,-1.359640,-1.357985
514305056818181,1,-0.969121,7.746100,6.055100
514305071413662,4,0.002055,-1.329398,-1.330125
514305075757575,1,-0.978353,7.233783,5.625940
514305085376884,2,-12.902288,-2.377978,-39.259661
514305090388994,4,0.000502,-1.300244,-1.303636
514305094696969,1,-0.963045,6.678595,5.229213
514305109364326,4,-0.000699,-1.265679,-1.270231
514305113636363,1,-0.903225,6.157660,4.954354
514305128339658,4,-0.000637,-1.236095,-1.235186
514305132575757,1,-0.822046,5.660882,4.743943
514305135628140,2,-15.483172,-3.134651,-38.271804
514305147314990,4,-0.001166,-1.197988,-1.198567
514305151515151,1,-0.670931,5.232272,4.643372
514305166290322,4,0.001547,-1.162926,-1.161505
514305170454545,1,-0.510270,4.845625,4.662440
514305185265654,4,-0.000451,-1.119754,-1.122252
514305185879396,2,-17.375897,-4.350162,-37.594481
514305189393939,1,-0.281271,4.599393,4.743546
514305204240986,4,0.001831,-1.076183,-1.080533
514305208333333,1,-0.052139,4.445158,4.947251
514305223216318,4,-0.000982,-1.035632,-1.029303
514305227272727,1,0.167941,4.417572,5.215569
514305236130653,2,-18.991541,-4.953736,-36.209728
514305242191650,4,-0.000860,-0.985424,-0.991312
514305246212121,1,0.403350,4.520383,5.578800
514305261166982,4,-0.001979,-0.942642,-0.942960
514305265151515,1,0.579176,4.718747,5.981581
514305280142314,4,-0.000536,-0.893537,-0.893758
514305284090909,1,0.830068,5.027472,6.438170
514305286381909,2,-20.328108,-6.011396,-35.157481
514305299117647,4,0.002317,-0.838969,-0.839518
514305303030303,1,0.981308,5.425915,6.910969
514305318092979,4,0.001048,-0.789064,-0.790243
514305321969696,1,1.059563,5.906667,7.366323
514305336633165,2,-21.741748,-6.963022,-34.769450
514305337068311,4,-0.001906,-0.734982,-0.738055
514305340909090,1,1.114736,6.463680,7.835082
514305356043643,4,-0.001988,-0.678580,-0.677084
514305359848484,1,1.136351,6.977883,8.214294
514305375018975,4,0.000787,-0.622665,-0.625369
514305378787878,1,1.072479,7.523130,8.573531
514305386884422,2,-22.988571,-7.318150,-33.694608
514305393994307,4,-0.002675,-0.566557,-0.566643
514305397727272,1,0.971608,8.029393,8.882078
514305412969639,4,0.000143,-0.510182,-0.507773
514305416666666,1,0.800478,8.467593,9.044786
514305431944971,4,-0.001971,-0.452273,-0.452742
514305435606060,1,0.629402,8.847219,9.117667
514305437135678,2,-23.466331,-8.185205,-33.327662
514305450920303,4,0.000170,-0.393145,-0.392337
514305454545454,1,0.391278,9.163867,9.134960
514305469895635,4,-0.001412,-0.331053,-0.333506
514305473484848,1,0.162596,9.361582,9.003030
514305487386934,2,-23.899663,-8.833847,-32.953998
514305488870967,4,0.000174,-0.267024,-0.269248
514305492424242,1,-0.067567,9.446525,8.805372
514305507846299,4,0.003083,-0.205369,-0.206482
514305511363636,1,-0.313797,9.432717,8.519866
514305526821631,4,0.000149,-0.146148,-0.144665
514305530303030,1,-0.535417,9.320147,8.141293
514305537638190,2,-24.037418,-8.860086,-32.657794
514305545796963,4,-0.000783,-0.087859,-0.083110
514305549242424,1,-0.705131,9.049587,7.717019
514305564772296,4,-0.002262,-0.023774,-0.021849
514305568181818,1,-0.874072,8.769738,7.229026
514305583747628,4,-0.000190,0.037610,0.040765
514305587121212,1,-0.963872,8.364787,6.735425
514305587889447,2,-23.808905,-8.881581,-32.631343
514305602722960,4,0.001932,0.100390,0.105192
514305606060606,1,-0.986379,7.892103,6.216784
514305621698292,4,-0.003120,0.168915,0.163858
514305624999999,1,-0.977077,7.416355,5.752903
514305638140703,2,-23.750080,-8.589071,-32.912997
514305640673624,4,0.000291,0.222644,0.226304
514305643939393,1,-0.929944,6.919908,5.307441
514305659648956,4,0.000457,0.287609,0.286655
514305662878787,1,-0.794381,6.414798,4.941641
514305678624288,4,-0.001893,0.350894,0.348695
514305681818181,1,-0.662601,5.953244,4.651160
514305688391959,2,-23.476121,-8.234008,-33.346139
514305697599620,4,0.003082,0.407825,0.408008
514305700757575,1,-0.413593,5.539837,4.474985
514305716574952,4,0.001631,0.465165,0.465984
514305719696969,1,-0.178442,5.216494,4.412662
514305735550284,4,0.002195,0.524785,0.523491
514305738636363,1,0.031656,4.947579,4.436668
514305738643216,2,-22.715702,-7.566708,-33.819996
514305754525616,4,0.003737,0.582141,0.585297
514305757575757,1,0.268833,4.774515,4.583052
514305773500948,4,0.000138,0.636089,0.641176
514305776515151,1,0.509049,4.694839,4.855837
514305788894472,2,-22.056762,-6.992710,-34.485816
514305792476280,4,0.000897,0.698083,0.699181
514305795454545,1,0.703272,4.737304,5.186319
514305811451612,4,-0.000775,0.753249,0.750446
514305814393939,1,0.850316,4.862425,5.649718
514305830426944,4,-0.002821,0.802370,0.802041
514305833333333,1,0.947110,5.064753,6.147983
514305839145728,2,-20.940567,-6.242773,-35.445953
514305849402277,4,0.002019,0.853676,0.857253
514305852272727,1,1.017451,5.372741,6.690290
514305868377609,4,-0.000532,0.906748,0.909680
514305871212121,1,1.039887,5.741320,7.209407
514305887352941,4,-0.000877,0.956845,0.955697
514305889396984,2,-19.598751,-5.516403,-36.000764
514305890151515,1,1.006128,6.161588,7.752765
514305906328273,4,-0.000304,1.007227,0.999745
514305909090909,1,0.918595,6.656165,8.261140
514305925303605,4,0.002578,1.049200,1.046928
514305928030303,1,0.774957,7.133244,8.684545
514305939648241,2,-18.136769,-4.407100,-36.904276
514305944278937,4,0.003259,1.087626,1.090279
514305946969696,1,0.602109,7.590479,9.056889
514305963254269,4,-0.002417,1.133681,1.130631
514305965909090,1,0.426636,8.040525,9.310071
514305982229601,4,0.000866,1.172047,1.171461
514305984848484,1,0.200494,8.427576,9.408791
514305989899497,2,-16.037503,-3.570033,-38.237152
514306001204933,4,0.000777,1.209404,1.207764
514306003787878,1,0.011924,8.784566,9.464575
514306020180265,4,0.005603,1.244382,1.240921
514306022727272,1,-0.191877,9.038851,9.343121
514306039155597,4,-0.001684,1.276069,1.280255
514306040150753,2,-13.989965,-2.416798,-38.963286
514306041666666,1,-0.377445,9.194135,9.156792
514306058130929,4,0.000643,1.310421,1.308884
514306060606060,1,-0.529872,9.288106,8.807629
514306077106261,4,-0.000559,1.337622,1.338202
514306079545454,1,-0.651564,9.251885,8.379305
514306090402010,2,-11.545061,-1.810717,-39.815153
514306096081593,4,0.001671,1.365447,1.365775
514306098484848,1,-0.739585,9.122934,7.894653
514306115056925,4,0.000999,1.390578,1.389385
514306117424242,1,-0.777892,8.888010,7.385014
514306134032258,4,0.000718,1.412803,1.409095
514306136363636,1,-0.789188,8.561548,6.832001
514306140653266,2,-8.727442,-0.609516,-40.554437
514306153007590,4,-0.001711,1.427214,1.429951
514306155303030,1,-0.773832,8.153321,6.287341
514306171982922,4,-0.003707,1.447181,1.446039
514306174242424,1,-0.732359,7.692225,5.805543
514306190904522,2,-5.519329,-0.583751,-41.320815
514306190958254,4,0.002269,1.459067,1.460004
514306193181818,1,-0.681240,7.190751,5.341290
514306209933586,4,0.002244,1.474788,1.470661
514306212121212,1,-0.574904,6.679768,4.958576
514306228908918,4,0.000364,1.481658,1.481817
514306231060606,1,-0.482249,6.183941,4.703483
514306241155778,2,-2.919357,0.086949,-41.138190
514306247884250,4,-0.000525,1.490102,1.483760
514306249999999,1,-0.442422,5.714789,4.515040
514306266859582,4,-0.000842,1.492314,1.492333
514306268939393,1,-0.345407,5.278563,4.441247
514306285834914,4,0.002706,1.495098,1.492130
514306287878787,1,-0.302963,4.938099,4.512269
514306291407035,2,0.235246,-0.070583,-41.666875
514306304810246,4,0.002600,1.489957,1.493247
514306306818181,1,-0.269010,4.653321,4.675395
514306323785578,4,0.003621,1.489903,1.487685
514306325757575,1,-0.287800,4.501230,4.967142
514306341658291,2,3.176519,-0.036020,-41.315791
514306342760910,4,-0.000664,1.477913,1.481592
514306344696969,1,-0.290482,4.488880,5.324161
514306361736242,4,-0.002230,1.470304,1.469508
514306363636363,1,-0.322679,4.525057,5.753520
514306380711574,4,-0.000921,1.460191,1.460794
514306382575757,1,-0.366263,4.715431,6.253746
514306391909547,2,6.465858,-0.719814,-40.737226
514306399686907,4,-0.001201,1.448199,1.445644
514306401515151,1,-0.420572,4.972794,6.767505
514306418662239,4,-0.001575,1.429810,1.433284
514306420454545,1,-0.450875,5.370852,7.283240
514306437637571,4,0.000670,1.409440,1.407110
514306439393939,1,-0.483317,5.803684,7.786386
514306442160804,2,9.259133,-0.997964,-40.633202
514306456612903,4,-0.000439,1.388988,1.387743
514306458333333,1,-0.496536,6.290411,8.268518
514306475588235,4,-0.003331,1.362752,1.367363
514306477272727,1,-0.464171,6.820172,8.681815
514306492412060,2,11.974410,-1.771829,-39.628430
514306494563567,4,0.002868,1.336240,1.339359
514306496212121,1,-0.409514,7.367464,9.042357
514306513538899,4,-0.002357,1.312052,1.309734
514306515151515,1,-0.351729,7.853639,9.265215
514306532514231,4,0.001899,1.274764,1.279550
514306534090909,1,-0.206752,8.292342,9.414615
514306542663316,2,14.448916,-2.606701,-38.981725
514306551489563,4,-0.000015,1.246624,1.246749
514306553030303,1,-0.055460,8.668727,9.444567
514306570464895,4,0.000132,1.208276,1.211037
514306571969696,1,0.114687,8.966427,9.400430
514306589440227,4,-0.000120,1.170184,1.170089
514306590909090,1,0.326124,9.140786,9.234270
514306592914572,2,16.603104,-3.609946,-37.831265
514306608415559,4,-0.002954,1.131321,1.134547
514306609848484,1,0.532346,9.229989,8.975510
514306627390891,4,0.000356,1.089722,1.092391
514306628787878,1,0.721542,9.170483,8.627258
514306643165829,2,18.442167,-4.795590,-37.086088
514306646366223,4,-0.001665,1.047514,1.046964
514306647727272,1,0.912554,9.014773,8.248028
514306665341555,4,0.001558,0.998886,1.000340
514306666666666,1,1.078530,8.739796,7.781631
514306684316888,4,-0.003276,0.954495,0.957437
514306685606060,1,1.223077,8.374752,7.310681
514306693417085,2,19.664949,-5.442446,-35.803801
514306703292220,4,-0.001011,0.905303,0.908068
514306704545454,1,1.300367,7.938565,6.822721
514306722267552,4,0.002137,0.855879,0.857426
514306723484848,1,1.353192,7.444887,6.373561
514306741242884,4,-0.002154,0.807054,0.808596
514306742424242,1,1.349785,6.919934,5.913894
514306743668341,2,21.405680,-6.417051,-35.349924
514306760218216,4,0.001042,0.746972,0.750024
514306761363636,1,1.256229,6.403672,5.546591
514306779193548,4,0.001226,0.695831,0.699218
514306780303030,1,1.138631,5.910096,5.205943
514306793919597,2,22.138974,-7.232833,-34.214303
514306798168880,4,0.001176,0.639582,0.641060
514306799242424,1,0.959456,5.438945,4.942918
514306817144212,4,-0.001788,0.583835,0.583091
514306818181818,1,0.747896,5.025337,4.813208
514306836119544,4,0.002350,0.530620,0.523525
514306837121212,1,0.537531,4.756801,4.736742
514306844170854,2,23.024278,-7.861941,-33.574000
514306855094876,4,-0.003846,0.467169,0.464622
514306856060606,1,0.237977,4.544219,4.788658
514306874070208,4,0.000092,0.409614,0.411105
514306874999999,1,-0.020345,4.462605,4.932183
514306893045540,4,0.000403,0.347477,0.343906
514306893939393,1,-0.294565,4.486911,5.205803
514306894422110,2,23.610650,-8.508924,-32.932660
514306912020872,4,0.000052,0.287146,0.288282
514306912878787,1,-0.524937,4.584865,5.535146
514306930996204,4,-0.001417,0.224775,0.222689
514306931818181,1,-0.791108,4.820811,5.890722
514306944673366,2,23.849278,-8.926100,-32.882173
514306949971537,4,-0.004583,0.161676,0.160753
514306950757575,1,-0.982344,5.159102,6.306494
514306968946869,4,0.000673,0.100820,0.100780
514306969696969,1,-1.119164,5.575201,6.787452
514306987922201,4,-0.001969,0.033177,0.042659
514306988636363,1,-1.201900,6.031559,7.276875
514306994924623,2,23.980645,-8.696685,-32.653580
514307006897533,4,-0.002001,-0.023466,-0.025551
514307007575757,1,-1.253797,6.538665,7.721097
514307025872865,4,0.001944,-0.084598,-0.086538
514307026515151,1,-1.204902,7.067490,8.136446
514307044848197,4,-0.000784,-0.143625,-0.147127
514307045175879,2,23.926075,-8.953795,-32.608708
514307045454545,1,-1.137184,7.549135,8.515076
514307063823529,4,-0.000363,-0.210704,-0.212610
514307064393939,1,-0.977677,8.060658,8.802608
514307082798861,4,-0.000320,-0.269647,-0.268099
514307083333333,1,-0.826371,8.485326,9.013208
514307095427135,2,23.576414,-8.506569,-32.779434
514307101774193,4,-0.004497,-0.333554,-0.332465
514307102272727,1,-0.610948,8.863028,9.147884
514307120749525,4,-0.000007,-0.392023,-0.391977
514307121212121,1,-0.391115,9.169552,9.132179
514307139724857,4,0.000816,-0.453287,-0.449612
514307140151515,1,-0.147524,9.375100,9.032038
514307145678391,2,23.259982,-8.275541,-33.727150
514307158700189,4,0.000867,-0.511081,-0.507240
514307159090909,1,0.079008,9.458487,8.822047
514307177675521,4,0.003113,-0.566648,-0.574551
514307178030303,1,0.280679,9.451264,8.503424
514307195929648,2,22.457243,-7.585365,-33.992290
514307196650853,4,0.003158,-0.624007,-0.621584
514307196969696,1,0.464254,9.329178,8.120603
514307215626185,4,0.002475,-0.678433,-0.679833
514307215909090,1,0.633735,9.139134,7.642960
514307234601518,4,0.002697,-0.732409,-0.735964
514307234848484,1,0.737994,8.819759,7.164225
514307246180904,2,21.511312,-6.608383,-34.965847
514307253576850,4,-0.003144,-0.790536,-0.789142
514307253787878,1,0.768020,8.447678,6.639330
514307272552182,4,0.000150,-0.844564,-0.845333
514307272727272,1,0.767758,8.015656,6.134846
514307291527514,4,-0.001482,-0.891139,-0.889593
514307291666666,1,0.741830,7.545522,5.629279
514307296432160,2,20.539721,-5.326500,-35.781924
514307310502846,4,0.001833,-0.939768,-0.942045
514307310606060,1,0.668317,7.002006,5.227213
514307329478178,4,-0.003484,-0.990282,-0.989890
514307329545454,1,0.552802,6.524208,4.816634
514307346683417,2,18.823959,-4.786916,-36.730450
514307348453510,4,-0.000994,-1.035029,-1.034256
514307348484848,1,0.386369,6.029867,4.581473
514307367424242,1,0.217534,5.596256,4.432968
514307367428842,4,0.001706,-1.079659,-1.082910
514307386363636,1,0.044741,5.239022,4.379191
514307386404174,4,-0.000966,-1.121101,-1.118743
514307396934673,2,16.847579,-3.986291,-37.839819
514307405303030,1,-0.155326,4.934463,4.454564
514307405379506,4,-0.001136,-1.160297,-1.160742
514307424242424,1,-0.313594,4.723257,4.677975
514307424354838,4,0.000088,-1.197572,-1.200755
514307443181818,1,-0.431689,4.615763,4.956418
514307443330170,4,-0.001150,-1.235480,-1.236737
514307447185929,2,14.943205,-2.945018,-39.012703
514307462121212,1,-0.538146,4.569207,5.371023
514307462305502,4,0.001016,-1.270755,-1.268876
514307481060606,1,-0.608186,4.677845,5.815500
514307481280834,4,-0.000200,-1.300561,-1.301911
514307497437185,2,12.580065,-1.987231,-39.309533
514307499999999,1,-0.629849,4.875713,6.340775
514307500256166,4,-0.000678,-1.330196,-1.329984
514307518939393,1,-0.615115,5.165660,6.914820
514307519231499,4,-0.000008,-1.354059,-1.359451
514307537878787,1,-0.551761,5.515410,7.440585
514307538206831,4,-0.000128,-1.385334,-1.381443
514307547688442,2,9.947501,-1.436376,-40.612902
514307556818181,1,-0.476401,5.965106,7.960210
514307557182163,4,-0.002230,-1.405054,-1.405242
514307575757575,1,-0.362487,6.448156,8.425986
514307576157495,4,0.000562,-1.425469,-1.425554
514307594696969,1,-0.260798,6.953504,8.846813
514307595132827,4,0.002872,-1.441180,-1.442872
514307597939698,2,6.949899,-0.702966,-40.742353
514307613636363,1,-0.099636,7.478504,9.146440
514307614108159,4,-0.000502,-1.453334,-1.457095
514307632575757,1,0.004011,7.967762,9.362709
514307633083491,4,-0.001379,-1.470335,-1.470063
514307648190954,2,4.064832,-0.030147,-41.491551
514307651515151,1,0.119533,8.440202,9.445201
514307652058823,4,-0.001189,-1.481306,-1.480995
514307670454545,1,0.223541,8.826378,9.404659
514307671034155,4,-0.001659,-1.484771,-1.486717
514307689393939,1,0.296295,9.126661,9.254042
514307690009487,4,-0.000414,-1.488035,-1.487985
514307698442211,2,1.125703,0.096551,-41.784163
514307708333333,1,0.326922,9.357374,9.005628
514307708984819,4,-0.000564,-1.493862,-1.494329
514307727272727,1,0.309105,9.431918,8.660423
514307727960151,4,0.001386,-1.492436,-1.492800
514307746212121,1,0.311190,9.428631,8.219886
514307746935483,4,-0.001627,-1.490395,-1.488215
514307748693467,2,-1.928809,-0.040580,-41.379620
514307765151515,1,0.271441,9.291884,7.739410
514307765910815,4,-0.002631,-1.481102,-1.484160
514307784090909,1,0.190770,9.066018,7.198537
514307784886148,4,-0.000299,-1.477421,-1.474771
514307798944723,2,-5.315607,-0.135354,-41.344263
514307803030303,1,0.125188,8.723513,6.677580
514307803861480,4,-0.000657,-1.463934,-1.460890
514307821969696,1,0.048107,8.303853,6.161428
514307822836812,4,0.000355,-1.451961,-1.451795
514307840909090,1,0.007757,7.805988,5.640036
514307841812144,4,0.001190,-1.431788,-1.433821
514307849195979,2,-8.001386,-0.688522,-40.827538
514307859848484,1,-0.070458,7.305161,5.177616
514307860787476,4,0.001377,-1.414681,-1.413063
514307878787878,1,-0.072150,6.769915,4.860469
514307879762808,4,-0.003899,-1.393617,-1.392984
514307897727272,1,-0.083892,6.262602,4.590015
514307898738140,4,-0.002677,-1.373345,-1.373275
514307899447236,2,-10.589753,-1.446489,-39.913724
514307916666666,1,-0.009657,5.792854,4.441011
514307917713472,4,-0.001458,-1.346771,-1.345322
514307935606060,1,0.035854,5.373993,4.356943
514307936688804,4,0.001731,-1.315536,-1.319374
514307949698492,2,-13.648766,-1.979635,-39.379415
514307954545454,1,0.118668,5.003992,4.455401
514307955664136,4,-0.001689,-1.284663,-1.286002
514307973484848,1,0.252152,4.754802,4.569371
514307974639468,4,0.000166,-1.253704,-1.254710
514307992424242,1,0.401197,4.629317,4.852412
514307993614800,4,0.001049,-1.220494,-1.219284
514307999949748,2,-15.534237,-3.363997,-38.371093
514308011363636,1,0.524906,4.585365,5.170074
514308012590132,4,-0.003021,-1.184244,-1.184223
514308030303030,1,0.673438,4.672355,5.585508
514308031565464,4,-0.000749,-1.145710,-1.144924
514308049242424,1,0.794258,4.881062,6.060888
514308050201005,2,-17.552705,-4.030817,-37.498768
514308050540796,4,-0.003029,-1.101756,-1.103018
514308068181818,1,0.908620,5.188773,6.565520
514308069516129,4,-0.003410,-1.061599,-1.059256
514308087121212,1,0.976463,5.560343,7.084877
514308088491461,4,-0.001086,-1.016554,-1.015309
514308100452261,2,-19.197902,-5.001806,-36.475166
514308106060606,1,1.007275,6.002331,7.601923
514308107466793,4,0.000687,-0.971496,-0.967523
514308124999999,1,0.980578,6.510451,8.081245
514308126442125,4,-0.001601,-0.920436,-0.920471
514308143939393,1,0.939508,7.014972,8.491668
514308145417457,4,-0.001054,-0.872622,-0.871146
514308150703517,2,-20.523767,-6.307108,-35.498162
514308162878787,1,0.828418,7.518783,8.851365
514308164392789,4,0.003251,-0.821957,-0.815849
514308181818181,1,0.650261,7.948305,9.142741
514308183368121,4,-0.000519,-0.766395,-0.768639
514308200757575,1,0.461105,8.392978,9.335290
514308200954773,2,-21.818289,-7.060472,-34.521016
514308202343453,4,-0.001543,-0.713370,-0.714455
514308219696969,1,0.247869,8.701148,9.435140
514308221318785,4,-0.000418,-0.657836,-0.653320
514308238636363,1,-0.027288,8.957252,9.391432
514308240294117,4,-0.002332,-0.600330,-0.600040
514308251206030,2,-22.723031,-7.681546,-33.714681
514308257575757,1,-0.281986,9.059599,9.290959
514308259269449,4,-0.002141,-0.541630,-0.543800
514308276515151,1,-0.542067,9.103696,9.069665
514308278244781,4,-0.004985,-0.483207,-0.486760
514308295454545,1,-0.785809,9.025520,8.776608
514308297220113,4,-0.002096,-0.423830,-0.425900
514308301457286,2,-23.424569,-8.187230,-33.099094
514308314393939,1,-1.017993,8.869981,8.421664
514308316195445,4,0.001836,-0.362724,-0.366434
514308333333333,1,-1.189982,8.559332,7.976603
514308335170777,4,0.001587,-0.305959,-0.299982
514308351708542,2,-23.682849,-8.497525,-33.049976
514308352272727,1,-1.371730,8.179726,7.496037
514308354146110,4,-0.001386,-0.241169,-0.241533
514308371212121,1,-1.451053,7.743251,6.986505
514308373121442,4,0.000632,-0.182912,-0.181873
514308390151515,1,-1.456655,7.292014,6.535169
514308392096774,4,-0.004307,-0.119155,-0.118905
514308401959798,2,-23.927514,-8.950665,-32.866348
514308409090909,1,-1.419302,6.773550,6.035395
514308411072106,4,0.000267,-0.063376,-0.059961
514308428030303,1,-1.355203,6.273538,5.630721
514308430047438,4,-0.001496,0.005428,0.005424
514308446969696,1,-1.191824,5.803564,5.293554
514308449022770,4,-0.000340,0.068382,0.065059
514308452211055,2,-24.022832,-8.960417,-32.549661
514308465909090,1,-1.001266,5.387439,5.032966
514308467998102,4,0.001220,0.130210,0.130016
514308484848484,1,-0.783134,5.027622,4.843445
514308486973434,4,-0.000364,0.194847,0.192171
514308502462311,2,-23.697019,-8.918251,-32.984415
514308503787878,1,-0.516340,4.748313,4.781623
514308505948766,4,-0.001937,0.253273,0.254282
514308522727272,1,-0.252130,4.542864,4.808919
514308524924098,4,-0.001176,0.316106,0.314692
514308541666666,1,0.029658,4.460049,4.949276
514308543899430,4,-0.004685,0.375132,0.373721
514308552713567,2,-23.639560,-8.319678,-33.174466
514308560606060,1,0.318058,4.447219,5.184510
514308562874762,4,0.001074,0.436374,0.434876
514308579545454,1,0.525761,4.589429,5.495358
514308581850094,4,0.003331,0.493324,0.494931
514308598484848,1,0.748295,4.790329,5.908019
514308600825426,4,0.001610,0.551824,0.553576
514308602964824,2,-22.839292,-7.780071,-33.606392
514308617424242,1,0.892495,5.098066,6.386016
514308619800759,4,-0.001189,0.608549,0.606769
514308636363636,1,1.027252,5.494213,6.881207
514308638776091,4,0.000483,0.666359,0.668067
514308653216080,2,-22.294240,-6.793295,-34.595844
514308655303030,1,1.096863,5.924360,7.363224
514308657751423,4,0.001582,0.720295,0.718508
514308674242424,1,1.101082,6.412349,7.819325
514308676726755,4,0.000866,0.776986,0.776275
514308693181818,1,1.082610,6.923929,8.279171
514308695702087,4,0.002169,0.826893,0.826383
514308703467336,2,-20.849415,-6.220380,-35.120317
514308712121212,1,0.977807,7.445732,8.644383
514308714677419,4,-0.001474,0.878316,0.878271
514308731060606,1,0.869404,7.943629,8.957188
514308733652751,4,0.000413,0.927751,0.927742
514308749999999,1,0.722987,8.364755,9.179831
514308752628083,4,-0.001553,0.977859,0.976129
514308753718592,2,-19.636974,-5.213452,-36.198697
514308768939393,1,0.578090,8.788987,9.222293
514308771603415,4,-0.000349,1.020748,1.019579
514308787878787,1,0.382503,9.093084,9.219606
514308790578747,4,0.002616,1.067839,1.063482
514308803969849,2,-18.020796,-4.380898,-37.272339
514308806818181,1,0.217608,9.320883,9.057777
514308809554079,4,0.001526,1.111205,1.109609
514308825757575,1,0.072618,9.481560,8.832553
514308828529411,4,0.003196,1.150492,1.147225
514308844696969,1,-0.064100,9.486718,8.429310
514308847504743,4,0.000730,1.189244,1.187548
514308854221105,2,-15.946323,-3.393520,-38.274324
514308863636363,1,-0.172168,9.410658,8.043438
514308866480075,4,0.001147,1.222046,1.227362
514308882575757,1,-0.243369,9.211855,7.562038
514308885455407,4,-0.001756,1.257904,1.259646
514308901515151,1,-0.268619,8.956207,7.043933
514308904430740,4,0.000866,1.292501,1.290688
514308904472361,2,-13.464039,-2.400611,-38.982058
514308920454545,1,-0.265931,8.577684,6.498085
514308923406072,4,-0.001012,1.319957,1.321774
514308939393939,1,-0.237301,8.147801,5.992521
514308942381404,4,0.002150,1.349963,1.351690
514308954723618,2,-11.193477,-1.713612,-39.678250
514308958333333,1,-0.169851,7.682901,5.529261
514308961356736,4,0.002911,1.374192,1.374995
514308977272727,1,-0.097285,7.091754,5.103865
514308980332068,4,0.004342,1.401260,1.395026
514308996212121,1,-0.015588,6.598876,4.754647
514308999307400,4,0.000774,1.418940,1.420592
514309004974874,2,-8.393724,-1.043048,-40.907923
514309015151515,1,0.075258,6.100718,4.511245
514309018282732,4,-0.001490,1.435358,1.435685
514309034090909,1,0.148993,5.619605,4.419058
514309037258064,4,-0.001144,1.454263,1.450270
514309053030303,1,0.234441,5.187176,4.398037
514309055226130,2,-5.202444,-0.400819,-41.181459
514309056233396,4,-0.001245,1.462121,1.467714
514309071969696,1,0.262465,4.859124,4.542117
514309075208728,4,0.002542,1.475560,1.475618
514309090909090,1,0.258301,4.607921,4.733253
514309094184060,4,0.000906,1.487108,1.484976
514309105477386,2,-2.334059,0.087530,-41.455544
514309109848484,1,0.247841,4.483305,5.080011
514309113159392,4,-0.001395,1.486282,1.487289
514309128787878,1,0.228851,4.458030,5.475417
514309132134724,4,0.000146,1.490976,1.492676
514309147727272,1,0.148100,4.564733,5.949769
514309151110056,4,-0.001106,1.490339,1.490102
514309155728643,2,1.148622,0.012408,-41.326102
514309166666666,1,0.071332,4.743020,6.443562
514309170085388,4,0.003125,1.491804,1.493487
514309185606060,1,-0.066208,5.044614,7.008829
514309189060721,4,0.001080,1.484143,1.487650
514309204545454,1,-0.141282,5.461518,7.507586
514309205979899,2,4.006409,-0.188207,-41.398332
514309208036053,4,-0.000066,1.477836,1.477308
514309223484848,1,-0.236159,5.910034,8.014260
514309227011385,4,-0.005894,1.470422,1.468195
514309242424242,1,-0.347168,6.440721,8.466961
514309245986717,4,0.000660,1.454353,1.454804
514309256231155,2,6.934484,-0.502739,-40.999660
514309261363636,1,-0.425449,6.973376,8.817910
514309264962049,4,-0.001195,1.440442,1.436595
514309280303030,1,-0.463421,7.576453,9.104368
514309283937381,4,0.000372,1.422558,1.421038
514309299242424,1,-0.472136,8.043077,9.252485
514309302912713,4,0.000742,1.399204,1.399255
514309306482412,2,9.754314,-0.988460,-40.008643
514309318181818,1,-0.452800,8.525492,9.364199
514309321888045,4,0.000473,1.379856,1.374749
514309337121212,1,-0.365349,8.921270,9.306231
514309340863377,4,0.001044,1.352324,1.353025
514309356060606,1,-0.281980,9.213855,9.187342
514309356733668,2,12.493129,-1.652968,-39.655050
514309359838709,4,-0.002679,1.324263,1.327898
514309374999999,1,-0.167513,9.413422,8.897417
514309378814041,4,0.000066,1.295447,1.295980
514309393939393,1,-0.028973,9.502666,8.580392
514309397789373,4,0.000978,1.265084,1.264053
514309406984924,2,14.855162,-2.611457,-38.815241
514309412878787,1,0.112288,9.460835,8.171409
514309416764705,4,0.002186,1.231933,1.230819
514309431818181,1,0.280875,9.286801,7.724827
514309435740037,4,0.000109,1.194954,1.194268
514309450757575,1,0.389895,9.031171,7.263630
514309454715370,4,0.002122,1.157008,1.153173
514309457236180,2,16.783994,-3.505209,-37.873396
514309469696969,1,0.526064,8.655013,6.737727
514309473690702,4,-0.002172,1.113365,1.116720
514309488636363,1,0.595218,8.244233,6.230652
514309492666034,4,-0.003153,1.073174,1.073110
514309507487437,2,18.471613,-4.514772,-36.569542
514309507575757,1,0.607753,7.723575,5.757138
514309511641366,4,0.002325,1.028496,1.025449
514309526515151,1,0.645628,7.201161,5.310798
514309530616698,4,-0.001919,0.979731,0.981019
514309545454545,1,0.575966,6.685782,4.983054
514309549592030,4,-0.000366,0.932015,0.937287
514309557738693,2,20.262129,-5.705044,-35.860618
514309564393939,1,0.518271,6.207666,4.685809
514309568567362,4,-0.002651,0.887661,0.887339
514309583333333,1,0.388745,5.744973,4.490748
514309587542694,4,0.001797,0.832664,0.834737
514309602272727,1,0.205982,5.340634,4.414952
514309606518026,4,-0.002555,0.783504,0.781535
514309607989949,2,21.482272,-6.346864,-34.873406
514309621212121,1,0.006626,5.011718,4.414639
514309625493358,4,-0.000819,0.725505,0.722997
514309640151515,1,-0.190916,4.820982,4.515181
514309644468690,4,-0.002077,0.675180,0.672149
514309658241206,2,22.742058,-7.496267,-34.134402
514309659090909,1,-0.397152,4.702344,4.747604
514309663444022,4,-0.000339,0.618096,0.620397
514309678030303,1,-0.643876,4.752029,5.062693
514309682419354,4,0.002650,0.557597,0.555657
514309696969696,1,-0.837852,4.848573,5.455981
514309701394686,4,0.004719,0.505863,0.501702
514309708492462,2,23.091786,-8.161392,-33.517368
514309715909090,1,-0.994762,5.068560,5.885900
514309720370018,4,-0.002541,0.444161,0.442018
514309734848484,1,-1.123579,5.344342,6.372450
514309739345351,4,-0.000226,0.384163,0.383043
514309753787878,1,-1.173378,5.771809,6.904533
514309758320683,4,-0.002372,0.321199,0.323171
514309758743718,2,23.713787,-8.390726,-32.698097
514309772727272,1,-1.199141,6.188189,7.417312
514309777296015,4,0.001021,0.261286,0.262629
514309791666666,1,-1.186166,6.659395,7.913163
514309796271347,4,-0.000723,0.199579,0.192471
514309808994974,2,24.012774,-8.583092,-32.727499
514309810606060,1,-1.084595,7.143500,8.377429
514309815246679,4,-0.000899,0.138863,0.136554
514309829545454,1,-0.944060,7.614293,8.748194
514309834222011,4,-0.000932,0.073126,0.077215
514309848484848,1,-0.783144,8.044538,9.069258
514309853197343,4,0.001097,0.014602,0.009499
514309859246231,2,24.285457,-8.486860,-32.566736
514309867424242,1,-0.536884,8.420822,9.320313
514309872172675,4,-0.000321,-0.049888,-0.049889
514309886363636,1,-0.295737,8.703291,9.407817
514309891148007,4,-0.001232,-0.112214,-0.109823
514309905303030,1,-0.008762,8.951258,9.416399
514309909497487,2,23.777586,-8.821358,-32.711698
514309910123339,4,-0.003826,-0.169967,-0.172554
514309924242424,1,0.291324,9.054097,9.298716
514309929098671,4,-0.000085,-0.233406,-0.238123
514309943181818,1,0.552846,9.105240,9.122546
514309948074003,4,-0.001329,-0.296749,-0.293776
514309959748743,2,23.685817,-8.332063,-32.987170
514309962121212,1,0.809991,9.017414,8.780463
514309967049335,4,-0.000093,-0.356379,-0.358458
514309981060606,1,1.010090,8.835058,8.411855
514309986024667,4,0.000974,-0.414074,-0.415438
514309999999999,1,1.195955,8.560260,7.947336
514310004999999,4,-0.000163,-0.475501,-0.475697
514310010000000,2,23.096586,-8.046793,-33.481492
514310018939393,1,1.329427,8.236000,7.464721
514310023975332,4,0.001013,-0.533221,-0.533236
514310037878787,1,1.394461,7.843647,6.946118
514310042950664,4,-0.000254,-0.591821,-0.593871
514310056818181,1,1.398915,7.359870,6.436212
514310060251256,2,22.623192,-7.148467,-34.111364
514310061925996,4,-0.001846,-0.650272,-0.649885
514310075757575,1,1.331361,6.889275,5.949733
514310080901328,4,-0.003323,-0.703509,-0.710764
514310094696969,1,1.248377,6.395431,5.533299
514310099876660,4,0.005430,-0.756495,-0.760020
514310110502512,2,21.500829,-6.568988,-35.055937
514310113636363,1,1.124842,5.938084,5.172035
514310118851992,4,0.000019,-0.811839,-0.813623
514310132575757,1,0.942214,5.517385,4.905606
514310137827324,4,0.000385,-0.864265,-0.864165
514310151515151,1,0.714572,5.141621,4.748595
514310156802656,4,0.000363,-0.916632,-0.913925
514310160753768,2,19.968515,-5.639140,-35.935980
514310170454545,1,0.499273,4.797062,4.701413
514310175777988,4,0.000327,-0.962183,-0.962873
514310189393939,1,0.274334,4.605116,4.760218
514310194753320,4,0.002276,-1.009909,-1.008747
514310208333333,1,0.041771,4.465407,4.955376
514310211005025,2,18.713248,-4.733653,-36.951080
514310213728652,4,0.002595,-1.054364,-1.053777
514310227272727,1,-0.152775,4.431916,5.227311
514310232703984,4,-0.000193,-1.094899,-1.097889
514310246212121,1,-0.332262,4.509916,5.608512
514310251679316,4,0.002567,-1.138839,-1.140350
514310261256281,2,16.982907,-3.752145,-37.785558
514310265151515,1,-0.484056,4.685326,6.017242
514310270654648,4,0.001359,-1.178516,-1.176666
514310284090909,1,-0.566545,4.916610,6.532043
514310289629981,4,-0.005459,-1.215121,-1.216050
514310303030303,1,-0.661172,5.287873,7.070358
514310308605313,4,-0.002127,-1.251347,-1.251388
514310311507537,2,14.628307,-2.905572,-38.572635
514310321969696,1,-0.704135,5.715910,7.568964
514310327580645,4,-0.000096,-1.285907,-1.282540
514310340909090,1,-0.683331,6.188584,8.067720
514310346555977,4,0.002732,-1.313309,-1.312252
514310359848484,1,-0.659209,6.693512,8.509362
514310361758793,2,12.249035,-1.629842,-39.731310
514310365531309,4,0.002189,-1.339808,-1.338541
514310378787878,1,-0.584682,7.214890,8.861532
514310384506641,4,-0.000998,-1.369791,-1.366788
514310397727272,1,-0.518164,7.733835,9.156535
514310403481973,4,0.001417,-1.390494,-1.388267
514310412010050,2,9.513433,-1.111386,-40.336154
514310416666666,1,-0.460930,8.192330,9.309811
514310422457305,4,0.000023,-1.412461,-1.415274
514310435606060,1,-0.387422,8.638096,9.364963
514310441432637,4,0.004271,-1.432793,-1.432737
514310454545454,1,-0.308785,8.987428,9.314964
514310460407969,4,-0.000693,-1.449724,-1.449893
514310462261306,2,6.420513,-0.521434,-41.168936
514310473484848,1,-0.272626,9.255063,9.140707
514310479383301,4,-0.001047,-1.464957,-1.463796
514310492424242,1,-0.246692,9.402261,8.881557
514310498358633,4,0.003898,-1.472000,-1.471620
514310511363636,1,-0.257158,9.444100,8.500376
514310512512562,2,3.683291,-0.478654,-41.611408
514310517333965,4,0.002354,-1.478484,-1.485695
514310530303030,1,-0.288512,9.401438,8.085499
514310536309297,4,-0.002460,-1.489859,-1.489191
514310549242424,1,-0.331092,9.218524,7.547517
514310555284629,4,-0.000601,-1.492655,-1.491322
514310562763819,2,0.659386,-0.085496,-41.637735
514310568181818,1,-0.373723,8.919610,7.042856
514310574259962,4,0.000071,-1.494118,-1.497024
514310587121212,1,-0.457178,8.561574,6.540839
514310593235294,4,-0.001986,-1.492084,-1.491480
514310606060606,1,-0.507771,8.088629,6.047124
514310612210626,4,-0.002259,-1.487684,-1.488964
514310613015075,2,-2.378222,-0.030528,-41.282540
514310625000000,1,-0.572040,7.563628,5.576685
514310631185958,4,-0.000252,-1.481977,-1.481529
514310643939393,1,-0.614058,7.059997,5.174110
514310650161290,4,-0.002617,-1.470690,-1.472116
514310662878787,1,-0.606976,6.516971,4.853263
514310663266331,2,-5.639628,0.018521,-41.200280
514310669136622,4,0.001814,-1.457563,-1.458515
514310681818181,1,-0.604568,5.970792,4.670080
514310688111954,4,-0.001595,-1.443067,-1.442447
514310700757575,1,-0.555968,5.481024,4.544650
514310707087286,4,0.000285,-1.423560,-1.425848
514310713517587,2,-8.271228,-0.905968,-40.844440
514310719696969,1,-0.471086,5.074779,4.514829
514310726062618,4,0.001827,-1.406955,-1.405871
514310738636363,1,-0.321172,4.730165,4.630339
514310745037950,4,-0.001594,-1.386144,-1.384529
514310757575757,1,-0.203498,4.547331,4.819537
514310763768844,2,-11.191591,-1.542609,-40.060901
514310764013282,4,0.000684,-1.359806,-1.358620
514310776515151,1,-0.013096,4.427168,5.132100
514310782988614,4,-0.002850,-1.335994,-1.333586
514310795454545,1,0.130463,4.439671,5.486652
514310801963946,4,-0.001449,-1.298191,-1.303915
514310814020100,2,-13.898891,-2.426972,-39.017296
514310814393939,1,0.339635,4.556374,5.921848
514310820939278,4,-0.000157,-1.274607,-1.274536
514310833333333,1,0.492182,4.805385,6.400346
514310839914611,4,0.000060,-1.239764,-1.240901
514310852272727,1,0.661207,5.182878,6.857988
514310858889943,4,-0.000546,-1.201552,-1.201472
514310864271356,2,-16.359637,-3.193340,-38.215892
514310871212121,1,0.795016,5.634445,7.360180
514310877865275,4,0.000504,-1.169080,-1.165321
514310890151515,1,0.895398,6.100941,7.812751
514310896840607,4,0.003109,-1.123784,-1.125055
514310909090909,1,0.915776,6.655915,8.240310
514310914522613,2,-18.130202,-4.183798,-37.171610
514310915815939,4,0.002845,-1.084581,-1.083432
514310928030303,1,0.911317,7.203223,8.611177
514310934791271,4,-0.001362,-1.040379,-1.038305
514310946969696,1,0.875606,7.738771,8.902013
514310953766603,4,-0.001179,-0.997150,-0.995232
514310964773869,2,-19.396779,-5.229439,-36.198121
514310965909090,1,0.766075,8.239930,9.082521
514310972741935,4,-0.000453,-0.946860,-0.949064
514310984848484,1,0.646467,8.668655,9.208464
514310991717267,4,0.003437,-0.901817,-0.896730
514311003787878,1,0.452100,9.035405,9.189709
514311010692599,4,-0.001530,-0.852344,-0.848276
514311015025125,2,-20.963900,-6.142924,-35.339725
514311022727272,1,0.240062,9.270274,9.082925
514311029667931,4,-0.000509,-0.799007,-0.800151
514311041666666,1,0.030153,9.442346,8.910786
514311048643263,4,-0.000017,-0.741486,-0.742267
514311060606060,1,-0.193059,9.462423,8.595513
514311065276381,2,-22.157487,-6.952248,-34.470964
514311067618595,4,0.000113,-0.687834,-0.688846
514311079545454,1,-0.394853,9.407257,8.264988
514311086593927,4,-0.002859,-0.635789,-0.633354
514311098484848,1,-0.584127,9.205757,7.844954
514311105569259,4,-0.000321,-0.574299,-0.574486
514311115527638,2,-22.858434,-7.581234,-33.765467
514311117424242,1,-0.748844,8.913541,7.351110
514311124544592,4,0.001210,-0.518612,-0.520813
514311136363636,1,-0.888199,8.520540,6.860628
514311143519924,4,0.000824,-0.458150,-0.463978
514311155303030,1,-0.941886,8.108824,6.363978
514311162495256,4,-0.001669,-0.400932,-0.399313
514311165778894,2,-23.459886,-8.379263,-33.139099
514311174242424,1,-0.946454,7.592954,5.879514
514311181470588,4,-0.001607,-0.339280,-0.339624
514311193181818,1,-0.940103,7.080430,5.448833
514311200445920,4,-0.000318,-0.279699,-0.279544
514311212121212,1,-0.834488,6.594277,5.062582
514311216030150,2,-23.790619,-8.521267,-32.923512
514311219421252,4,-0.002161,-0.216085,-0.215703
514311231060606,1,-0.700285,6.128043,4.753210
514311238396584,4,-0.001541,-0.152005,-0.155675
514311250000000,1,-0.501485,5.664048,4.547157
514311257371916,4,0.003060,-0.094261,-0.097030
514311266281407,2,-24.087835,-8.713092,-32.623282
514311268939393,1,-0.290760,5.304325,4.395671
514311276347248,4,0.000804,-0.030249,-0.030677
514311287878787,1,-0.066178,5.031619,4.422826
514311295322580,4,-0.001284,0.031469,0.030516
514311306818181,1,0.184190,4.805009,4.509354
514311314297912,4,-0.000605,0.095451,0.094136
514311316532663,2,-24.132709,-8.613396,-32.938414
514311325757575,1,0.425951,4.740522,4.739801
514311333273244,4,0.001220,0.155370,0.155150
514311344696969,1,0.645680,4.754157,5.030347
514311352248576,4,-0.002307,0.216888,0.210986
514311363636363,1,0.834269,4.837698,5.425362
514311366783919,2,-23.657457,-8.779399,-32.620540
514311371223908,4,-0.001180,0.278881,0.280172
514311382575757,1,1.008652,5.068184,5.859244
514311390199240,4,-0.000537,0.340670,0.335615
514311401515151,1,1.127773,5.368081,6.392213
514311409174573,4,-0.000114,0.396954,0.397896
514311417035175,2,-23.577834,-8.007985,-33.324449
514311420454545,1,1.203302,5.712012,6.909751
514311428149905,4,-0.000374,0.462506,0.460696
514311439393939,1,1.182835,6.175424,7.432740
514311447125237,4,0.000036,0.518755,0.517367
514311458333333,1,1.156257,6.614608,7.962510
514311466100569,4,-0.001088,0.577586,0.573961
514311467286432,2,-22.750825,-7.570801,-33.799631
514311477272727,1,1.024128,7.077160,8.440760
514311485075901,4,0.001186,0.632888,0.635316
514311496212121,1,0.858311,7.549592,8.819415
514311504051233,4,0.001922,0.686148,0.688331
514311515151515,1,0.665634,8.012829,9.137297
514311517537688,2,-21.941636,-6.988409,-34.529545
514311523026565,4,-0.001711,0.740498,0.742059
514311534090909,1,0.454745,8.386019,9.320904
514311542001897,4,0.004883,0.798677,0.801292
514311553030303,1,0.221432,8.669985,9.421681
514311560977229,4,0.001658,0.847919,0.848640
514311567788944,2,-20.913079,-6.101108,-35.023449
514311571969696,1,-0.059365,8.957587,9.408876
514311579952561,4,0.001177,0.900745,0.898715
514311590909090,1,-0.304940,9.112648,9.253052
514311598927893,4,-0.003020,0.955345,0.948487
514311609848484,1,-0.552907,9.187940,9.021321
514311617903225,4,-0.000651,0.996244,0.995532
514311618040201,2,-19.376344,-4.905922,-36.502826
514311628787878,1,-0.720190,9.136978,8.671100
514311636878557,4,0.000245,1.044105,1.041282
514311647727272,1,-0.910315,9.029489,8.243223
514311655853889,4,-0.002325,1.084908,1.084303
514311666666666,1,-1.029041,8.786217,7.749950
514311668291457,2,-17.439856,-4.004774,-37.220755
514311674829222,4,0.002848,1.129385,1.127258
514311685606060,1,-1.101612,8.472323,7.193208
514311693804554,4,-0.002557,1.164440,1.166922
514311704545454,1,-1.142786,8.116600,6.682758
514311712779886,4,0.000673,1.203960,1.203748
514311718542713,2,-15.538863,-2.836935,-38.446159
514311723484848,1,-1.136596,7.645602,6.159757
514311731755218,4,-0.001186,1.240382,1.235663
514311742424242,1,-1.079216,7.188554,5.653855
514311750730550,4,-0.002203,1.272735,1.276404
514311761363636,1,-0.953614,6.677865,5.256764
514311768793969,2,-13.182299,-2.187639,-39.436891
514311769705882,4,-0.001628,1.305692,1.305784
514311780303030,1,-0.851708,6.197960,4.886644
514311788681214,4,0.002596,1.336925,1.334285
514311799242424,1,-0.744216,5.724804,4.682108
514311807656546,4,-0.000951,1.359818,1.360664
514311818181818,1,-0.587931,5.292443,4.567441
514311819045226,2,-10.707172,-1.394734,-40.138883
514311826631878,4,-0.000868,1.386630,1.386363
514311837121212,1,-0.426625,4.946676,4.569798
514311845607210,4,0.001184,1.410005,1.411212
514311856060606,1,-0.317217,4.668361,4.697736
514311864582542,4,0.000249,1.429199,1.426297
514311869296482,2,-7.520014,-0.889261,-40.552645
514311875000000,1,-0.189738,4.493334,4.934783
514311883557874,4,0.002370,1.446152,1.446046
514311893939393,1,-0.117279,4.424824,5.256263
514311902533206,4,0.000188,1.457207,1.455755
514311912878787,1,-0.039263,4.458116,5.637359
514311919547738,2,-4.804975,-0.297471,-41.327416
514311921508538,4,-0.000080,1.473585,1.469900
514311931818181,1,-0.003408,4.593951,6.134969
514311940483870,4,0.001570,1.481622,1.479367
514311950757575,1,0.035961,4.853568,6.641107
514311959459203,4,0.002633,1.480956,1.484328
514311969696969,1,0.036500,5.169831,7.184798
514311969798994,2,-1.983150,-0.119782,-41.718800
514311978434535,4,-0.001831,1.489384,1.491696
514311988636363,1,0.012490,5.597644,7.701469
514311997409867,4,0.000580,1.493465,1.493869
514312007575757,1,-0.026026,6.057665,8.186041
514312016385199,4,-0.001900,1.489296,1.492525
514312020050251,2,1.090554,-0.240940,-41.272576
514312026515151,1,-0.040715,6.598646,8.627335
514312035360531,4,-0.001260,1.485050,1.490133
514312045454545,1,-0.019781,7.107351,8.989784
514312054335863,4,0.002790,1.485172,1.482432
514312064393939,1,0.014393,7.644217,9.244469
514312070301507,2,4.413912,-0.108342,-41.178463
514312073311195,4,0.001252,1.476084,1.472062
514312083333333,1,0.027796,8.135036,9.399784
514312092286527,4,0.002221,1.462617,1.463893
514312102272727,1,0.085017,8.566795,9.483868
514312111261859,4,0.000372,1.450835,1.448689
514312120552763,2,7.326971,-0.433662,-40.931876
514312121212121,1,0.153829,8.902046,9.386588
514312130237191,4,-0.002968,1.434801,1.430002
514312140151515,1,0.298117,9.146486,9.222862
514312149212523,4,0.002506,1.412878,1.415410
514312159090909,1,0.413876,9.314996,8.990471
514312168187855,4,0.002270,1.392620,1.392777
514312170804020,2,10.135801,-1.161072,-40.418077
514312178030303,1,0.548201,9.322484,8.657361
514312187163187,4,0.000845,1.364010,1.368275
514312196969696,1,0.678883,9.221173,8.224490
514312206138519,4,-0.002232,1.342277,1.339648
514312215909090,1,0.813733,9.009259,7.783212
514312221055276,2,13.186306,-2.047430,-39.420013
514312225113851,4,-0.002370,1.316704,1.315633
514312234848484,1,0.957829,8.707357,7.282725
514312244089184,4,-0.000008,1.283137,1.282272
514312253787878,1,1.055899,8.287392,6.780826
514312263064516,4,0.001140,1.248455,1.251795
514312271306532,2,15.256876,-2.807857,-38.542214
514312272727272,1,1.117163,7.828311,6.305913
514312282039848,4,-0.000506,1.213831,1.214715
514312291666666,1,1.138024,7.302166,5.891954
514312301015180,4,-0.001182,1.178078,1.176345
514312310606060,1,1.130056,6.772519,5.456457
514312319990512,4,0.000937,1.140551,1.136681
514312321557788,2,17.153726,-4.130898,-37.671220
514312329545454,1,1.045542,6.232435,5.137433
514312338965844,4,-0.000261,1.097759,1.095965
514312348484848,1,0.912884,5.713286,4.883568
514312357941176,4,0.000929,1.054756,1.055811
514312367424242,1,0.778399,5.283492,4.758444
514312371809045,2,18.985867,-4.816254,-36.427013
514312376916508,4,-0.001212,1.006733,1.008003
514312386363636,1,0.560535,4.909325,4.706296
514312395891840,4,-0.001936,0.962965,0.959512
514312405303030,1,0.352641,4.656365,4.759405
514312414867172,4,0.004666,0.915970,0.913404
514312422060301,2,20.373694,-6.037982,-35.504628
514312424242424,1,0.096155,4.480329,4.875025
514312433842504,4,0.001735,0.860057,0.868378
514312443181818,1,-0.173189,4.429532,5.122492
514312452817836,4,-0.001180,0.811539,0.808069
514312462121212,1,-0.392684,4.510323,5.420751
514312471793168,4,0.000973,0.756604,0.759020
514312472311557,2,21.810799,-6.567651,-34.815184
514312481060606,1,-0.639308,4.701918,5.798577
514312490768500,4,-0.001089,0.702376,0.702923
514312500000000,1,-0.831320,4.977435,6.250751
514312509743833,4,0.000452,0.646457,0.647522
514312518939393,1,-0.987464,5.339654,6.678270
514312522562814,2,22.692680,-6.947537,-34.013880
514312528719165,4,0.001327,0.597583,0.593333
514312537878787,1,-1.108980,5.806883,7.156863
514312547694497,4,-0.001835,0.533971,0.534768
514312556818181,1,-1.167195,6.313697,7.622501
514312566669829,4,-0.000699,0.477907,0.476536
514312572814070,2,23.036405,-8.164499,-33.322649
514312575757575,1,-1.177019,6.838546,8.069480
514312585645161,4,0.001816,0.416039,0.419319
514312594696969,1,-1.146200,7.385830,8.446500
514312604620493,4,-0.000333,0.354568,0.360865
514312613636363,1,-1.049800,7.887709,8.754052
514312623065326,2,23.464813,-8.496470,-32.914095
514312623595825,4,-0.003650,0.294254,0.294477
514312632575757,1,-0.867680,8.359630,8.960295
514312642571157,4,0.005017,0.238051,0.237425
514312651515151,1,-0.678263,8.781073,9.090338
514312661546489,4,-0.000661,0.177587,0.173472
514312670454545,1,-0.482401,9.092667,9.146219
514312673316582,2,24.198487,-8.584197,-32.582612
514312680521821,4,0.001955,0.111092,0.110633
514312689393939,1,-0.231521,9.325674,9.060756
514312699497153,4,-0.000504,0.048117,0.049754
514312708333333,1,-0.007653,9.435496,8.898641
514312718472485,4,0.000734,-0.013806,-0.010724
514312723567839,2,23.706153,-8.705246,-32.543795
514312727272727,1,0.252865,9.441060,8.609082
514312737447817,4,-0.005934,-0.074980,-0.074564
514312746212121,1,0.468869,9.372116,8.294182
514312756423149,4,0.002294,-0.138253,-0.137708
514312765151515,1,0.677290,9.155336,7.843706
514312773819095,2,23.933255,-8.967129,-32.901947
514312775398481,4,0.001972,-0.197024,-0.200608
514312784090909,1,0.816566,8.883716,7.389453
514312794373814,4,0.000534,-0.258185,-0.265790
514312803030303,1,0.886228,8.497492,6.881233
514312813349146,4,-0.001380,-0.319690,-0.320437
514312821969696,1,0.963513,8.086574,6.373076
514312824070351,2,23.381122,-8.680587,-33.115127
514312832324478,4,0.001045,-0.384037,-0.384903
514312840909090,1,0.954499,7.604787,5.885888
514312851299810,4,-0.001182,-0.439895,-0.444248
514312859848484,1,0.893806,7.108702,5.420714
514312870275142,4,0.000203,-0.503578,-0.500385
514312874321608,2,22.883071,-7.474260,-33.650286
514312878787878,1,0.781164,6.617092,5.035301
514312889250474,4,-0.001077,-0.560471,-0.563643
514312897727272,1,0.632126,6.151208,4.724687
514312908225806,4,-0.003227,-0.617491,-0.620157
514312916666666,1,0.433272,5.710109,4.491604
514312924572864,2,22.412001,-7.431991,-34.375913
514312927201138,4,0.004210,-0.677784,-0.675262
514312935606060,1,0.218416,5.326769,4.409206
514312946176470,4,0.000033,-0.729374,-0.730852
514312954545454,1,-0.004518,5.015820,4.405663
514312965151802,4,-0.001916,-0.784338,-0.782931
514312973484848,1,-0.215322,4.816265,4.547211
514312974824120,2,21.196891,-6.527539,-35.165040
514312984127134,4,0.003904,-0.834553,-0.832343
514312992424242,1,-0.416395,4.678511,4.759564
514313003102466,4,0.001014,-0.883379,-0.891207
514313011363636,1,-0.581342,4.672627,5.105436
514313022077798,4,-0.000609,-0.932349,-0.936106
514313025075376,2,19.844373,-5.521556,-35.728289
514313030303030,1,-0.737819,4.746061,5.534608
514313041053130,4,0.003525,-0.979724,-0.983630
514313049242424,1,-0.847591,4.916722,6.024531
514313060028462,4,-0.001006,-1.030736,-1.029968
514313068181818,1,-0.910989,5.188052,6.570786
514313075326633,2,18.343773,-4.450841,-36.889310
514313079003795,4,-0.002465,-1.072078,-1.075848
514313087121212,1,-0.900730,5.531762,7.095060
514313097979127,4,0.001207,-1.114038,-1.118616
514313106060606,1,-0.909693,5.949439,7.651140
514313116954459,4,0.003100,-1.154683,-1.154211
514313125000000,1,-0.801040,6.409497,8.149494
514313125577889,2,16.496597,-3.558345,-37.995226
514313135929791,4,-0.001517,-1.192870,-1.191862
514313143939393,1,-0.704630,6.894838,8.620916
514313154905123,4,-0.000197,-1.226437,-1.230353
514313162878787,1,-0.536955,7.360676,8.994567
514313173880455,4,0.002282,-1.264038,-1.263453
514313175829145,2,14.258160,-2.431143,-38.719426
514313181818181,1,-0.345022,7.857761,9.249471
514313192855787,4,-0.003343,-1.295863,-1.298075
514313200757575,1,-0.178274,8.275578,9.431049
514313211831119,4,-0.001693,-1.322841,-1.326757
514313219696969,1,0.002781,8.652361,9.453812
514313226080402,2,11.752458,-1.633094,-39.773943
514313230806451,4,-0.002007,-1.354462,-1.356345
514313238636363,1,0.176902,8.977775,9.371776
514313249781783,4,0.002868,-1.380193,-1.377743
514313257575757,1,0.306200,9.208825,9.167772
514313268757115,4,0.002712,-1.402460,-1.400395
514313276331658,2,9.106473,-1.094455,-40.496846
514313276515151,1,0.417498,9.319024,8.880513
514313287732447,4,-0.002060,-1.416785,-1.419804
514313295454545,1,0.529363,9.360351,8.474897
514313306707779,4,-0.000385,-1.440964,-1.439647
514313314393939,1,0.594628,9.246537,7.997265
514313325683111,4,-0.000680,-1.450749,-1.457106
514313326582914,2,6.417727,-0.457167,-41.001703
514313333333333,1,0.610302,9.048455,7.482998
514313344658444,4,0.000270,-1.467395,-1.467593
514313352272727,1,0.594406,8.746297,6.916992
514313363633776,4,-0.000217,-1.477739,-1.475761
514313371212121,1,0.596760,8.388131,6.389302
514313376834170,2,2.974118,-0.169468,-41.406142
514313382609108,4,0.001218,-1.484245,-1.491151
514313390151515,1,0.507355,7.943705,5.866452
514313401584440,4,0.000600,-1.493385,-1.488781
514313409090909,1,0.459674,7.430800,5.403094
514313420559772,4,0.002949,-1.494322,-1.492993
514313427085427,2,-0.032334,0.003148,-41.557301
514313428030303,1,0.386704,6.913994,5.015782
514313439535104,4,-0.001199,-1.489797,-1.492078
514313446969696,1,0.313770,6.409086,4.711125
514313458510436,4,0.003457,-1.488640,-1.488982
514313465909090,1,0.275002,5.894574,4.499501
514313477336683,2,-2.997273,-0.091186,-41.526977
514313477485768,4,0.000136,-1.482438,-1.487549
514313484848484,1,0.260767,5.451410,4.418169
514313496461100,4,0.000171,-1.476237,-1.474646
514313503787878,1,0.272406,5.064455,4.417635
514313515436432,4,-0.000375,-1.467627,-1.465534
514313522727272,1,0.278281,4.795191,4.580317
514313527587939,2,-6.100697,-0.432897,-40.870878
514313534411764,4,-0.002166,-1.456301,-1.450996
514313541666666,1,0.294439,4.579667,4.804354
514313553387096,4,0.001158,-1.435888,-1.434217
514313560606060,1,0.372706,4.482516,5.149229
514313572362428,4,-0.001330,-1.421555,-1.418833
514313577839195,2,-8.897259,-1.084886,-40.447579
514313579545454,1,0.423088,4.533507,5.560562
514313591337760,4,-0.000695,-1.399778,-1.398254
514313598484848,1,0.512668,4.679727,6.023419
514313610313092,4,-0.001223,-1.378732,-1.375943
514313617424242,1,0.590260,4.933414,6.530788
514313628090452,2,-11.379835,-1.563799,-39.709592
514313629288425,4,-0.002273,-1.349170,-1.350945
514313636363636,1,0.669709,5.288789,7.063000
514313648263757,4,0.002223,-1.318648,-1.320497
514313655303030,1,0.699164,5.731476,7.577565
514313667239089,4,-0.003102,-1.288766,-1.288625
514313674242424,1,0.697371,6.179834,8.062509
514313678341708,2,-13.987084,-2.335183,-38.780506
514313686214421,4,0.000038,-1.256803,-1.260552
514313693181818,1,0.667470,6.708187,8.503571
514313705189753,4,-0.003732,-1.226449,-1.221470
514313712121212,1,0.614971,7.229403,8.852946
514313724165085,4,-0.002982,-1.188276,-1.188207
514313728592964,2,-16.199210,-3.328470,-38.166507
514313731060606,1,0.495714,7.720920,9.149930
514313743140417,4,-0.001026,-1.150440,-1.149409
514313750000000,1,0.379915,8.169862,9.341784
514313762115749,4,-0.001124,-1.111674,-1.108400
514313768939393,1,0.204653,8.569339,9.444234
514313778844221,2,-18.409211,-4.441326,-37.017833
514313781091081,4,0.002147,-1.064437,-1.067795
514313787878787,1,-0.010471,8.878724,9.425660
514313800066413,4,-0.002502,-1.022234,-1.018530
514313806818181,1,-0.222059,9.058587,9.312232
514313819041745,4,0.001291,-0.973969,-0.973597
514313825757575,1,-0.456677,9.174100,9.126792
514313829095477,2,-19.872652,-5.306805,-36.341773
514313838017077,4,0.000842,-0.927148,-0.926065
514313844696969,1,-0.692577,9.160965,8.806838
514313856992409,4,-0.001092,-0.880616,-0.876341
514313863636363,1,-0.885246,9.015057,8.436229
514313875967741,4,0.002475,-0.828894,-0.825013
514313879346733,2,-21.193051,-6.412942,-35.398273
514313882575757,1,-1.084952,8.760342,8.029669
514313894943074,4,0.003362,-0.774092,-0.775724
514313901515151,1,-1.242395,8.418963,7.574372
514313913918406,4,0.000246,-0.721272,-0.721404
514313920454545,1,-1.346731,8.017040,7.071713
514313929597989,2,-21.939652,-7.356299,-34.428859
514313932893738,4,0.000866,-0.668207,-0.667888
514313939393939,1,-1.379420,7.526639,6.584903
514313951869070,4,0.000039,-0.608716,-0.607984
514313958333333,1,-1.378911,7.023242,6.151388
514313970844402,4,0.003750,-0.551074,-0.550086
514313977272727,1,-1.326906,6.511045,5.692157
514313979849246,2,-22.826753,-7.735689,-33.826656
514313989819734,4,-0.001951,-0.491398,-0.493987
514313996212121,1,-1.222508,6.013544,5.369605
514314008795066,4,0.000143,-0.433945,-0.431662
514314015151515,1,-1.036667,5.542261,5.082463
514314027770398,4,-0.002620,-0.378333,-0.374193
514314030100502,2,-23.427160,-8.309566,-32.790037
514314034090909,1,-0.835947,5.161811,4.884124
514314046745730,4,0.000937,-0.312849,-0.310689
514314053030303,1,-0.623241,4.824331,4.766332
514314065721062,4,0.000875,-0.253124,-0.256647
514314071969696,1,-0.333786,4.608709,4.787250
514314080351758,2,-23.819974,-8.714604,-32.928084
514314084696394,4,-0.000475,-0.188344,-0.191184
514314090909090,1,-0.038056,4.475509,4.872827
514314103671726,4,0.000057,-0.127629,-0.130502
514314109848484,1,0.195410,4.456735,5.087660
514314122647058,4,0.001246,-0.063046,-0.066666
514314128787878,1,0.476553,4.527554,5.371372
514314130603015,2,-24.139691,-8.964745,-32.446482
514314141622390,4,-0.002258,-0.004186,-0.008502
514314147727272,1,0.721635,4.753915,5.747571
514314160597722,4,0.000674,0.059125,0.061572
514314166666666,1,0.941411,5.027279,6.179551
514314179573055,4,-0.000388,0.121211,0.118671
514314180854271,2,-23.974726,-8.705162,-32.475940
514314185606060,1,1.074632,5.424393,6.626422
514314198548387,4,-0.000713,0.179306,0.181967
514314204545454,1,1.186448,5.861816,7.103553
514314217523719,4,-0.000611,0.244601,0.242755
514314223484848,1,1.217046,6.344108,7.592206
514314231105527,2,-24.080550,-8.350677,-32.942208
514314236499051,4,0.000167,0.304556,0.304560
514314242424242,1,1.190122,6.860682,8.037414
514314255474383,4,0.000161,0.365993,0.367435
514314261363636,1,1.137579,7.394586,8.438107
514314274449715,4,-0.000241,0.425265,0.425603
514314280303030,1,1.020916,7.879831,8.758492
514314281356783,2,-23.201929,-8.232070,-33.498485
514314293425047,4,-0.001429,0.484556,0.489338
514314299242424,1,0.868175,8.314635,8.990638
514314312400379,4,-0.001825,0.543184,0.542966
514314318181818,1,0.655997,8.752630,9.133164
514314331375711,4,-0.000494,0.600598,0.601819
514314331608040,2,-22.510507,-7.144843,-33.839996
514314337121212,1,0.461254,9.073764,9.170695
514314350351043,4,-0.003420,0.659807,0.658998
514314356060606,1,0.231101,9.299589,9.082338
514314369326375,4,-0.002486,0.708521,0.711105
514314375000000,1,0.008295,9.431801,8.896178
514314381859296,2,-21.468320,-6.779596,-34.832261
514314388301707,4,-0.000485,0.772306,0.768232
514314393939393,1,-0.172348,9.458696,8.623169
514314407277039,4,-0.003615,0.818516,0.819789
514314412878787,1,-0.346647,9.408878,8.236831
514314426252371,4,0.000507,0.868588,0.870948
514314431818181,1,-0.494833,9.244450,7.779298
514314432110552,2,-20.587718,-5.957213,-35.916971
514314445227703,4,-0.001435,0.918816,0.921543
514314450757575,1,-0.595110,8.982186,7.303342
514314464203036,4,0.001548,0.970908,0.970374
514314469696969,1,-0.629800,8.639514,6.754798
514314482361809,2,-19.112779,-5.024206,-36.579176
514314483178368,4,-0.000995,1.017169,1.016358
514314488636363,1,-0.665971,8.230678,6.260569
514314502153700,4,0.000268,1.059263,1.059493
514314507575757,1,-0.592574,7.741623,5.721921
514314521129032,4,0.000148,1.108266,1.103989
514314526515151,1,-0.548681,7.226256,5.284098
514314532613065,2,-17.227529,-3.908723,-37.532174
514314540104364,4,-0.001222,1.142700,1.143382
514314545454545,1,-0.408837,6.734406,4.910891
514314559079696,4,0.004355,1.182553,1.185165
514314564393939,1,-0.279987,6.231237,4.644940
514314578055028,4,-0.000752,1.220800,1.221861
514314582864321,2,-15.285725,-3.295018,-38.578808
514314583333333,1,-0.127193,5.766087,4.432914
514314597030360,4,-0.001144,1.253797,1.258397
514314602272727,1,0.005833,5.346806,4.360893
514314616005692,4,0.001969,1.289277,1.289270
514314621212121,1,0.154108,5.018828,4.430986
514314633115577,2,-13.013890,-2.031904,-39.254819
514314634981024,4,0.000919,1.322106,1.318158
514314640151515,1,0.247949,4.728122,4.602086
514314653956356,4,0.001155,1.343248,1.344500
514314659090909,1,0.356500,4.574822,4.894171
514314672931688,4,-0.002402,1.374434,1.366781
514314678030303,1,0.439695,4.536852,5.247236
514314683366834,2,-10.139368,-1.201629,-40.197883
514314691907020,4,-0.000805,1.389246,1.393571
514314696969696,1,0.460613,4.579670,5.719772
514314710882352,4,-0.000982,1.418921,1.416945
514314715909090,1,0.481485,4.733460,6.248040
514314729857685,4,-0.001666,1.436736,1.434640
514314733618090,2,-7.551986,-0.796431,-41.034785
514314734848484,1,0.434244,5.000568,6.765098
514314748833017,4,0.000075,1.448154,1.448579
514314753787878,1,0.363170,5.349023,7.337120
514314767808349,4,-0.001650,1.464081,1.464144
514314772727272,1,0.283944,5.763244,7.862628
514314783869346,2,-4.352085,-0.271770,-41.434413
514314786783681,4,0.003088,1.475639,1.469454
514314791666666,1,0.146036,6.230526,8.337225
514314805759013,4,0.000525,1.480282,1.481250
514314810606060,1,0.063553,6.773801,8.744815
514314824734345,4,-0.001624,1.487585,1.486162
514314829545454,1,-0.035637,7.287707,9.078838
514314834120603,2,-1.548727,-0.154521,-41.462097
514314843709677,4,0.000407,1.489229,1.492764
514314848484848,1,-0.124644,7.830577,9.322298
514314862685009,4,0.004474,1.489932,1.492022
514314867424242,1,-0.208432,8.300925,9.394409
514314881660341,4,-0.005047,1.489931,1.491818
514314884371859,2,1.844660,-0.086421,-41.796683
514314886363636,1,-0.267461,8.717464,9.423821
514314900635673,4,0.001441,1.486034,1.487658
514314905303030,1,-0.289545,9.071661,9.294733
514314919611005,4,0.005092,1.482063,1.477594
514314924242424,1,-0.275836,9.310952,9.064921
514314934623115,2,4.726248,-0.297654,-41.252539
514314938586337,4,-0.002902,1.468012,1.466930
514314943181818,1,-0.242268,9.424758,8.744027
514314957561669,4,0.000903,1.454090,1.456306
514314962121212,1,-0.182203,9.460684,8.347371
514314976537001,4,0.001676,1.441343,1.439651
514314981060606,1,-0.089925,9.374345,7.886549
514314984874371,2,7.621700,-0.697632,-40.752857
514314995512333,4,0.002350,1.420369,1.423471
514315000000000,1,-0.002183,9.160059,7.359556
514315014487666,4,-0.000083,1.404261,1.404590
514315018939393,1,0.084659,8.859789,6.853548
514315033462998,4,0.001221,1.381817,1.381151
514315035125628,2,10.502086,-1.313717,-40.181888
514315037878787,1,0.177217,8.447987,6.311707
514315052438330,4,-0.000815,1.355917,1.358715
514315056818181,1,0.236147,8.000558,5.827602
514315071413662,4,-0.001293,1.331723,1.330067
514315075757575,1,0.267843,7.460443,5.356211
514315085376884,2,13.000435,-1.966379,-39.235725
514315090388994,4,-0.001043,1.301839,1.299148
514315094696969,1,0.281614,6.946924,4.974152
514315109364326,4,0.001276,1.269337,1.267719
514315113636363,1,0.253887,6.423365,4.675615
514315128339658,4,0.001057,1.236105,1.237327
514315132575757,1,0.205489,5.915612,4.501545
514315135628140,2,15.505099,-2.895415,-38.334804
514315147314990,4,0.001932,1.199944,1.196707
514315151515151,1,0.089856,5.467626,4.380767
514315166290322,4,0.004897,1.158017,1.162723
514315170454545,1,-0.031750,5.111736,4.389775
514315185265654,4,0.000863,1.118317,1.120417
514315185879396,2,17.544863,-4.281910,-37.417394
514315189393939,1,-0.177955,4.844692,4.503055
514315204240986,4,-0.000158,1.081167,1.077129
514315208333333,1,-0.369843,4.688139,4.714421
514315223216318,4,-0.000524,1.029896,1.038037
514315227272727,1,-0.503376,4.622248,4.996340
514315236130653,2,19.110433,-4.769425,-36.332802
514315242191650,4,-0.002141,0.989433,0.988576
514315246212121,1,-0.683723,4.702495,5.386506
514315261166982,4,-0.000196,0.942888,0.944611
514315265151515,1,-0.861869,4.891947,5.858189
514315280142314,4,0.000503,0.893429,0.892777
514315284090909,1,-0.999022,5.143688,6.347433
514315286381909,2,20.485938,-5.904141,-35.507814
514315299117647,4,0.002035,0.840491,0.843567
514315303030303,1,-1.064367,5.504814,6.833817
514315318092979,4,0.002221,0.791414,0.787929
514315321969696,1,-1.117723,5.918802,7.362054
514315336633165,2,21.813570,-6.971448,-34.620402
514315337068311,4,-0.000337,0.736187,0.732966
514315340909090,1,-1.122745,6.415957,7.853615
514315356043643,4,0.003190,0.680861,0.681453
514315359848484,1,-1.062385,6.896966,8.312049
514315375018975,4,-0.001154,0.622224,0.623669
514315378787878,1,-0.930993,7.392462,8.708584
514315386884422,2,22.615840,-7.516836,-34.042480
514315393994307,4,0.000438,0.569128,0.568105
514315397727272,1,-0.766381,7.867521,9.005700
514315412969639,4,0.000693,0.509023,0.510690
514315416666666,1,-0.586077,8.282255,9.248808
514315431944971,4,0.002966,0.452135,0.452345
514315435606060,1,-0.335084,8.605267,9.370092
514315437135678,2,23.226246,-7.974946,-33.499736
514315450920303,4,0.000588,0.387963,0.388880
514315454545454,1,-0.084634,8.876575,9.414047
514315469895635,4,0.000910,0.330510,0.331411
514315473484848,1,0.164573,9.043661,9.349659
514315487386934,2,23.608946,-8.578319,-33.038228
514315488870967,4,0.003353,0.270971,0.272037
514315492424242,1,0.466656,9.100153,9.175655
514315507846299,4,0.000189,0.206423,0.207921
514315511363636,1,0.733563,9.032287,8.916357
514315526821631,4,-0.001610,0.149310,0.147774
514315530303030,1,0.935242,8.882390,8.545435
514315537638190,2,23.856502,-8.786063,-32.916962
514315545796963,4,0.001041,0.086566,0.080054
514315549242424,1,1.164520,8.639469,8.142703
514315564772296,4,0.001176,0.019228,0.021835
514315568181818,1,1.296139,8.299887,7.667948
514315583747628,4,-0.000623,-0.039110,-0.039977
514315587121212,1,1.415415,7.885999,7.199605
514315587889447,2,23.872139,-8.528003,-32.587988
514315602722960,4,0.002690,-0.103850,-0.101228
514315606060606,1,1.434470,7.432492,6.705008
514315621698292,4,0.000324,-0.167951,-0.166518
514315625000000,1,1.433589,6.941280,6.206326
514315638140703,2,23.747126,-8.609460,-32.735734
514315640673624,4,-0.000300,-0.224203,-0.225500
514315643939393,1,1.358848,6.454362,5.749274
514315659648956,4,-0.002335,-0.288062,-0.283745
514315662878787,1,1.268935,5.983113,5.358684
514315678624288,4,0.000222,-0.349288,-0.347649
514315681818181,1,1.076801,5.550741,5.070724
514315688391959,2,23.639739,-8.335213,-33.030412
514315697599620,4,0.001527,-0.409790,-0.407873
514315700757575,1,0.831730,5.163717,4.868472
514315716574952,4,-0.000658,-0.466973,-0.468072
514315719696969,1,0.575476,4.861165,4.761471
514315735550284,4,0.000964,-0.528647,-0.528771
514315738636363,1,0.355774,4.624721,4.759145
514315738643216,2,22.599466,-7.939893,-33.686999
514315754525616,4,0.001891,-0.585087,-0.584359
514315757575757,1,0.085615,4.466822,4.862775
514315773500948,4,-0.000613,-0.639913,-0.642926
514315776515151,1,-0.187849,4.446216,5.098179
514315788894472,2,22.135258,-7.225819,-34.365061
514315792476280,4,-0.000271,-0.695802,-0.695028
514315795454545,1,-0.422044,4.525200,5.417951
514315811451612,4,-0.001048,-0.747905,-0.751198
514315814393939,1,-0.633395,4.690551,5.811477
514315830426944,4,-0.002086,-0.804227,-0.805732
514315833333333,1,-0.819394,4.951763,6.266764
514315839145728,2,20.919233,-6.308805,-35.072049
514315849402277,4,0.000868,-0.856791,-0.856557
514315852272727,1,-0.909730,5.305035,6.745314
514315868377609,4,-0.001823,-0.904973,-0.909265
514315871212121,1,-0.978488,5.692397,7.263664
514315887352941,4,-0.002218,-0.954888,-0.952417
514315889396984,2,19.803966,-5.500941,-36.300232
514315890151515,1,-0.982942,6.168352,7.743911
514315906328273,4,-0.000705,-1.001225,-1.000481
514315909090909,1,-0.992439,6.684032,8.198477
514315925303605,4,0.001629,-1.048509,-1.050069
514315928030303,1,-0.915082,7.207313,8.616502
514315939648241,2,17.974411,-4.386920,-37.208803
514315944278937,4,-0.004415,-1.091848,-1.088966
514315946969696,1,-0.843471,7.715025,8.940340
514315963254269,4,-0.002248,-1.131457,-1.134758
514315965909090,1,-0.689231,8.183678,9.154237
514315982229601,4,0.000212,-1.171004,-1.173739
514315984848484,1,-0.548606,8.628558,9.254272
514315989899497,2,16.268057,-3.356003,-38.024002
514316001204933,4,0.000341,-1.210772,-1.208531
514316003787878,1,-0.405151,8.962666,9.263374
514316020180265,4,0.000471,-1.245243,-1.242240
514316022727272,1,-0.299038,9.234871,9.136544
514316039155597,4,0.001325,-1.279984,-1.278775
514316040150753,2,13.710089,-2.300901,-39.440056
514316041666666,1,-0.163223,9.403764,8.916135
514316058130929,4,-0.000152,-1.309463,-1.304575
514316060606060,1,-0.061655,9.492389,8.575228
514316077106261,4,0.000742,-1.342436,-1.339450
514316079545454,1,-0.000738,9.461359,8.173866
514316090402010,2,11.543704,-1.495489,-39.922251
514316096081593,4,-0.003865,-1.365434,-1.368749
514316098484848,1,0.072433,9.317457,7.715205
514316115056925,4,-0.001743,-1.391850,-1.388040
514316117424242,1,0.088565,9.065846,7.184290
514316134032258,4,0.000001,-1.409819,-1.410634
514316136363636,1,0.065557,8.737249,6.656101
514316140653266,2,8.891099,-0.942563,-40.550562
514316153007590,4,-0.002789,-1.428558,-1.425741
514316155303030,1,0.031154,8.310884,6.135673
514316171982922,4,0.000818,-1.447109,-1.449113
514316174242424,1,-0.043554,7.822960,5.648185
514316190904522,2,5.842396,0.069793,-40.883168
514316190958254,4,-0.001816,-1.459505,-1.458264
514316193181818,1,-0.095073,7.319495,5.218065
514316209933586,4,0.000522,-1.470422,-1.470606
514316212121212,1,-0.182959,6.780338,4.875998
514316228908918,4,0.001013,-1.482387,-1.480722
514316231060606,1,-0.235424,6.241026,4.615489
514316241155778,2,2.856514,-0.228341,-41.380067
514316247884250,4,-0.001697,-1.487504,-1.486877
514316250000000,1,-0.283292,5.732302,4.465135
514316266859582,4,0.003358,-1.494038,-1.490456
514316268939393,1,-0.339310,5.303573,4.435890
514316285834914,4,0.002962,-1.491184,-1.491036
514316287878787,1,-0.302044,4.921569,4.510749
514316291407035,2,-0.474541,0.121819,-41.470458
514316304810246,4,0.001175,-1.488789,-1.493560
514316306818181,1,-0.262497,4.664832,4.695458
514316323785578,4,-0.002772,-1.487486,-1.491795
514316325757575,1,-0.217552,4.489530,4.966614
514316341658291,2,-3.616943,-0.131613,-41.476657
514316342760910,4,0.002461,-1.478529,-1.481837
514316344696969,1,-0.136503,4.436170,5.370997
514316361736242,4,-0.000742,-1.472035,-1.471786
514316363636363,1,-0.020432,4.465040,5.801248
514316380711574,4,0.000254,-1.459130,-1.460592
514316382575757,1,0.089904,4.666792,6.281744
514316391909547,2,-6.441602,-0.638668,-40.979097
514316399686907,4,0.001886,-1.445169,-1.447275
514316401515151,1,0.212031,4.926553,6.820132
514316418662239,4,0.002670,-1.432074,-1.429542
514316420454545,1,0.342992,5.337251,7.320464
514316437637571,4,0.001934,-1.411612,-1.409546
514316439393939,1,0.444972,5.781789,7.801382
514316442160804,2,-9.222066,-1.085966,-40.473651
514316456612903,4,0.001087,-1.390239,-1.388663
514316458333333,1,0.536693,6.318426,8.253064
514316475588235,4,-0.000313,-1.365557,-1.359850
514316477272727,1,0.623862,6.874364,8.658239
514316492412060,2,-11.972497,-1.710957,-39.843569
514316494563567,4,-0.001526,-1.336003,-1.338799
514316496212121,1,0.623187,7.432810,8.952217
514316513538899,4,-0.002173,-1.309038,-1.307945
514316515151515,1,0.606763,7.947312,9.177215
514316532514231,4,0.001841,-1.275070,-1.272304
514316534090909,1,0.557366,8.422762,9.275466
514316542663316,2,-14.386621,-2.483248,-38.726098
514316551489563,4,0.000501,-1.246246,-1.244014
514316553030303,1,0.462105,8.849690,9.285171
514316570464895,4,-0.000532,-1.207626,-1.212072
514316571969696,1,0.306943,9.161149,9.200703
514316589440227,4,0.004737,-1.170218,-1.175298
514316590909090,1,0.193233,9.366622,8.991464
514316592914572,2,-16.564835,-3.531049,-37.798141
514316608415559,4,-0.001418,-1.130709,-1.129989
514316609848484,1,-0.004379,9.499662,8.708407
514316627390891,4,-0.002544,-1.089356,-1.094676
514316628787878,1,-0.188191,9.473445,8.337648
514316643165829,2,-18.318275,-4.908198,-37.121437
514316646366223,4,-0.000179,-1.045099,-1.048426
514316647727272,1,-0.364662,9.322131,7.934127
514316665341555,4,-0.003014,-1.001748,-1.003250
514316666666666,1,-0.501840,9.090534,7.436470
514316684316888,4,0.001259,-0.956784,-0.956559
514316685606060,1,-0.632706,8.752129,6.944418
514316693417085,2,-19.846365,-5.790868,-35.867719
514316703292220,4,-0.004042,-0.905984,-0.906646
514316704545454,1,-0.728739,8.339279,6.438840
514316722267552,4,-0.002377,-0.855669,-0.854002
514316723484848,1,-0.792750,7.843253,5.929725
514316741242884,4,-0.000431,-0.803762,-0.803752
514316742424242,1,-0.759882,7.348036,5.496046
514316743668341,2,-21.331955,-6.612498,-34.977508
514316760218216,4,-0.002409,-0.747027,-0.752082
514316761363636,1,-0.741123,6.807483,5.133539
514316779193548,4,0.001312,-0.695136,-0.696953
514316780303030,1,-0.659630,6.309439,4.795853
514316793919597,2,-22.262825,-6.941844,-34.328352
514316798168880,4,0.001214,-0.640503,-0.643830
514316799242424,1,-0.492671,5.839264,4.544985
514316817144212,4,-0.000665,-0.585425,-0.585123
514316818181818,1,-0.327272,5.422534,4.432966
514316836119544,4,-0.002608,-0.524135,-0.523184
514316837121212,1,-0.099214,5.086704,4.391585
514316844170854,2,-22.841674,-7.864415,-33.674901
514316855094876,4,0.001956,-0.465118,-0.468348
514316856060606,1,0.103607,4.870402,4.484495
514316874070208,4,-0.001273,-0.409673,-0.406828
514316875000000,1,0.341733,4.751026,4.645384
514316893045540,4,0.000454,-0.348017,-0.345273
514316893939393,1,0.574551,4.734628,4.917480
514316894422110,2,-23.472647,-8.328203,-33.074585
514316912020872,4,0.000810,-0.288681,-0.288366
514316912878787,1,0.791133,4.812754,5.297364
514316930996204,4,0.001364,-0.223562,-0.224542
514316931818181,1,0.959652,5.005439,5.713367
514316944673366,2,-23.873949,-8.816050,-32.890392
514316949971537,4,0.003794,-0.160623,-0.163011
514316950757575,1,1.101345,5.284289,6.201908
514316968946869,4,-0.001677,-0.104476,-0.102631
514316969696969,1,1.179789,5.655877,6.686922
514316987922201,4,0.001506,-0.035989,-0.038807
514316988636363,1,1.224860,6.054475,7.238025
514316994924623,2,-23.918998,-8.879377,-32.659252
514317006897533,4,0.002337,0.022151,0.023887
514317007575757,1,1.233193,6.489508,7.738066
514317025872865,4,0.001647,0.080926,0.084058
514317026515151,1,1.112676,6.986010,8.223177
514317044848197,4,0.001899,0.147530,0.144588
514317045175879,2,-23.912024,-8.726702,-32.940929
514317045454545,1,1.026674,7.456404,8.651598
514317063823529,4,-0.004860,0.208090,0.208678
514317064393939,1,0.834992,7.892969,8.965695
514317082798861,4,-0.001768,0.270584,0.271311
514317083333333,1,0.610770,8.277299,9.250229
514317095427135,2,-23.481269,-8.473387,-33.031859
514317101774193,4,0.001341,0.326592,0.328675
514317102272727,1,0.354254,8.642518,9.377708
514317120749525,4,-0.000609,0.392878,0.392712
514317121212121,1,0.089129,8.884841,9.421176
514317139724857,4,0.000944,0.450714,0.450825
514317140151515,1,-0.195934,9.051205,9.336110
514317145678391,2,-23.119041,-7.995821,-33.346664
514317158700189,4,-0.001457,0.511978,0.508601
514317159090909,1,-0.475297,9.128451,9.171761
514317177675521,4,0.001700,0.568930,0.568424
514317178030303,1,-0.710890,9.100550,8.874176
514317195929648,2,-22.386192,-7.295777,-33.886923
514317196650853,4,-0.001313,0.622886,0.624301
514317196969696,1,-0.916101,8.951129,8.491119
514317215626185,4,-0.000660,0.676852,0.681195
514317215909090,1,-1.089716,8.736416,8.057140
514317234601518,4,0.001849,0.737531,0.735404
514317234848484,1,-1.235151,8.411787,7.573911
514317246180904,2,-21.372429,-6.657263,-35.028271
514317253576850,4,0.000094,0.788809,0.790219
514317253787878,1,-1.351662,8.026136,7.054917
514317272552182,4,0.003080,0.844008,0.843112
514317272727272,1,-1.350053,7.608223,6.505158
514317291527514,4,-0.000986,0.894254,0.889380
514317291666666,1,-1.294782,7.151252,6.021382
514317296432160,2,-20.028344,-5.788548,-35.811103
514317310502846,4,-0.000505,0.943050,0.943364
514317310606060,1,-1.241176,6.664232,5.598730
514317329478178,4,0.001340,0.989962,0.988981
514317329545454,1,-1.099929,6.197082,5.185834
514317346683417,2,-19.031512,-4.750758,-36.669164
514317348453510,4,0.001076,1.033233,1.033449
514317348484848,1,-0.960336,5.700617,4.913746
514317367424242,1,-0.761600,5.301248,4.733710
514317367428842,4,0.000123,1.079449,1.075452
514317386363636,1,-0.547163,4.935200,4.645724
514317386404174,4,0.000910,1.122734,1.121034
514317396934673,2,-17.199656,-3.755555,-37.744208
514317405303030,1,-0.346622,4.676095,4.689251
514317405379506,4,0.004749,1.159956,1.160600
514317424242424,1,-0.145811,4.484633,4.856089
514317424354838,4,-0.000790,1.199281,1.198776
514317443181818,1,0.027620,4.410631,5.137057
514317443330170,4,-0.002814,1.234363,1.235261
514317447185929,2,-14.478871,-2.952471,-38.691238
514317462121212,1,0.173890,4.455595,5.487950
514317462305502,4,0.002457,1.273733,1.272000
514317481060606,1,0.315376,4.573002,5.919652
514317481280834,4,-0.001551,1.299599,1.300672
514317497437185,2,-12.644552,-1.789811,-39.567450
514317500000000,1,0.375577,4.793887,6.419995
514317500256166,4,0.003569,1.330057,1.327733
514317518939393,1,0.465432,5.104081,6.935753
514317519231499,4,-0.001002,1.358983,1.358849
514317537878787,1,0.508970,5.485548,7.475571
514317538206831,4,-0.000400,1.383554,1.377640
514317547688442,2,-10.000270,-1.108532,-40.485504
514317556818181,1,0.475876,5.958518,7.966966
514317557182163,4,0.000208,1.406219,1.402832
514317575757575,1,0.448961,6.472296,8.444951
514317576157495,4,-0.001673,1.420631,1.427543
514317594696969,1,0.425480,6.991465,8.805180
514317595132827,4,-0.001440,1.442232,1.442957
514317597939698,2,-6.964053,-0.341990,-40.798835
514317613636363,1,0.380853,7.539692,9.113791
514317614108159,4,0.003024,1.456317,1.455546
514317632575757,1,0.326689,8.005999,9.312194
514317633083491,4,0.000346,1.471533,1.468624
514317648190954,2,-3.970478,-0.069691,-41.036369
514317651515151,1,0.264009,8.469025,9.396872
514317652058823,4,-0.001910,1.475665,1.476304
514317670454545,1,0.258722,8.856091,9.368593
514317671034155,4,0.001729,1.485313,1.484739
514317689393939,1,0.274703,9.160724,9.226763
514317690009487,4,-0.001432,1.490745,1.490096
514317698442211,2,-0.799429,0.054353,-41.345844
514317708333333,1,0.282799,9.341077,9.014413
514317708984819,4,-0.000546,1.495299,1.495676
514317727272727,1,0.326089,9.426080,8.671616
514317727960151,4,-0.003220,1.492682,1.490473
514317746212121,1,0.382699,9.397829,8.262723
514317746935483,4,-0.000497,1.489474,1.488430
514317748693467,2,1.994311,0.061845,-41.589260
514317765151515,1,0.479813,9.254608,7.796734
514317765910815,4,0.000461,1.484438,1.483681
514317784090909,1,0.567924,8.975882,7.267773
514317784886148,4,-0.001294,1.473488,1.471867
514317798944723,2,5.130819,-0.789026,-41.106170
514317803030303,1,0.648356,8.631715,6.760715
514317803861480,4,-0.001708,1.467758,1.462250
514317821969696,1,0.694917,8.201902,6.264317
514317822836812,4,-0.002387,1.451012,1.450151
514317840909090,1,0.771026,7.697495,5.812516
514317841812144,4,-0.000391,1.437203,1.435483
514317849195979,2,8.029619,-0.644941,-40.622884
514317859848484,1,0.770302,7.155383,5.364555
514317860787476,4,-0.001060,1.415052,1.414896
514317878787878,1,0.805988,6.602837,5.049695
514317879762808,4,0.001749,1.394335,1.391365
514317897727272,1,0.753494,6.044620,4.784097
514317898738140,4,-0.000097,1.368499,1.375942
514317899447236,2,11.055873,-1.643757,-39.856050
514317916666666,1,0.685361,5.585685,4.619942
514317917713472,4,-0.001931,1.345484,1.346324
514317935606060,1,0.576056,5.136791,4.585531
514317936688804,4,-0.000577,1.317118,1.318542
514317949698492,2,13.735577,-2.182671,-39.077179
514317954545454,1,0.406574,4.803441,4.642797
514317955664136,4,0.003052,1.288830,1.290252
514317973484848,1,0.218644,4.552198,4.785538
514317974639468,4,-0.002093,1.255285,1.254961
514317992424242,1,0.062799,4.423277,5.051669
514317993614800,4,0.000702,1.222574,1.219380
514317999949748,2,15.713409,-3.293482,-38.164066
