timestamp_ns,sensor_type,x,y,z
514300000000000,1,-0.018073,6.929336,6.913096
514300005000000,4,-0.001545,0.001573,0.001280
514300010000000,2,0.051457,0.069922,-41.607796
514300018939393,1,-0.008444,6.942053,6.940413
514300023975332,4,0.003376,0.000733,0.001041
514300037878787,1,0.000611,6.936394,6.911718
514300042950664,4,0.002800,-0.001255,-0.002977
514300056818181,1,-0.004471,6.926172,6.926440
514300060251256,2,0.063955,0.178758,-41.387142
514300061925996,4,0.000400,-0.002845,0.004908
514300075757575,1,0.007195,6.924023,6.927093
514300080901328,4,0.002911,0.004328,0.000125
514300094696969,1,-0.025045,6.930819,6.921295
514300099876660,4,0.001101,-0.000919,0.001766
514300110502512,2,0.139856,0.025788,-41.633448
514300113636363,1,0.000950,6.922935,6.935603
514300118851992,4,-0.002431,-0.005086,-0.001581
514300132575757,1,-0.001736,6.954413,6.940315
514300137827324,4,-0.002911,0.002956,0.003631
514300151515151,1,-0.022076,6.919170,6.935011
514300156802656,4,-0.002806,0.002583,0.001903
514300160753768,2,-0.121447,0.047983,-41.351611
514300170454545,1,-0.011158,6.898728,6.950543
514300175777988,4,-0.003140,-0.000781,-0.001160
514300189393939,1,0.008643,6.940600,6.927061
514300194753320,4,0.001496,-0.002458,-0.000198
514300208333333,1,0.005132,6.925896,6.936807
514300211005025,2,0.417887,0.147273,-41.668591
514300213728652,4,-0.001372,0.000947,-0.000434
514300227272727,1,-0.011047,6.952544,6.915506
514300232703984,4,-0.001070,-0.000427,0.004072
514300246212121,1,0.014787,6.934816,6.928475
514300251679316,4,-0.000834,-0.002082,0.001167
514300261256281,2,-0.115091,0.341778,-41.525184
514300265151515,1,0.002004,6.943149,6.950750
514300270654648,4,-0.000287,-0.002830,0.004463
514300284090909,1,0.003758,6.923660,6.935016
514300289629981,4,-0.000705,-0.000756,0.000320
514300303030303,1,0.021802,6.950521,6.945254
514300308605313,4,0.003460,-0.003359,0.000552
514300311507537,2,0.007127,-0.144063,-41.258260
514300321969696,1,0.009548,6.942742,6.948254
514300327580645,4,0.004175,0.000257,-0.002471
514300340909090,1,-0.005480,6.918088,6.935177
514300346555977,4,-0.001237,0.000414,0.002662
514300359848484,1,-0.009811,6.921688,6.925705
514300361758793,2,0.075050,-0.116190,-41.642100
514300365531309,4,-0.000679,0.001653,-0.002871
514300378787878,1,0.029824,6.935982,6.938692
514300384506641,4,-0.002887,-0.000966,0.002876
514300397727272,1,-0.014668,6.912224,6.924520
514300403481973,4,0.000138,0.000580,0.000556
514300412010050,2,0.046081,0.006631,-41.368209
514300416666666,1,0.017258,6.938360,6.941532
514300422457305,4,0.002218,-0.001220,0.001377
514300435606060,1,0.008863,6.927253,6.951004
514300441432637,4,-0.001662,0.003967,-0.001601
514300454545454,1,-0.007594,6.951224,6.939656
514300460407969,4,-0.001765,0.001099,0.000160
514300462261306,2,0.082045,-0.039672,-41.574596
514300473484848,1,-0.021469,6.925373,6.912929
514300479383301,4,0.000654,0.000455,-0.002181
514300492424242,1,0.013959,6.934052,6.907609
514300498358633,4,0.003227,0.001787,0.002718
514300511363636,1,0.004509,6.927903,6.916543
514300512512562,2,-0.023991,-0.082602,-41.512555
514300517333965,4,-0.001057,0.000833,0.000395
514300530303030,1,0.020136,6.935636,6.930828
514300536309297,4,0.002256,0.002320,0.000386
514300549242424,1,-0.004793,6.916189,6.918694
514300555284629,4,-0.003036,0.003559,0.001112
514300562763819,2,0.002466,-0.134690,-41.398424
514300568181818,1,0.015419,6.928662,6.934614
514300574259962,4,-0.001217,0.000813,-0.003022
514300587121212,1,-0.024532,6.918532,6.941666
514300593235294,4,0.002111,-0.002942,-0.000442
514300606060606,1,0.004533,6.955389,6.950464
514300612210626,4,0.000489,0.002078,0.000213
514300613015075,2,-0.055564,-0.126283,-41.545767
514300624999999,1,-0.002769,6.940024,6.930549
514300631185958,4,0.001270,-0.000056,-0.000064
514300643939393,1,0.024658,6.948137,6.936385
514300650161290,4,0.000171,-0.000378,-0.003373
514300662878787,1,0.002405,6.951687,6.941304
514300663266331,2,0.036339,0.012456,-41.429708
514300669136622,4,-0.001537,0.000490,-0.000498
514300681818181,1,0.018704,6.908025,6.939883
514300688111954,4,-0.000312,-0.000647,-0.001727
514300700757575,1,-0.006185,6.955425,6.952905
514300707087286,4,-0.000986,-0.000614,0.000010
514300713517587,2,0.134752,0.195741,-41.450203
514300719696969,1,0.000394,6.952776,6.955746
514300726062618,4,0.000787,-0.000361,-0.002059
514300738636363,1,0.000893,6.964012,6.933973
514300745037950,4,-0.002796,0.005195,-0.002260
514300757575757,1,-0.002574,6.944739,6.930103
514300763768844,2,-0.160410,-0.040367,-41.643674
514300764013282,4,-0.001037,0.001034,0.000722
514300776515151,1,0.001024,6.951262,6.934579
514300782988614,4,0.001042,-0.000885,0.000477
514300795454545,1,-0.020340,6.938757,6.925993
514300801963946,4,0.000123,-0.000624,0.000491
514300814020100,2,0.254528,0.298110,-41.395479
514300814393939,1,0.010383,6.942703,6.952006
514300820939278,4,0.002111,-0.000044,-0.000031
514300833333333,1,0.010890,6.947432,6.926320
514300839914611,4,0.002136,0.001923,0.003168
514300852272727,1,0.009648,6.957970,6.926085
514300858889943,4,-0.003512,0.001810,0.001203
514300864271356,2,0.128769,0.037641,-41.438118
514300871212121,1,0.021597,6.927757,6.924125
514300877865275,4,-0.001771,0.000503,0.002102
514300890151515,1,0.003554,6.942940,6.945290
514300896840607,4,-0.001658,0.000885,0.001743
514300909090909,1,-0.011541,6.939563,6.926122
514300914522613,2,-0.239618,-0.011090,-41.625199
514300915815939,4,-0.002142,-0.000285,0.000602
514300928030303,1,-0.017867,6.923204,6.925338
514300934791271,4,-0.001592,-0.001758,-0.000270
514300946969696,1,0.006259,6.948175,6.916670
514300953766603,4,0.001603,0.001287,-0.001723
514300964773869,2,0.042203,-0.008941,-41.201003
514300965909090,1,0.004224,6.920228,6.941898
514300972741935,4,0.001304,-0.001672,-0.003220
514300984848484,1,-0.007473,6.921733,6.943945
514300991717267,4,-0.000734,0.002246,0.001312
514301003787878,1,-0.007043,6.930557,6.907709
514301010692599,4,-0.000003,-0.000833,-0.000780
514301015025125,2,0.137494,0.042677,-41.533067
514301022727272,1,0.011359,6.944200,6.934414
514301029667931,4,0.000218,-0.002137,-0.000696
514301041666666,1,-0.018331,6.948861,6.926354
514301048643263,4,-0.000431,-0.002702,-0.001677
514301060606060,1,-0.005440,6.962093,6.925905
514301065276381,2,0.251403,-0.004493,-41.443275
514301067618595,4,0.000821,0.000019,-0.000618
514301079545454,1,0.008907,6.941094,6.939031
514301086593927,4,-0.001823,0.003154,-0.001676
514301098484848,1,0.003384,6.938865,6.937612
514301105569259,4,0.000503,-0.000976,0.000073
514301115527638,2,0.006337,-0.060623,-41.487550
514301117424242,1,-0.000623,6.952484,6.918597
514301124544592,4,0.000915,-0.002741,-0.000013
514301136363636,1,0.012257,6.944217,6.942730
514301143519924,4,0.002381,0.003523,-0.000260
514301155303030,1,0.013404,6.933238,6.911921
514301162495256,4,0.000083,0.004423,0.002270
514301165778894,2,-0.294295,-0.232156,-41.440581
514301174242424,1,-0.000868,6.922454,6.925566
514301181470588,4,-0.001235,-0.001238,0.001913
514301193181818,1,-0.014909,6.928621,6.927189
514301200445920,4,-0.002022,0.002175,0.000669
514301212121212,1,-0.028531,6.942751,6.960993
514301216030150,2,0.235230,0.052233,-41.601081
514301219421252,4,0.001035,-0.000513,-0.001260
514301231060606,1,0.007275,6.931914,6.933692
514301238396584,4,0.002924,-0.000493,-0.000822
514301250000000,1,-0.005052,6.935429,6.933905
514301257371916,4,-0.000160,0.000386,-0.002062
514301266281407,2,-0.216428,0.117679,-41.578105
514301268939393,1,-0.010093,6.954543,6.916503
514301276347248,4,-0.001130,-0.001236,0.001691
514301287878787,1,0.008620,6.933134,6.957159
514301295322580,4,-0.001772,-0.003512,-0.003934
514301306818181,1,0.004090,6.930030,6.931376
514301314297912,4,-0.002941,0.002723,0.000032
514301316532663,2,0.096485,0.058480,-41.421281
514301325757575,1,0.000479,6.920635,6.925146
514301333273244,4,0.001002,0.001073,0.000112
514301344696969,1,-0.021419,6.923273,6.935476
514301352248576,4,-0.000150,0.002089,0.000292
514301363636363,1,0.003602,6.910597,6.932702
514301366783919,2,0.005040,0.057547,-41.510944
514301371223908,4,0.002798,0.001242,-0.001236
514301382575757,1,0.006761,6.932394,6.926743
514301390199240,4,-0.000994,-0.001455,0.002435
514301401515151,1,-0.004946,6.927860,6.926708
514301409174573,4,-0.000810,-0.001597,0.000640
514301417035175,2,-0.095296,-0.144525,-41.850777
514301420454545,1,0.002086,6.962041,6.925424
514301428149905,4,-0.000194,0.000589,0.003780
514301439393939,1,-0.003818,6.933728,6.926100
514301447125237,4,0.001826,0.000054,-0.002817
514301458333333,1,0.013179,6.905898,6.927976
514301466100569,4,-0.001000,0.001422,-0.002342
514301467286432,2,-0.027166,0.227907,-41.383514
514301477272727,1,0.009820,6.930820,6.924499
514301485075901,4,0.004282,0.000029,0.000098
514301496212121,1,0.005289,6.945225,6.936876
514301504051233,4,-0.001333,0.000993,-0.002316
514301515151515,1,-0.009615,6.939823,6.929524
514301517537688,2,0.034156,-0.110101,-41.343425
514301523026565,4,0.004330,0.002635,0.001969
514301534090909,1,0.008942,6.952148,6.903082
514301542001897,4,-0.002781,0.000411,0.002418
514301553030303,1,0.001333,6.913520,6.963650
514301560977229,4,0.001186,-0.002004,-0.001300
514301567788944,2,-0.017896,0.236240,-41.640189
514301571969696,1,-0.005617,6.943305,6.933925
514301579952561,4,-0.000904,-0.001207,0.003058
514301590909090,1,-0.009637,6.923284,6.953377
514301598927893,4,-0.003842,0.001312,-0.002585
514301609848484,1,0.011471,6.957672,6.935014
514301617903225,4,-0.001923,-0.004019,-0.001098
514301618040201,2,-0.112495,-0.127090,-41.715344
514301628787878,1,0.003455,6.931142,6.930904
514301636878557,4,0.003021,0.000530,-0.002397
514301647727272,1,-0.012503,6.935357,6.924878
514301655853889,4,0.002034,0.002463,0.000208
514301666666666,1,0.005303,6.936389,6.937801
514301668291457,2,-0.140557,0.015482,-41.599856
514301674829222,4,0.004069,0.001643,0.001365
514301685606060,1,0.020102,6.933896,6.943429
514301693804554,4,-0.001607,0.001255,0.000434
514301704545454,1,0.024618,6.950028,6.948187
514301712779886,4,0.001040,-0.001369,0.000256
514301718542713,2,-0.578456,0.161141,-41.745640
514301723484848,1,-0.003680,6.937104,6.918529
514301731755218,4,-0.001634,-0.004294,0.001997
514301742424242,1,0.005987,6.937642,6.934629
514301750730550,4,-0.003005,0.000214,0.000666
514301761363636,1,0.012326,6.919855,6.953967
514301768793969,2,0.088384,0.004682,-41.175420
514301769705882,4,0.000653,-0.000566,0.000542
514301780303030,1,0.010821,6.933501,6.932564
514301788681214,4,0.000942,0.001470,0.003467
514301799242424,1,0.005767,6.952599,6.935568
514301807656546,4,0.000468,0.000128,-0.001813
514301818181818,1,0.001728,6.934566,6.955733
514301819045226,2,0.149544,-0.075691,-41.598335
514301826631878,4,0.000872,0.001335,-0.000385
514301837121212,1,-0.004427,6.933995,6.951910
514301845607210,4,0.001089,-0.000585,0.001342
514301856060606,1,0.001764,6.947993,6.923413
514301864582542,4,0.001825,0.001797,0.000236
514301869296482,2,0.225409,-0.221381,-41.464394
514301875000000,1,-0.002464,6.952162,6.926233
514301883557874,4,-0.002080,-0.001224,0.001190
514301893939393,1,-0.001816,6.937429,6.922479
514301902533206,4,0.004898,-0.000681,0.000912
514301912878787,1,-0.004966,6.935700,6.934909
514301919547738,2,-0.019668,-0.051484,-41.439999
514301921508538,4,-0.001112,-0.001948,-0.001353
514301931818181,1,0.015364,6.952846,6.924076
514301940483870,4,-0.004165,0.002707,-0.004460
514301950757575,1,0.001335,6.942440,6.952545
514301959459203,4,-0.000528,-0.002356,-0.001769
514301969696969,1,0.008622,6.937840,6.942347
514301969798994,2,0.028434,0.068610,-41.472180
514301978434535,4,0.002753,0.000402,-0.001931
514301988636363,1,0.008085,6.923216,6.936662
514301997409867,4,-0.001179,-0.001531,-0.000087
514302007575757,1,0.030358,6.068725,8.186306
514302016385199,4,0.000346,0.003791,-0.003833
514302020050251,2,0.062652,0.014005,-41.591940
514302026515151,1,0.041903,6.561682,8.616346
514302035360531,4,-0.000070,-0.000631,0.001893
514302045454545,1,0.079887,7.117298,8.956723
514302054335863,4,0.000710,0.001181,0.000690
514302064393939,1,0.096276,7.657974,9.255661
514302070301507,2,0.000600,-0.107158,-41.610082
514302073311195,4,-0.001864,0.002423,0.001597
514302083333333,1,0.152786,8.125373,9.398641
514302092286527,4,0.001831,0.002528,0.000835
514302102272727,1,0.156032,8.572044,9.427072
514302111261859,4,0.002962,0.000755,-0.000438
514302120552763,2,-0.050423,-0.017913,-41.487742
514302121212121,1,0.198377,8.952896,9.361483
514302130237191,4,-0.000013,-0.000048,-0.001039
514302140151515,1,0.212668,9.217577,9.188530
514302149212523,4,0.003264,0.000593,0.000189
514302159090909,1,0.249045,9.363110,8.898290
514302168187855,4,0.000777,0.005960,-0.002263
514302170804020,2,0.137457,-0.074770,-41.463498
514302178030303,1,0.240711,9.432714,8.521918
514302187163187,4,-0.001690,-0.002761,-0.000465
514302196969696,1,0.268659,9.364312,8.060682
514302206138519,4,0.000491,-0.000931,-0.001079
514302215909090,1,0.256693,9.201415,7.574957
514302221055276,2,0.017704,-0.091294,-41.481965
514302225113851,4,0.000285,-0.001004,0.000620
514302234848484,1,0.283092,8.944250,7.041900
514302244089184,4,0.002228,0.001354,0.001762
514302253787878,1,0.314246,8.582115,6.495500
514302263064516,4,0.002172,0.000566,-0.000317
514302271306532,2,0.150408,0.027976,-41.459038
514302272727272,1,0.300986,8.117660,5.969654
514302282039848,4,-0.001545,-0.000782,-0.001047
514302291666666,1,0.281740,7.637279,5.557007
514302301015180,4,0.001463,0.000694,0.001394
514302310606060,1,0.305678,7.105683,5.124762
514302319990512,4,-0.002321,0.002863,-0.000854
514302321557788,2,-0.105799,0.295329,-41.590279
514302329545454,1,0.307429,6.593745,4.792914
514302338965844,4,-0.002200,-0.000878,0.004968
514302348484848,1,0.252337,6.025700,4.588313
514302357941176,4,-0.000775,-0.000650,-0.000384
514302367424242,1,0.261706,5.576370,4.431411
514302371809045,2,-0.250168,0.129028,-41.510248
514302376916508,4,-0.000297,-0.001563,0.000286
514302386363636,1,0.236160,5.156087,4.449258
514302395891840,4,0.002151,0.000629,-0.002222
514302405303030,1,0.220533,4.813761,4.544913
514302414867172,4,-0.000689,-0.001103,0.000106
514302422060301,2,-0.045456,-0.081833,-41.212269
514302424242424,1,0.217352,4.592079,4.778019
514302433842504,4,0.002661,-0.000298,-0.000176
514302443181818,1,0.167277,4.423818,5.079635
514302452817836,4,0.003555,0.001752,0.001148
514302462121212,1,0.140836,4.446702,5.525065
514302471793168,4,0.003916,0.000980,-0.003973
514302472311557,2,0.053189,0.082463,-41.468634
514302481060606,1,0.131015,4.572487,5.958402
514302490768500,4,0.001665,-0.003184,0.000904
514302500000000,1,0.085146,4.750425,6.483802
514302509743833,4,-0.003427,-0.000934,-0.000728
514302518939393,1,0.083630,5.045951,6.997901
514302522562814,2,0.040507,0.209794,-41.530654
514302528719165,4,-0.001540,-0.000698,0.002065
514302537878787,1,0.012787,5.455351,7.543165
514302547694497,4,-0.001428,0.001090,-0.001931
514302556818181,1,-0.001664,5.898099,8.031533
514302566669829,4,-0.000379,0.000648,-0.001993
514302572814070,2,-0.218541,0.130208,-41.418521
514302575757575,1,-0.029188,6.414730,8.482093
514302585645161,4,-0.002623,0.000984,0.002246
514302594696969,1,-0.067947,6.957152,8.870876
514302604620493,4,-0.000158,-0.000915,0.000311
514302613636363,1,-0.108567,7.464021,9.152974
514302623065326,2,0.016197,0.070613,-41.548638
514302623595825,4,0.000111,0.000486,-0.005056
514302632575757,1,-0.117728,7.984109,9.340749
514302642571157,4,-0.002138,-0.001690,0.000302
514302651515151,1,-0.151781,8.436647,9.441133
514302661546489,4,0.000372,0.001272,0.000515
514302670454545,1,-0.177497,8.826272,9.401353
514302673316582,2,0.003104,-0.019755,-41.581749
514302680521821,4,-0.002601,0.002894,0.002544
514302689393939,1,-0.190207,9.126013,9.258784
514302699497153,4,-0.002516,0.000665,-0.001191
514302708333333,1,-0.228967,9.340280,8.995454
514302718472485,4,0.000278,0.002107,0.004260
514302723567839,2,0.178376,-0.211839,-41.138894
514302727272727,1,-0.246318,9.441026,8.646857
514302737447817,4,0.001503,0.000590,-0.000680
514302746212121,1,-0.280276,9.390847,8.220059
514302756423149,4,0.000364,0.002720,-0.000089
514302765151515,1,-0.270833,9.255101,7.747131
514302773819095,2,0.131604,-0.266696,-41.526651
514302775398481,4,-0.001772,-0.003239,0.001026
514302784090909,1,-0.281025,9.035754,7.225365
514302794373814,4,0.000495,-0.001292,0.002052
514302803030303,1,-0.293315,8.695004,6.693074
514302813349146,4,-0.000844,-0.000269,-0.000033
514302821969696,1,-0.301911,8.303093,6.182155
514302824070351,2,-0.025282,0.058783,-41.641433
514302832324478,4,-0.000702,0.000472,0.002303
514302840909090,1,-0.269957,7.791520,5.682926
514302851299810,4,-0.002285,0.000977,0.000344
514302859848484,1,-0.312620,7.269534,5.275422
514302870275142,4,0.000308,0.001744,0.000099
514302874321608,2,0.004804,-0.018168,-41.603669
514302878787878,1,-0.296408,6.768281,4.883198
514302889250474,4,0.000960,0.001432,-0.001009
514302897727272,1,-0.292971,6.215799,4.635942
514302908225806,4,0.000598,-0.000502,-0.000265
514302916666666,1,-0.256225,5.732602,4.475316
514302924572864,2,-0.131513,0.137821,-41.747513
514302927201138,4,-0.000644,0.000942,0.000163
514302935606060,1,-0.252811,5.285837,4.425106
514302946176470,4,0.000789,-0.000035,-0.003208
514302954545454,1,-0.242898,4.939647,4.484100
514302965151802,4,0.000063,0.000127,0.000485
514302973484848,1,-0.191204,4.652576,4.677713
514302974824120,2,0.071682,0.119627,-41.525810
514302984127134,4,-0.001187,-0.002391,0.001249
514302992424242,1,-0.177691,4.507998,4.984059
514303003102466,4,-0.000547,0.000342,-0.000563
514303011363636,1,-0.154364,4.448415,5.323467
514303022077798,4,-0.000012,-0.000899,-0.001936
514303025075376,2,0.007856,0.174524,-41.598754
514303030303030,1,-0.138628,4.483855,5.804864
514303041053130,4,0.000947,-0.001206,0.000328
514303049242424,1,-0.107431,4.675853,6.294998
514303060028462,4,0.000821,-0.001174,-0.002408
514303068181818,1,-0.082462,4.933275,6.832010
514303075326633,2,-0.090248,-0.074323,-41.318227
514303079003795,4,0.004852,-0.001056,0.001247
514303087121212,1,-0.049879,5.307567,7.340396
514303097979127,4,0.003879,0.001580,-0.000601
514303106060606,1,-0.012334,5.745687,7.854707
514303116954459,4,-0.000134,-0.001665,0.001763
514303125000000,1,0.012012,6.244153,8.325784
514303125577889,2,0.193844,-0.209384,-41.342090
514303135929791,4,0.001133,-0.001029,-0.002084
514303143939393,1,0.045645,6.755629,8.742745
514303154905123,4,-0.002642,0.001973,0.000241
514303162878787,1,0.097897,7.318810,9.060030
514303173880455,4,0.000430,-0.001646,-0.002927
514303175829145,2,0.122836,0.233039,-41.435260
514303181818181,1,0.142585,7.805762,9.309249
514303192855787,4,0.001925,0.000084,0.001814
514303200757575,1,0.136991,8.284075,9.406862
514303211831119,4,-0.000772,-0.000474,0.001427
514303219696969,1,0.172223,8.716025,9.429972
514303226080402,2,-0.006639,0.171783,-41.388190
514303230806451,4,0.001465,0.001595,-0.000590
514303238636363,1,0.186744,9.030612,9.303370
514303249781783,4,0.001229,0.002218,-0.000210
514303257575757,1,0.219686,9.277034,9.086622
514303268757115,4,-0.001027,0.002685,-0.001309
514303276331658,2,0.336735,0.143806,-41.469994
514303276515151,1,0.244675,9.436584,8.776728
514303287732447,4,0.001259,-0.000117,-0.003683
514303295454545,1,0.253889,9.432900,8.376355
514303306707779,4,0.002257,-0.005516,-0.003968
514303314393939,1,0.281800,9.320419,7.939107
514303325683111,4,0.001055,0.001054,-0.001275
514303326582914,2,-0.176116,-0.087138,-41.708419
514303333333333,1,0.289454,9.115007,7.399199
514303344658444,4,0.000296,-0.005063,0.001414
514303352272727,1,0.287426,8.832316,6.858610
514303363633776,4,0.000499,-0.000091,0.000042
514303371212121,1,0.290487,8.416502,6.343985
514303376834170,2,-0.032259,0.138910,-41.493577
514303382609108,4,0.000987,-0.000058,-0.003748
514303390151515,1,0.296739,7.944695,5.836688
514303401584440,4,0.004393,0.002402,-0.002570
514303409090909,1,0.296850,7.447404,5.396991
514303420559772,4,-0.000690,-0.000472,0.002158
514303427085427,2,0.153259,0.050636,-41.553490
514303428030303,1,0.303714,6.922556,5.009423
514303439535104,4,-0.004319,-0.000998,-0.003521
514303446969696,1,0.258031,6.387496,4.724729
514303458510436,4,-0.000570,-0.000945,0.000159
514303465909090,1,0.266912,5.877518,4.547563
514303477336683,2,0.013144,0.070815,-41.472142
514303477485768,4,-0.001210,-0.001502,0.001239
514303484848484,1,0.278734,5.433692,4.451797
514303496461100,4,0.000909,0.001103,-0.000354
514303503787878,1,0.212161,5.029192,4.464483
514303515436432,4,-0.001143,-0.000238,0.001002
514303522727272,1,0.215271,4.729970,4.584145
514303527587939,2,0.022603,-0.115358,-41.557972
514303534411764,4,-0.004354,0.000788,0.000618
514303541666666,1,0.199467,4.540065,4.884612
514303553387096,4,0.000124,-0.000299,-0.005132
514303560606060,1,0.159873,4.430523,5.178437
514303572362428,4,-0.000880,0.003579,0.000026
514303577839195,2,0.338769,0.184270,-41.714102
514303579545454,1,0.138368,4.473166,5.627250
514303591337760,4,-0.000615,0.000034,0.000710
514303598484848,1,0.138545,4.593647,6.119756
514303610313092,4,0.001318,-0.000458,0.000850
514303617424242,1,0.066105,4.841390,6.614954
514303628090452,2,-0.355045,0.011429,-41.359005
514303629288425,4,0.003353,0.002013,0.004681
514303636363636,1,0.059481,5.183672,7.189244
514303648263757,4,-0.001314,0.003352,-0.001581
514303655303030,1,0.007025,5.594356,7.703020
514303667239089,4,0.000707,0.001465,-0.001022
514303674242424,1,-0.007541,6.060830,8.156048
514303678341708,2,-0.077991,0.153249,-41.484078
514303686214421,4,0.000176,0.001821,-0.001421
514303693181818,1,-0.040650,6.587619,8.609299
514303705189753,4,0.003339,-0.002769,0.003879
514303712121212,1,-0.067098,7.122909,8.954749
514303724165085,4,0.002003,-0.000179,-0.000805
514303728592964,2,-0.024459,0.113417,-41.572807
514303731060606,1,-0.130021,7.635256,9.260707
514303743140417,4,-0.001014,-0.000272,-0.000097
514303750000000,1,-0.127524,8.143768,9.386206
514303762115749,4,0.002510,0.003937,0.000399
514303768939393,1,-0.166959,8.593038,9.426729
514303778844221,2,-0.043006,0.100525,-41.497735
514303781091081,4,-0.001691,-0.001091,-0.000366
514303787878787,1,-0.182981,8.937204,9.385941
514303800066413,4,-0.002060,-0.002358,0.004194
514303806818181,1,-0.204734,9.226952,9.174701
514303819041745,4,0.000605,-0.001666,0.001633
514303825757575,1,-0.222233,9.374771,8.899370
514303829095477,2,0.286316,0.104074,-41.398704
514303838017077,4,-0.002357,-0.002192,-0.001606
514303844696969,1,-0.233907,9.420812,8.527071
514303856992409,4,0.003309,-0.000506,-0.004883
514303863636363,1,-0.263963,9.380149,8.073120
514303875967741,4,0.002420,-0.000613,-0.003699
514303879346733,2,-0.007426,0.131213,-41.541417
514303882575757,1,-0.256791,9.187450,7.597636
514303894943074,4,-0.000633,0.001042,0.000808
514303901515151,1,-0.276623,8.951190,7.033155
514303913918406,4,0.003597,-0.001706,0.000093
514303920454545,1,-0.307670,8.580532,6.496386
514303929597989,2,0.042357,-0.137444,-41.337110
514303932893738,4,-0.001399,-0.003084,0.001771
514303939393939,1,-0.319155,8.116597,6.006900
514303951869070,4,0.000927,0.000567,0.000854
514303958333333,1,-0.279968,7.625756,5.525477
514303970844402,4,-0.001371,-0.002011,0.000075
514303977272727,1,-0.291109,7.107435,5.130312
514303979849246,2,0.043591,0.297377,-41.134181
514303989819734,4,0.002322,0.003216,0.001591
514303996212121,1,-0.289373,6.544505,4.788945
514304008795066,4,0.000058,0.000540,0.000023
514304015151515,1,-0.259294,6.053123,4.568580
514304027770398,4,-0.002052,0.000049,-0.002670
514304030100502,2,0.114498,0.010264,-41.634936
514304034090909,1,-0.248852,5.560610,4.450194
514304046745730,4,-0.000248,0.003272,0.001646
514304053030303,1,-0.243545,5.154336,4.447973
514304065721062,4,-0.001846,-0.000145,-0.001669
514304071969696,1,-0.227569,4.809417,4.556505
514304080351758,2,0.135712,0.031543,-41.412321
514304084696394,4,-0.000125,0.002082,0.001306
514304090909090,1,-0.218793,4.591129,4.787163
514304103671726,4,0.004968,0.002385,0.000408
514304109848484,1,-0.181436,4.445206,5.084389
514304122647058,4,0.001354,-0.000405,-0.002255
514304128787878,1,-0.161219,4.449648,5.483861
514304130603015,2,0.259468,-0.123663,-41.631672
514304141622390,4,0.002612,0.002018,-0.000482
514304147727272,1,-0.102156,4.553612,5.949739
514304160597722,4,0.000548,0.002482,0.001693
514304166666666,1,-0.084118,4.741532,6.462842
514304179573055,4,-0.002926,0.000487,-0.000335
514304180854271,2,-0.035464,0.123180,-41.409796
514304185606060,1,-0.066012,5.062052,7.012058
514304198548387,4,0.002226,0.002062,0.002637
514304204545454,1,-0.020354,5.456518,7.535601
514304217523719,4,-0.002236,-0.001568,0.002228
514304223484848,1,0.008757,5.892436,8.047623
514304231105527,2,-0.134353,0.113483,-41.673208
514304236499051,4,-0.001183,-0.003043,0.001065
514304242424242,1,0.055850,6.410950,8.475500
514304255474383,4,-0.001094,0.003580,0.000592
514304261363636,1,0.073210,6.951810,8.859618
514304274449715,4,0.000321,-0.000738,0.003182
514304280303030,1,0.081770,7.479816,9.162644
514304281356783,2,-0.125661,-0.017319,-41.576041
514304293425047,4,0.000717,-0.000817,-0.001588
514304299242424,1,0.135280,7.986523,9.345214
514304312400379,4,-0.000147,-0.001955,0.002058
514304318181818,1,0.166847,8.441407,9.424988
514304331375711,4,-0.003617,-0.000279,0.001220
514304331608040,2,0.133479,0.042957,-41.228192
514304337121212,1,0.179326,8.809104,9.396388
514304350351043,4,0.000684,-0.001435,0.001321
514304356060606,1,0.214249,9.136926,9.272200
514304369326375,4,-0.001772,-0.000045,0.001304
514304375000000,1,0.224966,9.341004,9.012821
514304381859296,2,-0.037078,-0.018330,-41.311469
514304388301707,4,0.000926,-0.001350,0.002395
514304393939393,1,0.275756,9.429469,8.645570
514304407277039,4,0.000173,0.001486,0.003058
514304412878787,1,0.274499,9.428733,8.230236
514304426252371,4,0.002235,0.002240,0.000385
514304431818181,1,0.288069,9.286716,7.762910
514304432110552,2,-0.013638,0.224101,-41.411902
514304445227703,4,0.001588,0.000427,-0.002419
514304450757575,1,0.289951,9.022373,7.229016
514304464203036,4,0.000605,0.000513,0.001167
514304469696969,1,0.301109,8.704617,6.699772
514304482361809,2,-0.352918,0.176636,-41.356117
514304483178368,4,-0.000256,-0.001523,0.001313
514304488636363,1,0.294822,8.282933,6.182764
514304502153700,4,-0.002627,0.002918,-0.000463
514304507575757,1,0.304280,7.787450,5.681768
514304521129032,4,0.000491,0.001117,0.001181
514304526515151,1,0.308008,7.262653,5.227480
514304532613065,2,0.142700,-0.286647,-41.592474
514304540104364,4,-0.002818,0.001648,0.000606
514304545454545,1,0.308241,6.751387,4.905399
514304559079696,4,-0.001271,-0.001499,-0.000668
514304564393939,1,0.267407,6.228744,4.640010
514304578055028,4,-0.002597,0.003445,0.002972
514304582864321,2,-0.088306,-0.126168,-41.231738
514304583333333,1,0.248290,5.744284,4.482216
514304597030360,4,0.000903,-0.000447,-0.000394
514304602272727,1,0.246459,5.285130,4.411899
514304616005692,4,0.001516,0.003516,-0.001141
514304621212121,1,0.239363,4.930454,4.503709
514304633115577,2,-0.001765,-0.005484,-41.410225
514304634981024,4,-0.002235,0.003095,-0.003574
514304640151515,1,0.225954,4.640086,4.679822
514304653956356,4,-0.002017,-0.000494,-0.003121
514304659090909,1,0.176368,4.486830,4.971457
514304672931688,4,0.002224,0.001714,-0.001150
514304678030303,1,0.165546,4.431209,5.333537
514304683366834,2,0.085395,-0.500234,-41.589980
514304691907020,4,0.002559,0.002899,-0.000226
514304696969696,1,0.152598,4.523728,5.791888
514304710882352,4,-0.000901,0.004519,0.001442
514304715909090,1,0.093748,4.683413,6.271207
514304729857685,4,0.000513,0.002727,0.000604
514304733618090,2,-0.211918,0.060046,-41.536360
514304734848484,1,0.068097,4.931965,6.802569
514304748833017,4,-0.001011,0.000160,0.002077
514304753787878,1,0.037213,5.295698,7.349939
514304767808349,4,-0.003984,-0.000576,0.002766
514304772727272,1,0.008893,5.738785,7.859656
514304783869346,2,0.002308,-0.311778,-41.539504
514304786783681,4,-0.001024,0.003092,0.002829
514304791666666,1,-0.026308,6.250436,8.334140
514304805759013,4,-0.000131,-0.001137,-0.000575
514304810606060,1,-0.045476,6.773928,8.750538
514304824734345,4,0.005329,0.003749,0.000251
514304829545454,1,-0.069919,7.287299,9.063063
514304834120603,2,0.167270,0.211417,-41.385196
514304843709677,4,-0.001216,0.000234,0.000488
514304848484848,1,-0.095621,7.814731,9.262465
514304862685009,4,-0.002487,0.000160,0.002645
514304867424242,1,-0.148087,8.296146,9.384394
514304881660341,4,-0.003599,0.001653,0.002750
514304884371859,2,-0.200320,0.188910,-41.384426
514304886363636,1,-0.156845,8.700500,9.425876
514304900635673,4,-0.001121,0.003388,-0.001381
514304905303030,1,-0.200784,9.027028,9.301524
514304919611005,4,0.000882,-0.000614,-0.000614
514304924242424,1,-0.232243,9.292584,9.096254
514304934623115,2,-0.017578,-0.303755,-41.349987
514304938586337,4,-0.001235,0.001397,0.001698
514304943181818,1,-0.247702,9.398218,8.797139
514304957561669,4,-0.000129,-0.002720,0.000806
514304962121212,1,-0.241520,9.440401,8.388970
514304976537001,4,0.000844,-0.000433,0.003734
514304981060606,1,-0.270294,9.314450,7.914171
514304984874371,2,-0.088825,0.051925,-41.482767
514304995512333,4,-0.003128,-0.004435,-0.001462
514304999999999,1,-0.293523,9.100541,7.418947
514305014487666,4,0.001421,-0.002112,-0.001962
514305018939393,1,-0.301942,8.830194,6.884416
514305033462998,4,0.001902,0.000925,0.000754
514305035125628,2,0.230759,-0.018805,-41.495293
514305037878787,1,-0.291822,8.430597,6.336789
514305052438330,4,0.001563,-0.000850,-0.000758
514305056818181,1,-0.277698,7.963107,5.845109
514305071413662,4,0.001620,-0.002690,-0.004285
514305075757575,1,-0.305833,7.443767,5.394477
514305085376884,2,0.236792,-0.098733,-41.370877
514305090388994,4,-0.000867,0.001862,0.000511
514305094696969,1,-0.290071,6.914025,4.989395
514305109364326,4,0.001715,-0.004033,0.000631
514305113636363,1,-0.299203,6.406903,4.705312
514305128339658,4,0.001308,-0.002702,0.001724
514305132575757,1,-0.276060,5.903770,4.506765
514305135628140,2,-0.029792,-0.150381,-41.492852
514305147314990,4,-0.000223,0.006143,-0.004354
514305151515151,1,-0.265629,5.418856,4.457547
514305166290322,4,0.002738,-0.000788,-0.003234
514305170454545,1,-0.214952,5.047661,4.479523
514305185265654,4,-0.001054,0.000555,0.002075
514305185879396,2,0.103756,0.203056,-41.271822
514305189393939,1,-0.225067,4.759217,4.617958
514305204240986,4,0.003444,0.002844,-0.001931
514305208333333,1,-0.184597,4.532275,4.862173
514305223216318,4,0.002260,0.000783,-0.001309
514305227272727,1,-0.149376,4.447442,5.228013
514305236130653,2,-0.044215,-0.148087,-41.540837
514305242191650,4,-0.000424,-0.001420,0.000074
514305246212121,1,-0.138827,4.452172,5.627591
514305261166982,4,-0.001459,-0.002056,0.000958
514305265151515,1,-0.111588,4.589208,6.104703
514305280142314,4,0.001257,-0.000375,0.002735
514305284090909,1,-0.068045,4.831405,6.640364
514305286381909,2,-0.177230,-0.032608,-41.544276
514305299117647,4,-0.000521,-0.000606,0.001321
514305303030303,1,-0.047603,5.167921,7.190342
514305318092979,4,-0.000265,0.000170,-0.005041
514305321969696,1,-0.032670,5.595569,7.699208
514305336633165,2,0.109124,-0.330890,-41.603067
514305337068311,4,0.000033,-0.003654,-0.002442
514305340909090,1,0.012197,6.055651,8.195202
514305356043643,4,-0.002671,-0.002085,-0.001098
514305359848484,1,0.053736,6.581342,8.624589
514305375018975,4,-0.000973,0.001329,0.000445
514305378787878,1,0.080764,7.108080,8.960332
514305386884422,2,-0.108828,0.178069,-41.660103
514305393994307,4,-0.003802,0.000167,0.000637
514305397727272,1,0.120503,7.652517,9.225219
514305412969639,4,-0.000657,-0.000122,0.000381
514305416666666,1,0.125895,8.135320,9.383052
514305431944971,4,0.001529,-0.003150,-0.000489
514305435606060,1,0.153839,8.558130,9.446296
514305437135678,2,0.033999,-0.019219,-41.336570
514305450920303,4,0.003017,0.002833,0.001702
514305454545454,1,0.201551,8.926106,9.364295
514305469895635,4,0.001074,0.003309,0.003836
514305473484848,1,0.202814,9.208867,9.177577
514305487386934,2,0.089375,0.018187,-41.576226
514305488870967,4,-0.000258,-0.001939,-0.000541
514305492424242,1,0.229797,9.402558,8.892766
514305507846299,4,0.006193,-0.003139,-0.000941
514305511363636,1,0.243829,9.424174,8.537158
514305526821631,4,-0.002825,0.000250,-0.002405
514305530303030,1,0.249394,9.364757,8.095891
514305537638190,2,-0.277851,0.037063,-41.413452
514305545796963,4,-0.000218,-0.003900,0.001235
514305549242424,1,0.284754,9.205293,7.605715
514305564772296,4,0.002445,-0.000768,-0.000270
514305568181818,1,0.294160,8.919881,7.048829
514305583747628,4,-0.000327,0.000362,-0.000076
514305587121212,1,0.283619,8.577700,6.525805
514305587889447,2,-0.236230,-0.185054,-41.455176
514305602722960,4,0.001536,0.002466,-0.001628
514305606060606,1,0.313371,8.137012,5.999625
514305621698292,4,-0.000619,0.001803,-0.002843
514305624999999,1,0.287738,7.627359,5.522303
514305638140703,2,0.050871,-0.148597,-41.579136
514305640673624,4,-0.003941,0.000453,0.000993
514305643939393,1,0.296825,7.115385,5.123000
514305659648956,4,-0.001445,-0.001157,-0.001520
514305662878787,1,0.289037,6.566840,4.809589
514305678624288,4,-0.001734,0.001387,-0.002361
514305681818181,1,0.268324,6.024521,4.578101
514305688391959,2,-0.275473,0.206590,-41.688007
514305697599620,4,-0.000531,-0.001811,-0.002911
514305700757575,1,0.274124,5.579528,4.445216
514305716574952,4,0.001740,-0.001040,0.000377
514305719696969,1,0.231578,5.165566,4.448462
514305735550284,4,-0.003016,-0.001484,0.001512
514305738636363,1,0.223807,4.848079,4.542966
514305738643216,2,0.081339,-0.005244,-41.299587
514305754525616,4,0.005175,-0.003952,-0.000402
514305757575757,1,0.224153,4.589523,4.748647
514305773500948,4,0.000825,-0.001232,0.001699
514305776515151,1,0.175914,4.470778,5.081532
514305788894472,2,-0.118838,0.009188,-41.747790
514305792476280,4,-0.001733,0.000308,-0.001044
514305795454545,1,0.133538,4.440540,5.475351
514305811451612,4,0.002439,-0.001353,-0.000704
514305814393939,1,0.128575,4.548937,5.938901
514305830426944,4,0.001891,-0.002056,0.000138
514305833333333,1,0.084235,4.755330,6.452128
514305839145728,2,-0.290779,0.089450,-41.760780
514305849402277,4,-0.003645,-0.002176,0.000764
514305852272727,1,0.048689,5.038711,6.999087
514305868377609,4,-0.001981,-0.001089,0.000986
514305871212121,1,0.033648,5.437247,7.524585
514305887352941,4,-0.001158,0.001646,0.000431
514305889396984,2,-0.034233,0.151694,-41.381023
514305890151515,1,0.016184,5.894419,8.003791
514305906328273,4,0.000871,0.002482,0.000640
514305909090909,1,-0.028737,6.412432,8.471428
514305925303605,4,0.003078,0.001823,-0.001047
514305928030303,1,-0.058036,6.955271,8.835542
514305939648241,2,-0.099688,-0.238275,-41.416602
514305944278937,4,0.002586,0.000528,-0.000789
514305946969696,1,-0.104601,7.503958,9.163027
514305963254269,4,0.000557,0.002225,0.000910
514305965909090,1,-0.118456,7.996407,9.348672
514305982229601,4,0.003645,0.002173,0.001046
514305984848484,1,-0.145359,8.449233,9.437036
514305989899497,2,0.201339,-0.099336,-41.613523
514306001204933,4,-0.002052,-0.000359,0.000143
514306003787878,1,-0.185358,8.832120,9.391515
514306020180265,4,0.001393,0.001275,0.000339
514306022727272,1,-0.205834,9.118826,9.244464
514306039155597,4,0.000241,0.001441,-0.001717
514306040150753,2,-0.078735,0.085741,-41.308748
514306041666666,1,-0.231510,9.323832,8.997248
514306058130929,4,0.003391,-0.004094,0.002911
514306060606060,1,-0.249609,9.432559,8.669492
514306077106261,4,-0.000090,0.002005,0.000728
514306079545454,1,-0.269889,9.422366,8.245370
514306090402010,2,-0.185941,-0.224742,-41.142026
514306096081593,4,0.000692,0.001109,0.001618
514306098484848,1,-0.271927,9.273815,7.754535
514306115056925,4,-0.000658,0.002070,-0.002169
514306117424242,1,-0.274199,9.045437,7.246011
514306134032258,4,-0.000011,0.001672,0.001990
514306136363636,1,-0.295110,8.700378,6.711887
514306140653266,2,-0.026598,0.037934,-41.596816
514306153007590,4,0.000922,-0.000787,0.001793
514306155303030,1,-0.306865,8.272447,6.172636
514306171982922,4,-0.001339,0.003503,-0.000169
514306174242424,1,-0.288930,7.808466,5.681175
514306190904522,2,0.073494,0.144009,-41.448056
514306190958254,4,-0.003079,-0.002389,0.000087
514306193181818,1,-0.314737,7.282203,5.241579
514306209933586,4,0.000280,0.003939,-0.002077
514306212121212,1,-0.308023,6.730083,4.902035
514306228908918,4,0.000079,-0.002119,-0.000985
514306231060606,1,-0.263997,6.220360,4.639243
514306241155778,2,0.261129,-0.049012,-41.532458
514306247884250,4,0.003368,-0.002273,0.001174
514306249999999,1,-0.253107,5.708659,4.486554
514306266859582,4,0.000786,-0.000048,0.001039
514306268939393,1,-0.251351,5.296459,4.430280
514306285834914,4,-0.002320,0.003313,0.003850
514306287878787,1,-0.242058,4.928998,4.525828
514306291407035,2,0.034711,0.069744,-41.458834
514306304810246,4,0.000094,0.004846,-0.000798
514306306818181,1,-0.200281,4.650600,4.670892
514306323785578,4,0.000801,0.002864,-0.000918
514306325757575,1,-0.206753,4.505968,4.959186
514306341658291,2,-0.192662,0.046877,-41.549152
514306342760910,4,-0.002763,-0.003223,0.004122
514306344696969,1,-0.164292,4.451227,5.324698
514306361736242,4,-0.001058,-0.000371,-0.002226
514306363636363,1,-0.114459,4.491745,5.776385
514306380711574,4,0.001897,-0.001563,-0.000983
514306382575757,1,-0.105798,4.657037,6.293858
514306391909547,2,-0.087147,0.004872,-41.637254
514306399686907,4,0.000599,-0.002128,-0.000357
514306401515151,1,-0.079892,4.917379,6.813837
514306418662239,4,0.002804,0.000857,0.000261
514306420454545,1,-0.056852,5.308520,7.335541
514306437637571,4,0.000430,-0.000778,0.003992
514306439393939,1,-0.014423,5.748432,7.861552
514306442160804,2,-0.170309,-0.392320,-41.230940
514306456612903,4,-0.001624,0.000422,0.000230
514306458333333,1,0.026543,6.248881,8.322026
514306475588235,4,0.002018,0.002206,-0.000064
514306477272727,1,0.054600,6.726944,8.746648
514306492412060,2,0.083360,-0.017515,-41.593109
514306494563567,4,0.000581,0.000657,-0.004544
514306496212121,1,0.082963,7.288930,9.072529
514306513538899,4,-0.003178,-0.001210,-0.001123
514306515151515,1,0.130853,7.812107,9.284909
514306532514231,4,-0.002399,0.001499,0.000004
514306534090909,1,0.147631,8.278499,9.407874
514306542663316,2,-0.431405,-0.109279,-41.385646
514306551489563,4,-0.000429,-0.002512,-0.000089
514306553030303,1,0.187521,8.709811,9.399380
514306570464895,4,-0.005253,-0.000326,0.000126
514306571969696,1,0.176508,9.044433,9.324718
514306589440227,4,0.000484,-0.003128,0.000450
514306590909090,1,0.201611,9.284953,9.113988
514306592914572,2,0.141326,0.096344,-41.469267
514306608415559,4,-0.002083,-0.001625,0.001436
514306609848484,1,0.264094,9.413408,8.788867
514306627390891,4,0.004028,0.000103,-0.001634
514306628787878,1,0.233492,9.451381,8.376155
514306643165829,2,0.195581,-0.049281,-41.330248
514306646366223,4,0.000377,0.001878,0.001242
514306647727272,1,0.262571,9.325979,7.935261
514306665341555,4,0.005486,-0.001431,0.000504
514306666666666,1,0.311814,9.123952,7.418240
514306684316888,4,0.003098,0.002972,-0.003900
514306685606060,1,0.294110,8.803389,6.891556
514306693417085,2,-0.057687,-0.132171,-41.643883
514306703292220,4,-0.000007,0.002969,0.005781
514306704545454,1,0.291037,8.441669,6.359756
514306722267552,4,0.001408,-0.000736,-0.002018
514306723484848,1,0.307361,7.984538,5.868274
514306741242884,4,0.004437,0.001457,-0.001696
514306742424242,1,0.295942,7.445235,5.366378
514306743668341,2,-0.159674,0.098860,-41.604438
514306760218216,4,-0.000406,0.000620,0.001088
514306761363636,1,0.319617,6.918221,5.020277
514306779193548,4,-0.001799,-0.001228,-0.003306
514306780303030,1,0.275069,6.411009,4.704270
514306793919597,2,-0.154954,0.107060,-41.443830
514306798168880,4,0.002080,-0.000683,0.000933
514306799242424,1,0.257692,5.883863,4.513849
514306817144212,4,0.002845,0.000440,-0.000226
514306818181818,1,0.264060,5.427464,4.445662
514306836119544,4,0.000388,0.000126,0.002492
514306837121212,1,0.235380,5.030661,4.463120
514306844170854,2,0.144389,0.076890,-41.605993
514306855094876,4,0.000622,-0.001089,0.002096
514306856060606,1,0.242642,4.738551,4.590940
514306874070208,4,0.002461,-0.002677,0.003066
514306874999999,1,0.188592,4.534704,4.887534
514306893045540,4,0.000729,0.000567,0.002013
514306893939393,1,0.181677,4.429905,5.239617
514306894422110,2,0.011415,0.018770,-41.630900
514306912020872,4,-0.001134,0.001908,-0.000754
514306912878787,1,0.141517,4.477309,5.620731
514306930996204,4,-0.002950,-0.001996,0.001134
514306931818181,1,0.084045,4.579825,6.078988
514306944673366,2,-0.165694,-0.102108,-41.187539
514306949971537,4,-0.001891,0.003220,0.002379
514306950757575,1,0.107807,4.840517,6.627610
514306968946869,4,0.002667,0.000250,0.000516
514306969696969,1,0.056588,5.177251,7.180384
514306987922201,4,-0.002387,0.001992,0.000760
514306988636363,1,0.033779,5.588950,7.685696
514306994924623,2,-0.061912,0.184930,-41.563325
514307006897533,4,0.001135,0.003377,-0.001212
514307007575757,1,-0.002915,6.080841,8.185961
514307025872865,4,-0.000252,0.000653,-0.001871
514307026515151,1,-0.018683,6.584195,8.605301
514307044848197,4,-0.000375,0.000986,-0.000651
514307045175879,2,0.133326,0.135374,-41.350137
514307045454545,1,-0.071248,7.115348,8.976525
514307063823529,4,0.002618,-0.003022,0.002246
514307064393939,1,-0.116840,7.644001,9.254681
514307082798861,4,0.001322,-0.001138,-0.001849
514307083333333,1,-0.141064,8.131919,9.402434
514307095427135,2,0.058174,0.206605,-41.436273
514307101774193,4,-0.004161,-0.001590,0.002094
514307102272727,1,-0.176603,8.570716,9.439534
514307120749525,4,-0.000112,0.002326,-0.001240
514307121212121,1,-0.178643,8.956031,9.353693
514307139724857,4,0.001414,-0.001435,-0.001931
514307140151515,1,-0.206489,9.206412,9.174446
514307145678391,2,0.257029,-0.242988,-41.440783
514307158700189,4,-0.000214,-0.001330,-0.003086
514307159090909,1,-0.220492,9.371928,8.901388
514307177675521,4,-0.000365,0.000213,0.002537
514307178030303,1,-0.251661,9.420476,8.536226
514307195929648,2,0.042499,-0.140478,-41.406088
514307196650853,4,0.001874,0.002440,0.001441
514307196969696,1,-0.262496,9.350073,8.081858
514307215626185,4,0.000665,-0.002458,0.000300
514307215909090,1,-0.291102,9.216154,7.562785
514307234601518,4,0.001194,0.002915,0.001373
514307234848484,1,-0.295481,8.932723,7.052866
514307246180904,2,-0.223512,-0.098128,-41.792889
514307253576850,4,0.002481,-0.002064,-0.000653
514307253787878,1,-0.288088,8.544408,6.538733
514307272552182,4,0.000859,0.002322,-0.000290
514307272727272,1,-0.293576,8.138773,6.015086
514307291527514,4,-0.000165,0.001374,-0.002252
514307291666666,1,-0.299215,7.612569,5.526014
514307296432160,2,0.233794,-0.034732,-41.167993
514307310502846,4,0.003215,-0.001758,-0.003837
514307310606060,1,-0.275771,7.118425,5.117582
514307329478178,4,0.000020,0.003397,0.001173
514307329545454,1,-0.321057,6.565414,4.796504
514307346683417,2,0.120442,0.067215,-41.580960
514307348453510,4,0.001502,0.000083,-0.000305
514307348484848,1,-0.279334,6.057221,4.582965
514307367424242,1,-0.250387,5.579520,4.431289
514307367428842,4,-0.003090,-0.004519,0.000393
514307386363636,1,-0.249293,5.187281,4.451255
514307386404174,4,0.002625,0.000688,0.001247
514307396934673,2,-0.156953,0.078446,-41.503753
514307405303030,1,-0.220903,4.830523,4.559312
514307405379506,4,0.003167,0.000658,-0.000245
514307424242424,1,-0.231450,4.586267,4.770219
514307424354838,4,-0.001637,0.004044,0.001053
514307443181818,1,-0.162686,4.459836,5.066154
514307443330170,4,-0.001887,-0.002342,0.002506
514307447185929,2,-0.200891,-0.227529,-41.636831
514307462121212,1,-0.146074,4.432868,5.471035
514307462305502,4,-0.002075,0.003708,-0.005513
514307481060606,1,-0.132683,4.546166,5.966681
514307481280834,4,0.002845,0.000974,0.000237
514307497437185,2,0.273145,0.331992,-41.462278
514307499999999,1,-0.086910,4.753835,6.468111
514307500256166,4,-0.000351,0.003781,0.001414
514307518939393,1,-0.060459,5.061218,6.965837
514307519231499,4,-0.001806,-0.003438,0.000355
514307537878787,1,-0.028605,5.432916,7.538479
514307538206831,4,-0.000002,-0.003040,-0.000111
514307547688442,2,0.022341,-0.050448,-41.633199
514307556818181,1,0.000376,5.906479,8.009151
514307557182163,4,-0.001148,0.000019,0.001452
514307575757575,1,0.046399,6.421285,8.486631
514307576157495,4,0.002985,0.001818,-0.001443
514307594696969,1,0.056105,6.935917,8.864724
514307595132827,4,0.000738,0.000126,-0.002664
514307597939698,2,0.206277,0.281036,-41.627039
514307613636363,1,0.088436,7.481367,9.130095
514307614108159,4,0.000796,0.003713,0.000065
514307632575757,1,0.120719,8.003893,9.353741
514307633083491,4,-0.003188,0.000061,-0.002427
514307648190954,2,-0.012426,-0.067480,-41.556062
514307651515151,1,0.156921,8.464439,9.402536
514307652058823,4,0.001727,0.001050,-0.000342
514307670454545,1,0.171710,8.825241,9.408875
514307671034155,4,-0.000662,-0.000424,0.000017
514307689393939,1,0.216496,9.122456,9.265927
514307690009487,4,-0.001544,-0.002776,0.002277
514307698442211,2,0.177886,-0.196794,-41.423055
514307708333333,1,0.223282,9.349696,8.990917
514307708984819,4,-0.000771,0.000334,0.000571
514307727272727,1,0.246162,9.421850,8.670773
514307727960151,4,0.000644,-0.002348,-0.003352
514307746212121,1,0.258050,9.405835,8.240188
514307746935483,4,-0.001177,0.000791,-0.001456
514307748693467,2,0.109236,-0.021323,-41.359066
514307765151515,1,0.284520,9.282615,7.753239
514307765910815,4,-0.000710,0.004255,-0.003691
514307784090909,1,0.283425,9.026558,7.230300
514307784886148,4,-0.001510,0.003793,-0.000089
514307798944723,2,0.022148,0.182569,-41.721357
514307803030303,1,0.298601,8.691952,6.695995
514307803861480,4,-0.001412,0.002338,0.000110
514307821969696,1,0.281174,8.284277,6.174616
514307822836812,4,-0.000697,0.000385,-0.001316
514307840909090,1,0.311747,7.797486,5.663084
514307841812144,4,-0.002035,-0.000227,-0.002022
514307849195979,2,-0.052316,-0.010772,-41.893857
514307859848484,1,0.292333,7.276850,5.261513
514307860787476,4,0.000021,0.000709,0.001706
514307878787878,1,0.265301,6.745744,4.904283
514307879762808,4,0.002256,-0.000811,0.000999
514307897727272,1,0.272391,6.220789,4.629182
514307898738140,4,0.000985,0.000656,-0.000959
514307899447236,2,-0.162893,-0.122040,-41.350795
514307916666666,1,0.258547,5.722292,4.471784
514307917713472,4,-0.002056,0.001004,-0.003414
514307935606060,1,0.259415,5.280847,4.425247
514307936688804,4,-0.000536,-0.005107,-0.002673
514307949698492,2,-0.106027,-0.122712,-41.370403
514307954545454,1,0.253458,4.938841,4.483700
514307955664136,4,-0.001754,0.002193,0.001376
514307973484848,1,0.201435,4.659602,4.690868
514307974639468,4,-0.001108,0.001459,0.001775
514307992424242,1,0.168682,4.504078,4.980550
514307993614800,4,-0.000321,-0.002769,-0.000416
514307999949748,2,-0.242687,-0.310687,-41.547265
514308011363636,1,0.166169,4.451653,5.349492
514308012590132,4,-0.000196,-0.002465,0.000734
514308030303030,1,0.137749,4.513481,5.803383
514308031565464,4,0.000560,0.000890,0.000558
514308049242424,1,0.092732,4.673306,6.280597
514308050201005,2,-0.217156,-0.211452,-41.407011
514308050540796,4,0.001460,-0.000359,0.000404
514308068181818,1,0.078164,4.946038,6.799882
514308069516129,4,-0.000795,-0.001169,0.002676
514308087121212,1,0.039111,5.309252,7.344551
514308088491461,4,-0.004088,0.001754,-0.001241
514308100452261,2,0.131396,0.118330,-41.326709
514308106060606,1,0.012343,5.755912,7.863735
514308107466793,4,-0.001500,0.000523,-0.002979
514308124999999,1,-0.020843,6.257319,8.341600
514308126442125,4,-0.001632,-0.001698,-0.000443
514308143939393,1,-0.052963,6.755401,8.751732
514308145417457,4,-0.001608,0.003202,0.003594
514308150703517,2,0.186170,-0.319289,-41.425464
514308162878787,1,-0.082611,7.316136,9.069303
514308164392789,4,-0.004044,0.001089,0.001717
514308181818181,1,-0.138576,7.797417,9.305075
514308183368121,4,0.001086,-0.001316,-0.000488
514308200757575,1,-0.152493,8.299767,9.417170
514308200954773,2,-0.079441,-0.112114,-41.408964
514308202343453,4,-0.001497,-0.000841,-0.002420
514308219696969,1,-0.174854,8.707909,9.411549
514308221318785,4,-0.000230,-0.003006,-0.000400
514308238636363,1,-0.198261,9.035474,9.309903
514308240294117,4,-0.002497,0.000414,-0.001359
514308251206030,2,-0.259544,-0.262666,-41.397990
514308257575757,1,-0.224906,9.276836,9.109090
514308259269449,4,0.000581,0.002163,0.003179
514308276515151,1,-0.242997,9.421718,8.801239
514308278244781,4,-0.005056,-0.001668,-0.000606
514308295454545,1,-0.248831,9.432597,8.386983
514308297220113,4,0.000921,-0.003301,-0.001964
514308301457286,2,0.073168,0.020510,-41.625013
514308314393939,1,-0.263388,9.330114,7.928936
514308316195445,4,0.000261,0.000170,0.000755
514308333333333,1,-0.277948,9.118129,7.417013
514308335170777,4,0.000887,0.000677,0.000387
514308351708542,2,0.111574,0.102045,-41.480230
514308352272727,1,-0.292494,8.814569,6.868121
514308354146110,4,0.000111,0.001330,-0.004479
514308371212121,1,-0.296510,8.435200,6.354840
514308373121442,4,0.003089,-0.004409,-0.002158
514308390151515,1,-0.295752,7.969786,5.856746
514308392096774,4,-0.000454,0.001345,-0.005991
514308401959798,2,-0.176598,-0.063787,-41.367351
514308409090909,1,-0.299844,7.441556,5.404363
514308411072106,4,-0.000056,0.001585,0.001989
514308428030303,1,-0.299039,6.915213,4.985102
514308430047438,4,-0.001395,-0.000602,-0.001232
514308446969696,1,-0.277109,6.373092,4.703668
514308449022770,4,-0.000785,-0.002064,-0.001779
514308452211055,2,0.199079,-0.048980,-41.530477
514308465909090,1,-0.264934,5.895029,4.512410
514308467998102,4,0.000869,0.000263,0.000983
514308484848484,1,-0.258515,5.417610,4.431549
514308486973434,4,0.000428,0.001409,0.001756
514308502462311,2,-0.024253,0.041234,-41.580186
514308503787878,1,-0.235678,5.032622,4.467192
514308505948766,4,-0.003483,-0.001709,-0.000463
514308522727272,1,-0.235680,4.749445,4.620866
514308524924098,4,-0.000045,-0.001340,0.001824
514308541666666,1,-0.185320,4.549026,4.855486
514308543899430,4,0.003960,0.000372,0.000169
514308552713567,2,-0.434128,0.178915,-41.223823
514308560606060,1,-0.173634,4.418227,5.248282
514308562874762,4,0.001699,-0.003732,0.000057
514308579545454,1,-0.143686,4.474818,5.619733
514308581850094,4,0.001958,-0.001286,-0.002453
514308598484848,1,-0.100867,4.619017,6.117269
514308600825426,4,-0.000372,-0.000121,-0.001817
514308602964824,2,-0.091860,-0.159998,-41.513591
514308617424242,1,-0.094593,4.836277,6.611985
514308619800759,4,0.004192,-0.000957,-0.002307
514308636363636,1,-0.051611,5.184831,7.172503
514308638776091,4,-0.000187,0.001816,0.000035
514308653216080,2,-0.028126,0.149328,-41.484830
514308655303030,1,-0.022674,5.598760,7.703503
514308657751423,4,0.000971,-0.001743,0.002975
514308674242424,1,-0.007071,6.072279,8.213984
514308676726755,4,0.001123,0.002095,0.000730
514308693181818,1,0.028793,6.588423,8.639400
514308695702087,4,0.001650,-0.001746,-0.000983
514308703467336,2,-0.118893,-0.197761,-41.363181
514308712121212,1,0.089516,7.117287,8.973053
514308714677419,4,0.002693,0.003119,-0.002294
514308731060606,1,0.106818,7.639827,9.231100
514308733652751,4,0.000499,-0.000862,-0.001394
514308749999999,1,0.132838,8.142858,9.379405
514308752628083,4,0.000570,0.002282,0.000903
514308753718592,2,0.089927,0.159084,-41.638254
514308768939393,1,0.148671,8.578536,9.453197
514308771603415,4,-0.000639,0.001030,-0.000720
514308787878787,1,0.190890,8.937406,9.371708
514308790578747,4,0.000824,0.002793,-0.004154
514308803969849,2,0.275766,-0.261554,-41.386586
514308806818181,1,0.211741,9.234422,9.181667
514308809554079,4,0.001595,-0.003078,0.002457
514308825757575,1,0.243336,9.369467,8.904087
514308828529411,4,-0.001274,-0.002435,0.001391
514308844696969,1,0.256829,9.432647,8.518611
514308847504743,4,0.000728,-0.001998,-0.002506
514308854221105,2,-0.286437,-0.118550,-41.258872
514308863636363,1,0.261563,9.377297,8.086076
514308866480075,4,-0.000375,-0.002408,-0.002123
514308882575757,1,0.280300,9.206437,7.579674
514308885455407,4,0.000231,-0.001932,0.000853
514308901515151,1,0.292386,8.925974,7.052429
514308904430740,4,0.002980,-0.000297,0.000260
514308904472361,2,0.124705,-0.081933,-41.570851
514308920454545,1,0.329620,8.566369,6.526654
514308923406072,4,0.004036,-0.002375,0.002382
514308939393939,1,0.305134,8.119302,6.020123
514308942381404,4,0.002142,0.001709,0.002583
514308954723618,2,0.015093,0.077121,-41.305289
514308958333333,1,0.295581,7.640640,5.528766
514308961356736,4,0.000561,-0.001166,0.002189
514308977272727,1,0.283326,7.106184,5.111762
514308980332068,4,0.002266,0.002211,0.000089
514308996212121,1,0.293665,6.553636,4.796128
514308999307400,4,-0.001432,0.000383,0.001884
514309004974874,2,-0.068435,-0.241768,-41.469481
514309015151515,1,0.259156,6.084769,4.552603
514309018282732,4,0.002049,-0.000859,0.000631
514309034090909,1,0.262388,5.587891,4.465335
514309037258064,4,-0.002618,0.001970,-0.001567
514309053030303,1,0.255414,5.155826,4.462977
514309055226130,2,-0.068615,-0.195095,-41.448376
514309056233396,4,0.001571,-0.002299,0.002063
514309071969696,1,0.236277,4.828757,4.557215
514309075208728,4,0.000644,-0.001563,0.001383
514309090909090,1,0.199205,4.578226,4.785519
514309094184060,4,-0.001181,0.001499,-0.000548
514309105477386,2,-0.031967,0.045977,-41.627193
514309109848484,1,0.193810,4.448655,5.084067
514309113159392,4,-0.003442,-0.001965,-0.000861
514309128787878,1,0.149514,4.442122,5.486408
514309132134724,4,0.002736,0.001802,0.003248
514309147727272,1,0.134035,4.530689,5.941420
514309151110056,4,0.003307,-0.001070,-0.000377
514309155728643,2,0.073007,-0.197565,-41.617186
514309166666666,1,0.107545,4.740699,6.447278
514309170085388,4,-0.000823,-0.001343,-0.003683
514309185606060,1,0.055853,5.048894,7.013522
514309189060721,4,-0.000029,-0.002571,-0.000068
514309204545454,1,0.041036,5.459225,7.534364
514309205979899,2,-0.036437,0.261273,-41.375302
514309208036053,4,0.004232,-0.001019,0.000390
514309223484848,1,0.009213,5.897850,8.024828
514309227011385,4,0.001813,0.000561,0.000585
514309242424242,1,-0.046076,6.411231,8.488157
514309245986717,4,-0.000725,-0.000464,-0.001920
514309256231155,2,0.161579,0.212562,-40.952601
514309261363636,1,-0.064246,6.960938,8.848344
514309264962049,4,0.001692,-0.003483,0.001942
514309280303030,1,-0.090767,7.461168,9.157156
514309283937381,4,-0.002807,0.001925,-0.000708
514309299242424,1,-0.117686,7.979758,9.355081
514309302912713,4,-0.002464,0.001159,0.001858
514309306482412,2,0.006238,0.213060,-41.341131
514309318181818,1,-0.166436,8.420652,9.437252
514309321888045,4,-0.000876,0.001441,-0.004570
514309337121212,1,-0.160565,8.818103,9.413241
514309340863377,4,-0.002641,0.002585,-0.000447
514309356060606,1,-0.205467,9.116820,9.240374
514309356733668,2,0.149405,0.266136,-41.555923
514309359838709,4,-0.003724,-0.001398,-0.001847
514309374999999,1,-0.227932,9.330303,8.987554
514309378814041,4,-0.000332,-0.000742,0.000358
514309393939393,1,-0.267970,9.417571,8.660426
514309397789373,4,-0.000139,0.002719,0.000849
514309406984924,2,-0.074803,0.047965,-41.520431
514309412878787,1,-0.264400,9.400330,8.236529
514309416764705,4,0.000915,0.002330,-0.000778
514309431818181,1,-0.265496,9.276701,7.749250
514309435740037,4,-0.002524,0.002414,0.000272
514309450757575,1,-0.277307,9.019236,7.227292
514309454715370,4,0.000279,-0.001267,-0.001234
514309457236180,2,0.047775,0.234412,-41.564748
514309469696969,1,-0.298019,8.678875,6.690726
514309473690702,4,0.001693,0.001969,0.001568
514309488636363,1,-0.324280,8.299214,6.161194
514309492666034,4,0.001586,0.001138,0.000263
514309507487437,2,-0.045702,0.026147,-41.527274
514309507575757,1,-0.280691,7.797941,5.690724
514309511641366,4,-0.000351,0.002421,-0.000747
514309526515151,1,-0.302500,7.281744,5.260404
514309530616698,4,0.000740,-0.001608,-0.001319
514309545454545,1,-0.282169,6.754547,4.893698
514309549592030,4,-0.000472,-0.001608,0.001596
514309557738693,2,-0.287101,-0.087019,-41.389920
514309564393939,1,-0.286094,6.200764,4.642985
514309568567362,4,-0.002696,0.000198,0.000265
514309583333333,1,-0.254313,5.746584,4.483974
514309587542694,4,-0.003622,-0.000882,0.000511
514309602272727,1,-0.260409,5.269301,4.448582
514309606518026,4,0.000857,-0.000409,0.001354
514309607989949,2,0.215632,-0.173193,-41.666918
514309621212121,1,-0.253798,4.923225,4.503346
514309625493358,4,-0.000219,0.000027,0.000503
514309640151515,1,-0.211445,4.657122,4.688641
514309644468690,4,0.001854,-0.001351,-0.000974
514309658241206,2,0.004535,-0.311339,-41.559771
514309659090909,1,-0.215552,4.490351,4.943893
514309663444022,4,-0.001338,-0.000664,0.002852
514309678030303,1,-0.151600,4.428711,5.318180
514309682419354,4,0.001145,-0.002262,-0.001201
514309696969696,1,-0.142137,4.487948,5.804457
514309701394686,4,0.000746,-0.001813,-0.001451
514309708492462,2,-0.260406,0.205359,-41.608426
514309715909090,1,-0.100470,4.669841,6.302743
514309720370018,4,0.002690,-0.001227,0.001909
514309734848484,1,-0.073268,4.949369,6.824690
514309739345351,4,0.002511,-0.001467,-0.001780
514309753787878,1,-0.056011,5.323744,7.332743
514309758320683,4,-0.000552,-0.002177,0.000242
514309758743718,2,0.247925,0.167028,-41.589974
514309772727272,1,0.002442,5.728036,7.871317
514309777296015,4,-0.000411,0.000721,0.002794
514309791666666,1,0.045881,6.238162,8.332845
514309796271347,4,0.001635,0.000978,-0.003932
514309808994974,2,-0.160794,-0.029032,-41.508723
514309810606060,1,0.062698,6.762945,8.765499
514309815246679,4,0.000887,0.003445,-0.006021
514309829545454,1,0.088879,7.296889,9.062257
514309834222011,4,0.001379,-0.000319,-0.001700
514309848484848,1,0.105586,7.810286,9.292039
514309853197343,4,0.001602,0.003419,0.001550
514309859246231,2,0.051922,-0.116481,-41.381067
514309867424242,1,0.139799,8.286628,9.440985
514309872172675,4,-0.000742,-0.001887,0.000289
514309886363636,1,0.160491,8.710825,9.429044
514309891148007,4,0.001746,-0.000774,-0.000581
514309905303030,1,0.205633,9.041785,9.311481
514309909497487,2,0.039799,-0.051059,-41.599832
514309910123339,4,0.005644,0.002157,0.002300
514309924242424,1,0.226441,9.282754,9.094917
514309929098671,4,-0.002921,-0.001414,0.000149
514309943181818,1,0.222697,9.403818,8.769026
514309948074003,4,-0.002002,0.003201,0.002821
514309959748743,2,-0.027733,-0.122535,-41.484260
514309962121212,1,0.251085,9.426582,8.387365
514309967049335,4,-0.001067,0.003568,-0.000009
514309981060606,1,0.295138,9.322593,7.926417
514309986024667,4,0.005179,0.000289,0.001152
514309999999999,1,0.288988,9.137999,7.413178
514310004999999,4,0.002800,-0.502318,-0.503852
514310010000000,2,-0.196670,0.038727,-41.227561
514310018939393,1,0.281490,8.795166,6.877570
514310023975332,4,-0.000282,-0.503845,-0.506505
514310037878787,1,0.292161,8.411478,6.328962
514310042950664,4,0.000304,-0.507092,-0.508435
514310056818181,1,0.301924,7.980682,5.836582
514310060251256,2,-1.281664,0.131495,-41.439393
514310061925996,4,0.000101,-0.502349,-0.503021
514310075757575,1,0.305128,7.453713,5.373277
514310080901328,4,-0.000164,-0.501379,-0.506011
514310094696969,1,0.301499,6.910361,5.006916
514310099876660,4,-0.003836,-0.509237,-0.507235
514310110502512,2,-2.348221,-0.082414,-41.437310
514310113636363,1,0.279866,6.403266,4.699973
514310118851992,4,0.001633,-0.506143,-0.503951
514310132575757,1,0.276683,5.876288,4.514097
514310137827324,4,0.003293,-0.507073,-0.503916
514310151515151,1,0.213282,5.453186,4.444737
514310156802656,4,0.001078,-0.506595,-0.502165
514310160753768,2,-3.318230,-0.280405,-41.576320
514310170454545,1,0.229664,5.025146,4.464175
514310175777988,4,-0.000575,-0.505641,-0.500650
514310189393939,1,0.226706,4.713144,4.613046
514310194753320,4,0.001046,-0.503022,-0.502163
514310208333333,1,0.216082,4.519934,4.866354
514310211005025,2,-4.305436,-0.100284,-41.146177
514310213728652,4,-0.001301,-0.502373,-0.505877
514310227272727,1,0.195773,4.448551,5.212108
514310232703984,4,-0.001089,-0.505417,-0.506117
514310246212121,1,0.147971,4.457542,5.650187
514310251679316,4,0.001644,-0.504339,-0.505856
514310261256281,2,-5.418052,-0.244818,-41.026110
514310265151515,1,0.108031,4.573216,6.113297
514310270654648,4,0.001349,-0.505423,-0.505529
514310284090909,1,0.070862,4.834569,6.635597
514310289629981,4,0.000097,-0.503946,-0.504093
514310303030303,1,0.065526,5.183322,7.176092
514310308605313,4,-0.000726,-0.503179,-0.505318
514310311507537,2,-6.353867,-0.639972,-41.146528
514310321969696,1,0.019229,5.579723,7.670080
514310327580645,4,-0.001310,-0.507809,-0.502907
514310340909090,1,-0.011490,6.080749,8.183452
514310346555977,4,0.000025,-0.504451,-0.502781
514310359848484,1,-0.051232,6.595023,8.615099
514310361758793,2,-7.552679,-0.690835,-40.841087
514310365531309,4,-0.000955,-0.507622,-0.504733
514310378787878,1,-0.056037,7.138240,8.982093
514310384506641,4,0.000616,-0.505399,-0.501926
514310397727272,1,-0.097751,7.633322,9.239947
514310403481973,4,-0.004972,-0.502633,-0.503291
514310412010050,2,-8.788634,-0.632978,-40.642900
514310416666666,1,-0.131681,8.148782,9.394297
514310422457305,4,0.000914,-0.511545,-0.502305
514310435606060,1,-0.158557,8.611442,9.431702
514310441432637,4,-0.002053,-0.505888,-0.505214
514310454545454,1,-0.178668,8.935734,9.372147
514310460407969,4,0.000815,-0.503594,-0.503087
514310462261306,2,-9.483010,-0.933113,-40.724977
514310473484848,1,-0.202369,9.216379,9.201745
514310479383301,4,0.001632,-0.504367,-0.504041
514310492424242,1,-0.245542,9.372676,8.900599
514310498358633,4,-0.002182,-0.506375,-0.503082
514310511363636,1,-0.242958,9.435478,8.540062
514310512512562,2,-10.575216,-1.431688,-40.169852
514310517333965,4,0.001674,-0.503425,-0.505902
514310530303030,1,-0.277160,9.360222,8.082227
514310536309297,4,0.001821,-0.507196,-0.502718
514310549242424,1,-0.282752,9.209504,7.579801
514310555284629,4,-0.000522,-0.501505,-0.507916
514310562763819,2,-11.500517,-1.435313,-39.739624
514310568181818,1,-0.295284,8.927480,7.052560
514310574259962,4,0.003527,-0.505596,-0.505632
514310587121212,1,-0.300903,8.560191,6.514067
514310593235294,4,0.000390,-0.506267,-0.505018
514310606060606,1,-0.289598,8.124785,6.031677
514310612210626,4,-0.001475,-0.506275,-0.503899
514310613015075,2,-12.292052,-1.948655,-39.747209
514310625000000,1,-0.297147,7.621369,5.564824
514310631185958,4,-0.001803,-0.506409,-0.507619
514310643939393,1,-0.289882,7.113681,5.132123
514310650161290,4,-0.001008,-0.502250,-0.506565
514310662878787,1,-0.279761,6.574394,4.786732
514310663266331,2,-13.692967,-2.512662,-39.155810
514310669136622,4,-0.001463,-0.504485,-0.505615
514310681818181,1,-0.271927,6.034980,4.570358
514310688111954,4,0.004456,-0.505198,-0.504203
514310700757575,1,-0.270978,5.578461,4.456908
514310707087286,4,0.001888,-0.503024,-0.504406
514310713517587,2,-14.304279,-2.666068,-38.913769
514310719696969,1,-0.239425,5.163080,4.439482
514310726062618,4,-0.000322,-0.500825,-0.505073
514310738636363,1,-0.228448,4.837254,4.567142
514310745037950,4,-0.000883,-0.506165,-0.508327
514310757575757,1,-0.216614,4.570770,4.761951
514310763768844,2,-14.916899,-3.132586,-38.344703
514310764013282,4,0.001643,-0.509569,-0.504885
514310776515151,1,-0.165521,4.473843,5.074816
514310782988614,4,-0.000410,-0.500393,-0.508536
514310795454545,1,-0.147547,4.464527,5.490621
514310801963946,4,-0.001802,-0.505145,-0.505268
514310814020100,2,-16.108394,-3.415729,-37.909942
514310814393939,1,-0.105615,4.551641,5.940654
514310820939278,4,-0.001099,-0.505035,-0.507392
514310833333333,1,-0.094985,4.746667,6.463684
514310839914611,4,0.000714,-0.509516,-0.504925
514310852272727,1,-0.050679,5.057759,6.959628
514310858889943,4,-0.001201,-0.502840,-0.501362
514310864271356,2,-16.758591,-3.862278,-37.546800
514310871212121,1,-0.045692,5.419207,7.526629
514310877865275,4,-0.000662,-0.502092,-0.505505
514310890151515,1,0.005028,5.909506,8.015704
514310896840607,4,-0.001932,-0.501381,-0.503832
514310909090909,1,0.042287,6.422352,8.464886
514310914522613,2,-17.770822,-4.266767,-37.194505
514310915815939,4,0.000009,-0.503499,-0.504325
514310928030303,1,0.048269,6.945199,8.883542
514310934791271,4,-0.000138,-0.507526,-0.505414
514310946969696,1,0.117167,7.482909,9.147266
514310953766603,4,0.001247,-0.505119,-0.503068
514310964773869,2,-18.753098,-4.776546,-36.849490
514310965909090,1,0.137212,7.976903,9.339257
514310972741935,4,0.000767,-0.506629,-0.507511
514310984848484,1,0.129192,8.441845,9.423009
514310991717267,4,-0.000314,-0.505922,-0.504200
514311003787878,1,0.182651,8.802463,9.400613
514311010692599,4,-0.001436,-0.506104,-0.502767
514311015025125,2,-19.315175,-5.228274,-36.473689
514311022727272,1,0.176814,9.145904,9.260215
514311029667931,4,0.000296,-0.506279,-0.504838
514311041666666,1,0.224778,9.341909,8.991572
514311048643263,4,0.002758,-0.504285,-0.503687
514311060606060,1,0.248510,9.437269,8.620969
514311065276381,2,-20.334345,-6.197241,-35.849849
514311067618595,4,-0.001504,-0.502820,-0.500237
514311079545454,1,0.258957,9.406073,8.231751
514311086593927,4,-0.001583,-0.507237,-0.504522
514311098484848,1,0.295462,9.258485,7.743251
514311105569259,4,0.001751,-0.505056,-0.506979
514311115527638,2,-20.969597,-6.260474,-34.955950
514311117424242,1,0.265454,9.048878,7.227036
514311124544592,4,-0.000217,-0.503677,-0.505687
514311136363636,1,0.290345,8.693089,6.703400
514311143519924,4,0.001215,-0.502544,-0.504393
514311155303030,1,0.303549,8.308043,6.177890
514311162495256,4,-0.000056,-0.503214,-0.506585
514311165778894,2,-21.611423,-6.701860,-34.958088
514311174242424,1,0.294142,7.790748,5.679232
514311181470588,4,-0.001909,-0.505406,-0.505857
514311193181818,1,0.278612,7.279727,5.262000
514311200445920,4,-0.001607,-0.501212,-0.500529
514311212121212,1,0.282784,6.735561,4.916310
514311216030150,2,-22.446841,-7.413778,-34.270160
514311219421252,4,-0.000707,-0.504690,-0.505249
514311231060606,1,0.263211,6.195080,4.622872
514311238396584,4,0.002215,-0.502262,-0.508428
514311250000000,1,0.248817,5.731827,4.475983
514311257371916,4,0.000952,-0.507487,-0.501357
514311266281407,2,-23.177790,-8.188603,-33.767020
514311268939393,1,0.248575,5.303501,4.427786
514311276347248,4,0.000880,-0.506520,-0.505356
514311287878787,1,0.241544,4.945448,4.500570
514311295322580,4,-0.000578,-0.503823,-0.502789
514311306818181,1,0.219456,4.653790,4.698073
514311314297912,4,-0.002296,-0.501196,-0.501662
514311316532663,2,-23.562677,-8.531941,-33.058483
514311325757575,1,0.167710,4.470429,4.965952
514311333273244,4,-0.001751,-0.504727,-0.501451
514311344696969,1,0.149719,4.429172,5.341431
514311352248576,4,0.002466,-0.505547,-0.503244
514311363636363,1,0.141006,4.489897,5.780282
514311366783919,2,-24.300088,-8.944265,-32.373021
514311371223908,4,0.005994,-0.504663,-0.506138
514311382575757,1,0.098611,4.656478,6.277360
514311390199240,4,0.000345,-0.504380,-0.505922
514311401515151,1,0.052758,4.941152,6.809659
514311409174573,4,0.000883,-0.507382,-0.506204
514311417035175,2,-24.792428,-9.870200,-31.842611
514311420454545,1,0.052169,5.288700,7.343282
514311428149905,4,0.001516,-0.508383,-0.503067
514311439393939,1,0.030322,5.734966,7.861263
514311447125237,4,-0.004024,-0.508336,-0.505871
514311458333333,1,-0.038128,6.224537,8.354489
514311466100569,4,0.000574,-0.502223,-0.504758
514311467286432,2,-25.362578,-10.097310,-30.897352
514311477272727,1,-0.053320,6.768502,8.723324
514311485075901,4,-0.000493,-0.503714,-0.506615
514311496212121,1,-0.082268,7.314620,9.082535
514311504051233,4,0.000279,-0.507272,-0.504708
514311515151515,1,-0.108761,7.804265,9.300004
514311517537688,2,-25.837726,-11.009834,-30.250316
514311523026565,4,-0.000260,-0.506482,-0.504543
514311534090909,1,-0.137640,8.272993,9.402344
514311542001897,4,0.000317,-0.502522,-0.508084
514311553030303,1,-0.162194,8.719578,9.403350
514311560977229,4,-0.000152,-0.506394,-0.503134
514311567788944,2,-26.282054,-12.040444,-29.954721
514311571969696,1,-0.188532,9.043632,9.323742
514311579952561,4,0.001508,-0.503857,-0.506281
514311590909090,1,-0.228637,9.287298,9.108150
514311598927893,4,0.001771,-0.507933,-0.508344
514311609848484,1,-0.245656,9.409646,8.775003
514311617903225,4,-0.002552,-0.504940,-0.503523
514311618040201,2,-26.792657,-12.639933,-29.255776
514311628787878,1,-0.239271,9.424740,8.371996
514311636878557,4,-0.005952,-0.502228,-0.504611
514311647727272,1,-0.282362,9.330563,7.926161
514311655853889,4,-0.003136,-0.504671,-0.502688
514311666666666,1,-0.301347,9.144619,7.409967
514311668291457,2,-27.355919,-13.096587,-28.477978
514311674829222,4,0.001199,-0.502675,-0.507606
514311685606060,1,-0.287994,8.814676,6.874066
514311693804554,4,-0.000828,-0.506722,-0.501438
514311704545454,1,-0.300282,8.435456,6.344078
514311712779886,4,0.001279,-0.499179,-0.505808
514311718542713,2,-27.666808,-13.630536,-27.778477
514311723484848,1,-0.290788,7.957384,5.843834
514311731755218,4,-0.001449,-0.505159,-0.502116
514311742424242,1,-0.307692,7.469539,5.378744
514311750730550,4,-0.000732,-0.504624,-0.504680
514311761363636,1,-0.296581,6.919718,5.002409
514311768793969,2,-28.018070,-14.661879,-26.879871
514311769705882,4,0.000079,-0.506178,-0.505148
514311780303030,1,-0.275294,6.388750,4.729398
514311788681214,4,-0.000360,-0.504888,-0.502986
514311799242424,1,-0.281815,5.888398,4.510921
514311807656546,4,0.003521,-0.506554,-0.505657
514311818181818,1,-0.251853,5.427889,4.436269
514311819045226,2,-28.362046,-15.335820,-26.288297
514311826631878,4,-0.001650,-0.504499,-0.505950
514311837121212,1,-0.224611,5.030790,4.477161
514311845607210,4,0.000480,-0.502666,-0.509925
514311856060606,1,-0.227331,4.737201,4.600399
514311864582542,4,0.000984,-0.505793,-0.503952
514311869296482,2,-28.640931,-15.972096,-25.561054
514311875000000,1,-0.202785,4.532556,4.887165
514311883557874,4,-0.001793,-0.502481,-0.503046
514311893939393,1,-0.168123,4.460821,5.213241
514311902533206,4,0.001137,-0.503287,-0.506364
514311912878787,1,-0.146536,4.480825,5.639835
514311919547738,2,-28.802712,-16.273146,-24.884363
514311921508538,4,-0.001239,-0.503368,-0.506409
514311931818181,1,-0.120536,4.602373,6.114481
514311940483870,4,0.002891,-0.505520,-0.503869
514311950757575,1,-0.106331,4.849175,6.651845
514311959459203,4,0.004198,-0.506286,-0.504736
514311969696969,1,-0.029101,5.180045,7.169948
514311969798994,2,-28.851902,-17.643138,-24.270239
514311978434535,4,0.002108,-0.502971,-0.505529
514311988636363,1,-0.009245,5.602627,7.715914
514311997409867,4,-0.001033,-0.505339,-0.501977
514312007575757,1,0.012313,6.069227,8.176166
514312016385199,4,-0.000558,-0.504717,-0.505727
514312020050251,2,-29.261196,-18.231407,-23.342446
514312026515151,1,0.051263,6.570869,8.625412
514312035360531,4,0.001411,-0.504562,-0.506880
514312045454545,1,0.083320,7.130468,8.972238
514312054335863,4,-0.001938,-0.508870,-0.506536
514312064393939,1,0.125239,7.659268,9.224706
514312070301507,2,-29.058951,-18.776343,-22.698986
514312073311195,4,0.001588,-0.502226,-0.503502
514312083333333,1,0.129127,8.130949,9.395001
514312092286527,4,0.001109,-0.505126,-0.503323
514312102272727,1,0.151988,8.592032,9.448491
514312111261859,4,0.000573,-0.501264,-0.505070
514312120552763,2,-29.387437,-19.403254,-21.612044
514312121212121,1,0.179356,8.939159,9.362859
514312130237191,4,0.002686,-0.503125,-0.503402
514312140151515,1,0.224249,9.231318,9.161488
514312149212523,4,-0.004023,-0.503015,-0.505128
514312159090909,1,0.231112,9.375330,8.881242
514312168187855,4,-0.000888,-0.507839,-0.504884
514312170804020,2,-29.313367,-20.173160,-21.127455
514312178030303,1,0.247706,9.438458,8.521288
514312187163187,4,0.000067,-0.507479,-0.507820
514312196969696,1,0.250684,9.408398,8.081723
514312206138519,4,0.000973,0.001743,0.000381
514312215909090,1,0.283167,9.189814,7.583258
514312221055276,2,-29.226674,-20.921195,-20.819733
514312225113851,4,0.002302,-0.000173,-0.000109
514312234848484,1,0.289233,8.905717,7.039370
514312244089184,4,-0.001834,-0.003120,0.003709
514312253787878,1,0.306783,8.585957,6.523316
514312263064516,4,0.002263,-0.002785,0.000312
514312271306532,2,-29.280680,-20.564639,-20.869233
514312272727272,1,0.313115,8.120587,6.003557
514312282039848,4,-0.000200,-0.000548,-0.000818
514312291666666,1,0.312167,7.647933,5.548389
514312301015180,4,0.000763,0.001636,0.000805
514312310606060,1,0.282049,7.100996,5.128348
514312319990512,4,-0.000241,-0.000314,0.001874
514312321557788,2,-29.644995,-20.821253,-20.594993
514312329545454,1,0.284121,6.572620,4.809804
514312338965844,4,0.000927,0.000145,-0.000072
514312348484848,1,0.288371,6.071109,4.568497
514312357941176,4,0.000691,-0.000937,0.001643
514312367424242,1,0.245902,5.578470,4.475504
514312371809045,2,-29.577584,-20.923051,-20.723125
514312376916508,4,-0.002152,-0.000823,0.001222
514312386363636,1,0.239475,5.167875,4.455113
514312395891840,4,-0.002266,-0.003146,0.000126
514312405303030,1,0.227614,4.826292,4.543247
514312414867172,4,-0.003393,-0.002598,0.001513
514312422060301,2,-29.357396,-20.657343,-20.930822
514312424242424,1,0.175473,4.575799,4.765990
514312433842504,4,-0.000410,0.002571,-0.002410
514312443181818,1,0.191233,4.458027,5.079684
514312452817836,4,-0.000188,0.000799,-0.002341
514312462121212,1,0.140543,4.450395,5.501937
514312471793168,4,0.002064,0.001021,-0.003219
514312472311557,2,-29.388747,-20.567235,-20.925447
514312481060606,1,0.135434,4.546930,5.933869
514312490768500,4,-0.000075,0.000772,-0.001180
514312500000000,1,0.088485,4.769618,6.475898
514312509743833,4,-0.002960,0.000557,0.004422
514312518939393,1,0.043225,5.052188,6.999220
514312522562814,2,-29.118463,-20.906626,-20.619106
514312528719165,4,-0.000774,0.003138,-0.001505
514312537878787,1,0.020792,5.417745,7.525710
514312547694497,4,0.000431,0.001543,-0.000017
514312556818181,1,-0.011595,5.896701,8.022955
514312566669829,4,-0.000595,0.001452,0.003783
514312572814070,2,-29.395944,-20.918249,-20.821048
514312575757575,1,-0.035802,6.413648,8.469340
514312585645161,4,0.000601,-0.001032,-0.000380
514312594696969,1,-0.068504,6.924111,8.865773
514312604620493,4,0.005039,0.000270,-0.001189
514312613636363,1,-0.131045,7.472674,9.167057
514312623065326,2,-29.258261,-20.747541,-20.578743
514312623595825,4,-0.002290,-0.003652,0.000727
514312632575757,1,-0.139282,7.990929,9.362336
514312642571157,4,0.001309,-0.000793,-0.000030
514312651515151,1,-0.194614,8.438800,9.396058
514312661546489,4,-0.002341,0.000266,0.000963
514312670454545,1,-0.182912,8.829969,9.368784
514312673316582,2,-29.124639,-20.923968,-20.934953
514312680521821,4,-0.001070,0.003381,-0.001674
514312689393939,1,-0.182890,9.136280,9.243764
514312699497153,4,0.000567,0.001697,-0.000155
514312708333333,1,-0.210537,9.313609,8.988558
514312718472485,4,-0.000377,-0.002858,0.002715
514312723567839,2,-29.535719,-20.881392,-20.580881
514312727272727,1,-0.275235,9.449345,8.662089
514312737447817,4,-0.000340,0.001075,0.001345
514312746212121,1,-0.256411,9.409957,8.240992
514312756423149,4,-0.001257,-0.000395,0.002669
514312765151515,1,-0.277040,9.275223,7.751997
514312773819095,2,-29.255946,-20.828267,-20.748178
514312775398481,4,-0.002234,0.004256,-0.001490
514312784090909,1,-0.295747,9.030195,7.233275
514312794373814,4,-0.002359,0.000265,0.004417
514312803030303,1,-0.294280,8.675985,6.679625
514312813349146,4,-0.003822,-0.000282,0.000953
514312821969696,1,-0.286387,8.272584,6.179460
514312824070351,2,-29.129354,-20.460311,-20.707605
514312832324478,4,0.000067,0.000764,-0.001436
514312840909090,1,-0.312830,7.779806,5.673822
514312851299810,4,-0.001199,-0.000297,-0.002260
514312859848484,1,-0.299305,7.271267,5.268126
514312870275142,4,-0.000089,-0.000777,-0.000940
514312874321608,2,-29.738892,-20.701920,-20.606301
514312878787878,1,-0.287990,6.767437,4.902971
514312889250474,4,0.000641,-0.003641,-0.000458
514312897727272,1,-0.309280,6.232566,4.618592
514312908225806,4,0.004635,-0.002172,0.002571
514312916666666,1,-0.264536,5.717896,4.506024
514312924572864,2,-29.306305,-20.637536,-20.692953
514312927201138,4,0.000109,-0.001206,-0.002641
514312935606060,1,-0.233936,5.280764,4.434553
514312946176470,4,0.000279,0.002907,-0.000778
514312954545454,1,-0.229307,4.937673,4.506388
514312965151802,4,-0.000162,0.002021,0.000682
514312973484848,1,-0.222911,4.648081,4.686930
514312974824120,2,-29.525197,-20.879449,-20.794686
514312984127134,4,-0.003145,0.000198,0.003024
514312992424242,1,-0.171755,4.495309,4.961366
514313003102466,4,-0.000074,-0.005483,0.000776
514313011363636,1,-0.152606,4.430729,5.354750
514313022077798,4,-0.000397,-0.003658,-0.003358
514313025075376,2,-29.180188,-20.861396,-20.678128
514313030303030,1,-0.102042,4.490483,5.799788
514313041053130,4,0.001950,-0.001465,-0.001815
514313049242424,1,-0.111774,4.664361,6.288923
514313060028462,4,-0.000071,-0.001288,0.000200
514313068181818,1,-0.074439,4.969874,6.812805
514313075326633,2,-29.294446,-20.508583,-20.752765
514313079003795,4,-0.000405,-0.002400,-0.001022
514313087121212,1,-0.033531,5.282907,7.354971
514313097979127,4,0.000886,0.000084,-0.000164
514313106060606,1,0.005138,5.739910,7.833979
514313116954459,4,0.003875,0.001462,0.001705
514313125000000,1,0.023074,6.240924,8.344610
514313125577889,2,-29.603214,-20.649482,-20.425805
514313135929791,4,-0.000332,0.000440,-0.000862
514313143939393,1,0.079503,6.762337,8.733404
514313154905123,4,0.001555,-0.000221,0.000445
514313162878787,1,0.072570,7.303108,9.074493
514313173880455,4,0.000321,-0.000036,0.005876
514313175829145,2,-29.233142,-20.864662,-20.908805
514313181818181,1,0.110233,7.827163,9.301831
514313192855787,4,-0.001333,-0.001351,0.001388
514313200757575,1,0.146170,8.283697,9.410017
514313211831119,4,-0.001190,-0.000583,-0.002173
514313219696969,1,0.143695,8.711894,9.422250
514313226080402,2,-29.482945,-20.446016,-20.795612
514313230806451,4,0.000983,0.001009,-0.000630
514313238636363,1,0.200334,9.048540,9.319000
514313249781783,4,0.001430,-0.003716,-0.001414
514313257575757,1,0.219698,9.280140,9.081172
514313268757115,4,-0.000340,-0.002345,-0.003497
514313276331658,2,-29.439397,-20.770278,-20.794049
514313276515151,1,0.234435,9.410039,8.773955
514313287732447,4,-0.000616,0.001388,0.002564
514313295454545,1,0.269412,9.418280,8.385656
514313306707779,4,-0.001095,0.001466,0.001273
514313314393939,1,0.275171,9.337997,7.927931
514313325683111,4,0.002437,-0.000700,-0.003597
514313326582914,2,-29.104852,-20.898685,-20.569416
514313333333333,1,0.293645,9.097175,7.420593
514313344658444,4,0.000140,-0.002028,-0.001447
514313352272727,1,0.311920,8.810057,6.876675
514313363633776,4,-0.000602,-0.000678,0.000283
514313371212121,1,0.287812,8.399862,6.335309
514313376834170,2,-29.321686,-20.565459,-20.509120
514313382609108,4,0.001406,-0.000735,0.000791
514313390151515,1,0.293511,7.958332,5.829979
514313401584440,4,0.000030,0.001871,-0.000377
514313409090909,1,0.289243,7.454809,5.379507
514313420559772,4,-0.000158,-0.000749,-0.000324
514313427085427,2,-29.327280,-20.793773,-20.736586
514313428030303,1,0.299204,6.931677,5.035221
514313439535104,4,-0.001567,-0.001765,0.001552
514313446969696,1,0.297472,6.395467,4.705228
514313458510436,4,-0.002166,-0.000638,0.002031
514313465909090,1,0.275518,5.890285,4.514071
514313477336683,2,-29.354216,-20.995058,-20.513641
514313477485768,4,-0.000705,0.001657,-0.001182
514313484848484,1,0.266309,5.411304,4.435197
514313496461100,4,-0.002102,-0.003190,0.002625
514313503787878,1,0.245543,5.035191,4.467641
514313515436432,4,-0.002274,0.001494,-0.002000
514313522727272,1,0.216450,4.725822,4.628832
514313527587939,2,-29.303132,-20.920978,-21.056641
514313534411764,4,0.002635,0.004414,-0.003373
514313541666666,1,0.182618,4.537359,4.870353
514313553387096,4,-0.002170,0.001546,0.001026
514313560606060,1,0.157950,4.441843,5.199681
514313572362428,4,0.001554,-0.001148,0.003975
514313577839195,2,-29.689140,-20.630941,-20.839360
514313579545454,1,0.158584,4.448687,5.626744
514313591337760,4,0.000236,-0.002434,-0.000506
514313598484848,1,0.098132,4.580433,6.137087
514313610313092,4,-0.002407,0.003182,-0.001321
514313617424242,1,0.088976,4.839626,6.630827
514313628090452,2,-29.408235,-20.673290,-20.823920
514313629288425,4,0.000985,-0.000941,-0.001231
514313636363636,1,0.062048,5.165088,7.182456
514313648263757,4,-0.003821,0.001196,0.002598
514313655303030,1,0.008795,5.584695,7.705354
514313667239089,4,-0.001832,-0.003090,0.001607
514313674242424,1,-0.002482,6.078383,8.172156
514313678341708,2,-29.258021,-20.732223,-20.759132
514313686214421,4,-0.003292,0.002439,-0.001809
514313693181818,1,-0.050174,6.591331,8.605908
514313705189753,4,-0.002207,0.000497,-0.002076
514313712121212,1,-0.059814,7.094624,8.961234
514313724165085,4,-0.001414,0.000708,-0.004858
514313728592964,2,-29.575913,-20.869473,-20.656133
514313731060606,1,-0.112958,7.614676,9.215236
514313743140417,4,0.003285,0.000087,-0.002586
514313750000000,1,-0.128694,8.141868,9.407263
514313762115749,4,-0.002034,0.001983,0.001202
514313768939393,1,-0.145447,8.584228,9.436375
514313778844221,2,-29.442303,-20.565708,-20.394553
514313781091081,4,0.002774,-0.001365,0.000593
514313787878787,1,-0.189113,8.909524,9.345925
514313800066413,4,0.000853,0.001391,0.002255
514313806818181,1,-0.212433,9.219398,9.185190
514313819041745,4,-0.001435,-0.000228,-0.001220
514313825757575,1,-0.245640,9.389771,8.915839
514313829095477,2,-29.241542,-20.522588,-20.638404
514313838017077,4,-0.000105,0.001397,-0.003308
514313844696969,1,-0.242272,9.445200,8.517922
514313856992409,4,0.002219,-0.002278,-0.000615
514313863636363,1,-0.256308,9.375658,8.084668
514313875967741,4,0.002488,0.000656,0.000679
514313879346733,2,-29.420139,-20.716490,-20.444515
514313882575757,1,-0.277441,9.201532,7.569809
514313894943074,4,-0.002361,-0.002088,0.001883
514313901515151,1,-0.292189,8.940220,7.046916
514313913918406,4,-0.001178,-0.000990,0.001928
514313920454545,1,-0.286524,8.571474,6.515323
514313929597989,2,-29.418533,-20.902412,-20.916642
514313932893738,4,-0.002100,0.000538,0.000086
514313939393939,1,-0.283212,8.118190,6.022710
514313951869070,4,-0.000005,-0.001037,-0.001160
514313958333333,1,-0.293866,7.627789,5.522123
514313970844402,4,-0.002157,0.000965,-0.001336
514313977272727,1,-0.295905,7.099355,5.109918
514313979849246,2,-29.372629,-20.897034,-20.495410
514313989819734,4,0.001937,-0.000449,-0.002117
514313996212121,1,-0.289848,6.558320,4.806988
514314008795066,4,-0.000476,-0.000822,0.002018
514314015151515,1,-0.260662,6.036156,4.592998
514314027770398,4,-0.000738,-0.000552,0.002823
514314030100502,2,-29.307547,-20.600754,-20.791313
514314034090909,1,-0.263813,5.562471,4.461992
514314046745730,4,0.001017,0.003325,0.002518
514314053030303,1,-0.250556,5.158652,4.441913
514314065721062,4,-0.001774,0.001980,0.003051
514314071969696,1,-0.235117,4.834897,4.550892
514314080351758,2,-29.511030,-20.942922,-20.882712
514314084696394,4,0.003066,0.001976,0.001935
514314090909090,1,-0.220092,4.595754,4.756206
514314103671726,4,-0.000605,-0.001675,-0.000704
514314109848484,1,-0.191903,4.473575,5.071556
514314122647058,4,-0.003330,0.002686,-0.000567
514314128787878,1,-0.179032,4.449988,5.481990
514314130603015,2,-29.287871,-20.668531,-20.656034
514314141622390,4,0.002583,-0.002463,0.002165
514314147727272,1,-0.125285,4.535882,5.954356
514314160597722,4,-0.000990,-0.002569,0.003254
514314166666666,1,-0.101738,4.763964,6.444720
514314179573055,4,0.002215,0.000424,0.000068
514314180854271,2,-29.563301,-20.746574,-20.900422
514314185606060,1,-0.056336,5.060560,6.985747
514314198548387,4,0.000879,0.000389,-0.001585
514314204545454,1,-0.042223,5.457661,7.512634
514314217523719,4,-0.000824,0.003921,0.005344
514314223484848,1,-0.005138,5.916755,8.027628
514314231105527,2,-29.279780,-20.674651,-20.922339
514314236499051,4,0.003125,0.000956,-0.000675
514314242424242,1,0.012632,6.434721,8.473588
514314255474383,4,-0.001596,-0.001465,-0.001107
514314261363636,1,0.061028,6.948270,8.869542
514314274449715,4,0.004302,0.003613,0.001493
514314280303030,1,0.120303,7.456227,9.165938
514314281356783,2,-29.194796,-20.395690,-20.621288
514314293425047,4,-0.001921,0.001786,-0.000477
514314299242424,1,0.135486,7.980686,9.357914
514314312400379,4,-0.004306,0.000574,-0.001684
514314318181818,1,0.166131,8.424033,9.451565
514314331375711,4,-0.001616,-0.000501,-0.000997
514314331608040,2,-29.364425,-20.793995,-20.777873
514314337121212,1,0.162788,8.816431,9.395434
514314350351043,4,-0.000069,-0.000165,-0.003752
514314356060606,1,0.229087,9.129149,9.253569
514314369326375,4,0.003041,-0.001967,-0.001905
514314375000000,1,0.245307,9.331552,8.989167
514314381859296,2,-29.454110,-20.708653,-20.917282
514314388301707,4,-0.000657,-0.000217,0.002918
514314393939393,1,0.242635,9.444181,8.658951
514314407277039,4,0.000539,0.001133,0.000549
514314412878787,1,0.287491,9.415200,8.226369
514314426252371,4,0.000463,0.000619,-0.003865
514314431818181,1,0.278589,9.261733,7.742684
514314432110552,2,-29.623455,-20.713573,-20.743328
514314445227703,4,-0.000500,0.002325,0.007885
514314450757575,1,0.342193,9.042978,7.240325
514314464203036,4,-0.002409,0.000846,-0.001142
514314469696969,1,0.288128,8.712554,6.708958
514314482361809,2,-29.425676,-20.938917,-20.703051
514314483178368,4,0.004095,-0.002708,0.001250
514314488636363,1,0.321960,8.298266,6.154694
514314502153700,4,-0.002814,-0.000637,-0.000069
514314507575757,1,0.286407,7.785439,5.672618
514314521129032,4,0.002139,-0.002154,0.001327
514314526515151,1,0.300515,7.272447,5.277470
514314532613065,2,-29.488526,-20.767355,-20.481767
514314540104364,4,0.000038,0.000546,0.001917
514314545454545,1,0.313000,6.745172,4.921582
514314559079696,4,-0.002565,0.001621,-0.001138
514314564393939,1,0.298187,6.214485,4.612596
514314578055028,4,0.002192,0.000669,-0.000419
514314582864321,2,-29.242322,-20.951883,-20.937741
514314583333333,1,0.264686,5.719457,4.482790
514314597030360,4,-0.001180,0.001647,0.002522
514314602272727,1,0.252282,5.290422,4.442366
514314616005692,4,-0.001066,-0.002266,0.001388
514314621212121,1,0.217692,4.932248,4.500763
514314633115577,2,-29.317227,-20.952811,-21.046772
514314634981024,4,-0.002897,-0.002611,-0.002125
514314640151515,1,0.213012,4.668181,4.672291
514314653956356,4,-0.000831,-0.002673,-0.003878
514314659090909,1,0.183193,4.488753,4.964476
514314672931688,4,-0.002271,0.001285,-0.002543
514314678030303,1,0.171184,4.426728,5.337400
514314683366834,2,-29.260144,-20.698373,-20.678923
514314691907020,4,-0.000681,0.003893,-0.000098
514314696969696,1,0.123847,4.507893,5.784259
514314710882352,4,0.000685,-0.001892,0.004327
514314715909090,1,0.108350,4.689416,6.287670
514314729857685,4,-0.001083,-0.000456,0.002634
514314733618090,2,-29.300545,-20.756310,-20.845841
514314734848484,1,0.085459,4.960375,6.828810
514314748833017,4,-0.000363,0.000096,-0.000563
514314753787878,1,0.040372,5.313774,7.334338
514314767808349,4,-0.000550,0.000741,0.001106
514314772727272,1,-0.000794,5.738985,7.890989
514314783869346,2,-29.262580,-20.517030,-20.821697
514314786783681,4,-0.001286,-0.001532,-0.001218
514314791666666,1,-0.033289,6.230788,8.323394
514314805759013,4,-0.002803,-0.003181,0.000594
514314810606060,1,-0.048655,6.768609,8.756721
514314824734345,4,0.001877,0.001742,-0.004764
514314829545454,1,-0.078518,7.284167,9.059054
514314834120603,2,-29.493111,-20.916781,-20.876522
514314843709677,4,-0.000490,-0.002204,0.000287
514314848484848,1,-0.100397,7.815379,9.310498
514314862685009,4,-0.000836,0.001184,-0.000038
514314867424242,1,-0.147447,8.282914,9.412160
514314881660341,4,-0.003792,-0.001934,0.000012
514314884371859,2,-29.309610,-21.067457,-20.680637
514314886363636,1,-0.184468,8.702278,9.424345
514314900635673,4,0.000180,-0.002811,-0.003073
514314905303030,1,-0.191933,9.023406,9.314161
514314919611005,4,0.000112,-0.002807,-0.003337
514314924242424,1,-0.228062,9.271775,9.099616
514314934623115,2,-29.243413,-21.016225,-20.893390
514314938586337,4,-0.000890,-0.000977,-0.001757
514314943181818,1,-0.248045,9.426019,8.797042
514314957561669,4,-0.001407,0.000028,-0.001440
514314962121212,1,-0.244909,9.420245,8.371511
514314976537001,4,0.000141,-0.000761,0.000335
514314981060606,1,-0.272788,9.327237,7.909815
514314984874371,2,-29.328048,-20.768033,-20.668567
514314995512333,4,0.001756,0.001678,0.002576
514315000000000,1,-0.299426,9.121949,7.401414
514315014487666,4,0.001676,0.000477,-0.000867
514315018939393,1,-0.285332,8.823824,6.887045
514315033462998,4,-0.000776,-0.001756,0.000009
514315035125628,2,-29.361171,-20.556798,-20.794688
514315037878787,1,-0.313614,8.428055,6.335444
514315052438330,4,0.001395,-0.001451,-0.000074
514315056818181,1,-0.314637,7.957447,5.854310
514315071413662,4,-0.001355,0.000419,-0.001099
514315075757575,1,-0.302512,7.473726,5.395336
514315085376884,2,-29.487455,-20.906029,-20.636193
514315090388994,4,-0.001479,-0.001360,0.001007
514315094696969,1,-0.297410,6.937418,5.012001
514315109364326,4,-0.000193,-0.000857,0.000523
514315113636363,1,-0.295155,6.414855,4.715785
514315128339658,4,-0.000829,0.002253,-0.001948
514315132575757,1,-0.271767,5.876099,4.534385
514315135628140,2,-29.335557,-20.651456,-20.654545
514315147314990,4,-0.000374,-0.002810,-0.000694
514315151515151,1,-0.250697,5.435632,4.432040
514315166290322,4,-0.003359,0.001493,0.001533
514315170454545,1,-0.228863,5.049584,4.462097
514315185265654,4,0.001568,0.000058,-0.001760
514315185879396,2,-29.642977,-20.917525,-20.899607
514315189393939,1,-0.235107,4.742826,4.595865
514315204240986,4,-0.001601,0.003060,0.002871
514315208333333,1,-0.193010,4.528174,4.880013
514315223216318,4,0.000245,-0.001031,0.002737
514315227272727,1,-0.174047,4.454253,5.204426
514315236130653,2,-29.462410,-20.809566,-20.596641
514315242191650,4,-0.001389,0.000458,0.002704
514315246212121,1,-0.129891,4.487077,5.621774
514315261166982,4,-0.001673,0.001658,0.001041
514315265151515,1,-0.109319,4.629711,6.118791
514315280142314,4,-0.000079,-0.001987,-0.001449
514315284090909,1,-0.081721,4.847405,6.639199
514315286381909,2,-29.160228,-20.790447,-20.784205
514315299117647,4,0.000579,-0.002847,0.000261
514315303030303,1,-0.071643,5.188566,7.148897
514315318092979,4,0.001082,0.001970,-0.002797
514315321969696,1,-0.024266,5.606918,7.691976
514315336633165,2,-29.445815,-20.733135,-20.716135
514315337068311,4,0.002632,0.003391,0.000820
514315340909090,1,0.004524,6.081765,8.174539
514315356043643,4,-0.002076,-0.000656,-0.000095
514315359848484,1,0.030147,6.592743,8.613904
514315375018975,4,0.000541,0.000044,0.000562
514315378787878,1,0.061341,7.131091,8.976153
514315386884422,2,-29.219029,-20.626747,-21.091831
514315393994307,4,-0.000181,0.000530,-0.000921
514315397727272,1,0.102526,7.645308,9.237635
514315412969639,4,-0.000676,-0.001152,0.003835
514315416666666,1,0.150481,8.138111,9.396242
514315431944971,4,0.002928,0.001111,0.002651
514315435606060,1,0.170772,8.589583,9.433087
514315437135678,2,-29.362882,-20.538898,-20.812230
514315450920303,4,0.001597,0.000363,-0.003011
514315454545454,1,0.178956,8.935835,9.366774
514315469895635,4,-0.000524,-0.000670,-0.002266
514315473484848,1,0.235463,9.206197,9.191371
514315487386934,2,-29.169114,-20.792481,-20.720274
514315488870967,4,-0.002972,0.000985,0.000649
514315492424242,1,0.230994,9.379848,8.916235
514315507846299,4,-0.002335,-0.001492,0.002322
514315511363636,1,0.262699,9.418429,8.517763
514315526821631,4,-0.001755,0.000342,-0.000380
514315530303030,1,0.284294,9.375611,8.064743
514315537638190,2,-29.510534,-20.911400,-20.637689
514315545796963,4,0.001013,-0.001712,0.000180
514315549242424,1,0.271999,9.211431,7.592062
514315564772296,4,0.000337,0.000460,0.000158
514315568181818,1,0.291418,8.958083,7.062103
514315583747628,4,0.000689,0.004384,0.005123
514315587121212,1,0.294322,8.552841,6.507212
514315587889447,2,-29.207727,-20.742549,-20.930642
514315602722960,4,-0.001278,-0.004636,0.001191
514315606060606,1,0.303903,8.116591,6.024681
514315621698292,4,0.000373,0.002122,0.000570
514315625000000,1,0.316671,7.635576,5.518628
514315638140703,2,-29.333429,-20.557928,-20.485083
514315640673624,4,0.000117,0.002258,0.002538
514315643939393,1,0.286779,7.116868,5.118261
514315659648956,4,-0.002773,-0.001633,-0.000211
514315662878787,1,0.300703,6.573661,4.800577
514315678624288,4,0.000197,-0.000452,0.000868
514315681818181,1,0.267903,6.049748,4.574727
514315688391959,2,-29.387506,-20.995493,-20.620458
514315697599620,4,0.001992,0.003445,0.001158
514315700757575,1,0.274661,5.563542,4.449745
514315716574952,4,-0.001705,-0.000295,-0.000151
514315719696969,1,0.245736,5.167585,4.435862
514315735550284,4,0.001029,0.000776,0.004101
514315738636363,1,0.209518,4.834297,4.536112
514315738643216,2,-29.381394,-20.605057,-20.704352
514315754525616,4,-0.000923,0.000770,0.004709
514315757575757,1,0.218272,4.587270,4.752103
514315773500948,4,-0.001170,0.000290,-0.001890
514315776515151,1,0.172299,4.463814,5.079520
514315788894472,2,-29.472517,-20.737776,-20.550262
514315792476280,4,0.000164,-0.001560,0.002094
514315795454545,1,0.151475,4.451395,5.483211
514315811451612,4,0.000295,-0.001871,0.001681
514315814393939,1,0.111428,4.536068,5.968554
514315830426944,4,0.000359,0.001906,-0.002295
514315833333333,1,0.112926,4.722011,6.475527
514315839145728,2,-29.362373,-20.901734,-20.984810
514315849402277,4,0.000738,0.001547,-0.000847
514315852272727,1,0.064677,5.063943,6.988257
514315868377609,4,-0.002518,-0.000083,0.002456
514315871212121,1,0.008719,5.452469,7.513233
514315887352941,4,0.002252,-0.000857,-0.002566
514315889396984,2,-29.455825,-20.808033,-20.623513
514315890151515,1,-0.018801,5.890287,8.034422
514315906328273,4,-0.000862,-0.000937,0.000893
514315909090909,1,-0.032524,6.423146,8.487977
514315925303605,4,-0.000210,-0.001507,0.002209
514315928030303,1,-0.070912,6.944355,8.855904
514315939648241,2,-29.508127,-20.513450,-20.947086
514315944278937,4,0.000281,0.000871,-0.003450
514315946969696,1,-0.099294,7.464541,9.160712
514315963254269,4,-0.004849,-0.002875,-0.000961
514315965909090,1,-0.113668,7.972533,9.363842
514315982229601,4,0.001153,-0.004684,0.003186
514315984848484,1,-0.153557,8.443509,9.410174
514315989899497,2,-28.990277,-20.487685,-20.725338
514316001204933,4,0.000341,0.002721,-0.001772
514316003787878,1,-0.203181,8.831785,9.408052
514316020180265,4,0.001008,0.000170,0.001635
514316022727272,1,-0.214044,9.152889,9.262771
514316039155597,4,-0.000468,0.000946,0.002204
514316040150753,2,-29.587154,-20.754827,-20.804539
514316041666666,1,-0.239022,9.335526,9.033032
514316058130929,4,-0.001302,0.000484,-0.003776
514316060606060,1,-0.262552,9.434071,8.654228
514316077106261,4,0.001405,0.003909,-0.002489
514316079545454,1,-0.255841,9.421552,8.229472
514316090402010,2,-29.531143,-20.702862,-20.870059
514316096081593,4,-0.000183,0.001761,0.000063
514316098484848,1,-0.264550,9.298626,7.751501
514316115056925,4,0.000330,-0.000782,-0.000856
514316117424242,1,-0.279025,9.023669,7.230223
514316134032258,4,-0.000173,0.000083,-0.002363
514316136363636,1,-0.297726,8.703282,6.710221
514316140653266,2,-29.447236,-20.777065,-20.832749
514316153007590,4,-0.000132,0.003137,-0.000838
514316155303030,1,-0.300697,8.294672,6.190804
514316171982922,4,-0.002475,-0.000303,-0.001429
514316174242424,1,-0.289563,7.791292,5.676603
514316190904522,2,-29.028277,-20.826870,-20.680381
514316190958254,4,-0.002677,0.000278,-0.001421
514316193181818,1,-0.306383,7.290639,5.238057
514316209933586,4,-0.001249,0.000307,-0.003066
514316212121212,1,-0.282022,6.732276,4.908001
514316228908918,4,-0.003483,0.001342,-0.003862
514316231060606,1,-0.280123,6.235897,4.650404
514316241155778,2,-29.318172,-20.693600,-20.682150
514316247884250,4,-0.001953,-0.003600,-0.000972
514316250000000,1,-0.250081,5.744722,4.482035
514316266859582,4,0.000856,0.000225,0.004784
514316268939393,1,-0.265117,5.277036,4.411040
514316285834914,4,0.002174,-0.001862,-0.002394
514316287878787,1,-0.245246,4.928138,4.499322
514316291407035,2,-29.207796,-20.706546,-20.712779
514316304810246,4,0.005413,0.002125,0.001179
514316306818181,1,-0.212774,4.662605,4.683335
514316323785578,4,0.000150,0.000547,-0.002964
514316325757575,1,-0.200030,4.489536,4.959866
514316341658291,2,-29.331228,-20.767276,-20.883283
514316342760910,4,0.000314,0.000142,-0.001808
514316344696969,1,-0.163636,4.451486,5.340819
514316361736242,4,-0.001077,0.003030,-0.000250
514316363636363,1,-0.111115,4.511968,5.783217
514316380711574,4,0.004142,-0.003481,-0.001044
514316382575757,1,-0.116163,4.665077,6.302408
514316391909547,2,-29.349130,-20.710323,-20.686188
514316399686907,4,-0.003095,-0.002419,-0.001656
514316401515151,1,-0.077997,4.951215,6.830985
514316418662239,4,0.000631,0.000534,-0.001359
514316420454545,1,-0.049861,5.297956,7.358339
514316437637571,4,-0.004456,0.002955,-0.000572
514316439393939,1,-0.006745,5.738008,7.859876
514316442160804,2,-29.312957,-20.781456,-20.755075
514316456612903,4,-0.002233,0.000550,0.000409
514316458333333,1,0.022691,6.221940,8.345109
514316475588235,4,-0.000645,0.000297,-0.002310
514316477272727,1,0.049628,6.733493,8.743393
514316492412060,2,-29.423047,-20.699529,-20.779682
514316494563567,4,0.001520,-0.001994,-0.001211
514316496212121,1,0.077674,7.320997,9.061715
514316513538899,4,0.001298,0.002408,0.003172
514316515151515,1,0.103609,7.823914,9.288321
514316532514231,4,0.002112,-0.000648,-0.003082
514316534090909,1,0.136298,8.300640,9.403313
514316542663316,2,-29.312916,-20.596393,-20.852917
514316551489563,4,0.002810,0.002741,-0.001344
514316553030303,1,0.155365,8.729777,9.428887
514316570464895,4,0.001842,-0.000664,0.003003
514316571969696,1,0.194901,9.042446,9.320440
514316589440227,4,-0.001030,0.003957,0.001572
514316590909090,1,0.232702,9.270484,9.102418
514316592914572,2,-29.250496,-20.741531,-20.443334
514316608415559,4,0.003595,-0.000928,0.000810
514316609848484,1,0.235359,9.407166,8.784713
514316627390891,4,-0.001939,0.001688,0.001798
514316628787878,1,0.259011,9.435011,8.388906
514316643165829,2,-29.372445,-20.642238,-20.744210
514316646366223,4,0.004794,0.000964,0.001448
514316647727272,1,0.255674,9.312748,7.912685
514316665341555,4,-0.000942,0.001083,-0.000760
514316666666666,1,0.307260,9.112228,7.403764
514316684316888,4,0.000232,0.000349,-0.000705
514316685606060,1,0.287156,8.809194,6.875974
514316693417085,2,-29.548246,-20.824616,-20.614442
514316703292220,4,0.000126,-0.000751,-0.000759
514316704545454,1,0.315312,8.428714,6.334531
514316722267552,4,0.002153,0.000351,0.000694
514316723484848,1,0.333031,7.963533,5.834559
514316741242884,4,-0.002915,0.000847,0.001061
514316742424242,1,0.314990,7.449312,5.408704
514316743668341,2,-29.404904,-21.079551,-20.751223
514316760218216,4,-0.000797,0.004170,-0.004578
514316761363636,1,0.282234,6.940657,5.009069
514316779193548,4,0.001569,0.001426,0.001083
514316780303030,1,0.299457,6.415371,4.699080
514316793919597,2,-29.503850,-20.726740,-20.513841
514316798168880,4,0.000352,0.001101,0.001736
514316799242424,1,0.287302,5.869459,4.507664
514316817144212,4,-0.001452,0.000598,-0.000367
514316818181818,1,0.247264,5.434125,4.438526
514316836119544,4,-0.002188,0.001434,-0.001129
514316837121212,1,0.236867,5.040397,4.477218
514316844170854,2,-29.224581,-20.516015,-20.830740
514316855094876,4,-0.002996,-0.001078,-0.001598
514316856060606,1,0.226122,4.748979,4.636586
514316874070208,4,0.002057,0.000306,0.002765
514316875000000,1,0.194578,4.527288,4.872751
514316893045540,4,-0.001333,0.001748,0.005679
514316893939393,1,0.155602,4.432821,5.222589
514316894422110,2,-29.361475,-20.903178,-20.849119
514316912020872,4,0.000712,0.001723,0.001387
514316912878787,1,0.140402,4.447854,5.616713
514316930996204,4,-0.002844,0.001172,0.000613
514316931818181,1,0.113408,4.610429,6.131535
514316944673366,2,-29.479033,-20.942521,-20.541634
514316949971537,4,-0.000519,-0.001768,0.001388
514316950757575,1,0.083793,4.862050,6.637448
514316968946869,4,-0.001945,0.004267,0.000228
514316969696969,1,0.049494,5.144170,7.167564
514316987922201,4,-0.002447,-0.001028,-0.000556
514316988636363,1,0.029489,5.611197,7.686292
514316994924623,2,-29.653794,-20.540992,-20.559604
514317006897533,4,0.004825,-0.001769,-0.000232
514317007575757,1,-0.007301,6.083776,8.184887
514317025872865,4,-0.001076,0.000999,-0.001044
514317026515151,1,-0.072213,6.592416,8.625236
514317044848197,4,-0.002278,-0.000391,-0.000599
514317045175879,2,-29.265031,-20.913689,-20.983839
514317045454545,1,-0.087635,7.120398,8.956713
514317063823529,4,-0.001184,-0.001078,0.002369
514317064393939,1,-0.137685,7.661128,9.231946
514317082798861,4,-0.000639,-0.002268,-0.000924
514317083333333,1,-0.117025,8.151793,9.384135
514317095427135,2,-29.422261,-20.652745,-20.746053
514317101774193,4,0.000109,-0.002673,0.003252
514317102272727,1,-0.164988,8.585825,9.444218
514317120749525,4,0.001735,0.002860,0.000784
514317121212121,1,-0.186032,8.954653,9.359099
514317139724857,4,-0.004187,0.003071,-0.001727
514317140151515,1,-0.225607,9.211228,9.184176
514317145678391,2,-29.496525,-20.574282,-20.493855
514317158700189,4,-0.001564,0.000313,0.002756
514317159090909,1,-0.249349,9.362482,8.903419
514317177675521,4,0.002107,0.001813,-0.000624
514317178030303,1,-0.258404,9.431335,8.520316
514317195929648,2,-29.373990,-20.730112,-20.972840
514317196650853,4,-0.000655,0.000692,-0.000260
514317196969696,1,-0.250972,9.389050,8.063681
514317215626185,4,0.001779,0.001660,0.001183
514317215909090,1,-0.288220,9.213190,7.587353
514317234601518,4,-0.005052,0.000256,-0.000218
514317234848484,1,-0.291701,8.914728,7.044023
514317246180904,2,-29.402158,-20.669947,-20.693284
514317253576850,4,0.000336,-0.001509,-0.002650
514317253787878,1,-0.303445,8.565953,6.539355
514317272552182,4,0.000926,-0.000713,0.001149
514317272727272,1,-0.308120,8.110144,6.003293
514317291527514,4,-0.001342,0.002832,0.002002
514317291666666,1,-0.286694,7.610617,5.550220
514317296432160,2,-29.416150,-20.787649,-20.813595
514317310502846,4,0.000594,-0.000427,0.001705
514317310606060,1,-0.296910,7.092988,5.105815
514317329478178,4,0.000785,0.000477,0.002086
514317329545454,1,-0.278759,6.565912,4.802005
514317346683417,2,-29.381770,-20.683028,-21.041644
514317348453510,4,0.002853,-0.002505,-0.002101
514317348484848,1,-0.287147,6.047049,4.566612
514317367424242,1,-0.263478,5.566137,4.434488
514317367428842,4,-0.001561,-0.003005,-0.000125
514317386363636,1,-0.212456,5.143272,4.448942
514317386404174,4,0.001200,-0.000043,-0.001068
514317396934673,2,-29.351152,-20.694017,-20.832086
514317405303030,1,-0.246581,4.802245,4.555502
514317405379506,4,0.002253,0.000281,0.000686
514317424242424,1,-0.200760,4.604279,4.775468
514317424354838,4,0.002308,-0.000246,0.004120
514317443181818,1,-0.179862,4.447869,5.103901
514317443330170,4,-0.000896,0.003996,-0.001949
514317447185929,2,-29.411900,-20.814072,-20.818370
514317462121212,1,-0.140089,4.427558,5.486092
514317462305502,4,0.001035,-0.001285,0.002239
514317481060606,1,-0.120944,4.535508,5.960838
514317481280834,4,-0.000956,0.000582,-0.001301
514317497437185,2,-29.339117,-20.727163,-21.061590
514317500000000,1,-0.082724,4.743965,6.459064
514317500256166,4,0.001874,-0.001312,0.003367
514317518939393,1,-0.043687,5.064049,6.995731
514317519231499,4,-0.001992,-0.002691,0.001903
514317537878787,1,-0.049489,5.449583,7.532901
514317538206831,4,-0.001183,-0.000014,-0.000644
514317547688442,2,-29.242068,-20.790013,-20.456568
514317556818181,1,-0.030912,5.909130,8.022211
514317557182163,4,-0.002625,-0.000154,0.002530
514317575757575,1,0.031547,6.402868,8.478170
514317576157495,4,0.002006,0.000464,0.002225
514317594696969,1,0.082565,6.939844,8.873628
514317595132827,4,-0.002119,-0.000651,0.000792
514317597939698,2,-29.518747,-20.876610,-20.776949
514317613636363,1,0.087094,7.485253,9.156046
514317614108159,4,-0.000261,-0.000494,-0.002401
514317632575757,1,0.130794,7.982418,9.356167
514317633083491,4,-0.004163,0.001636,0.000486
514317648190954,2,-29.278016,-21.039128,-20.870878
514317651515151,1,0.124108,8.423579,9.435572
514317652058823,4,0.001804,-0.000874,-0.001426
514317670454545,1,0.156971,8.823688,9.397923
514317671034155,4,0.000013,0.001708,-0.000463
514317689393939,1,0.196050,9.124550,9.257211
514317690009487,4,0.001604,-0.002013,-0.000323
514317698442211,2,-29.251302,-20.888732,-20.541009
514317708333333,1,0.240233,9.323655,8.996408
514317708984819,4,-0.000140,0.002453,0.000415
514317727272727,1,0.238866,9.398675,8.659801
514317727960151,4,0.003492,-0.002695,0.000260
514317746212121,1,0.275540,9.418544,8.223657
514317746935483,4,0.000359,0.001240,-0.001627
514317748693467,2,-29.408083,-20.881419,-20.654976
514317765151515,1,0.262956,9.272231,7.760657
514317765910815,4,0.003369,0.000026,-0.002174
514317784090909,1,0.290302,9.034226,7.243693
514317784886148,4,-0.000032,-0.000626,0.005566
514317798944723,2,-29.098857,-20.684054,-20.557449
514317803030303,1,0.286737,8.691079,6.715380
514317803861480,4,0.002100,0.000099,-0.000224
514317821969696,1,0.297019,8.261060,6.164411
514317822836812,4,0.001902,0.001998,-0.005823
514317840909090,1,0.288467,7.801770,5.673194
514317841812144,4,0.001286,0.000056,-0.002622
514317849195979,2,-29.088505,-20.884792,-20.605754
514317859848484,1,0.299886,7.270416,5.227118
514317860787476,4,0.001760,0.004492,0.001114
514317878787878,1,0.293823,6.747031,4.904332
514317879762808,4,0.002201,0.003608,-0.001661
514317897727272,1,0.272253,6.210539,4.641524
514317898738140,4,-0.003715,0.001314,-0.000495
514317899447236,2,-29.568521,-20.682778,-20.757211
514317916666666,1,0.285530,5.727327,4.485407
514317917713472,4,-0.002748,-0.000156,0.001455
514317935606060,1,0.247353,5.271143,4.447691
514317936688804,4,-0.000298,-0.001574,-0.000447
514317949698492,2,-29.153557,-20.570675,-20.661045
514317954545454,1,0.243143,4.935841,4.503855
514317955664136,4,-0.000039,-0.003859,-0.000286
514317973484848,1,0.217777,4.667417,4.706425
514317974639468,4,-0.002689,0.001318,-0.003122
514317992424242,1,0.198430,4.490941,4.954948
514317993614800,4,0.002025,-0.000818,-0.001086
514317999949748,2,-29.295236,-20.670258,-20.737247
514318011363636,1,0.162254,4.438451,5.352573
514318012590132,4,0.000589,-0.001732,0.000557
514318030303030,1,0.148613,4.493647,5.815380
514318031565464,4,-0.001464,-0.001113,0.000811
514318049242424,1,0.081718,4.670740,6.278986
514318050201005,2,-29.349179,-20.530126,-20.512079
514318050540796,4,-0.002277,-0.002529,0.000496
514318068181818,1,0.049228,4.937897,6.798998
514318069516129,4,-0.000054,0.000337,0.000655
514318087121212,1,0.038636,5.306486,7.363209
514318088491461,4,0.000115,0.001216,0.000195
514318100452261,2,-29.361249,-20.710867,-20.734265
514318106060606,1,-0.009524,5.757142,7.865279
514318107466793,4,-0.004015,-0.003496,0.003856
514318125000000,1,-0.011192,6.235537,8.319934
514318126442125,4,0.000000,0.001900,-0.000691
514318143939393,1,-0.069983,6.751396,8.749414
514318145417457,4,-0.000116,-0.000907,0.004932
514318150703517,2,-29.581755,-20.796978,-20.506557
514318162878787,1,-0.068850,7.293952,9.076290
514318164392789,4,0.000506,-0.001070,-0.003303
514318181818181,1,-0.135062,7.819983,9.304269
514318183368121,4,0.003947,-0.000327,0.001488
514318200757575,1,-0.163028,8.292080,9.424390
514318200954773,2,-29.452466,-20.429331,-20.570694
514318202343453,4,0.001712,-0.000926,0.001345
514318219696969,1,-0.208057,8.725090,9.426178
514318221318785,4,-0.001208,-0.001981,0.002329
514318238636363,1,-0.189471,9.037536,9.293697
514318240294117,4,-0.000316,0.001037,0.000822
514318251206030,2,-29.279775,-20.662386,-20.884094
514318257575757,1,-0.214614,9.278565,9.098409
514318259269449,4,0.001276,-0.003113,-0.001171
514318276515151,1,-0.228389,9.418578,8.805840
514318278244781,4,-0.000649,-0.001663,0.000858
514318295454545,1,-0.257244,9.417889,8.380800
514318297220113,4,0.002374,0.002690,-0.000678
514318301457286,2,-29.379784,-20.530303,-20.838692
514318314393939,1,-0.268784,9.341232,7.899517
514318316195445,4,0.000584,0.000891,0.001243
514318333333333,1,-0.285215,9.141762,7.403380
514318335170777,4,-0.001756,0.003641,0.001853
514318351708542,2,-29.180830,-20.953069,-20.926237
514318352272727,1,-0.282420,8.821760,6.885305
514318354146110,4,0.001905,0.002407,0.001068
514318371212121,1,-0.308220,8.413577,6.344416
514318373121442,4,-0.002055,-0.000278,-0.003302
514318390151515,1,-0.318379,7.959353,5.844520
514318392096774,4,0.000830,-0.000338,-0.000081
514318401959798,2,-29.054792,-20.748289,-20.827288
514318409090909,1,-0.276629,7.459773,5.396252
514318411072106,4,0.002408,-0.000914,-0.000504
514318428030303,1,-0.278708,6.911921,5.004675
514318430047438,4,0.000044,-0.003680,-0.000532
514318446969696,1,-0.254859,6.391600,4.726068
514318449022770,4,-0.004972,-0.001171,0.001710
514318452211055,2,-29.135589,-20.559640,-20.608400
514318465909090,1,-0.260428,5.868628,4.523956
514318467998102,4,0.000895,-0.001190,0.000082
514318484848484,1,-0.255144,5.432040,4.429081
514318486973434,4,-0.002150,-0.000005,0.005861
514318502462311,2,-29.425485,-20.789551,-20.699769
514318503787878,1,-0.252276,5.032930,4.468949
514318505948766,4,0.003692,0.000105,0.000320
514318522727272,1,-0.203883,4.757657,4.631505
514318524924098,4,-0.001959,-0.001604,0.000724
514318541666666,1,-0.184512,4.521489,4.860482
514318543899430,4,-0.001050,0.001808,0.003139
514318552713567,2,-29.235840,-20.822785,-20.720902
514318560606060,1,-0.166814,4.433376,5.217523
514318562874762,4,0.000665,0.000203,-0.003362
514318579545454,1,-0.133245,4.468788,5.646893
514318581850094,4,0.001495,-0.002287,-0.000836
514318598484848,1,-0.123678,4.607920,6.109644
514318600825426,4,0.001919,0.002060,-0.000933
514318602964824,2,-29.299891,-20.553497,-20.633343
514318617424242,1,-0.093754,4.844328,6.653296
514318619800759,4,-0.000818,-0.001399,-0.002396
514318636363636,1,-0.045300,5.175229,7.176654
514318638776091,4,-0.001270,-0.003226,0.001366
514318653216080,2,-29.566020,-20.778558,-20.885830
514318655303030,1,-0.017628,5.578918,7.681343
514318657751423,4,0.000789,0.001121,-0.001909
514318674242424,1,0.011902,6.072172,8.184888
514318676726755,4,-0.002390,0.000107,0.000128
514318693181818,1,0.052927,6.586863,8.622855
514318695702087,4,-0.000295,-0.000579,0.003422
514318703467336,2,-29.254787,-20.608040,-20.731280
514318712121212,1,0.074530,7.145328,8.971548
514318714677419,4,0.000852,0.003941,0.002538
514318731060606,1,0.134932,7.653028,9.229426
514318733652751,4,0.003407,-0.002149,0.001186
514318750000000,1,0.125404,8.124190,9.376488
514318752628083,4,-0.000864,-0.003327,0.002992
514318753718592,2,-29.380219,-20.736137,-20.715175
514318768939393,1,0.153435,8.583769,9.426302
514318771603415,4,-0.000587,-0.002110,-0.000829
514318787878787,1,0.192147,8.956769,9.361606
514318790578747,4,-0.001592,-0.001387,-0.000443
514318803969849,2,-29.436015,-20.929320,-21.054034
514318806818181,1,0.238591,9.197896,9.179907
514318809554079,4,0.003462,-0.001333,0.003319
514318825757575,1,0.228459,9.389760,8.871172
514318828529411,4,0.001698,0.000793,0.001496
514318844696969,1,0.236210,9.432037,8.543249
514318847504743,4,0.000027,0.002572,0.001134
514318854221105,2,-29.149923,-20.672058,-20.692136
514318863636363,1,0.271930,9.357690,8.064163
514318866480075,4,-0.003329,0.000593,0.001568
514318882575757,1,0.301902,9.195536,7.568814
514318885455407,4,-0.000578,0.000253,-0.001226
514318901515151,1,0.308932,8.940512,7.067502
514318904430740,4,-0.002755,-0.003101,-0.003074
514318904472361,2,-29.150220,-20.934833,-21.006858
514318920454545,1,0.285843,8.544328,6.520509
514318923406072,4,0.001338,-0.004981,-0.001333
514318939393939,1,0.303899,8.126832,6.022334
514318942381404,4,-0.001531,-0.000564,-0.003713
514318954723618,2,-29.282365,-20.702522,-21.006209
514318958333333,1,0.278270,7.638296,5.519617
514318961356736,4,0.000808,-0.002546,0.002265
514318977272727,1,0.305114,7.096100,5.115250
514318980332068,4,-0.001244,-0.000191,0.000008
514318996212121,1,0.279918,6.550619,4.800442
514318999307400,4,0.000488,0.000074,-0.000854
