timestamp_ns,sensor_type,x,y,z
514300000000000,1,0.005961,6.932690,6.942121
514300005000000,4,0.000441,0.002436,-0.001026
514300010000000,2,-0.003824,-0.032574,-41.484270
514300018939393,1,0.018276,6.931539,6.931539
514300023975332,4,-0.001436,-0.000461,0.002359
514300037878787,1,0.018951,6.943558,6.928715
514300042950664,4,0.000388,-0.001062,0.000968
514300056818181,1,0.006511,6.928788,6.928760
514300060251256,2,-0.090579,-0.051481,-41.805895
514300061925996,4,-0.002205,0.001363,0.000817
514300075757575,1,0.002904,6.911389,6.913650
514300080901328,4,-0.000616,-0.001677,-0.001773
514300094696969,1,-0.006747,6.922195,6.938120
514300099876660,4,0.001070,0.002458,-0.001275
514300110502512,2,0.146059,0.044820,-41.609044
514300113636363,1,-0.010896,6.917401,6.951937
514300118851992,4,0.000917,-0.004174,-0.001169
514300132575757,1,-0.002709,6.935159,6.917252
514300137827324,4,-0.000062,-0.001819,-0.001873
514300151515151,1,-0.006533,6.935680,6.920537
514300156802656,4,-0.001336,0.000584,-0.000375
514300160753768,2,0.284810,0.013052,-41.648447
514300170454545,1,0.004508,6.927141,6.930848
514300175777988,4,-0.004476,-0.004241,-0.001214
514300189393939,1,-0.007220,6.956576,6.934187
514300194753320,4,0.000915,-0.005495,-0.000999
514300208333333,1,-0.012693,6.944219,6.919699
514300211005025,2,0.128511,0.059707,-41.433839
514300213728652,4,-0.001052,0.002777,-0.000770
514300227272727,1,0.002506,6.910833,6.918410
514300232703984,4,0.000766,0.000283,-0.004261
514300246212121,1,0.002362,6.943210,6.936405
514300251679316,4,0.001536,0.000431,0.001017
514300261256281,2,-0.063863,0.067574,-41.532290
514300265151515,1,-0.001388,6.930735,6.916606
514300270654648,4,0.007852,-0.004168,0.003449
514300284090909,1,-0.008638,6.928821,6.947034
514300289629981,4,-0.000575,0.000575,-0.000091
514300303030303,1,0.004123,6.913192,6.938238
514300308605313,4,-0.000848,-0.001140,0.000659
514300311507537,2,0.083391,-0.285742,-41.558107
514300321969696,1,-0.004621,6.926226,6.941689
514300327580645,4,-0.003034,0.001501,-0.000832
514300340909090,1,0.012372,6.945524,6.924278
514300346555977,4,-0.002260,-0.000900,0.002514
514300359848484,1,-0.003711,6.938324,6.946055
514300361758793,2,0.258323,-0.115060,-41.583602
514300365531309,4,-0.001071,0.000717,-0.001462
514300378787878,1,-0.005750,6.932121,6.921073
514300384506641,4,0.001516,0.001371,0.003697
514300397727272,1,-0.014354,6.944099,6.950624
514300403481973,4,-0.000351,0.001337,0.000196
514300412010050,2,-0.067194,-0.182221,-41.824268
514300416666666,1,-0.000864,6.946391,6.938688
514300422457305,4,0.002592,-0.001438,0.001490
514300435606060,1,-0.007741,6.938685,6.952805
514300441432637,4,-0.000389,-0.000128,0.000184
514300454545454,1,-0.000430,6.953124,6.902912
514300460407969,4,0.000504,-0.000232,0.000429
514300462261306,2,-0.034588,0.020379,-41.500902
514300473484848,1,0.009863,6.935393,6.930761
514300479383301,4,0.003156,0.001971,0.001738
514300492424242,1,0.001101,6.910498,6.931713
514300498358633,4,-0.000911,-0.001778,0.001911
514300511363636,1,0.004285,6.952083,6.928129
514300512512562,2,-0.021732,0.006456,-41.339600
514300517333965,4,0.001752,0.002945,-0.001208
514300530303030,1,-0.009702,6.928328,6.945334
514300536309297,4,-0.000459,-0.003279,-0.000785
514300549242424,1,0.003945,6.927992,6.940508
514300555284629,4,0.001993,-0.000933,0.001281
514300562763819,2,-0.028567,-0.086112,-41.535195
514300568181818,1,0.001165,6.945972,6.925924
514300574259962,4,-0.000381,0.000648,-0.002295
514300587121212,1,-0.003932,6.929643,6.916787
514300593235294,4,0.000170,-0.005982,-0.000374
514300606060606,1,0.003553,6.937481,6.934410
514300612210626,4,-0.003261,0.002412,0.001555
514300613015075,2,0.086902,0.211804,-41.587247
514300624999999,1,-0.002815,6.917364,6.929301
514300631185958,4,0.000933,0.003042,-0.001898
514300643939393,1,-0.004113,6.924721,6.932413
514300650161290,4,0.003495,0.001864,-0.000473
514300662878787,1,0.004849,6.956983,6.936444
514300663266331,2,0.014840,0.050754,-41.641913
514300669136622,4,0.002271,-0.002213,-0.001649
514300681818181,1,0.003091,6.933455,6.911323
514300688111954,4,-0.001217,-0.001058,-0.002113
514300700757575,1,-0.000318,6.935071,6.963908
514300707087286,4,0.002446,-0.000518,0.000705
514300713517587,2,0.003063,-0.219851,-41.758383
514300719696969,1,-0.002308,6.937967,6.933932
514300726062618,4,-0.001141,-0.003641,0.000540
514300738636363,1,-0.014024,6.948063,6.943372
514300745037950,4,-0.003825,-0.000137,-0.002737
514300757575757,1,0.009492,6.923436,6.951182
514300763768844,2,0.055012,-0.057581,-41.462684
514300764013282,4,0.003975,0.001823,0.000212
514300776515151,1,-0.016822,6.941391,6.960634
514300782988614,4,0.002527,-0.001693,0.001087
514300795454545,1,-0.011886,6.927553,6.935545
514300801963946,4,0.000400,0.000528,0.002545
514300814020100,2,-0.002684,-0.146460,-41.499814
514300814393939,1,-0.006042,6.915741,6.935171
514300820939278,4,0.001465,0.000577,-0.003310
514300833333333,1,-0.012748,6.940032,6.923316
514300839914611,4,-0.001920,-0.000245,0.000187
514300852272727,1,0.018599,6.924950,6.930484
514300858889943,4,-0.002260,0.004823,0.003033
514300864271356,2,-0.184965,0.208646,-41.696421
514300871212121,1,0.009762,6.919578,6.937078
514300877865275,4,0.001204,0.000144,-0.000424
514300890151515,1,0.015686,6.915059,6.936564
514300896840607,4,-0.001904,0.000155,0.000516
514300909090909,1,0.003119,6.943731,6.919505
514300914522613,2,-0.029368,-0.156341,-41.407463
514300915815939,4,-0.002484,0.000668,-0.000311
514300928030303,1,-0.015845,6.940612,6.937913
514300934791271,4,-0.003816,-0.001721,-0.000827
514300946969696,1,0.003006,6.938506,6.926188
514300953766603,4,0.003775,0.001113,-0.002671
514300964773869,2,-0.049715,-0.077800,-41.365046
514300965909090,1,0.002787,6.937866,6.925776
514300972741935,4,0.000972,-0.003095,0.002165
514300984848484,1,0.022389,6.940035,6.920053
514300991717267,4,-0.000942,-0.000187,0.002652
514301003787878,1,0.007879,6.922653,6.943794
514301010692599,4,-0.002574,-0.002794,-0.001167
514301015025125,2,0.004415,0.077497,-41.640225
514301022727272,1,0.013903,6.924501,6.945909
514301029667931,4,0.002077,-0.003039,-0.005664
514301041666666,1,0.004953,6.944213,6.957110
514301048643263,4,-0.000902,0.001103,0.002401
514301060606060,1,-0.002945,6.925304,6.923675
514301065276381,2,-0.210723,0.016081,-41.540853
514301067618595,4,-0.000926,-0.000823,0.002308
514301079545454,1,-0.009790,6.933423,6.938443
514301086593927,4,-0.003739,-0.000777,0.000381
514301098484848,1,0.003320,6.944275,6.934505
514301105569259,4,0.000898,-0.001020,0.000069
514301115527638,2,0.093965,-0.011986,-41.462265
514301117424242,1,0.017442,6.931173,6.966991
514301124544592,4,-0.004977,-0.001316,0.000907
514301136363636,1,0.007508,6.924063,6.921498
514301143519924,4,-0.001965,0.000118,0.000894
514301155303030,1,0.005790,6.931667,6.942917
514301162495256,4,-0.000685,0.000341,-0.001925
514301165778894,2,-0.243507,0.283266,-41.517662
514301174242424,1,0.005679,6.933475,6.924187
514301181470588,4,-0.000413,0.001220,0.000314
514301193181818,1,-0.018178,6.928991,6.944626
514301200445920,4,-0.001173,0.000448,0.001429
514301212121212,1,0.002569,6.919400,6.936427
514301216030150,2,0.104638,-0.125414,-41.446824
514301219421252,4,-0.004100,0.002318,-0.000673
514301231060606,1,0.004624,6.923742,6.936193
514301238396584,4,0.000851,0.002394,-0.002743
514301250000000,1,0.000699,6.920633,6.938642
514301257371916,4,-0.001419,-0.000577,-0.001568
514301266281407,2,-0.195427,0.067810,-41.546422
514301268939393,1,0.006729,6.947345,6.946994
514301276347248,4,0.003470,-0.001714,-0.001111
514301287878787,1,-0.016532,6.923095,6.940529
514301295322580,4,0.000409,-0.002404,-0.000791
514301306818181,1,0.006165,6.940529,6.980581
514301314297912,4,0.000635,-0.000666,-0.000187
514301316532663,2,0.004379,0.104696,-41.677907
514301325757575,1,0.006851,6.947976,6.945797
514301333273244,4,-0.001059,-0.003029,0.000643
514301344696969,1,0.007817,6.930565,6.943456
514301352248576,4,0.003510,0.000037,0.000451
514301363636363,1,-0.009274,6.931507,6.928524
514301366783919,2,-0.102674,0.068599,-41.178293
514301371223908,4,0.001385,-0.002539,0.003405
514301382575757,1,0.000982,6.962125,6.911942
514301390199240,4,0.000405,0.003264,-0.001466
514301401515151,1,0.008235,6.914996,6.928686
514301409174573,4,0.003636,0.001550,0.001106
514301417035175,2,-0.020712,0.088670,-41.509072
514301420454545,1,0.013067,6.935120,6.921416
514301428149905,4,0.000468,-0.000497,0.002401
514301439393939,1,-0.008584,6.942504,6.925584
514301447125237,4,0.000281,-0.003934,-0.002234
514301458333333,1,0.002598,6.934896,6.926530
514301466100569,4,-0.000372,0.000620,-0.000113
514301467286432,2,0.291337,-0.262083,-41.478833
514301477272727,1,0.025727,6.941956,6.910047
514301485075901,4,0.002438,-0.003902,0.000287
514301496212121,1,0.002237,6.926407,6.944578
514301504051233,4,-0.003636,0.001519,-0.000189
514301515151515,1,-0.009510,6.932972,6.940409
514301517537688,2,-0.243832,-0.375986,-41.448407
514301523026565,4,0.000839,-0.001728,0.002559
514301534090909,1,0.010389,6.919945,6.930335
514301542001897,4,0.002083,0.001167,-0.000259
514301553030303,1,-0.005699,6.926509,6.955534
514301560977229,4,0.001160,-0.001414,0.001711
514301567788944,2,0.020925,-0.042726,-41.508955
514301571969696,1,0.004860,6.919218,6.945363
514301579952561,4,0.003299,0.002141,-0.001459
514301590909090,1,0.025466,6.946738,6.916116
514301598927893,4,0.000723,-0.002586,0.001145
514301609848484,1,-0.005811,6.949552,6.925857
514301617903225,4,0.000901,-0.003740,-0.002324
514301618040201,2,0.464745,-0.038726,-41.416507
514301628787878,1,0.005326,6.943644,6.923226
514301636878557,4,-0.000566,-0.000602,-0.002419
514301647727272,1,-0.000714,6.895454,6.922056
514301655853889,4,0.000778,0.000503,-0.000389
514301666666666,1,-0.003031,6.919375,6.953938
514301668291457,2,-0.097405,0.044285,-41.528761
514301674829222,4,-0.001512,0.002097,0.003311
514301685606060,1,-0.017162,6.929068,6.935918
514301693804554,4,-0.000967,-0.001224,0.000982
514301704545454,1,0.017295,6.917118,6.948307
514301712779886,4,-0.000716,-0.000279,0.001479
514301718542713,2,-0.061578,0.272835,-41.316448
514301723484848,1,0.000123,6.922571,6.939894
514301731755218,4,-0.003819,0.002637,0.000145
514301742424242,1,0.002389,6.927146,6.935186
514301750730550,4,-0.000823,-0.000178,-0.000075
514301761363636,1,-0.004624,6.935711,6.942294
514301768793969,2,0.020512,-0.345632,-41.547177
514301769705882,4,-0.003462,0.002990,0.000083
514301780303030,1,0.019032,6.919495,6.959945
514301788681214,4,0.000886,0.001903,-0.002042
514301799242424,1,-0.023425,6.932527,6.941409
514301807656546,4,0.000947,-0.000535,0.001694
514301818181818,1,0.003372,6.926876,6.931851
514301819045226,2,0.405454,-0.034599,-41.327543
514301826631878,4,-0.004254,-0.000198,-0.001206
514301837121212,1,-0.005916,6.927276,6.944544
514301845607210,4,0.000865,0.000940,-0.001415
514301856060606,1,0.004284,6.926034,6.945144
514301864582542,4,-0.001424,-0.000221,-0.001793
514301869296482,2,0.216291,0.032845,-41.619299
514301875000000,1,0.003688,6.944103,6.941904
514301883557874,4,0.001684,-0.000738,-0.005814
514301893939393,1,-0.009948,6.927627,6.943316
514301902533206,4,-0.000750,-0.002077,-0.003263
514301912878787,1,0.007324,6.934098,6.935757
514301919547738,2,-0.365297,0.102624,-41.615239
514301921508538,4,-0.002475,0.000219,0.002657
514301931818181,1,0.015332,6.927250,6.940914
514301940483870,4,0.000626,-0.001213,0.000912
514301950757575,1,-0.002426,6.931737,6.947534
514301959459203,4,-0.000918,-0.001389,-0.002309
514301969696969,1,0.009905,6.944111,6.950014
514301969798994,2,0.026423,-0.187473,-41.532812
514301978434535,4,-0.003504,-0.000780,0.000316
514301988636363,1,0.000252,6.942532,6.930626
514301997409867,4,-0.000193,-0.000832,-0.001891
514302007575757,1,0.025489,6.069693,8.185875
514302016385199,4,0.001216,-0.280591,-0.276405
514302020050251,2,-0.226684,0.039642,-41.659602
514302026515151,1,0.081835,6.580126,8.640712
514302035360531,4,-0.002004,-0.275097,-0.276526
514302045454545,1,0.112779,7.110299,8.983055
514302054335863,4,-0.001003,-0.264130,-0.265049
514302064393939,1,0.179745,7.659042,9.236782
514302070301507,2,-0.613387,-0.097112,-41.736619
514302073311195,4,0.001957,-0.254464,-0.257715
514302083333333,1,0.209298,8.135120,9.384913
514302092286527,4,-0.000662,-0.243557,-0.239335
514302102272727,1,0.233396,8.596942,9.424641
514302111261859,4,-0.002394,-0.223913,-0.223915
514302120552763,2,-1.306627,-0.014915,-41.448867
514302121212121,1,0.256212,8.945644,9.359499
514302130237191,4,0.003659,-0.207629,-0.205385
514302140151515,1,0.276674,9.212130,9.174647
514302149212523,4,0.004563,-0.186774,-0.188609
514302159090909,1,0.297147,9.384183,8.880653
514302168187855,4,-0.003760,-0.160709,-0.165900
514302170804020,2,-1.479591,-0.069665,-41.476772
514302178030303,1,0.302346,9.429252,8.494439
514302187163187,4,-0.000745,-0.135990,-0.136494
514302196969696,1,0.292285,9.385968,8.067639
514302206138519,4,0.000851,-0.109576,-0.107463
514302215909090,1,0.317459,9.228951,7.562541
514302221055276,2,-2.107903,0.077567,-41.419864
514302225113851,4,-0.001905,-0.083265,-0.083456
514302234848484,1,0.297319,8.932787,7.035554
514302244089184,4,0.001660,-0.051058,-0.051957
514302253787878,1,0.292031,8.583427,6.492058
514302263064516,4,0.002367,-0.025555,-0.019865
514302271306532,2,-2.108291,-0.336171,-41.225894
514302272727272,1,0.300674,8.157986,5.986154
514302282039848,4,0.003046,0.008199,0.010291
514302291666666,1,0.299594,7.653334,5.510889
514302301015180,4,-0.003313,0.035528,0.035106
514302310606060,1,0.299059,7.118684,5.109457
514302319990512,4,0.001443,0.063905,0.067520
514302321557788,2,-2.168503,-0.136196,-41.391770
514302329545454,1,0.289348,6.584374,4.789818
514302338965844,4,0.002741,0.096065,0.095242
514302348484848,1,0.317921,6.077604,4.583074
514302357941176,4,-0.001976,0.120561,0.124754
514302367424242,1,0.291474,5.598678,4.441060
514302371809045,2,-1.943924,-0.261576,-41.774069
514302376916508,4,0.001559,0.148351,0.147593
514302386363636,1,0.323930,5.162536,4.424084
514302395891840,4,-0.004052,0.170754,0.176718
514302405303030,1,0.282741,4.811669,4.537072
514302414867172,4,-0.002561,0.195752,0.197388
514302422060301,2,-1.294852,-0.105511,-41.030202
514302424242424,1,0.267116,4.600072,4.765648
514302433842504,4,-0.002510,0.215973,0.217480
514302443181818,1,0.278085,4.477893,5.071766
514302452817836,4,0.000025,0.239091,0.230017
514302462121212,1,0.216694,4.453757,5.464454
514302471793168,4,0.002117,0.248075,0.249964
514302472311557,2,-1.077993,-0.148617,-41.567436
514302481060606,1,0.213972,4.557398,5.942357
514302490768500,4,0.000883,0.259163,0.261087
514302500000000,1,0.129198,4.764582,6.458975
514302509743833,4,-0.003716,0.271046,0.270436
514302518939393,1,0.116787,5.034656,6.986735
514302522562814,2,-0.343460,-0.072270,-41.399437
514302528719165,4,0.001277,0.278063,0.276682
514302537878787,1,0.050221,5.446241,7.518902
514302547694497,4,0.000296,0.277117,0.277454
514302556818181,1,0.003871,5.893297,8.025502
514302566669829,4,0.002373,0.281476,0.278127
514302572814070,2,0.052798,-0.207719,-41.762278
514302575757575,1,-0.055778,6.420219,8.488198
514302585645161,4,0.000092,0.273314,0.277469
514302594696969,1,-0.122073,6.927855,8.876309
514302604620493,4,0.001331,0.272361,0.266722
514302613636363,1,-0.151753,7.469433,9.172373
514302623065326,2,0.429485,-0.084727,-41.531156
514302623595825,4,-0.000756,0.259208,0.260038
514302632575757,1,-0.195747,8.000294,9.345467
514302642571157,4,-0.000431,0.244290,0.247799
514302651515151,1,-0.206926,8.467267,9.421994
514302661546489,4,0.001442,0.228664,0.233207
514302670454545,1,-0.247090,8.845278,9.407520
514302673316582,2,1.170313,0.167218,-41.289528
514302680521821,4,0.002340,0.212574,0.212465
514302689393939,1,-0.290017,9.150456,9.257278
514302699497153,4,0.001108,0.189949,0.191732
514302708333333,1,-0.312388,9.332135,8.967659
514302718472485,4,-0.004305,0.170587,0.165711
514302723567839,2,1.615122,-0.302535,-41.544585
514302727272727,1,-0.301529,9.449151,8.663320
514302737447817,4,0.003007,0.143394,0.143631
514302746212121,1,-0.299922,9.440099,8.203334
514302756423149,4,-0.001255,0.117042,0.120455
514302765151515,1,-0.320764,9.286656,7.739963
514302773819095,2,1.842038,-0.143599,-41.552655
514302775398481,4,-0.004976,0.092382,0.090504
514302784090909,1,-0.298711,9.022158,7.212709
514302794373814,4,-0.002414,0.058854,0.064357
514302803030303,1,-0.311754,8.718549,6.683370
514302813349146,4,-0.001891,0.029173,0.033754
514302821969696,1,-0.305927,8.287199,6.142636
514302824070351,2,1.945833,-0.108380,-41.537958
514302832324478,4,0.000677,-0.000283,0.002026
514302840909090,1,-0.295258,7.826070,5.654992
514302851299810,4,-0.002052,-0.026111,-0.026190
514302859848484,1,-0.289676,7.289763,5.226207
514302870275142,4,0.001064,-0.057169,-0.054370
514302874321608,2,2.023258,0.006184,-41.581751
514302878787878,1,-0.299140,6.749178,4.875123
514302889250474,4,-0.000001,-0.089170,-0.085907
514302897727272,1,-0.314373,6.259016,4.621584
514302908225806,4,0.004172,-0.116751,-0.115444
514302916666666,1,-0.309301,5.744221,4.464503
514302924572864,2,1.971245,-0.185250,-41.697456
514302927201138,4,0.000833,-0.141425,-0.143282
514302935606060,1,-0.301764,5.310145,4.432063
514302946176470,4,0.002244,-0.161647,-0.165895
514302954545454,1,-0.299479,4.931923,4.491217
514302965151802,4,-0.001808,-0.192442,-0.188828
514302973484848,1,-0.309151,4.648256,4.693640
514302974824120,2,1.483468,-0.147142,-41.420302
514302984127134,4,0.002208,-0.209273,-0.210228
514302992424242,1,-0.243529,4.495048,4.969705
514303003102466,4,-0.001179,-0.230869,-0.227015
514303011363636,1,-0.233941,4.478278,5.351541
514303022077798,4,0.001828,-0.247607,-0.241335
514303025075376,2,0.596977,0.197817,-41.381131
514303030303030,1,-0.206150,4.487473,5.766740
514303041053130,4,0.001148,-0.254734,-0.260217
514303049242424,1,-0.162083,4.659184,6.268949
514303060028462,4,-0.002732,-0.267886,-0.266583
514303068181818,1,-0.126161,4.928613,6.835457
514303075326633,2,0.186582,-0.223859,-41.240144
514303079003795,4,0.003593,-0.273154,-0.275051
514303087121212,1,-0.057160,5.306379,7.367140
514303097979127,4,-0.002053,-0.275925,-0.280315
514303106060606,1,-0.013479,5.735924,7.882361
514303116954459,4,0.003257,-0.279571,-0.275821
514303125000000,1,0.045965,6.228408,8.333500
514303125577889,2,-0.277987,-0.125465,-41.832596
514303135929791,4,0.001358,-0.276684,-0.277449
514303143939393,1,0.081328,6.751059,8.754039
514303154905123,4,-0.000682,-0.269781,-0.270484
514303162878787,1,0.163505,7.285772,9.073673
514303173880455,4,-0.001188,-0.262084,-0.261596
514303175829145,2,-0.785545,-0.040632,-41.379228
514303181818181,1,0.176249,7.815238,9.285873
514303192855787,4,-0.004257,-0.248941,-0.251816
514303200757575,1,0.210590,8.300084,9.400852
514303211831119,4,-0.002307,-0.238462,-0.238675
514303219696969,1,0.253799,8.715304,9.412224
514303226080402,2,-1.449329,-0.246564,-41.406861
514303230806451,4,-0.002711,-0.219031,-0.213706
514303238636363,1,0.261783,9.044316,9.314685
514303249781783,4,-0.001052,-0.197280,-0.196835
514303257575757,1,0.293718,9.278419,9.088623
514303268757115,4,0.000262,-0.175540,-0.177775
514303276331658,2,-1.495349,-0.268361,-41.298111
514303276515151,1,0.305545,9.401689,8.777017
514303287732447,4,0.002902,-0.147502,-0.154482
514303295454545,1,0.292430,9.446802,8.360130
514303306707779,4,-0.002048,-0.125670,-0.127039
514303314393939,1,0.279067,9.324512,7.902697
514303325683111,4,0.001012,-0.099121,-0.093335
514303326582914,2,-1.915485,0.119249,-41.459038
514303333333333,1,0.302187,9.127552,7.397969
514303344658444,4,0.002381,-0.068671,-0.067042
514303352272727,1,0.276857,8.831681,6.842671
514303363633776,4,0.002212,-0.040860,-0.041364
514303371212121,1,0.287182,8.440838,6.316821
514303376834170,2,-2.420251,-0.073098,-41.283701
514303382609108,4,0.000156,-0.008188,-0.009633
514303390151515,1,0.289779,7.991811,5.817417
514303401584440,4,-0.003154,0.018418,0.019876
514303409090909,1,0.305213,7.458374,5.378117
514303420559772,4,-0.000151,0.053673,0.046956
514303427085427,2,-2.133234,-0.106412,-41.471229
514303428030303,1,0.314390,6.910395,4.980536
514303439535104,4,0.001011,0.081839,0.083404
514303446969696,1,0.306279,6.405958,4.701279
514303458510436,4,-0.000809,0.108069,0.108226
514303465909090,1,0.293580,5.902257,4.503510
514303477336683,2,-2.231214,0.211784,-41.589314
514303477485768,4,0.000391,0.133882,0.134952
514303484848484,1,0.314117,5.444722,4.428594
514303496461100,4,-0.005064,0.160895,0.159783
514303503787878,1,0.290727,5.044864,4.452858
514303515436432,4,-0.000445,0.187241,0.181797
514303522727272,1,0.290819,4.741152,4.607869
514303527587939,2,-1.373483,-0.038333,-41.279055
514303534411764,4,-0.000806,0.208640,0.202992
514303541666666,1,0.295053,4.552491,4.852980
514303553387096,4,-0.001100,0.223518,0.225493
514303560606060,1,0.261456,4.442657,5.179551
514303572362428,4,0.000416,0.237807,0.239328
514303577839195,2,-0.925067,-0.046957,-41.615335
514303579545454,1,0.204353,4.444639,5.625637
514303591337760,4,-0.001215,0.254054,0.255060
514303598484848,1,0.178839,4.619898,6.118861
514303610313092,4,0.000836,0.261548,0.267228
514303617424242,1,0.131734,4.849553,6.610515
514303628090452,2,-0.323597,-0.283384,-41.393774
514303629288425,4,0.000505,0.275711,0.273830
514303636363636,1,0.087850,5.184874,7.154545
514303648263757,4,0.002203,0.278577,0.280337
514303655303030,1,0.046080,5.596583,7.691179
514303667239089,4,0.001045,0.278957,0.283698
514303674242424,1,-0.014006,6.098503,8.186894
514303678341708,2,-0.029724,0.187623,-41.468611
514303686214421,4,0.001778,0.278598,0.274898
514303693181818,1,-0.071714,6.584432,8.605405
514303705189753,4,-0.002577,0.273142,0.272848
514303712121212,1,-0.114887,7.114596,8.970016
514303724165085,4,-0.001228,0.264810,0.267705
514303728592964,2,0.799271,0.006348,-41.749932
514303731060606,1,-0.175977,7.657301,9.233246
514303743140417,4,0.001391,0.251174,0.253233
514303750000000,1,-0.196994,8.139767,9.380765
514303762115749,4,-0.001610,0.238694,0.238642
514303768939393,1,-0.253268,8.579909,9.430934
514303778844221,2,1.084487,0.083103,-41.450272
514303781091081,4,-0.000955,0.220217,0.222472
514303787878787,1,-0.257034,8.938435,9.364979
514303800066413,4,-0.001121,0.197564,0.207529
514303806818181,1,-0.267171,9.226958,9.194244
514303819041745,4,0.002178,0.181027,0.181817
514303825757575,1,-0.303493,9.375331,8.864961
514303829095477,2,1.804112,0.028570,-41.606110
514303838017077,4,-0.002343,0.161436,0.161839
514303844696969,1,-0.281609,9.454481,8.510662
514303856992409,4,0.000313,0.134539,0.132842
514303863636363,1,-0.297547,9.375024,8.093257
514303875967741,4,-0.002673,0.104591,0.105679
514303879346733,2,1.790333,-0.028558,-41.796137
514303882575757,1,-0.298204,9.219972,7.573169
514303894943074,4,-0.000909,0.076688,0.076943
514303901515151,1,-0.291775,8.947503,7.026290
514303913918406,4,-0.000162,0.048053,0.045828
514303920454545,1,-0.289837,8.602139,6.518130
514303929597989,2,2.290474,0.016080,-41.258788
514303932893738,4,-0.001434,0.015652,0.020176
514303939393939,1,-0.275324,8.133458,5.975584
514303951869070,4,-0.004211,-0.009410,-0.008944
514303958333333,1,-0.296283,7.645721,5.528834
514303970844402,4,-0.000604,-0.046726,-0.042242
514303977272727,1,-0.316679,7.136887,5.106389
514303979849246,2,1.768747,0.138145,-41.109762
514303989819734,4,-0.000128,-0.072866,-0.071876
514303996212121,1,-0.303747,6.571935,4.763984
514304008795066,4,0.003060,-0.098026,-0.101205
514304015151515,1,-0.290630,6.066973,4.541757
514304027770398,4,-0.003195,-0.127377,-0.127150
514304030100502,2,1.613409,0.076128,-41.453277
514304034090909,1,-0.316223,5.584180,4.458888
514304046745730,4,0.000992,-0.153704,-0.151610
514304053030303,1,-0.300767,5.154198,4.431211
514304065721062,4,0.003870,-0.175156,-0.176883
514304071969696,1,-0.293206,4.804793,4.542730
514304080351758,2,1.240310,0.047807,-41.341860
514304084696394,4,-0.000366,-0.199621,-0.196546
514304090909090,1,-0.278997,4.606622,4.783735
514304103671726,4,-0.001255,-0.218650,-0.218638
514304109848484,1,-0.242052,4.463261,5.065411
514304122647058,4,-0.001004,-0.238802,-0.235411
514304128787878,1,-0.196595,4.448564,5.480464
514304130603015,2,0.924009,0.162489,-41.730642
514304141622390,4,-0.000122,-0.249657,-0.251725
514304147727272,1,-0.192284,4.545622,5.946255
514304160597722,4,0.002442,-0.264129,-0.258951
514304166666666,1,-0.156640,4.741773,6.459956
514304179573055,4,-0.003495,-0.270206,-0.270124
514304180854271,2,0.250571,0.017773,-41.486502
514304185606060,1,-0.108454,5.045235,6.995205
514304198548387,4,-0.001591,-0.275808,-0.274098
514304204545454,1,-0.053218,5.463725,7.492491
514304217523719,4,-0.004434,-0.278051,-0.284043
514304223484848,1,0.016702,5.921062,8.002330
514304231105527,2,-0.210338,0.121312,-41.413264
514304236499051,4,-0.001931,-0.274987,-0.279409
514304242424242,1,0.053110,6.409589,8.462769
514304255474383,4,-0.002348,-0.274630,-0.270098
514304261363636,1,0.099243,6.932938,8.882004
514304274449715,4,-0.003663,-0.269171,-0.264073
514304280303030,1,0.166969,7.493674,9.162419
514304281356783,2,-0.543480,-0.023916,-41.397193
514304293425047,4,0.003715,-0.257037,-0.259308
514304299242424,1,0.183586,7.979848,9.350529
514304312400379,4,0.004192,-0.240449,-0.242280
514304318181818,1,0.216990,8.454759,9.422097
514304331375711,4,-0.001625,-0.227741,-0.227964
514304331608040,2,-1.254270,0.291075,-41.597910
514304337121212,1,0.254251,8.846065,9.396428
514304350351043,4,0.000662,-0.206128,-0.207271
514304356060606,1,0.274107,9.156136,9.231604
514304369326375,4,-0.002155,-0.185259,-0.187386
514304375000000,1,0.298674,9.353452,8.988415
514304381859296,2,-1.291369,-0.025916,-41.668204
514304388301707,4,0.001374,-0.161899,-0.167055
514304393939393,1,0.302209,9.425527,8.656380
514304407277039,4,-0.000072,-0.140818,-0.142891
514304412878787,1,0.298592,9.414283,8.232484
514304426252371,4,0.000693,-0.108048,-0.116752
514304431818181,1,0.291872,9.270421,7.716675
514304432110552,2,-1.692681,-0.024565,-41.321907
514304445227703,4,-0.000065,-0.083806,-0.084841
514304450757575,1,0.305591,9.031602,7.234836
514304464203036,4,-0.000226,-0.058722,-0.055658
514304469696969,1,0.271118,8.730870,6.681503
514304482361809,2,-1.852921,0.000657,-41.531825
514304483178368,4,-0.001514,-0.030894,-0.024125
514304488636363,1,0.293488,8.286826,6.160136
514304502153700,4,0.001917,0.003503,0.003858
514304507575757,1,0.294054,7.827848,5.668191
514304521129032,4,0.002149,0.033723,0.035083
514304526515151,1,0.297528,7.291762,5.235038
514304532613065,2,-1.865646,-0.048725,-41.341309
514304540104364,4,-0.000595,0.065391,0.063408
514304545454545,1,0.301549,6.741079,4.865589
514304559079696,4,0.000388,0.088997,0.092111
514304564393939,1,0.308918,6.237490,4.618953
514304578055028,4,-0.001664,0.117978,0.117623
514304582864321,2,-2.149403,0.026814,-41.548581
514304583333333,1,0.301126,5.745824,4.459374
514304597030360,4,-0.002132,0.149849,0.148262
514304602272727,1,0.289772,5.305125,4.411232
514304616005692,4,0.003841,0.167824,0.170413
514304621212121,1,0.298012,4.918401,4.506867
514304633115577,2,-1.246242,0.066541,-41.430125
514304634981024,4,-0.002587,0.191591,0.191146
514304640151515,1,0.287199,4.669511,4.689029
514304653956356,4,0.002479,0.212682,0.215611
514304659090909,1,0.283255,4.510209,4.940696
514304672931688,4,0.001208,0.236118,0.228552
514304678030303,1,0.222321,4.433834,5.338419
514304683366834,2,-0.969179,-0.162857,-41.236446
514304691907020,4,0.002518,0.249177,0.244938
514304696969696,1,0.210827,4.490230,5.788259
514304710882352,4,0.002014,0.260090,0.258963
514304715909090,1,0.155460,4.660922,6.269136
514304729857685,4,-0.001648,0.267530,0.273067
514304733618090,2,-0.207470,0.055849,-41.251378
514304734848484,1,0.107323,4.925371,6.803500
514304748833017,4,0.000001,0.276988,0.273842
514304753787878,1,0.080383,5.295082,7.380969
514304767808349,4,-0.001560,0.280875,0.276012
514304772727272,1,0.020328,5.748477,7.853783
514304783869346,2,-0.014828,-0.119627,-41.486827
514304786783681,4,-0.000830,0.278861,0.279015
514304791666666,1,-0.031094,6.233947,8.337248
514304805759013,4,-0.000358,0.276459,0.277053
514304810606060,1,-0.061114,6.766500,8.756716
514304824734345,4,0.001469,0.267399,0.268803
514304829545454,1,-0.149030,7.302135,9.088167
514304834120603,2,0.706822,-0.064059,-41.407400
514304843709677,4,0.002390,0.261765,0.257230
514304848484848,1,-0.191581,7.842833,9.301475
514304862685009,4,0.000703,0.243634,0.247685
514304867424242,1,-0.227708,8.307091,9.422494
514304881660341,4,0.003796,0.230462,0.230689
514304884371859,2,1.206910,-0.165994,-41.398959
514304886363636,1,-0.243092,8.697064,9.406366
514304900635673,4,0.001528,0.211366,0.213186
514304905303030,1,-0.275644,9.050344,9.313069
514304919611005,4,0.001193,0.192810,0.193606
514304924242424,1,-0.285575,9.274125,9.091993
514304934623115,2,1.716492,-0.004650,-41.289759
514304938586337,4,0.001488,0.172316,0.172007
514304943181818,1,-0.289202,9.428439,8.783466
514304957561669,4,-0.000678,0.147635,0.146648
514304962121212,1,-0.290374,9.445465,8.368447
514304976537001,4,0.000916,0.119634,0.120262
514304981060606,1,-0.320657,9.349198,7.904612
514304984874371,2,1.702960,0.027305,-41.625681
514304995512333,4,-0.001980,0.092902,0.091350
514304999999999,1,-0.295811,9.123083,7.377333
514305014487666,4,-0.002228,0.064765,0.064673
514305018939393,1,-0.284158,8.831999,6.865382
514305033462998,4,0.001566,0.033922,0.035600
514305035125628,2,1.865922,-0.144506,-41.584469
514305037878787,1,-0.294664,8.440626,6.338406
514305052438330,4,0.001102,0.005810,0.003269
514305056818181,1,-0.300587,7.980889,5.818793
514305071413662,4,0.000299,-0.024272,-0.024985
514305075757575,1,-0.300399,7.468221,5.374425
514305085376884,2,1.935469,-0.081237,-41.318338
514305090388994,4,-0.004173,-0.054312,-0.050207
514305094696969,1,-0.302836,6.955124,4.979363
514305109364326,4,-0.000720,-0.085093,-0.082890
514305113636363,1,-0.301597,6.403118,4.714189
514305128339658,4,0.000625,-0.109294,-0.114195
514305132575757,1,-0.298469,5.913600,4.487551
514305135628140,2,1.792517,-0.278712,-41.281148
514305147314990,4,0.001463,-0.137256,-0.138721
514305151515151,1,-0.296899,5.452344,4.425530
514305166290322,4,0.000677,-0.161543,-0.161857
514305170454545,1,-0.282884,5.044508,4.474961
514305185265654,4,-0.002286,-0.185245,-0.187015
514305185879396,2,1.390566,-0.036526,-41.398328
514305189393939,1,-0.258499,4.741849,4.599045
514305204240986,4,0.000146,-0.207872,-0.208319
514305208333333,1,-0.252707,4.560992,4.850618
514305223216318,4,0.002383,-0.226927,-0.228999
514305227272727,1,-0.252084,4.444172,5.187875
514305236130653,2,1.099755,0.150331,-41.407379
514305242191650,4,-0.000787,-0.242535,-0.240434
514305246212121,1,-0.227474,4.455039,5.620641
514305261166982,4,0.001206,-0.257931,-0.251260
514305265151515,1,-0.179035,4.602591,6.133544
514305280142314,4,0.000530,-0.264071,-0.266925
514305284090909,1,-0.146343,4.851412,6.634480
514305286381909,2,0.408243,0.323303,-41.460395
514305299117647,4,0.001067,-0.272267,-0.271509
514305303030303,1,-0.085616,5.183722,7.158815
514305318092979,4,0.002115,-0.276374,-0.278749
514305321969696,1,-0.027766,5.594519,7.702072
514305336633165,2,-0.060321,0.144571,-41.455591
514305337068311,4,-0.001143,-0.278427,-0.277226
514305340909090,1,0.025069,6.100718,8.177058
514305356043643,4,-0.000445,-0.274725,-0.273950
514305359848484,1,0.068321,6.582467,8.608937
514305375018975,4,-0.001833,-0.273108,-0.271715
514305378787878,1,0.117202,7.139137,8.986204
514305386884422,2,-0.550915,0.369331,-41.529798
514305393994307,4,0.000615,-0.263940,-0.260187
514305397727272,1,0.163397,7.641564,9.234899
514305412969639,4,0.000848,-0.251245,-0.254195
514305416666666,1,0.202818,8.153482,9.386438
514305431944971,4,-0.002632,-0.236303,-0.241130
514305435606060,1,0.223333,8.603811,9.447957
514305437135678,2,-1.181855,0.001980,-41.316791
514305450920303,4,0.002025,-0.219998,-0.213196
514305454545454,1,0.258764,8.944848,9.357974
514305469895635,4,0.004616,-0.200335,-0.200185
514305473484848,1,0.287452,9.229899,9.195845
514305487386934,2,-1.792345,-0.324420,-41.551507
514305488870967,4,0.001991,-0.174555,-0.181238
514305492424242,1,0.292084,9.380687,8.869754
514305507846299,4,-0.003573,-0.155148,-0.152739
514305511363636,1,0.290790,9.446231,8.532864
514305526821631,4,0.000994,-0.125937,-0.130476
514305530303030,1,0.294695,9.391215,8.063711
514305537638190,2,-2.117868,-0.106032,-41.375344
514305545796963,4,-0.004632,-0.099060,-0.102432
514305549242424,1,0.314015,9.248982,7.558090
514305564772296,4,-0.004037,-0.072025,-0.070729
514305568181818,1,0.291674,8.957347,7.043958
514305583747628,4,-0.000244,-0.043939,-0.043342
514305587121212,1,0.317655,8.586562,6.497673
514305587889447,2,-2.162675,-0.263695,-41.432954
514305602722960,4,-0.000741,-0.015933,-0.014666
514305606060606,1,0.301530,8.152897,5.997305
514305621698292,4,0.001043,0.017346,0.017039
514305624999999,1,0.300860,7.657852,5.529735
514305638140703,2,-1.893450,-0.303612,-41.320625
514305640673624,4,-0.001990,0.046087,0.042096
514305643939393,1,0.312956,7.126317,5.106279
514305659648956,4,0.000357,0.078520,0.072714
514305662878787,1,0.300385,6.598558,4.774039
514305678624288,4,-0.001172,0.104663,0.106511
514305681818181,1,0.304932,6.061373,4.557581
514305688391959,2,-1.731984,0.101625,-41.268766
514305697599620,4,-0.000896,0.129766,0.127213
514305700757575,1,0.316024,5.590503,4.439417
514305716574952,4,0.000207,0.160873,0.157343
514305719696969,1,0.281334,5.181191,4.441906
514305735550284,4,-0.000045,0.181266,0.180600
514305738636363,1,0.315892,4.833462,4.546011
514305738643216,2,-1.207340,-0.081924,-41.448080
514305754525616,4,-0.001626,0.204025,0.202830
514305757575757,1,0.279218,4.617197,4.760404
514305773500948,4,0.000035,0.219856,0.224414
514305776515151,1,0.258919,4.473782,5.080928
514305788894472,2,-1.159699,-0.014216,-41.248582
514305792476280,4,0.001329,0.237578,0.240687
514305795454545,1,0.222118,4.450183,5.493180
514305811451612,4,-0.000995,0.251251,0.251296
514305814393939,1,0.179676,4.544840,5.939586
514305830426944,4,-0.003542,0.264981,0.260376
514305833333333,1,0.164097,4.730057,6.453642
514305839145728,2,-0.770322,-0.133053,-41.282553
514305849402277,4,-0.002457,0.268073,0.272052
514305852272727,1,0.106459,5.072576,6.993139
514305868377609,4,-0.000301,0.276625,0.275194
514305871212121,1,0.043496,5.468251,7.506926
514305887352941,4,-0.002344,0.280073,0.278043
514305889396984,2,0.158891,-0.054470,-41.364865
514305890151515,1,-0.029989,5.911389,8.021186
514305906328273,4,0.000633,0.276028,0.278160
514305909090909,1,-0.069477,6.422546,8.482584
514305925303605,4,0.002607,0.274429,0.272432
514305928030303,1,-0.115346,6.930901,8.871446
514305939648241,2,0.631048,0.220989,-41.477797
514305944278937,4,0.000514,0.265091,0.265588
514305946969696,1,-0.147939,7.477225,9.175919
514305963254269,4,-0.000651,0.254504,0.255257
514305965909090,1,-0.209976,7.967836,9.336354
514305982229601,4,-0.001987,0.239131,0.238385
514305984848484,1,-0.232202,8.449123,9.422086
514305989899497,2,1.260991,0.381526,-41.388535
514306001204933,4,-0.003201,0.222283,0.225036
514306003787878,1,-0.254525,8.822515,9.408422
514306020180265,4,-0.001786,0.206715,0.205757
514306022727272,1,-0.279424,9.155631,9.248689
514306039155597,4,-0.003937,0.185602,0.185914
514306040150753,2,1.552777,0.079569,-41.519020
514306041666666,1,-0.285802,9.353172,8.997503
514306058130929,4,-0.001988,0.161617,0.159064
514306060606060,1,-0.290583,9.456491,8.647650
514306077106261,4,0.000195,0.132883,0.131825
514306079545454,1,-0.292303,9.419479,8.237177
514306090402010,2,2.217716,-0.014699,-41.492257
514306096081593,4,-0.000766,0.108242,0.107694
514306098484848,1,-0.308441,9.308933,7.734873
514306115056925,4,-0.002368,0.079519,0.080857
514306117424242,1,-0.315488,9.048505,7.205606
514306134032258,4,-0.000090,0.051589,0.049884
514306136363636,1,-0.286013,8.702681,6.673617
514306140653266,2,1.899233,0.115131,-41.313496
514306153007590,4,0.002343,0.019188,0.022516
514306155303030,1,-0.317323,8.287938,6.126260
514306171982922,4,0.002364,-0.007429,-0.008796
514306174242424,1,-0.313513,7.823733,5.676250
514306190904522,2,1.952888,0.036873,-41.669715
514306190958254,4,-0.001057,-0.036154,-0.041072
514306193181818,1,-0.290619,7.284522,5.235149
514306209933586,4,-0.001940,-0.068416,-0.065146
514306212121212,1,-0.297899,6.747701,4.899808
514306228908918,4,0.000760,-0.098174,-0.096859
514306231060606,1,-0.289471,6.232788,4.621484
514306241155778,2,1.895753,0.025822,-41.194835
514306247884250,4,-0.001229,-0.125168,-0.121791
514306249999999,1,-0.298404,5.717152,4.462885
514306266859582,4,-0.002743,-0.146618,-0.148179
514306268939393,1,-0.307296,5.290756,4.419600
514306285834914,4,0.002182,-0.175125,-0.174499
514306287878787,1,-0.271541,4.946523,4.487663
514306291407035,2,1.443148,-0.221053,-41.598040
514306304810246,4,-0.002866,-0.197608,-0.195571
514306306818181,1,-0.274657,4.683231,4.688333
514306323785578,4,0.002592,-0.218871,-0.217388
514306325757575,1,-0.262553,4.490273,4.971165
514306341658291,2,0.923894,0.185259,-41.245490
514306342760910,4,-0.000303,-0.237055,-0.233081
514306344696969,1,-0.232954,4.452074,5.345728
514306361736242,4,-0.001448,-0.249566,-0.250079
514306363636363,1,-0.192020,4.492517,5.801826
514306380711574,4,-0.001579,-0.261235,-0.261652
514306382575757,1,-0.162153,4.693163,6.277746
514306391909547,2,0.647589,0.178862,-41.468600
514306399686907,4,-0.000744,-0.271718,-0.269622
514306401515151,1,-0.097570,4.943966,6.807394
514306418662239,4,0.003307,-0.275913,-0.274201
514306420454545,1,-0.073546,5.302631,7.354470
514306437637571,4,-0.002780,-0.278632,-0.281143
514306439393939,1,-0.008134,5.739375,7.863791
514306442160804,2,0.012184,-0.049964,-41.539576
514306456612903,4,-0.002954,-0.279973,-0.276110
514306458333333,1,0.065205,6.261586,8.341020
514306475588235,4,0.001900,-0.274351,-0.277902
514306477272727,1,0.092291,6.769093,8.750287
514306492412060,2,-0.780957,0.036009,-41.495447
514306494563567,4,-0.000393,-0.267414,-0.267667
514306496212121,1,0.128318,7.299466,9.046894
514306513538899,4,-0.003688,-0.259897,-0.258244
514306515151515,1,0.188848,7.828850,9.287184
514306532514231,4,0.001073,-0.249638,-0.245570
514306534090909,1,0.239846,8.284793,9.393251
514306542663316,2,-0.968021,-0.000027,-41.503376
514306551489563,4,0.000286,-0.227854,-0.228168
514306553030303,1,0.253247,8.728472,9.435299
514306570464895,4,0.001165,-0.212821,-0.215037
514306571969696,1,0.267167,9.064181,9.305159
514306589440227,4,-0.000786,-0.188456,-0.187672
514306590909090,1,0.285636,9.300753,9.095259
514306592914572,2,-1.654683,-0.017184,-41.354284
514306608415559,4,0.001421,-0.166648,-0.166747
514306609848484,1,0.277612,9.439440,8.787058
514306627390891,4,-0.001112,-0.142887,-0.139288
514306628787878,1,0.292875,9.444705,8.375218
514306643165829,2,-2.017301,-0.027974,-41.416974
514306646366223,4,-0.001885,-0.112877,-0.116750
514306647727272,1,0.303854,9.337439,7.894061
514306665341555,4,0.002651,-0.091064,-0.087079
514306666666666,1,0.298763,9.152476,7.396829
514306684316888,4,-0.001474,-0.062210,-0.058942
514306685606060,1,0.292348,8.841735,6.823021
514306693417085,2,-2.127316,-0.137387,-41.409225
514306703292220,4,0.002019,-0.031515,-0.032824
514306704545454,1,0.308789,8.419392,6.322797
514306722267552,4,-0.000184,-0.000103,0.001168
514306723484848,1,0.280958,7.964200,5.838270
514306741242884,4,0.001899,0.029849,0.033679
514306742424242,1,0.289573,7.476089,5.371196
514306743668341,2,-2.201660,0.002690,-41.577531
514306760218216,4,0.000448,0.058826,0.056296
514306761363636,1,0.302816,6.940977,4.974703
514306779193548,4,-0.000525,0.087713,0.090307
514306780303030,1,0.311310,6.402470,4.678147
514306793919597,2,-1.721541,0.307996,-41.579461
514306798168880,4,0.000925,0.113878,0.116581
514306799242424,1,0.295691,5.919227,4.515580
514306817144212,4,0.001343,0.145806,0.144525
514306818181818,1,0.295920,5.437477,4.420683
514306836119544,4,0.001522,0.167741,0.168397
514306837121212,1,0.320591,5.055299,4.463209
514306844170854,2,-1.499379,-0.139097,-41.306797
514306855094876,4,0.002499,0.187898,0.189865
514306856060606,1,0.298449,4.749069,4.601283
514306874070208,4,-0.001545,0.212073,0.213775
514306874999999,1,0.267792,4.541178,4.856446
514306893045540,4,-0.001194,0.224854,0.228810
514306893939393,1,0.255773,4.448177,5.212800
514306894422110,2,-1.341033,0.056111,-41.607997
514306912020872,4,0.001827,0.246389,0.246170
514306912878787,1,0.215481,4.468032,5.605877
514306930996204,4,-0.000560,0.255613,0.259201
514306931818181,1,0.189614,4.603938,6.126914
514306944673366,2,-0.661442,-0.159443,-41.364884
514306949971537,4,-0.001669,0.272426,0.269199
514306950757575,1,0.099608,4.864661,6.635373
514306968946869,4,-0.001161,0.273639,0.274676
514306969696969,1,0.098320,5.163145,7.179641
514306987922201,4,-0.000479,0.280737,0.278877
514306988636363,1,0.019714,5.585036,7.719131
514306994924623,2,-0.184327,0.082753,-41.544599
514307006897533,4,-0.001463,0.282723,0.279041
514307007575757,1,-0.023887,6.073864,8.195152
514307025872865,4,0.001538,0.274956,0.276898
514307026515151,1,-0.068744,6.591749,8.619983
514307044848197,4,0.000622,0.266446,0.274256
514307045175879,2,0.500400,0.018935,-41.604071
514307045454545,1,-0.096010,7.124178,8.971571
514307063823529,4,0.002581,0.260376,0.258965
514307064393939,1,-0.157638,7.664819,9.243486
514307082798861,4,0.000695,0.249284,0.249822
514307083333333,1,-0.201780,8.132171,9.403605
514307095427135,2,1.083790,0.216204,-41.596394
514307101774193,4,0.000383,0.235198,0.237080
514307102272727,1,-0.255279,8.588872,9.417355
514307120749525,4,0.001136,0.214467,0.219292
514307121212121,1,-0.266887,8.953446,9.358400
514307139724857,4,0.003281,0.202761,0.194210
514307140151515,1,-0.278376,9.241361,9.177165
514307145678391,2,1.678022,0.197502,-41.588237
514307158700189,4,0.000486,0.169923,0.175193
514307159090909,1,-0.297138,9.401836,8.900579
514307177675521,4,-0.001096,0.153562,0.148166
514307178030303,1,-0.314293,9.453797,8.519743
514307195929648,2,1.613361,0.004828,-41.534671
514307196650853,4,-0.003378,0.122678,0.119669
514307196969696,1,-0.304478,9.405038,8.062107
514307215626185,4,0.001502,0.091974,0.096161
514307215909090,1,-0.298248,9.216582,7.564647
514307234601518,4,-0.004156,0.066842,0.070769
514307234848484,1,-0.310702,8.927536,7.054910
514307246180904,2,2.294414,-0.043721,-41.564414
514307253576850,4,0.000721,0.036357,0.038022
514307253787878,1,-0.305658,8.567658,6.476144
514307272552182,4,0.000036,0.009193,0.005514
514307272727272,1,-0.302110,8.123716,6.007163
514307291527514,4,0.001185,-0.027092,-0.022943
514307291666666,1,-0.282655,7.636794,5.542733
514307296432160,2,1.863223,0.113508,-41.528726
514307310502846,4,-0.000977,-0.050098,-0.051320
514307310606060,1,-0.284588,7.114634,5.078292
514307329478178,4,-0.002811,-0.082426,-0.080058
514307329545454,1,-0.271133,6.567405,4.764098
514307346683417,2,1.900037,0.100123,-41.522417
514307348453510,4,-0.000158,-0.109779,-0.109583
514307348484848,1,-0.288237,6.095370,4.573848
514307367424242,1,-0.293915,5.595347,4.449101
514307367428842,4,0.001392,-0.136572,-0.135713
514307386363636,1,-0.288545,5.175610,4.435411
514307386404174,4,0.004340,-0.163741,-0.164597
514307396934673,2,1.592967,-0.033351,-41.359661
514307405303030,1,-0.290684,4.828108,4.540013
514307405379506,4,0.001567,-0.185757,-0.185036
514307424242424,1,-0.296541,4.597087,4.749684
514307424354838,4,-0.001562,-0.206304,-0.202588
514307443181818,1,-0.268814,4.468646,5.095393
514307443330170,4,0.001604,-0.223078,-0.227635
514307447185929,2,1.266433,-0.049741,-41.466755
514307462121212,1,-0.216456,4.429008,5.468421
514307462305502,4,-0.002302,-0.246913,-0.242853
514307481060606,1,-0.180705,4.531455,5.945292
514307481280834,4,0.001913,-0.253858,-0.255334
514307497437185,2,0.605307,-0.226909,-41.449119
514307499999999,1,-0.143155,4.736715,6.461614
514307500256166,4,-0.000045,-0.266994,-0.265207
514307518939393,1,-0.117941,5.046573,6.997765
514307519231499,4,0.001532,-0.276518,-0.272687
514307537878787,1,-0.069274,5.450963,7.524067
514307538206831,4,0.001865,-0.278642,-0.276411
514307547688442,2,0.374923,-0.132658,-41.608880
514307556818181,1,0.010233,5.908796,8.043580
514307557182163,4,0.005629,-0.279351,-0.278356
514307575757575,1,0.058725,6.408893,8.481126
514307576157495,4,-0.001476,-0.276900,-0.276342
514307594696969,1,0.115097,6.946851,8.861464
514307595132827,4,0.000390,-0.274232,-0.271780
514307597939698,2,-0.616834,0.105840,-41.422904
514307613636363,1,0.147317,7.470461,9.136928
514307614108159,4,0.002924,-0.263094,-0.262068
514307632575757,1,0.218130,7.971216,9.336342
514307633083491,4,-0.000474,-0.251254,-0.252196
514307648190954,2,-1.048161,-0.150352,-41.466521
514307651515151,1,0.223034,8.456942,9.421442
514307652058823,4,-0.001902,-0.237972,-0.240593
514307670454545,1,0.273722,8.829452,9.394445
514307671034155,4,-0.001266,-0.221341,-0.221125
514307689393939,1,0.268414,9.167966,9.230325
514307690009487,4,-0.002378,-0.200172,-0.201136
514307698442211,2,-1.714815,-0.004902,-41.335881
514307708333333,1,0.295001,9.353940,8.997096
514307708984819,4,-0.001409,-0.183588,-0.180803
514307727272727,1,0.296072,9.438983,8.645818
514307727960151,4,-0.000892,-0.156444,-0.157396
514307746212121,1,0.299047,9.432122,8.246422
514307746935483,4,-0.004015,-0.131801,-0.131636
514307748693467,2,-2.004661,-0.269699,-41.216289
514307765151515,1,0.293634,9.270885,7.734295
514307765910815,4,0.001267,-0.105268,-0.100515
514307784090909,1,0.329276,9.037323,7.233448
514307784886148,4,-0.003823,-0.072902,-0.075973
514307798944723,2,-2.099904,0.121741,-41.467475
514307803030303,1,0.316233,8.703870,6.685799
514307803861480,4,0.001719,-0.046149,-0.044030
514307821969696,1,0.314189,8.288816,6.152903
514307822836812,4,-0.000775,-0.018757,-0.013719
514307840909090,1,0.287526,7.802431,5.659029
514307841812144,4,-0.000227,0.013822,0.015849
514307849195979,2,-2.062733,0.015630,-41.575494
514307859848484,1,0.281038,7.296535,5.226482
514307860787476,4,-0.002064,0.044356,0.041985
514307878787878,1,0.300661,6.742931,4.885737
514307879762808,4,-0.000264,0.072598,0.069453
514307897727272,1,0.310001,6.211514,4.625650
514307898738140,4,-0.001558,0.103611,0.102681
514307899447236,2,-1.885609,-0.101022,-41.647301
514307916666666,1,0.315637,5.727137,4.485922
514307917713472,4,-0.000125,0.128690,0.127615
514307935606060,1,0.304140,5.294315,4.422304
514307936688804,4,0.002713,0.153623,0.154487
514307949698492,2,-1.569181,-0.071137,-41.484939
514307954545454,1,0.299813,4.939745,4.500983
514307955664136,4,0.002292,0.176517,0.181189
514307973484848,1,0.270480,4.668471,4.660272
514307974639468,4,-0.003061,0.203331,0.199326
514307992424242,1,0.261934,4.487189,4.953960
514307993614800,4,-0.000485,0.215990,0.218861
514307999949748,2,-1.385628,0.221231,-41.344040
514308011363636,1,0.252509,4.454427,5.345416
514308012590132,4,-0.002080,0.235725,0.236666
514308030303030,1,0.191507,4.495142,5.800575
514308031565464,4,0.001916,0.251801,0.252001
514308049242424,1,0.166225,4.696092,6.290736
514308050201005,2,-0.546965,-0.051581,-41.746639
514308050540796,4,-0.002191,0.261178,0.266537
514308068181818,1,0.120706,4.937882,6.816813
514308069516129,4,-0.001470,0.274780,0.270982
514308087121212,1,0.065910,5.314972,7.360861
514308088491461,4,0.000005,0.279015,0.279418
514308100452261,2,0.169552,-0.009348,-41.605162
514308106060606,1,0.004976,5.730285,7.842049
514308107466793,4,-0.000222,0.278319,0.278983
514308124999999,1,-0.033402,6.227615,8.309949
514308126442125,4,0.000676,0.279889,0.278115
514308143939393,1,-0.087172,6.797569,8.742852
514308145417457,4,0.001238,0.277195,0.274681
514308150703517,2,0.517278,0.172576,-41.493991
514308162878787,1,-0.130530,7.303537,9.065730
514308164392789,4,0.000623,0.263541,0.261318
514308181818181,1,-0.173028,7.817600,9.296191
514308183368121,4,0.000777,0.255984,0.255144
514308200757575,1,-0.217098,8.291485,9.422728
514308200954773,2,1.188056,0.150486,-41.642519
514308202343453,4,0.000487,0.242701,0.245077
514308219696969,1,-0.252653,8.706838,9.421530
514308221318785,4,0.000172,0.225182,0.228656
514308238636363,1,-0.283455,9.051575,9.305511
514308240294117,4,-0.000434,0.208976,0.206969
514308251206030,2,1.356555,0.118012,-41.874299
514308257575757,1,-0.274677,9.295846,9.087131
514308259269449,4,-0.001300,0.186947,0.186805
514308276515151,1,-0.286716,9.438404,8.777190
514308278244781,4,0.000960,0.162949,0.159813
514308295454545,1,-0.300257,9.424213,8.356508
514308297220113,4,-0.000866,0.139900,0.137718
514308301457286,2,1.779473,-0.253786,-41.525347
514308314393939,1,-0.304389,9.336729,7.899876
514308316195445,4,-0.000493,0.113521,0.110124
514308333333333,1,-0.298390,9.144760,7.389460
514308335170777,4,-0.003086,0.083179,0.082532
514308351708542,2,1.956833,-0.102074,-41.527528
514308352272727,1,-0.290957,8.833248,6.833498
514308354146110,4,-0.001932,0.054141,0.055475
514308371212121,1,-0.306276,8.438540,6.312630
514308373121442,4,-0.000019,0.025471,0.028484
514308390151515,1,-0.287195,7.998105,5.838965
514308392096774,4,-0.000686,-0.004507,-0.006082
514308401959798,2,1.876504,0.293525,-41.162645
514308409090909,1,-0.297746,7.489819,5.373543
514308411072106,4,-0.001693,-0.036096,-0.035884
514308428030303,1,-0.301136,6.932694,4.986469
514308430047438,4,0.000719,-0.059689,-0.065819
514308446969696,1,-0.304013,6.410440,4.698753
514308449022770,4,-0.000833,-0.093234,-0.092316
514308452211055,2,1.742721,0.192985,-41.508614
514308465909090,1,-0.300791,5.906461,4.519665
514308467998102,4,0.000527,-0.118188,-0.125609
514308484848484,1,-0.288709,5.423850,4.393895
514308486973434,4,-0.004774,-0.148009,-0.144822
514308502462311,2,1.658724,-0.041901,-41.559578
514308503787878,1,-0.284458,5.034313,4.455352
514308505948766,4,-0.003131,-0.177601,-0.170443
514308522727272,1,-0.300127,4.724580,4.610889
514308524924098,4,0.000487,-0.196362,-0.196152
514308541666666,1,-0.261038,4.535119,4.825800
514308543899430,4,-0.001939,-0.214322,-0.215795
514308552713567,2,1.377664,0.000642,-41.546267
514308560606060,1,-0.253596,4.452255,5.186262
514308562874762,4,0.000988,-0.238146,-0.234150
514308579545454,1,-0.214249,4.466905,5.636807
514308581850094,4,-0.002252,-0.248170,-0.248733
514308598484848,1,-0.177183,4.588104,6.129296
514308600825426,4,0.001596,-0.263747,-0.259937
514308602964824,2,0.526241,-0.140321,-41.732952
514308617424242,1,-0.136266,4.839273,6.625849
514308619800759,4,0.001117,-0.265695,-0.270372
514308636363636,1,-0.090342,5.165006,7.170212
514308638776091,4,0.000649,-0.279298,-0.280474
514308653216080,2,0.157480,-0.179792,-41.532568
514308655303030,1,-0.011815,5.576058,7.676800
514308657751423,4,0.001690,-0.278811,-0.276443
514308674242424,1,0.039253,6.068743,8.176682
514308676726755,4,-0.002747,-0.277663,-0.274965
514308693181818,1,0.087171,6.582677,8.637515
514308695702087,4,0.000839,-0.274847,-0.275383
514308703467336,2,-0.217661,0.177737,-41.495709
514308712121212,1,0.132986,7.119014,8.995045
514308714677419,4,-0.003142,-0.266218,-0.270151
514308731060606,1,0.162977,7.660458,9.232833
514308733652751,4,0.001009,-0.262491,-0.261724
514308749999999,1,0.225066,8.164625,9.384387
514308752628083,4,0.002870,-0.247512,-0.243911
514308753718592,2,-0.980973,0.270689,-41.403620
514308768939393,1,0.232481,8.590761,9.418274
514308771603415,4,-0.000156,-0.235115,-0.229647
514308787878787,1,0.290278,8.951139,9.350160
514308790578747,4,-0.001180,-0.211985,-0.213332
514308803969849,2,-1.483933,-0.238723,-41.409124
514308806818181,1,0.285655,9.205831,9.160063
514308809554079,4,-0.003086,-0.192550,-0.188486
514308825757575,1,0.308613,9.382384,8.873743
514308828529411,4,0.000986,-0.170272,-0.168006
514308844696969,1,0.306001,9.460857,8.519956
514308847504743,4,0.000421,-0.145058,-0.147661
514308854221105,2,-1.661954,-0.133236,-41.410857
514308863636363,1,0.312859,9.379448,8.046846
514308866480075,4,0.000468,-0.117054,-0.120797
514308882575757,1,0.317771,9.214787,7.561450
514308885455407,4,0.002849,-0.091585,-0.093177
514308901515151,1,0.313485,8.951492,7.041246
514308904430740,4,0.001995,-0.063201,-0.061108
514308904472361,2,-2.049210,-0.075605,-41.818199
514308920454545,1,0.321475,8.571833,6.513119
514308923406072,4,-0.000584,-0.033252,-0.032145
514308939393939,1,0.295126,8.142816,6.005801
514308942381404,4,0.000582,-0.007248,-0.005499
514308954723618,2,-2.076471,0.095038,-41.537369
514308958333333,1,0.300867,7.651512,5.528574
514308961356736,4,0.001859,0.026392,0.025609
514308977272727,1,0.291990,7.108462,5.095747
514308980332068,4,-0.002717,0.054104,0.052220
514308996212121,1,0.275028,6.608755,4.770604
514308999307400,4,-0.000203,0.084026,0.083290
514309004974874,2,-1.920222,-0.158239,-41.394114
514309015151515,1,0.297853,6.062771,4.560925
514309018282732,4,-0.000136,0.113930,0.117389
514309034090909,1,0.310471,5.598535,4.431863
514309037258064,4,-0.003024,0.142198,0.141826
514309053030303,1,0.295647,5.175627,4.431176
514309055226130,2,-1.690958,-0.174058,-41.259972
514309056233396,4,-0.001558,0.165354,0.164032
514309071969696,1,0.309221,4.843048,4.552200
514309075208728,4,0.000371,0.191136,0.189329
514309090909090,1,0.284180,4.612349,4.763720
514309094184060,4,0.001017,0.208264,0.206157
514309105477386,2,-1.116421,-0.109747,-41.399347
514309109848484,1,0.240009,4.471284,5.070873
514309113159392,4,-0.000417,0.230139,0.224672
514309128787878,1,0.221132,4.454890,5.495156
514309132134724,4,-0.002110,0.243960,0.241739
514309147727272,1,0.192250,4.546951,5.968414
514309151110056,4,-0.001585,0.256039,0.254155
514309155728643,2,-0.671478,0.089528,-41.740347
514309166666666,1,0.152645,4.779556,6.467136
514309170085388,4,-0.001948,0.268517,0.264495
514309185606060,1,0.080804,5.062829,6.998502
514309189060721,4,-0.003196,0.273001,0.275725
514309204545454,1,0.065636,5.453755,7.522641
514309205979899,2,-0.036878,-0.085880,-41.546275
514309208036053,4,-0.000394,0.277328,0.278346
514309223484848,1,-0.018295,5.903600,8.017004
514309227011385,4,-0.003491,0.280042,0.279819
514309242424242,1,-0.064188,6.421109,8.499698
514309245986717,4,-0.000819,0.278650,0.274383
514309256231155,2,0.787171,0.043434,-41.549127
514309261363636,1,-0.103841,6.931914,8.866312
514309264962049,4,0.002256,0.271350,0.270368
514309280303030,1,-0.141382,7.471098,9.152151
514309283937381,4,-0.000040,0.262112,0.264767
514309299242424,1,-0.196959,7.976724,9.352436
514309302912713,4,-0.002153,0.249070,0.252667
514309306482412,2,0.608515,0.197830,-41.684173
514309318181818,1,-0.233107,8.451237,9.414331
514309321888045,4,-0.001191,0.237781,0.239379
514309337121212,1,-0.263999,8.846202,9.386623
514309340863377,4,-0.000804,0.220014,0.216344
514309356060606,1,-0.257715,9.137428,9.247273
514309356733668,2,1.261026,-0.073726,-41.256541
514309359838709,4,0.001509,0.199206,0.199753
514309374999999,1,-0.280092,9.329314,8.971000
514309378814041,4,-0.001291,0.173354,0.177683
514309393939393,1,-0.316604,9.455692,8.638670
514309397789373,4,-0.004127,0.151878,0.154396
514309406984924,2,1.886354,-0.061478,-41.408980
514309412878787,1,-0.270112,9.413784,8.222110
514309416764705,4,0.000384,0.130492,0.128646
514309431818181,1,-0.281819,9.311395,7.760093
514309435740037,4,-0.001308,0.099276,0.099127
514309450757575,1,-0.283819,9.059256,7.220889
514309454715370,4,-0.003164,0.068826,0.069585
514309457236180,2,1.897138,-0.026692,-41.434385
514309469696969,1,-0.286760,8.703898,6.669152
514309473690702,4,-0.004072,0.041473,0.040880
514309488636363,1,-0.294689,8.291323,6.149907
514309492666034,4,-0.003346,0.012382,0.013006
514309507487437,2,2.190139,0.094630,-41.368482
514309507575757,1,-0.286149,7.826072,5.667882
514309511641366,4,0.000454,-0.019012,-0.017181
514309526515151,1,-0.277994,7.282426,5.233398
514309530616698,4,0.001360,-0.047475,-0.049739
514309545454545,1,-0.306457,6.739203,4.880775
514309549592030,4,0.000553,-0.074872,-0.078456
514309557738693,2,1.884338,0.065933,-41.461481
514309564393939,1,-0.301460,6.253601,4.628731
514309568567362,4,0.004196,-0.106599,-0.105483
514309583333333,1,-0.313195,5.763902,4.480504
514309587542694,4,-0.001345,-0.132171,-0.136102
514309602272727,1,-0.292127,5.300057,4.411460
514309606518026,4,-0.001092,-0.160347,-0.157892
514309607989949,2,1.514913,-0.094418,-41.446422
514309621212121,1,-0.297580,4.951897,4.517133
514309625493358,4,0.001989,-0.180596,-0.186631
514309640151515,1,-0.263009,4.660572,4.663802
514309644468690,4,0.004084,-0.202931,-0.205074
514309658241206,2,1.417654,-0.047316,-41.654619
514309659090909,1,-0.261578,4.476815,4.966665
514309663444022,4,0.000314,-0.222461,-0.224147
514309678030303,1,-0.239447,4.435739,5.318970
514309682419354,4,0.000396,-0.240757,-0.240351
514309696969696,1,-0.198452,4.492547,5.771979
514309701394686,4,-0.001373,-0.256381,-0.253224
514309708492462,2,0.790573,0.009647,-41.457779
514309715909090,1,-0.198991,4.667930,6.307283
514309720370018,4,0.001171,-0.263544,-0.262934
514309734848484,1,-0.098467,4.936106,6.807984
514309739345351,4,0.000649,-0.273653,-0.270909
514309753787878,1,-0.062114,5.294495,7.353002
514309758320683,4,-0.002715,-0.279268,-0.279395
514309758743718,2,0.358024,0.152255,-41.581574
514309772727272,1,-0.005215,5.760983,7.862882
514309777296015,4,0.002160,-0.277268,-0.278179
514309791666666,1,0.037054,6.230319,8.325861
514309796271347,4,0.002144,-0.279388,-0.276932
514309808994974,2,-0.452125,-0.157589,-41.386644
514309810606060,1,0.089117,6.772061,8.753888
514309815246679,4,-0.000250,-0.271218,-0.273142
514309829545454,1,0.130954,7.320467,9.063664
514309834222011,4,-0.000770,-0.263973,-0.263303
514309848484848,1,0.183801,7.812117,9.263891
514309853197343,4,-0.001337,-0.254271,-0.256266
514309859246231,2,-0.693150,-0.057254,-41.519249
514309867424242,1,0.231567,8.308344,9.407447
514309872172675,4,-0.004996,-0.239919,-0.239102
514309886363636,1,0.251357,8.722098,9.396341
514309891148007,4,0.000524,-0.227625,-0.224428
514309905303030,1,0.266325,9.060768,9.290569
514309909497487,2,-1.167952,0.052606,-41.404363
514309910123339,4,-0.004437,-0.201820,-0.206731
514309924242424,1,0.291230,9.273870,9.093028
514309929098671,4,0.002511,-0.181147,-0.184840
514309943181818,1,0.296101,9.402340,8.784473
514309948074003,4,-0.002266,-0.158713,-0.161102
514309959748743,2,-1.932580,0.064706,-41.595293
514309962121212,1,0.291566,9.430232,8.371696
514309967049335,4,0.000205,-0.134920,-0.137516
514309981060606,1,0.314510,9.331853,7.902860
514309986024667,4,-0.004461,-0.106501,-0.108077
514309999999999,1,0.304216,9.146721,7.392423
514310004999999,4,-0.001106,-0.077332,-0.076377
514310010000000,2,-2.149326,-0.099274,-41.533636
514310018939393,1,0.292391,8.822543,6.858237
514310023975332,4,-0.000545,-0.050269,-0.048587
514310037878787,1,0.282138,8.405213,6.332385
514310042950664,4,-0.002714,-0.019435,-0.018777
514310056818181,1,0.305241,7.951381,5.812223
514310060251256,2,-2.079175,-0.266649,-41.298702
514310061925996,4,0.001360,0.006181,0.008531
514310075757575,1,0.302615,7.496621,5.372009
514310080901328,4,-0.001757,0.040073,0.040835
514310094696969,1,0.288355,6.937860,5.006597
514310099876660,4,0.002993,0.068244,0.068239
514310110502512,2,-1.779645,-0.337916,-41.300442
514310113636363,1,0.291603,6.398805,4.691033
514310118851992,4,0.002299,0.098392,0.100334
514310132575757,1,0.289388,5.902690,4.524874
514310137827324,4,0.000577,0.122924,0.122572
514310151515151,1,0.303980,5.438640,4.421041
514310156802656,4,-0.003103,0.152561,0.153614
514310160753768,2,-1.817082,0.093876,-41.468623
514310170454545,1,0.276911,5.061313,4.457115
514310175777988,4,0.003699,0.177182,0.177822
514310189393939,1,0.283920,4.784521,4.607976
514310194753320,4,-0.001160,0.195424,0.199437
514310208333333,1,0.261126,4.536921,4.870674
514310211005025,2,-1.301846,-0.048333,-41.290638
514310213728652,4,0.000835,0.217917,0.218477
514310227272727,1,0.248401,4.430294,5.215039
514310232703984,4,0.000646,0.237732,0.237754
514310246212121,1,0.208432,4.489568,5.642816
514310251679316,4,0.001088,0.251612,0.250949
514310261256281,2,-0.997776,0.083232,-41.319883
514310265151515,1,0.173251,4.615153,6.115752
514310270654648,4,-0.000922,0.263316,0.259014
514310284090909,1,0.144596,4.845417,6.626892
514310289629981,4,0.002108,0.268284,0.271245
514310303030303,1,0.077300,5.187983,7.168270
514310308605313,4,-0.001690,0.277537,0.276362
514310311507537,2,-0.144712,0.347939,-41.571602
514310321969696,1,0.027511,5.581060,7.701246
514310327580645,4,-0.003190,0.279848,0.277851
514310340909090,1,0.003151,6.058444,8.185002
514310346555977,4,0.001762,0.278377,0.279165
514310359848484,1,-0.057746,6.588989,8.621032
514310361758793,2,0.471424,-0.017209,-41.306720
514310365531309,4,-0.001915,0.273361,0.273623
514310378787878,1,-0.137600,7.130009,8.966912
514310384506641,4,0.001713,0.270902,0.265937
514310397727272,1,-0.158417,7.665801,9.260316
514310403481973,4,0.002154,0.253138,0.255089
514310412010050,2,0.880256,-0.067545,-41.287751
514310416666666,1,-0.202489,8.149797,9.386336
514310422457305,4,-0.001918,0.241741,0.241279
514310435606060,1,-0.245760,8.589303,9.422861
514310441432637,4,0.000826,0.228174,0.229361
514310454545454,1,-0.264096,8.965312,9.342465
514310460407969,4,0.001381,0.210661,0.211445
514310462261306,2,1.290316,-0.234342,-41.548120
514310473484848,1,-0.269760,9.237802,9.170306
514310479383301,4,-0.000139,0.186865,0.191355
514310492424242,1,-0.319670,9.382973,8.901870
514310498358633,4,-0.001178,0.164301,0.165816
514310511363636,1,-0.299836,9.434637,8.505272
514310512512562,2,1.829935,0.172413,-41.439964
514310517333965,4,-0.001826,0.140359,0.141882
514310530303030,1,-0.290819,9.395091,8.061041
514310536309297,4,0.000697,0.112795,0.113615
514310549242424,1,-0.304156,9.213958,7.553391
514310555284629,4,0.002149,0.087663,0.090820
514310562763819,2,2.168487,-0.250581,-41.512661
514310568181818,1,-0.278163,8.940949,7.050382
514310574259962,4,0.002360,0.060041,0.054977
514310587121212,1,-0.277239,8.591535,6.496805
514310593235294,4,0.001528,0.028064,0.027068
514310606060606,1,-0.289597,8.139303,5.976615
514310612210626,4,0.000336,0.000155,-0.000734
514310613015075,2,2.003250,-0.067716,-41.429880
514310625000000,1,-0.290881,7.630904,5.529956
514310631185958,4,-0.001757,-0.030137,-0.032897
514310643939393,1,-0.301945,7.120946,5.111684
514310650161290,4,0.000433,-0.061751,-0.061582
514310662878787,1,-0.301731,6.591121,4.778144
514310663266331,2,2.062056,-0.112990,-41.425903
514310669136622,4,0.001532,-0.092044,-0.086073
514310681818181,1,-0.290052,6.049941,4.558753
514310688111954,4,-0.003642,-0.118943,-0.117007
514310700757575,1,-0.277415,5.576206,4.430727
514310707087286,4,0.001169,-0.144378,-0.144292
514310713517587,2,1.706613,-0.174289,-41.474670
514310719696969,1,-0.291485,5.174391,4.438368
514310726062618,4,0.000821,-0.169411,-0.166162
514310738636363,1,-0.284063,4.844772,4.556698
514310745037950,4,0.001679,-0.190031,-0.193709
514310757575757,1,-0.271308,4.595372,4.769618
514310763768844,2,1.309328,-0.046117,-41.466907
514310764013282,4,-0.000159,-0.212999,-0.214409
514310776515151,1,-0.232772,4.464896,5.066995
514310782988614,4,0.000720,-0.231652,-0.229266
514310795454545,1,-0.214190,4.446409,5.454225
514310801963946,4,-0.002140,-0.242665,-0.247896
514310814020100,2,0.852763,-0.073377,-41.293586
514310814393939,1,-0.181825,4.536821,5.946901
514310820939278,4,0.000439,-0.257215,-0.259940
514310833333333,1,-0.145772,4.750622,6.468863
514310839914611,4,0.001705,-0.270976,-0.265613
514310852272727,1,-0.107159,5.059947,6.990813
514310858889943,4,0.000028,-0.276340,-0.275746
514310864271356,2,0.108797,-0.109119,-41.075058
514310871212121,1,-0.041293,5.453062,7.513077
514310877865275,4,0.001618,-0.279781,-0.280111
514310890151515,1,0.016635,5.899677,8.036907
514310896840607,4,-0.000443,-0.281226,-0.275231
514310909090909,1,0.061629,6.436104,8.476977
514310914522613,2,-0.451570,-0.204118,-41.381800
514310915815939,4,-0.001133,-0.274261,-0.275506
514310928030303,1,0.104385,6.946032,8.857339
514310934791271,4,-0.001969,-0.269815,-0.268235
514310946969696,1,0.165340,7.459020,9.141115
514310953766603,4,-0.000377,-0.258191,-0.258535
514310964773869,2,-1.163693,-0.044043,-41.162400
514310965909090,1,0.184321,7.997546,9.365184
514310972741935,4,0.001838,-0.249274,-0.250515
514310984848484,1,0.230402,8.444177,9.425822
514310991717267,4,-0.001227,-0.232883,-0.232184
514311003787878,1,0.272692,8.826405,9.393957
514311010692599,4,-0.004343,-0.215529,-0.215197
514311015025125,2,-1.571531,-0.318937,-41.696261
514311022727272,1,0.290141,9.148237,9.246852
514311029667931,4,-0.000555,-0.192688,-0.194427
514311041666666,1,0.303295,9.313896,9.000265
514311048643263,4,0.002620,-0.173215,-0.170908
514311060606060,1,0.290447,9.418573,8.651426
514311065276381,2,-1.585030,0.133045,-41.534243
514311067618595,4,0.003270,-0.145684,-0.150492
514311079545454,1,0.317295,9.418906,8.231330
514311086593927,4,-0.000507,-0.122816,-0.121148
514311098484848,1,0.319671,9.303101,7.755034
514311105569259,4,0.001373,-0.096218,-0.094404
514311115527638,2,-1.859319,0.162109,-41.178495
514311117424242,1,0.307225,9.047873,7.194555
514311124544592,4,-0.004040,-0.062982,-0.066891
514311136363636,1,0.293148,8.700394,6.705022
514311143519924,4,0.000112,-0.037054,-0.034143
514311155303030,1,0.292538,8.294844,6.161964
514311162495256,4,-0.005675,-0.006618,-0.006796
514311165778894,2,-2.083579,-0.395757,-41.565622
514311174242424,1,0.295029,7.834949,5.659349
514311181470588,4,-0.000907,0.026794,0.021567
514311193181818,1,0.298060,7.287216,5.219881
514311200445920,4,0.001544,0.053712,0.055523
514311212121212,1,0.290514,6.761157,4.876615
514311216030150,2,-2.031574,-0.085543,-41.474503
514311219421252,4,-0.001334,0.080582,0.084240
514311231060606,1,0.291690,6.218563,4.620164
514311238396584,4,0.000851,0.107062,0.109073
514311250000000,1,0.282848,5.750774,4.466841
514311257371916,4,0.000773,0.138665,0.135631
514311266281407,2,-1.563000,0.155033,-41.482646
514311268939393,1,0.281621,5.299065,4.413947
514311276347248,4,-0.005829,0.163297,0.159810
514311287878787,1,0.296943,4.954918,4.472016
514311295322580,4,-0.004035,0.179981,0.187274
514311306818181,1,0.282908,4.664517,4.685293
514311314297912,4,0.000257,0.206454,0.209683
514311316532663,2,-1.190486,0.031504,-41.461205
514311325757575,1,0.265827,4.489012,4.958958
514311333273244,4,0.001275,0.229018,0.223000
514311344696969,1,0.228123,4.454244,5.338362
514311352248576,4,-0.000069,0.238834,0.241609
514311363636363,1,0.227429,4.498211,5.777517
514311366783919,2,-0.734793,0.001699,-41.175215
514311371223908,4,-0.000497,0.256819,0.255657
514311382575757,1,0.146360,4.646622,6.267006
514311390199240,4,0.001247,0.267531,0.270434
514311401515151,1,0.121607,4.947696,6.796237
514311409174573,4,-0.000631,0.271739,0.274113
514311417035175,2,-0.531967,-0.078481,-41.510799
514311420454545,1,0.078480,5.300678,7.351142
514311428149905,4,-0.001605,0.280934,0.277404
514311439393939,1,0.033755,5.757021,7.860861
514311447125237,4,-0.001131,0.278180,0.280559
514311458333333,1,-0.050192,6.215033,8.327154
514311466100569,4,-0.000315,0.275781,0.280395
514311467286432,2,0.329757,0.189355,-41.495847
514311477272727,1,-0.094369,6.755806,8.741350
514311485075901,4,-0.001712,0.271889,0.273123
514311496212121,1,-0.139670,7.299857,9.059117
514311504051233,4,-0.003263,0.264407,0.261336
514311515151515,1,-0.182033,7.826387,9.279897
514311517537688,2,0.609292,0.118221,-41.371626
514311523026565,4,0.001646,0.250118,0.253429
514311534090909,1,-0.204027,8.298319,9.411050
514311542001897,4,0.002212,0.239464,0.238244
514311553030303,1,-0.242055,8.718705,9.426529
514311560977229,4,-0.000463,0.219552,0.223647
514311567788944,2,1.023917,-0.021425,-41.710693
514311571969696,1,-0.269228,9.043888,9.309959
514311579952561,4,-0.001399,0.199055,0.202460
514311590909090,1,-0.301432,9.291452,9.087032
514311598927893,4,-0.001592,0.177340,0.176353
514311609848484,1,-0.299026,9.420179,8.747914
514311617903225,4,-0.000966,0.155124,0.155776
514311618040201,2,1.602362,-0.170360,-41.336697
514311628787878,1,-0.306966,9.441069,8.371208
514311636878557,4,0.001903,0.130607,0.129171
514311647727272,1,-0.313058,9.359231,7.891726
514311655853889,4,-0.000396,0.103346,0.104871
514311666666666,1,-0.287437,9.143530,7.382551
514311668291457,2,1.969881,-0.238821,-41.315033
514311674829222,4,0.000253,0.072983,0.071936
514311685606060,1,-0.275492,8.818150,6.868233
514311693804554,4,-0.002890,0.045999,0.045823
514311704545454,1,-0.282997,8.432221,6.343856
514311712779886,4,0.001155,0.014641,0.017712
514311718542713,2,1.831142,-0.000999,-41.564612
514311723484848,1,-0.297395,7.983200,5.827464
514311731755218,4,-0.000968,-0.013131,-0.015119
514311742424242,1,-0.296797,7.481660,5.381281
514311750730550,4,-0.001217,-0.043623,-0.043989
514311761363636,1,-0.318074,6.955707,4.970149
514311768793969,2,1.921347,0.028527,-41.367695
514311769705882,4,0.000714,-0.073897,-0.074135
514311780303030,1,-0.286964,6.421915,4.683734
514311788681214,4,0.004777,-0.100090,-0.101013
514311799242424,1,-0.305758,5.887950,4.502799
514311807656546,4,0.000224,-0.127665,-0.128644
514311818181818,1,-0.303800,5.451024,4.440266
514311819045226,2,1.948400,-0.049184,-41.410212
514311826631878,4,0.000052,-0.156016,-0.155571
514311837121212,1,-0.278921,5.043970,4.455538
514311845607210,4,-0.006341,-0.178929,-0.180327
514311856060606,1,-0.306287,4.736533,4.615969
514311864582542,4,0.003185,-0.201190,-0.203607
514311869296482,2,1.313642,0.004361,-41.404165
514311875000000,1,-0.250761,4.527225,4.849783
514311883557874,4,-0.000100,-0.222885,-0.219846
514311893939393,1,-0.247358,4.450916,5.194293
514311902533206,4,0.000582,-0.235901,-0.239398
514311912878787,1,-0.211361,4.461403,5.629682
514311919547738,2,0.885173,-0.280324,-41.433544
514311921508538,4,0.000068,-0.254835,-0.250702
514311931818181,1,-0.172063,4.599858,6.109701
514311940483870,4,0.001038,-0.262502,-0.263490
514311950757575,1,-0.135679,4.838540,6.632608
514311959459203,4,0.000830,-0.268642,-0.272421
514311969696969,1,-0.088128,5.194808,7.179019
514311969798994,2,0.402795,-0.103486,-41.684224
514311978434535,4,0.000277,-0.279254,-0.278818
514311988636363,1,-0.035901,5.600885,7.692156
514311997409867,4,0.000196,-0.276917,-0.279637
514312007575757,1,0.035676,6.075690,8.183424
514312016385199,4,-0.000472,-0.278771,-0.279027
514312020050251,2,-0.010360,0.073070,-41.526741
514312026515151,1,0.080065,6.571094,8.602082
514312035360531,4,0.000590,-0.276587,-0.271030
514312045454545,1,0.110524,7.126584,8.989948
514312054335863,4,-0.001331,-0.264637,-0.268620
514312064393939,1,0.197021,7.659209,9.235252
514312070301507,2,-0.963478,-0.130850,-41.290060
514312073311195,4,0.001338,-0.254164,-0.254739
514312083333333,1,0.187832,8.139375,9.374550
514312092286527,4,-0.001989,-0.241497,-0.244362
514312102272727,1,0.234072,8.583223,9.420741
514312111261859,4,-0.000506,-0.223642,-0.224107
514312120552763,2,-1.269624,-0.102659,-41.396502
514312121212121,1,0.242366,8.958476,9.341671
514312130237191,4,0.000030,-0.208759,-0.205518
514312140151515,1,0.286310,9.246886,9.160690
514312149212523,4,0.000039,-0.190179,-0.183974
514312159090909,1,0.263844,9.386834,8.899517
514312168187855,4,-0.000048,-0.159729,-0.164325
514312170804020,2,-1.806071,0.190929,-41.255909
514312178030303,1,0.323062,9.431874,8.517289
514312187163187,4,-0.006353,-0.136306,-0.136281
514312196969696,1,0.295323,9.387258,8.095640
514312206138519,4,-0.003381,-0.111977,-0.104510
514312215909090,1,0.281719,9.221704,7.570072
514312221055276,2,-2.012412,-0.139816,-41.840230
514312225113851,4,-0.000611,-0.080449,-0.083212
514312234848484,1,0.310576,8.945993,7.039472
514312244089184,4,-0.004181,-0.053200,-0.053390
514312253787878,1,0.290795,8.582784,6.497866
514312263064516,4,-0.000800,-0.023429,-0.022671
514312271306532,2,-2.267524,-0.251390,-41.422278
514312272727272,1,0.301901,8.135158,5.991984
514312282039848,4,-0.000300,0.004199,0.007700
514312291666666,1,0.294422,7.658565,5.515087
514312301015180,4,-0.003899,0.032476,0.038055
514312310606060,1,0.275093,7.133676,5.097416
514312319990512,4,0.001014,0.065890,0.063214
514312321557788,2,-2.033286,-0.249304,-41.487697
514312329545454,1,0.290779,6.576932,4.800336
514312338965844,4,-0.001416,0.094149,0.091483
514312348484848,1,0.274880,6.103746,4.569909
514312357941176,4,-0.001478,0.123559,0.125109
514312367424242,1,0.303361,5.587551,4.442287
514312371809045,2,-1.688639,0.041627,-41.740427
514312376916508,4,-0.000839,0.149942,0.144601
514312386363636,1,0.303906,5.179979,4.440828
514312395891840,4,0.001319,0.171288,0.173510
514312405303030,1,0.291008,4.834788,4.541566
514312414867172,4,-0.000496,0.198014,0.193624
514312422060301,2,-1.422241,-0.231235,-41.334033
514312424242424,1,0.273887,4.611873,4.768670
514312433842504,4,0.001255,0.215045,0.215287
514312443181818,1,0.220286,4.474358,5.081026
514312452817836,4,-0.000368,0.231663,0.233326
514312462121212,1,0.227251,4.443192,5.493786
514312471793168,4,-0.000125,0.248903,0.248589
514312472311557,2,-0.811218,-0.145103,-41.597534
514312481060606,1,0.203365,4.533970,5.952872
514312490768500,4,0.001596,0.262476,0.258528
514312500000000,1,0.138096,4.731780,6.452829
514312509743833,4,0.001738,0.267467,0.271015
514312518939393,1,0.112282,5.065227,7.000085
514312522562814,2,-0.449120,-0.339658,-41.440891
514312528719165,4,0.001239,0.272124,0.276132
514312537878787,1,0.058860,5.451871,7.516605
514312547694497,4,-0.000937,0.277361,0.281581
514312556818181,1,0.001579,5.915714,8.036262
514312566669829,4,-0.001307,0.276991,0.278755
514312572814070,2,0.158659,0.145046,-41.657307
514312575757575,1,-0.042955,6.422546,8.483876
514312585645161,4,0.001371,0.274840,0.277456
514312594696969,1,-0.095735,6.945946,8.850394
514312604620493,4,0.001062,0.264122,0.267419
514312613636363,1,-0.157698,7.469476,9.145657
514312623065326,2,0.670153,-0.232996,-41.636653
514312623595825,4,-0.001124,0.259704,0.253496
514312632575757,1,-0.198869,7.976633,9.340961
514312642571157,4,0.005098,0.247098,0.246334
514312651515151,1,-0.254379,8.448762,9.424996
514312661546489,4,0.002363,0.235184,0.232238
514312670454545,1,-0.268554,8.845445,9.402347
514312673316582,2,1.087731,0.130103,-41.578472
514312680521821,4,0.001898,0.212567,0.212022
514312689393939,1,-0.297729,9.133071,9.235347
514312699497153,4,-0.000952,0.190020,0.190298
514312708333333,1,-0.302562,9.356288,8.989804
514312718472485,4,-0.002701,0.168683,0.165465
514312723567839,2,1.683969,-0.090561,-41.649999
514312727272727,1,-0.301470,9.416494,8.652917
514312737447817,4,0.000382,0.143982,0.144348
514312746212121,1,-0.315682,9.421275,8.223224
514312756423149,4,-0.001044,0.123771,0.120338
514312765151515,1,-0.283996,9.271616,7.699120
514312773819095,2,1.906766,0.044837,-41.629162
514312775398481,4,-0.002489,0.090293,0.088612
514312784090909,1,-0.296113,9.068573,7.228646
514312794373814,4,-0.002029,0.058324,0.061869
514312803030303,1,-0.293585,8.704613,6.688656
514312813349146,4,-0.001363,0.033415,0.033467
514312821969696,1,-0.306331,8.299082,6.161412
514312824070351,2,2.165219,-0.177857,-41.515075
514312832324478,4,0.002748,-0.000112,0.002543
514312840909090,1,-0.281783,7.847724,5.671530
514312851299810,4,0.001265,-0.029261,-0.029856
514312859848484,1,-0.301832,7.295819,5.214493
514312870275142,4,0.003219,-0.057437,-0.056621
514312874321608,2,2.071612,-0.147387,-41.439518
514312878787878,1,-0.306192,6.756690,4.875478
514312889250474,4,-0.001644,-0.089245,-0.087945
514312897727272,1,-0.298171,6.225570,4.634614
514312908225806,4,-0.000248,-0.116850,-0.114741
514312916666666,1,-0.300902,5.741541,4.461917
514312924572864,2,1.733382,-0.018835,-41.811897
514312927201138,4,-0.003377,-0.143557,-0.139975
514312935606060,1,-0.297250,5.312676,4.412567
514312946176470,4,0.001208,-0.167071,-0.168323
514312954545454,1,-0.301010,4.935188,4.478367
514312965151802,4,-0.002055,-0.190091,-0.188055
514312973484848,1,-0.291359,4.660724,4.687730
514312974824120,2,1.151899,0.067865,-41.312918
514312984127134,4,0.001856,-0.211217,-0.212530
514312992424242,1,-0.260118,4.500359,4.972997
514313003102466,4,0.000536,-0.230332,-0.229721
514313011363636,1,-0.239324,4.446017,5.336867
514313022077798,4,0.002651,-0.242861,-0.244199
514313025075376,2,0.820954,-0.047656,-41.437767
514313030303030,1,-0.201431,4.491946,5.756752
514313041053130,4,-0.002544,-0.257110,-0.255408
514313049242424,1,-0.166136,4.685333,6.297131
514313060028462,4,-0.000751,-0.264886,-0.265003
514313068181818,1,-0.106817,4.956425,6.816275
514313075326633,2,0.515637,-0.306194,-41.623890
514313079003795,4,0.003327,-0.273956,-0.273391
514313087121212,1,-0.065372,5.299063,7.345587
514313097979127,4,0.002828,-0.277490,-0.279388
514313106060606,1,-0.007019,5.760706,7.862410
514313116954459,4,-0.000897,-0.278525,-0.281583
514313125000000,1,0.034096,6.240861,8.342998
514313125577889,2,-0.217267,0.105133,-41.117924
514313135929791,4,-0.000287,-0.274217,-0.280792
514313143939393,1,0.074509,6.740098,8.736319
514313154905123,4,0.003069,-0.268393,-0.271557
514313162878787,1,0.125943,7.296457,9.065144
514313173880455,4,0.001087,-0.261747,-0.259293
514313175829145,2,-0.767130,-0.217521,-41.426212
514313181818181,1,0.178618,7.838513,9.296903
514313192855787,4,0.001965,-0.252657,-0.248682
514313200757575,1,0.224564,8.306968,9.397157
514313211831119,4,-0.000411,-0.234921,-0.236543
514313219696969,1,0.263023,8.714998,9.423137
514313226080402,2,-1.041318,-0.002319,-41.610502
514313230806451,4,0.003496,-0.215533,-0.219092
514313238636363,1,0.259812,9.032592,9.315435
514313249781783,4,-0.002669,-0.198407,-0.196767
514313257575757,1,0.292224,9.279325,9.076995
514313268757115,4,0.000480,-0.172879,-0.173805
514313276331658,2,-1.502659,0.066844,-41.614250
514313276515151,1,0.310034,9.407449,8.790209
514313287732447,4,0.001939,-0.150463,-0.153895
514313295454545,1,0.289574,9.447616,8.365346
514313306707779,4,-0.000391,-0.122990,-0.125213
514313314393939,1,0.307964,9.337513,7.900167
514313325683111,4,0.001006,-0.098302,-0.099724
514313326582914,2,-1.863902,0.105068,-41.271221
514313333333333,1,0.299561,9.126377,7.399196
514313344658444,4,-0.000247,-0.068478,-0.070407
514313352272727,1,0.290637,8.829731,6.845271
514313363633776,4,-0.000471,-0.041611,-0.037493
514313371212121,1,0.264256,8.437977,6.356098
514313376834170,2,-2.051877,-0.104015,-41.258632
514313382609108,4,-0.000589,-0.007006,-0.006854
514313390151515,1,0.303809,7.979505,5.821185
514313401584440,4,-0.000162,0.018007,0.015852
514313409090909,1,0.295455,7.478496,5.357590
514313420559772,4,-0.002944,0.046981,0.052485
514313427085427,2,-2.180696,0.017570,-41.650313
514313428030303,1,0.310463,6.948639,4.998717
514313439535104,4,0.000232,0.079640,0.074420
514313446969696,1,0.304616,6.408630,4.704900
514313458510436,4,-0.002396,0.108860,0.107660
514313465909090,1,0.307930,5.896970,4.498494
514313477336683,2,-1.636480,-0.077625,-41.263820
514313477485768,4,-0.000294,0.135209,0.137351
514313484848484,1,0.301326,5.460257,4.409673
514313496461100,4,-0.000442,0.159670,0.159916
514313503787878,1,0.278059,5.052693,4.458660
514313515436432,4,0.004784,0.178948,0.184513
514313522727272,1,0.288165,4.749131,4.601713
514313527587939,2,-1.375632,-0.208811,-41.254004
514313534411764,4,-0.000230,0.205790,0.203342
514313541666666,1,0.288026,4.522827,4.846951
514313553387096,4,-0.000098,0.225235,0.230038
514313560606060,1,0.245802,4.427835,5.201898
514313572362428,4,0.001616,0.238697,0.239545
514313577839195,2,-0.753289,0.120625,-41.595546
514313579545454,1,0.236387,4.467339,5.632623
514313591337760,4,-0.000907,0.250617,0.253548
514313598484848,1,0.163496,4.592384,6.110435
514313610313092,4,0.001466,0.262551,0.267197
514313617424242,1,0.130551,4.854980,6.643741
514313628090452,2,-0.489177,0.019446,-41.596215
514313629288425,4,0.000976,0.271473,0.272659
514313636363636,1,0.071685,5.178582,7.178266
514313648263757,4,0.003197,0.279111,0.277662
514313655303030,1,0.046037,5.611488,7.683981
514313667239089,4,-0.000475,0.279306,0.278130
514313674242424,1,-0.031329,6.056163,8.181903
514313678341708,2,0.388985,0.021429,-41.898308
514313686214421,4,-0.004209,0.281535,0.277761
514313693181818,1,-0.069096,6.601792,8.614692
514313705189753,4,0.000796,0.272441,0.271087
514313712121212,1,-0.128689,7.126690,8.959136
514313724165085,4,-0.000372,0.261329,0.269082
514313728592964,2,0.753556,-0.058174,-41.498315
514313731060606,1,-0.145171,7.632261,9.231459
514313743140417,4,-0.002469,0.251392,0.252576
514313750000000,1,-0.185161,8.145969,9.381723
514313762115749,4,0.002576,0.239498,0.236997
514313768939393,1,-0.245812,8.583076,9.442880
514313778844221,2,1.158304,0.103302,-41.307317
514313781091081,4,0.002509,0.224189,0.223804
514313787878787,1,-0.292660,8.967902,9.337456
514313800066413,4,0.001431,0.208212,0.207793
514313806818181,1,-0.286638,9.216846,9.178785
514313819041745,4,-0.001373,0.185027,0.182546
514313825757575,1,-0.313385,9.395813,8.910597
514313829095477,2,1.669422,-0.082818,-41.467305
514313838017077,4,0.000998,0.154660,0.157704
514313844696969,1,-0.315920,9.448905,8.503385
514313856992409,4,-0.001626,0.134148,0.134634
514313863636363,1,-0.295796,9.388760,8.056210
514313875967741,4,-0.004149,0.105371,0.107659
514313879346733,2,1.912682,-0.164360,-41.362191
514313882575757,1,-0.293900,9.240311,7.562169
514313894943074,4,-0.000373,0.078584,0.077828
514313901515151,1,-0.288910,8.929298,7.024299
514313913918406,4,0.000683,0.047406,0.045516
514313920454545,1,-0.289826,8.597364,6.506252
514313929597989,2,2.108464,0.180884,-41.254541
514313932893738,4,-0.002243,0.019639,0.018260
514313939393939,1,-0.298199,8.139584,5.972454
514313951869070,4,-0.000277,-0.012565,-0.012327
514313958333333,1,-0.287519,7.655640,5.510279
514313970844402,4,0.002094,-0.042190,-0.044202
514313977272727,1,-0.302010,7.121723,5.103044
514313979849246,2,1.902986,0.074505,-41.587129
514313989819734,4,0.001487,-0.071255,-0.070782
514313996212121,1,-0.299418,6.609277,4.780878
514314008795066,4,0.003215,-0.099397,-0.098777
514314015151515,1,-0.304808,6.058323,4.566167
514314027770398,4,-0.002358,-0.127162,-0.125504
514314030100502,2,1.915931,-0.117075,-41.606931
514314034090909,1,-0.302857,5.580417,4.454716
514314046745730,4,-0.003111,-0.152231,-0.152431
514314053030303,1,-0.280617,5.165031,4.411762
514314065721062,4,0.000083,-0.174713,-0.176118
514314071969696,1,-0.277843,4.828940,4.552869
514314080351758,2,1.513982,-0.427311,-41.729546
514314084696394,4,0.002956,-0.200895,-0.198636
514314090909090,1,-0.299867,4.608978,4.747013
514314103671726,4,0.000169,-0.220879,-0.216828
514314109848484,1,-0.246802,4.466659,5.067242
514314122647058,4,0.004649,-0.236091,-0.235047
514314128787878,1,-0.232360,4.456090,5.481567
514314130603015,2,0.987554,-0.000032,-41.536026
514314141622390,4,0.000169,-0.252085,-0.254299
514314147727272,1,-0.184981,4.566962,5.929216
514314160597722,4,-0.001412,-0.265159,-0.258967
514314166666666,1,-0.130349,4.749588,6.449564
514314179573055,4,-0.000230,-0.271767,-0.269297
514314180854271,2,0.237869,-0.125400,-41.431628
514314185606060,1,-0.117897,5.051520,7.004988
514314198548387,4,-0.002244,-0.278191,-0.276521
514314204545454,1,-0.051689,5.463811,7.506888
514314217523719,4,0.002058,-0.278053,-0.278559
514314223484848,1,0.003459,5.891080,8.031574
514314231105527,2,-0.015584,-0.002561,-41.319373
514314236499051,4,0.000156,-0.277445,-0.277842
514314242424242,1,0.067865,6.408997,8.448408
514314255474383,4,-0.002060,-0.274142,-0.276381
514314261363636,1,0.110965,6.951505,8.865828
514314274449715,4,0.000162,-0.268029,-0.261989
514314280303030,1,0.170571,7.465563,9.161922
514314281356783,2,-0.612591,-0.117564,-41.529656
514314293425047,4,-0.000080,-0.259639,-0.257099
514314299242424,1,0.211445,7.964799,9.348492
514314312400379,4,0.001039,-0.240291,-0.244817
514314318181818,1,0.225605,8.445224,9.429153
514314331375711,4,-0.003165,-0.226010,-0.230405
514314331608040,2,-1.397852,-0.033218,-41.309213
514314337121212,1,0.252903,8.829425,9.391506
514314350351043,4,-0.000872,-0.209545,-0.209169
514314356060606,1,0.265391,9.129194,9.252729
514314369326375,4,0.001378,-0.189380,-0.188560
514314375000000,1,0.277497,9.354330,8.997681
514314381859296,2,-1.504370,0.179153,-41.507310
514314388301707,4,-0.000029,-0.164533,-0.164636
514314393939393,1,0.277586,9.432410,8.659621
514314407277039,4,0.000872,-0.138068,-0.138970
514314412878787,1,0.289037,9.414983,8.225440
514314426252371,4,0.000907,-0.116236,-0.112971
514314431818181,1,0.309725,9.284304,7.728184
514314432110552,2,-1.695978,-0.072446,-41.228838
514314445227703,4,0.000959,-0.083629,-0.086471
514314450757575,1,0.315387,9.067834,7.225525
514314464203036,4,-0.001318,-0.057272,-0.055050
514314469696969,1,0.297125,8.700813,6.669005
514314482361809,2,-2.039778,0.056048,-41.221723
514314483178368,4,0.002068,-0.027329,-0.024698
514314488636363,1,0.300918,8.298386,6.172165
514314502153700,4,0.000247,0.003151,0.002977
514314507575757,1,0.302311,7.796571,5.679444
514314521129032,4,0.001493,0.033926,0.037826
514314526515151,1,0.283748,7.291518,5.238724
514314532613065,2,-2.041018,-0.016080,-41.250858
514314540104364,4,-0.001704,0.063803,0.061708
514314545454545,1,0.321804,6.798920,4.889048
514314559079696,4,-0.001739,0.091515,0.091812
514314564393939,1,0.297801,6.241853,4.631813
514314578055028,4,0.005836,0.118886,0.116994
514314582864321,2,-1.846294,-0.238367,-41.131342
514314583333333,1,0.297057,5.763196,4.468612
514314597030360,4,0.000546,0.141450,0.145416
514314602272727,1,0.305085,5.310766,4.428032
514314616005692,4,0.000032,0.171859,0.172217
514314621212121,1,0.303180,4.931425,4.487818
514314633115577,2,-1.564703,-0.003109,-41.292702
514314634981024,4,-0.001007,0.192681,0.191450
514314640151515,1,0.268326,4.671712,4.686584
514314653956356,4,-0.002256,0.214094,0.210927
514314659090909,1,0.268762,4.518130,4.962719
514314672931688,4,-0.000829,0.229521,0.232610
514314678030303,1,0.245701,4.428231,5.333461
514314683366834,2,-1.133400,-0.164271,-41.441874
514314691907020,4,0.003603,0.244281,0.243178
514314696969696,1,0.212961,4.509129,5.782490
514314710882352,4,-0.000250,0.259450,0.259856
514314715909090,1,0.163665,4.650045,6.281732
514314729857685,4,-0.000893,0.268567,0.269703
514314733618090,2,-0.775137,-0.046274,-41.453182
514314734848484,1,0.129086,4.948494,6.821219
514314748833017,4,0.002081,0.271513,0.274686
514314753787878,1,0.068337,5.306560,7.341456
514314767808349,4,0.000428,0.276875,0.282173
514314772727272,1,0.022794,5.751311,7.869988
514314783869346,2,0.030052,-0.231578,-41.253839
514314786783681,4,-0.001271,0.278710,0.279905
514314791666666,1,-0.045811,6.215015,8.348950
514314805759013,4,-0.001183,0.271974,0.274810
514314810606060,1,-0.097581,6.757299,8.751247
514314824734345,4,0.002059,0.268697,0.267678
514314829545454,1,-0.145296,7.315274,9.074321
514314834120603,2,0.657111,0.209712,-41.527071
514314843709677,4,0.001851,0.259315,0.258956
514314848484848,1,-0.175854,7.804692,9.307525
514314862685009,4,0.000299,0.249132,0.252354
514314867424242,1,-0.217823,8.295070,9.412544
514314881660341,4,0.001654,0.234677,0.231345
514314884371859,2,1.028950,0.024129,-41.509146
514314886363636,1,-0.271868,8.720811,9.402739
514314900635673,4,-0.002052,0.214576,0.214666
514314905303030,1,-0.288906,9.032969,9.318973
514314919611005,4,-0.002157,0.193728,0.194877
514314924242424,1,-0.295259,9.308554,9.081001
514314934623115,2,1.410298,0.190098,-41.555996
514314938586337,4,0.000721,0.172482,0.172055
514314943181818,1,-0.317017,9.408324,8.785326
514314957561669,4,-0.001014,0.145867,0.144497
514314962121212,1,-0.302252,9.433376,8.371210
514314976537001,4,0.003570,0.120654,0.120178
514314981060606,1,-0.294705,9.357451,7.919502
514314984874371,2,1.609531,0.156338,-41.525783
514314995512333,4,-0.001858,0.098844,0.090826
514315000000000,1,-0.303387,9.122491,7.385345
514315014487666,4,-0.000858,0.065080,0.065448
514315018939393,1,-0.293672,8.820909,6.845718
514315033462998,4,0.001916,0.038399,0.035797
514315035125628,2,1.941860,-0.314674,-41.182018
514315037878787,1,-0.290878,8.439685,6.327540
514315052438330,4,-0.002112,0.004407,0.005536
514315056818181,1,-0.303496,7.976971,5.813249
514315071413662,4,0.004136,-0.027795,-0.022595
514315075757575,1,-0.284503,7.484354,5.349605
514315085376884,2,1.824247,-0.040347,-41.307018
514315090388994,4,0.000360,-0.052957,-0.054837
514315094696969,1,-0.308245,6.922096,4.982298
514315109364326,4,-0.001685,-0.082135,-0.082328
514315113636363,1,-0.300356,6.390999,4.685763
514315128339658,4,0.001944,-0.111706,-0.112879
514315132575757,1,-0.312875,5.903705,4.506210
514315135628140,2,1.903949,-0.049816,-41.707408
514315147314990,4,-0.003118,-0.136798,-0.137589
514315151515151,1,-0.308764,5.443790,4.417982
514315166290322,4,-0.001932,-0.164679,-0.164535
514315170454545,1,-0.298930,5.070797,4.474134
514315185265654,4,-0.002966,-0.188521,-0.189153
514315185879396,2,1.394671,0.000452,-41.583384
514315189393939,1,-0.301680,4.756160,4.614128
514315204240986,4,-0.000825,-0.209496,-0.211273
514315208333333,1,-0.283927,4.551863,4.875348
514315223216318,4,0.004045,-0.224255,-0.228318
514315227272727,1,-0.260512,4.436544,5.216221
514315236130653,2,1.100317,0.088465,-41.334854
514315242191650,4,0.000545,-0.242057,-0.240510
514315246212121,1,-0.213192,4.473706,5.633942
514315261166982,4,-0.001637,-0.254046,-0.257326
514315265151515,1,-0.173930,4.583863,6.127505
514315280142314,4,-0.002672,-0.265173,-0.264040
514315284090909,1,-0.120328,4.836848,6.636527
514315286381909,2,0.353513,0.326016,-41.374423
514315299117647,4,0.005176,-0.276345,-0.272548
514315303030303,1,-0.103395,5.181795,7.179152
514315318092979,4,-0.000820,-0.276552,-0.281059
514315321969696,1,-0.033101,5.606013,7.692153
514315336633165,2,-0.038477,0.163413,-41.138197
514315337068311,4,-0.002526,-0.280644,-0.278934
514315340909090,1,0.028374,6.059018,8.184429
514315356043643,4,-0.001282,-0.275538,-0.274802
514315359848484,1,0.072600,6.592648,8.611169
514315375018975,4,0.001199,-0.268197,-0.270603
514315378787878,1,0.123273,7.134782,8.963916
514315386884422,2,-0.826608,-0.038286,-41.845295
514315393994307,4,-0.002434,-0.260164,-0.264101
514315397727272,1,0.150967,7.672548,9.245819
514315412969639,4,0.001821,-0.248176,-0.250410
514315416666666,1,0.193938,8.154164,9.377968
514315431944971,4,-0.002992,-0.238701,-0.234220
514315435606060,1,0.244684,8.588772,9.423593
514315437135678,2,-1.105293,0.039302,-41.483393
514315450920303,4,-0.000338,-0.219523,-0.218164
514315454545454,1,0.256713,8.941214,9.343550
514315469895635,4,0.001393,-0.199414,-0.200389
514315473484848,1,0.273457,9.221190,9.163134
514315487386934,2,-1.664545,-0.337013,-41.407410
514315488870967,4,-0.000625,-0.176246,-0.176854
514315492424242,1,0.302392,9.408113,8.879345
514315507846299,4,-0.000515,-0.151740,-0.154162
514315511363636,1,0.302434,9.452625,8.516993
514315526821631,4,-0.001703,-0.129594,-0.130034
514315530303030,1,0.301818,9.397442,8.069695
514315537638190,2,-1.654464,-0.130960,-41.384710
514315545796963,4,-0.000545,-0.098308,-0.102386
514315549242424,1,0.284903,9.229089,7.575108
514315564772296,4,0.000377,-0.073629,-0.072836
514315568181818,1,0.288388,8.945272,7.043976
514315583747628,4,-0.003020,-0.043464,-0.043411
514315587121212,1,0.292983,8.592431,6.530351
514315587889447,2,-2.264284,0.018911,-41.502362
514315602722960,4,0.001081,-0.012790,-0.015633
514315606060606,1,0.285010,8.123020,5.991105
514315621698292,4,0.002168,0.017123,0.017100
514315625000000,1,0.303432,7.642282,5.533143
514315638140703,2,-2.137195,-0.163421,-41.502701
514315640673624,4,-0.000018,0.045414,0.046885
514315643939393,1,0.280306,7.126847,5.101014
514315659648956,4,0.000951,0.072169,0.074585
514315662878787,1,0.319257,6.607990,4.774643
514315678624288,4,-0.000510,0.104517,0.106392
514315681818181,1,0.293913,6.076408,4.552591
514315688391959,2,-1.797215,-0.238312,-41.511105
514315697599620,4,-0.001543,0.130155,0.130126
514315700757575,1,0.300137,5.588514,4.415824
514315716574952,4,-0.001603,0.156094,0.158330
514315719696969,1,0.297486,5.163959,4.428243
514315735550284,4,-0.002108,0.181478,0.177218
514315738636363,1,0.307257,4.822078,4.553140
514315738643216,2,-1.543863,-0.193366,-41.195016
514315754525616,4,-0.001123,0.201720,0.205728
514315757575757,1,0.272878,4.594910,4.771032
514315773500948,4,-0.000550,0.217404,0.217809
514315776515151,1,0.259651,4.473335,5.090307
514315788894472,2,-1.225258,-0.114928,-41.625260
514315792476280,4,0.000068,0.239911,0.239435
514315795454545,1,0.223500,4.440507,5.467275
514315811451612,4,0.000335,0.255140,0.251736
514315814393939,1,0.182089,4.578634,5.962924
514315830426944,4,0.001790,0.260774,0.262228
514315833333333,1,0.133543,4.732466,6.466132
514315839145728,2,-0.298798,0.079040,-41.629619
514315849402277,4,-0.003614,0.271675,0.272132
514315852272727,1,0.108500,5.060376,6.990868
514315868377609,4,0.000228,0.277403,0.275424
514315871212121,1,0.048653,5.449612,7.525333
514315887352941,4,-0.000380,0.276149,0.281870
514315889396984,2,0.171820,0.030104,-41.454437
514315890151515,1,-0.030235,5.903351,8.016994
514315906328273,4,-0.000607,0.276820,0.280976
514315909090909,1,-0.055119,6.449869,8.484069
514315925303605,4,-0.002484,0.271006,0.271064
514315928030303,1,-0.112340,6.957326,8.866769
514315939648241,2,0.528194,-0.116465,-41.438309
514315944278937,4,-0.000136,0.266436,0.267052
514315946969696,1,-0.150700,7.485698,9.178437
514315963254269,4,0.005144,0.250334,0.256050
514315965909090,1,-0.210706,7.991826,9.333540
514315982229601,4,-0.001114,0.239989,0.239923
514315984848484,1,-0.224989,8.435178,9.419973
514315989899497,2,1.025383,0.257737,-41.668643
514316001204933,4,-0.001818,0.228087,0.226402
514316003787878,1,-0.262290,8.849243,9.402118
514316020180265,4,0.000046,0.208390,0.202663
514316022727272,1,-0.293387,9.142883,9.236062
514316039155597,4,-0.002661,0.179936,0.182893
514316040150753,2,1.775801,-0.045496,-41.419365
514316041666666,1,-0.306385,9.343730,8.988428
514316058130929,4,0.000323,0.160982,0.161075
514316060606060,1,-0.269175,9.445736,8.628760
514316077106261,4,-0.002822,0.137018,0.135891
514316079545454,1,-0.307588,9.432812,8.244957
514316090402010,2,1.984495,-0.136247,-41.321679
514316096081593,4,0.001466,0.104704,0.109112
514316098484848,1,-0.319356,9.264763,7.757806
514316115056925,4,-0.002376,0.079524,0.081387
514316117424242,1,-0.293644,9.036548,7.220194
514316134032258,4,0.000182,0.049521,0.051237
514316136363636,1,-0.327730,8.710553,6.682905
514316140653266,2,1.618455,-0.157451,-41.582183
514316153007590,4,-0.003063,0.023841,0.021130
514316155303030,1,-0.283557,8.281199,6.156374
514316171982922,4,0.002237,-0.009444,-0.009438
514316174242424,1,-0.305611,7.817673,5.656077
514316190904522,2,1.839466,-0.081838,-41.385569
514316190958254,4,-0.001528,-0.036473,-0.039645
514316193181818,1,-0.300622,7.284176,5.243535
514316209933586,4,0.001289,-0.068386,-0.071573
514316212121212,1,-0.287554,6.758786,4.882226
514316228908918,4,-0.001141,-0.098597,-0.096171
514316231060606,1,-0.317382,6.231843,4.620559
514316241155778,2,1.973406,-0.005960,-41.550789
514316247884250,4,-0.002381,-0.121897,-0.123931
514316250000000,1,-0.269455,5.728309,4.483421
514316266859582,4,-0.000355,-0.148524,-0.147908
514316268939393,1,-0.287150,5.306143,4.444076
514316285834914,4,-0.000040,-0.175741,-0.177747
514316287878787,1,-0.288648,4.943502,4.493880
514316291407035,2,1.614123,-0.010657,-41.323318
514316304810246,4,-0.001372,-0.197793,-0.196344
514316306818181,1,-0.266845,4.679596,4.669729
514316323785578,4,-0.000690,-0.215281,-0.217883
514316325757575,1,-0.279100,4.495600,4.953186
514316341658291,2,1.240920,-0.010668,-41.612374
514316342760910,4,-0.000114,-0.231895,-0.233580
514316344696969,1,-0.238438,4.456181,5.332618
514316361736242,4,-0.000120,-0.250379,-0.250441
514316363636363,1,-0.205129,4.499636,5.796199
514316380711574,4,-0.001701,-0.262302,-0.259709
514316382575757,1,-0.191487,4.660980,6.288551
514316391909547,2,0.501614,-0.086801,-41.535984
514316399686907,4,-0.000444,-0.272961,-0.266725
514316401515151,1,-0.104001,4.935689,6.792692
514316418662239,4,0.000640,-0.279007,-0.277077
514316420454545,1,-0.060303,5.298851,7.335104
514316437637571,4,0.000222,-0.275539,-0.281164
514316439393939,1,-0.021900,5.744045,7.856827
514316442160804,2,0.066658,0.107268,-41.500685
514316456612903,4,0.001952,-0.275695,-0.279751
514316458333333,1,0.013031,6.251620,8.351082
514316475588235,4,-0.000555,-0.276909,-0.275244
514316477272727,1,0.099653,6.754000,8.740507
514316492412060,2,-0.546368,0.017866,-41.566782
514316494563567,4,-0.000073,-0.266699,-0.265837
514316496212121,1,0.140514,7.309740,9.074937
514316513538899,4,-0.001496,-0.262051,-0.258159
514316515151515,1,0.175247,7.822068,9.298469
514316532514231,4,0.000587,-0.244746,-0.245899
514316534090909,1,0.238428,8.307956,9.420292
514316542663316,2,-1.218634,-0.277371,-41.583243
514316551489563,4,0.000250,-0.226523,-0.228790
514316553030303,1,0.251559,8.732832,9.420009
514316570464895,4,-0.000747,-0.212221,-0.211561
514316571969696,1,0.262341,9.068078,9.313996
514316589440227,4,0.003273,-0.190826,-0.190499
514316590909090,1,0.282391,9.284395,9.090990
514316592914572,2,-1.453032,-0.133443,-41.500690
514316608415559,4,-0.000965,-0.165308,-0.163587
514316609848484,1,0.302087,9.424089,8.774232
514316627390891,4,0.000901,-0.142461,-0.142553
514316628787878,1,0.320781,9.452814,8.371577
514316643165829,2,-1.775835,0.037008,-41.613860
514316646366223,4,-0.004769,-0.114616,-0.115838
514316647727272,1,0.312022,9.331652,7.906895
514316665341555,4,0.000857,-0.089673,-0.089019
514316666666666,1,0.320782,9.135787,7.380135
514316684316888,4,-0.000822,-0.057336,-0.060137
514316685606060,1,0.288970,8.819399,6.847786
514316693417085,2,-1.870047,0.119894,-41.613294
514316703292220,4,0.004165,-0.028964,-0.032377
514316704545454,1,0.290558,8.423402,6.327334
514316722267552,4,-0.000257,-0.001232,-0.004317
514316723484848,1,0.305221,7.968843,5.842572
514316741242884,4,0.003199,0.031374,0.031034
514316742424242,1,0.301315,7.484298,5.363865
514316743668341,2,-2.155222,0.128865,-41.465256
514316760218216,4,0.000331,0.056755,0.058552
514316761363636,1,0.307345,6.926952,5.000782
514316779193548,4,0.001684,0.086284,0.083323
514316780303030,1,0.301417,6.415034,4.682719
514316793919597,2,-2.213936,-0.252630,-41.487753
514316798168880,4,-0.000454,0.115953,0.116508
514316799242424,1,0.290087,5.908385,4.493998
514316817144212,4,0.001457,0.144025,0.143267
514316818181818,1,0.305662,5.425263,4.434721
514316836119544,4,0.002391,0.164583,0.168630
514316837121212,1,0.280879,5.057343,4.465556
514316844170854,2,-1.753967,-0.092099,-41.458081
514316855094876,4,0.001253,0.188085,0.187558
514316856060606,1,0.277724,4.753188,4.607517
514316874070208,4,-0.001492,0.209992,0.212821
514316875000000,1,0.263682,4.529935,4.833341
514316893045540,4,-0.001229,0.227922,0.228412
514316893939393,1,0.251237,4.428776,5.205153
514316894422110,2,-0.931906,-0.059545,-41.316168
514316912020872,4,0.002237,0.245340,0.244955
514316912878787,1,0.213288,4.475238,5.626230
514316930996204,4,-0.000220,0.260755,0.256672
514316931818181,1,0.174665,4.608563,6.118958
514316944673366,2,-0.416080,0.210357,-41.445523
514316949971537,4,0.002631,0.268479,0.267737
514316950757575,1,0.138157,4.845232,6.618621
514316968946869,4,0.005002,0.272750,0.274154
514316969696969,1,0.094104,5.182974,7.160087
514316987922201,4,-0.002465,0.280409,0.281882
514316988636363,1,0.029426,5.592049,7.694548
514316994924623,2,-0.353273,0.069082,-41.335724
514317006897533,4,0.003340,0.281390,0.278547
514317007575757,1,-0.017593,6.088431,8.197693
514317025872865,4,-0.000730,0.272830,0.280244
514317026515151,1,-0.090439,6.597409,8.631550
514317044848197,4,0.000938,0.269241,0.272881
514317045175879,2,0.505411,0.258459,-41.360823
514317045454545,1,-0.120209,7.137961,8.993305
514317063823529,4,-0.001946,0.261983,0.260825
514317064393939,1,-0.157961,7.654544,9.241783
514317082798861,4,0.001277,0.248983,0.246209
514317083333333,1,-0.207706,8.146174,9.379786
514317095427135,2,1.137475,0.149611,-41.429674
514317101774193,4,0.000151,0.236283,0.234127
514317102272727,1,-0.222761,8.575420,9.444795
514317120749525,4,0.001550,0.214476,0.216514
514317121212121,1,-0.260119,8.932709,9.358956
514317139724857,4,-0.001249,0.197951,0.196520
514317140151515,1,-0.308639,9.229503,9.182346
514317145678391,2,1.128329,-0.102083,-41.286238
514317158700189,4,0.001380,0.176262,0.175470
514317159090909,1,-0.301316,9.391749,8.909756
514317177675521,4,0.000546,0.147718,0.149709
514317178030303,1,-0.305631,9.433922,8.529109
514317195929648,2,1.710480,-0.073987,-41.609285
514317196650853,4,-0.001066,0.122932,0.122871
514317196969696,1,-0.277356,9.388574,8.076046
514317215626185,4,-0.001960,0.092189,0.094768
514317215909090,1,-0.283657,9.209749,7.558636
514317234601518,4,0.000387,0.064786,0.067513
514317234848484,1,-0.282777,8.965037,7.042530
514317246180904,2,2.281712,0.203282,-41.576664
514317253576850,4,0.003801,0.040130,0.041371
514317253787878,1,-0.306053,8.603400,6.495613
514317272552182,4,0.000782,0.010583,0.006800
514317272727272,1,-0.298464,8.143701,6.006109
514317291527514,4,-0.001289,-0.027162,-0.019311
514317291666666,1,-0.284525,7.650031,5.521263
514317296432160,2,2.057391,-0.152052,-41.350807
514317310502846,4,0.003081,-0.052471,-0.051873
514317310606060,1,-0.295847,7.125230,5.077930
514317329478178,4,-0.001508,-0.079690,-0.078206
514317329545454,1,-0.302184,6.586976,4.770030
514317346683417,2,1.969915,0.078508,-41.399991
514317348453510,4,-0.003486,-0.107802,-0.109174
514317348484848,1,-0.295872,6.063639,4.578302
514317367424242,1,-0.281806,5.582620,4.437050
514317367428842,4,0.000227,-0.134619,-0.135913
514317386363636,1,-0.298539,5.166816,4.436501
514317386404174,4,-0.000207,-0.161321,-0.158953
514317396934673,2,2.040167,-0.185055,-41.718750
514317405303030,1,-0.299033,4.823588,4.550854
514317405379506,4,0.000838,-0.183959,-0.186942
514317424242424,1,-0.268672,4.588616,4.772292
514317424354838,4,-0.000757,-0.203987,-0.205709
514317443181818,1,-0.263150,4.469526,5.088533
514317443330170,4,0.001319,-0.221269,-0.222725
514317447185929,2,1.118858,-0.251922,-41.700172
514317462121212,1,-0.227879,4.453311,5.474100
514317462305502,4,0.000186,-0.242256,-0.246341
514317481060606,1,-0.194352,4.540774,5.939028
514317481280834,4,-0.000337,-0.255543,-0.254111
514317497437185,2,0.510877,-0.143595,-41.630952
514317500000000,1,-0.151877,4.729752,6.454456
514317500256166,4,-0.000308,-0.266257,-0.269175
514317518939393,1,-0.105351,5.050715,6.991030
514317519231499,4,-0.001880,-0.272333,-0.269854
514317537878787,1,-0.050900,5.451430,7.534797
514317538206831,4,-0.000195,-0.277157,-0.275907
514317547688442,2,0.168827,-0.076028,-41.519853
514317556818181,1,-0.004194,5.891670,8.014706
514317557182163,4,-0.001622,-0.278409,-0.280624
514317575757575,1,0.051375,6.409823,8.470419
514317576157495,4,0.001730,-0.276959,-0.276665
514317594696969,1,0.093024,6.940791,8.863154
514317595132827,4,-0.001565,-0.270778,-0.268023
514317597939698,2,-0.352090,-0.117797,-41.529859
514317613636363,1,0.162882,7.471726,9.148803
514317614108159,4,-0.002016,-0.264671,-0.263529
514317632575757,1,0.186015,7.985765,9.334475
514317633083491,4,0.001573,-0.253873,-0.258420
514317648190954,2,-0.969516,-0.303884,-41.838113
514317651515151,1,0.238533,8.424772,9.420666
514317652058823,4,0.002718,-0.237088,-0.242095
514317670454545,1,0.262363,8.839740,9.423413
514317671034155,4,-0.001215,-0.218584,-0.218824
514317689393939,1,0.282636,9.130175,9.243431
514317690009487,4,0.001877,-0.202632,-0.202114
514317698442211,2,-1.428204,0.047386,-41.156977
514317708333333,1,0.269968,9.345367,8.982133
514317708984819,4,-0.000262,-0.178257,-0.182265
514317727272727,1,0.309280,9.433946,8.643891
514317727960151,4,-0.001612,-0.154649,-0.156759
514317746212121,1,0.293184,9.441422,8.216041
514317746935483,4,0.002757,-0.132368,-0.131134
514317748693467,2,-1.793267,0.083140,-41.482526
514317765151515,1,0.322315,9.297092,7.741139
514317765910815,4,-0.001845,-0.103857,-0.106829
514317784090909,1,0.302744,9.051693,7.190647
514317784886148,4,-0.000975,-0.078397,-0.074137
514317798944723,2,-1.963556,0.201437,-41.762974
514317803030303,1,0.292754,8.720655,6.678384
514317803861480,4,0.001433,-0.049769,-0.043641
514317821969696,1,0.277786,8.292736,6.175795
514317822836812,4,0.004995,-0.016468,-0.017842
514317840909090,1,0.309469,7.813864,5.678238
514317841812144,4,0.005649,0.010741,0.013420
514317849195979,2,-1.976397,0.270206,-41.400589
514317859848484,1,0.291327,7.275679,5.224628
514317860787476,4,0.000359,0.045855,0.043884
514317878787878,1,0.316610,6.758313,4.878846
514317879762808,4,-0.000997,0.070551,0.071770
514317897727272,1,0.296401,6.258289,4.640673
514317898738140,4,-0.002014,0.101005,0.099781
514317899447236,2,-1.657898,-0.138181,-41.454034
514317916666666,1,0.327530,5.739745,4.469399
514317917713472,4,-0.002988,0.130714,0.127208
514317935606060,1,0.280912,5.320498,4.408959
514317936688804,4,-0.002536,0.153687,0.154160
514317949698492,2,-1.614775,-0.364280,-41.636612
514317954545454,1,0.295714,4.925665,4.487451
514317955664136,4,-0.003493,0.178735,0.175978
514317973484848,1,0.271481,4.659144,4.670768
514317974639468,4,0.003422,0.201120,0.199272
514317992424242,1,0.256690,4.508036,4.949528
514317993614800,4,-0.001490,0.219560,0.220996
514317999949748,2,-1.368635,0.105831,-41.344724
