timestamp_ns,sensor_type,x,y,z
514300000000000,1,0.004314,6.929546,6.924664
514300005000000,4,0.003192,0.000491,-0.000003
514300010000000,2,0.303929,0.026404,-41.344252
514300018939393,1,-0.004001,6.905050,6.927252
514300023975332,4,-0.000477,0.001686,0.001416
514300037878787,1,-0.008452,6.941034,6.932450
514300042950664,4,-0.000548,-0.002311,-0.001804
514300056818181,1,0.007666,6.903754,6.924280
514300060251256,2,-0.048616,-0.136271,-41.385372
514300061925996,4,-0.000368,0.002698,-0.000500
514300075757575,1,0.006672,6.930642,6.944494
514300080901328,4,-0.001188,-0.003521,0.003027
514300094696969,1,-0.021655,6.943122,6.926679
514300099876660,4,0.001138,0.001592,0.001923
514300110502512,2,-0.013372,0.124806,-41.440085
514300113636363,1,-0.008834,6.946241,6.948292
514300118851992,4,-0.000329,0.000169,0.002977
514300132575757,1,0.012416,6.958812,6.949550
514300137827324,4,0.000359,0.001175,0.001741
514300151515151,1,-0.009545,6.936048,6.930026
514300156802656,4,0.001286,-0.000256,-0.000068
514300160753768,2,-0.118952,0.161151,-41.623704
514300170454545,1,0.024349,6.947607,6.932082
514300175777988,4,0.001555,0.001552,0.002336
514300189393939,1,0.010535,6.919562,6.937352
514300194753320,4,0.001102,0.001193,-0.000892
514300208333333,1,-0.011255,6.914086,6.943763
514300211005025,2,0.093799,0.192242,-41.550715
514300213728652,4,-0.001162,0.001561,-0.001148
514300227272727,1,0.010903,6.939835,6.932153
514300232703984,4,-0.000041,0.002758,0.002441
514300246212121,1,-0.015196,6.920413,6.922717
514300251679316,4,0.000604,-0.000592,-0.000247
514300261256281,2,0.173399,0.059643,-41.365234
514300265151515,1,-0.002804,6.947263,6.947074
514300270654648,4,0.001735,-0.000073,-0.001117
514300284090909,1,-0.019783,6.926030,6.925707
514300289629981,4,0.002432,0.000363,-0.001155
514300303030303,1,-0.030379,6.941142,6.931395
514300308605313,4,0.000958,0.001942,-0.002015
514300311507537,2,-0.125513,0.032145,-41.704238
514300321969696,1,-0.001358,6.950499,6.935408
514300327580645,4,-0.000401,-0.000493,0.000905
514300340909090,1,-0.005169,6.941214,6.947055
514300346555977,4,0.001264,-0.001103,-0.002986
514300359848484,1,0.003558,6.942619,6.932602
514300361758793,2,0.256695,-0.302100,-41.546239
514300365531309,4,0.002064,-0.002240,0.000542
514300378787878,1,-0.000982,6.935705,6.925311
514300384506641,4,-0.000264,0.000325,0.003302
514300397727272,1,-0.006817,6.950883,6.958444
514300403481973,4,0.006077,-0.003267,0.001968
514300412010050,2,-0.139756,0.101205,-41.204434
514300416666666,1,0.019106,6.918470,6.917310
514300422457305,4,-0.000312,0.002096,0.001915
514300435606060,1,-0.014289,6.935961,6.900644
514300441432637,4,0.002819,0.000570,-0.001779
514300454545454,1,-0.007066,6.951234,6.946138
514300460407969,4,0.001855,0.000236,-0.000468
514300462261306,2,0.098237,0.444193,-41.699717
514300473484848,1,-0.006109,6.929148,6.941156
514300479383301,4,-0.000952,0.002013,0.003207
514300492424242,1,0.011223,6.927951,6.931536
514300498358633,4,-0.002391,0.001244,-0.000745
514300511363636,1,-0.006792,6.918373,6.931712
514300512512562,2,-0.195178,-0.133967,-41.474839
514300517333965,4,-0.002935,0.000295,-0.001666
514300530303030,1,-0.003551,6.919221,6.942102
514300536309297,4,-0.003156,-0.001563,-0.002056
514300549242424,1,0.005800,6.942697,6.925132
514300555284629,4,-0.001293,-0.002652,-0.000790
514300562763819,2,-0.154038,-0.112749,-41.399953
514300568181818,1,-0.023803,6.939957,6.926379
514300574259962,4,-0.001426,0.000751,0.001187
514300587121212,1,-0.010688,6.919264,6.931045
514300593235294,4,0.000520,-0.000471,-0.000525
514300606060606,1,0.018928,6.928283,6.921271
514300612210626,4,-0.001674,-0.001626,0.001407
514300613015075,2,-0.185876,-0.169979,-41.552807
514300624999999,1,0.007823,6.936422,6.908917
514300631185958,4,-0.003519,-0.000161,-0.000647
514300643939393,1,0.007948,6.959890,6.903142
514300650161290,4,0.001198,-0.002850,0.000025
514300662878787,1,-0.014828,6.900166,6.933445
514300663266331,2,-0.045666,0.151502,-41.628122
514300669136622,4,0.000686,-0.003809,-0.002149
514300681818181,1,0.011885,6.935615,6.951053
514300688111954,4,-0.000184,0.001028,0.000365
514300700757575,1,0.009967,6.954774,6.948271
514300707087286,4,0.001121,-0.002159,-0.003178
514300713517587,2,-0.108042,0.087251,-41.372817
514300719696969,1,-0.004835,6.935149,6.923925
514300726062618,4,0.000169,-0.002459,-0.001731
514300738636363,1,-0.002768,6.935091,6.933330
514300745037950,4,0.001865,0.000378,-0.001136
514300757575757,1,0.016107,6.930387,6.923164
514300763768844,2,0.214309,0.070368,-41.473471
514300764013282,4,-0.001396,0.001242,0.000424
514300776515151,1,-0.010435,6.942210,6.917511
514300782988614,4,-0.002429,-0.003896,0.003764
514300795454545,1,-0.002414,6.950279,6.937860
514300801963946,4,-0.002445,0.001055,0.003021
514300814020100,2,0.086256,-0.040112,-41.534241
514300814393939,1,-0.000895,6.933918,6.921994
514300820939278,4,0.000295,-0.001201,-0.002852
514300833333333,1,-0.010286,6.932007,6.937604
514300839914611,4,-0.002880,0.000753,0.002902
514300852272727,1,0.011378,6.935459,6.950582
514300858889943,4,-0.000791,-0.001111,0.001395
514300864271356,2,-0.266117,0.134012,-41.461307
514300871212121,1,0.019262,6.943892,6.949048
514300877865275,4,-0.001372,0.000549,0.000084
514300890151515,1,-0.011889,6.920558,6.940564
514300896840607,4,-0.000819,-0.000031,0.003526
514300909090909,1,-0.016095,6.930864,6.943603
514300914522613,2,0.116556,-0.422372,-41.500091
514300915815939,4,0.001209,0.002185,-0.001837
514300928030303,1,0.016960,6.931298,6.926549
514300934791271,4,0.002192,0.001278,-0.002999
514300946969696,1,0.003846,6.921466,6.932269
514300953766603,4,0.001080,-0.001027,-0.003092
514300964773869,2,-0.128382,0.225204,-41.400893
514300965909090,1,-0.000096,6.934013,6.935411
514300972741935,4,0.000260,0.001078,0.000303
514300984848484,1,-0.010014,6.925625,6.925383
514300991717267,4,-0.000218,-0.000661,0.004933
514301003787878,1,-0.019441,6.938451,6.945085
514301010692599,4,-0.002365,0.001746,0.000031
514301015025125,2,0.035135,-0.064790,-41.433445
514301022727272,1,0.009556,6.931199,6.924617
514301029667931,4,-0.001709,-0.000097,-0.002786
514301041666666,1,0.008932,6.942016,6.936958
514301048643263,4,-0.001191,-0.000094,-0.003102
514301060606060,1,0.020932,6.934032,6.931266
514301065276381,2,-0.139228,-0.014959,-41.579780
514301067618595,4,0.001013,-0.001928,-0.002903
514301079545454,1,-0.004798,6.915618,6.942285
514301086593927,4,-0.002161,0.004352,-0.003956
514301098484848,1,-0.001266,6.940468,6.956451
514301105569259,4,0.000872,-0.001503,-0.000700
514301115527638,2,0.339973,0.220492,-41.333569
514301117424242,1,-0.004689,6.906293,6.940122
514301124544592,4,0.001208,0.001110,-0.001361
514301136363636,1,0.002002,6.925559,6.939116
514301143519924,4,-0.002716,0.001244,0.001105
514301155303030,1,0.009433,6.922989,6.930733
514301162495256,4,-0.000570,0.000884,-0.000892
514301165778894,2,-0.223547,0.129624,-41.464876
514301174242424,1,0.017721,6.925689,6.935149
514301181470588,4,-0.001654,0.000008,0.001038
514301193181818,1,-0.031493,6.916567,6.936239
514301200445920,4,0.000619,0.001018,-0.001521
514301212121212,1,0.014736,6.918004,6.935243
514301216030150,2,0.183519,0.048359,-41.494034
514301219421252,4,0.003164,-0.000685,-0.000238
514301231060606,1,-0.004509,6.945786,6.919735
514301238396584,4,-0.002637,-0.000388,0.001064
514301250000000,1,0.005161,6.926504,6.937025
514301257371916,4,0.001525,0.003124,0.001040
514301266281407,2,0.035068,-0.270845,-41.608136
514301268939393,1,0.000827,6.931327,6.940082
514301276347248,4,0.000554,-0.000893,-0.001323
514301287878787,1,0.000524,6.932755,6.930072
514301295322580,4,0.001940,0.001902,-0.002154
514301306818181,1,0.000931,6.937013,6.922479
514301314297912,4,0.001446,0.001301,-0.002228
514301316532663,2,0.056000,0.170908,-41.575600
514301325757575,1,-0.004194,6.921686,6.933871
514301333273244,4,0.001081,-0.002099,-0.004859
514301344696969,1,-0.007108,6.943598,6.942421
514301352248576,4,-0.000320,0.000516,-0.000230
514301363636363,1,-0.011073,6.934321,6.942011
514301366783919,2,-0.006121,-0.240149,-41.274129
514301371223908,4,0.005734,0.000758,0.000294
514301382575757,1,-0.002104,6.925610,6.921240
514301390199240,4,0.000859,-0.000883,0.001859
514301401515151,1,0.010251,6.945181,6.931853
514301409174573,4,0.000722,0.000630,-0.001248
514301417035175,2,0.167061,0.097815,-41.432005
514301420454545,1,0.009194,6.898766,6.950279
514301428149905,4,-0.003129,-0.001003,0.000565
514301439393939,1,-0.001883,6.936050,6.930503
514301447125237,4,-0.000889,0.000583,-0.000465
514301458333333,1,0.016748,6.921620,6.952042
514301466100569,4,0.000861,-0.001954,0.000386
514301467286432,2,0.232882,-0.120752,-41.630000
514301477272727,1,0.004755,6.941821,6.930398
514301485075901,4,-0.001282,-0.003077,-0.000330
514301496212121,1,-0.015699,6.945515,6.938086
514301504051233,4,0.003073,-0.002917,0.000239
514301515151515,1,0.016339,6.932023,6.929318
514301517537688,2,0.159228,0.149147,-41.672050
514301523026565,4,0.001595,0.004600,-0.000986
514301534090909,1,0.016657,6.957291,6.934461
514301542001897,4,-0.001264,-0.002333,0.002281
514301553030303,1,-0.009033,6.944075,6.931300
514301560977229,4,-0.001735,-0.000741,-0.003698
514301567788944,2,-0.079704,0.253364,-41.431276
514301571969696,1,0.007191,6.931237,6.953117
514301579952561,4,0.001768,0.002317,0.001692
514301590909090,1,-0.008394,6.940115,6.928484
514301598927893,4,-0.003211,0.001214,-0.003345
514301609848484,1,-0.003378,6.929404,6.943212
514301617903225,4,0.000116,0.000410,0.000620
514301618040201,2,0.118074,-0.173857,-41.394529
514301628787878,1,0.011020,6.941042,6.933053
514301636878557,4,0.001069,-0.000016,-0.003925
514301647727272,1,0.001682,6.945121,6.945500
514301655853889,4,0.001070,0.000195,-0.001805
514301666666666,1,-0.032283,6.931082,6.931658
514301668291457,2,-0.212931,-0.296973,-41.384002
514301674829222,4,-0.003139,0.003080,0.002463
514301685606060,1,0.008031,6.933547,6.942979
514301693804554,4,0.001412,-0.001353,-0.005034
514301704545454,1,-0.012944,6.937469,6.945151
514301712779886,4,0.001529,0.000733,-0.000749
514301718542713,2,0.215167,-0.038068,-41.575009
514301723484848,1,-0.017693,6.964512,6.948639
514301731755218,4,0.002250,0.001696,0.000352
514301742424242,1,0.000016,6.924408,6.932248
514301750730550,4,0.000070,0.000102,0.001360
514301761363636,1,0.001006,6.939637,6.952357
514301768793969,2,0.256627,-0.029218,-41.502891
514301769705882,4,-0.001715,0.000852,-0.001841
514301780303030,1,-0.005713,6.941101,6.918840
514301788681214,4,0.002673,0.001064,-0.001376
514301799242424,1,-0.004963,6.938869,6.942644
514301807656546,4,0.000161,-0.001708,0.003008
514301818181818,1,-0.009039,6.929059,6.951875
514301819045226,2,0.254094,-0.053038,-41.591130
514301826631878,4,0.003246,0.001392,0.003113
514301837121212,1,0.013943,6.936850,6.907509
514301845607210,4,0.000304,0.001527,0.002449
514301856060606,1,0.030134,6.934110,6.930598
514301864582542,4,-0.000011,0.000142,0.001867
514301869296482,2,0.122326,-0.106778,-41.514716
514301875000000,1,-0.006268,6.938865,6.938988
514301883557874,4,0.001293,-0.001511,-0.004374
514301893939393,1,0.011408,6.923236,6.930599
514301902533206,4,-0.000351,-0.004194,-0.001982
514301912878787,1,0.024367,6.937044,6.932278
514301919547738,2,-0.197874,0.027810,-41.482811
514301921508538,4,-0.001749,-0.001137,0.001641
514301931818181,1,-0.011299,6.940420,6.946721
514301940483870,4,0.002075,0.001017,0.001265
514301950757575,1,0.010495,6.931243,6.938684
514301959459203,4,0.001312,-0.004994,0.000020
514301969696969,1,0.020060,6.947199,6.924939
514301969798994,2,0.145203,0.128588,-41.410298
514301978434535,4,-0.003593,0.001018,-0.004186
514301988636363,1,-0.030552,6.937910,6.943932
514301997409867,4,-0.000361,0.001096,-0.002236
514302007575757,1,-0.000223,6.071108,8.181588
514302016385199,4,0.001923,0.001013,0.000762
514302020050251,2,0.059138,-0.010988,-41.401593
514302026515151,1,0.046065,6.582912,8.631585
514302035360531,4,0.001396,-0.000718,0.000304
514302045454545,1,0.078041,7.112899,8.981589
514302054335863,4,0.000020,-0.000025,-0.001344
514302064393939,1,0.091673,7.664218,9.243883
514302070301507,2,-0.166850,-0.352345,-41.318738
514302073311195,4,-0.002485,-0.000674,-0.000784
514302083333333,1,0.152874,8.139606,9.382432
514302092286527,4,-0.001473,0.001704,-0.002344
514302102272727,1,0.164998,8.578018,9.424783
514302111261859,4,-0.000343,0.002333,0.001818
514302120552763,2,0.101124,-0.019048,-41.331842
514302121212121,1,0.183260,8.936989,9.348619
514302130237191,4,0.002433,-0.001182,0.001569
514302140151515,1,0.221777,9.211378,9.178013
514302149212523,4,-0.002126,-0.000552,-0.000364
514302159090909,1,0.221606,9.364598,8.921281
514302168187855,4,-0.001152,-0.000724,-0.000987
514302170804020,2,-0.109725,-0.105824,-41.619647
514302178030303,1,0.246001,9.440651,8.526584
514302187163187,4,-0.001965,0.001713,-0.000365
514302196969696,1,0.235917,9.395418,8.086738
514302206138519,4,0.000403,0.000328,0.000109
514302215909090,1,0.272614,9.202649,7.566339
514302221055276,2,0.085143,-0.237444,-41.608070
514302225113851,4,0.000186,-0.000611,0.002837
514302234848484,1,0.313118,8.917487,7.045937
514302244089184,4,0.001521,0.000037,-0.000894
514302253787878,1,0.288489,8.563594,6.535354
514302263064516,4,-0.000238,0.000835,0.003000
514302271306532,2,0.043457,-0.180623,-41.592072
514302272727272,1,0.321350,8.117668,6.009135
514302282039848,4,-0.002746,0.001320,0.002253
514302291666666,1,0.300058,7.616200,5.561847
514302301015180,4,-0.002973,-0.000362,-0.002129
514302310606060,1,0.311199,7.104069,5.144000
514302319990512,4,0.000861,-0.000717,-0.000260
514302321557788,2,-0.331735,0.090871,-41.596201
514302329545454,1,0.301782,6.568948,4.803868
514302338965844,4,-0.000822,0.001440,0.000458
514302348484848,1,0.294483,6.039525,4.592535
514302357941176,4,0.000462,0.000321,0.001145
514302367424242,1,0.259569,5.592467,4.452836
514302371809045,2,-0.164892,-0.194253,-41.555758
514302376916508,4,-0.000524,0.003402,-0.002470
514302386363636,1,0.249250,5.159221,4.440382
514302395891840,4,-0.003452,-0.003617,-0.004159
514302405303030,1,0.222076,4.842759,4.526558
514302414867172,4,0.001346,0.001103,0.002416
514302422060301,2,-0.237023,0.291357,-41.850738
514302424242424,1,0.187985,4.580436,4.757733
514302433842504,4,-0.002113,0.001491,0.000114
514302443181818,1,0.196184,4.474356,5.093017
514302452817836,4,0.000333,0.001251,-0.001513
514302462121212,1,0.143581,4.458534,5.466579
514302471793168,4,0.005174,0.002664,-0.001063
514302472311557,2,-0.067593,0.016036,-41.609333
514302481060606,1,0.148377,4.531440,5.948432
514302490768500,4,-0.002181,-0.000176,0.000365
514302500000000,1,0.087553,4.733373,6.485536
514302509743833,4,0.002131,-0.002337,0.000571
514302518939393,1,0.071142,5.067440,6.980178
514302522562814,2,0.031820,-0.119940,-41.263512
514302528719165,4,-0.003058,0.000873,-0.000215
514302537878787,1,0.032109,5.451708,7.527773
514302547694497,4,0.003873,-0.003092,0.002741
514302556818181,1,-0.016066,5.919013,8.028670
514302566669829,4,-0.003408,-0.002654,-0.003354
514302572814070,2,-0.167832,-0.352684,-41.687801
514302575757575,1,-0.045657,6.391494,8.487228
514302585645161,4,0.000501,-0.002347,-0.002697
514302594696969,1,-0.036456,6.933017,8.864086
514302604620493,4,0.000406,0.000904,0.000080
514302613636363,1,-0.083444,7.460912,9.150267
514302623065326,2,0.057974,-0.017689,-41.380206
514302623595825,4,-0.000324,0.003658,0.000292
514302632575757,1,-0.136892,7.994148,9.364373
514302642571157,4,0.001611,0.000286,-0.002196
514302651515151,1,-0.153011,8.430516,9.425254
514302661546489,4,0.001100,-0.001312,-0.000182
514302670454545,1,-0.189059,8.818328,9.397351
514302673316582,2,0.075262,-0.095442,-41.566388
514302680521821,4,0.000611,-0.003883,-0.003219
514302689393939,1,-0.199090,9.138731,9.253853
514302699497153,4,0.001819,-0.001327,-0.001233
514302708333333,1,-0.227437,9.334178,8.987742
514302718472485,4,0.000333,-0.000771,0.000835
514302723567839,2,-0.057799,0.282652,-41.389403
514302727272727,1,-0.245720,9.420728,8.641933
514302737447817,4,-0.000102,0.000397,-0.001404
514302746212121,1,-0.259875,9.399004,8.236840
514302756423149,4,0.000387,0.002210,-0.001135
514302765151515,1,-0.267805,9.260569,7.751811
514302773819095,2,0.283753,0.126117,-41.502563
514302775398481,4,0.001831,-0.000103,0.001469
514302784090909,1,-0.310169,9.049145,7.213683
514302794373814,4,0.000258,-0.000067,0.000699
514302803030303,1,-0.301784,8.709779,6.692951
514302813349146,4,0.002427,0.000472,0.000957
514302821969696,1,-0.313750,8.284825,6.180729
514302824070351,2,-0.152904,0.030228,-41.502156
514302832324478,4,-0.000737,0.003142,0.001281
514302840909090,1,-0.307323,7.791185,5.678720
514302851299810,4,0.000155,-0.000245,0.001956
514302859848484,1,-0.299118,7.256533,5.250421
514302870275142,4,-0.001212,-0.003566,0.000145
514302874321608,2,-0.014047,-0.031365,-41.800895
514302878787878,1,-0.268737,6.734498,4.891117
514302889250474,4,0.002380,0.003183,-0.000215
514302897727272,1,-0.294533,6.227240,4.651145
514302908225806,4,0.000087,0.001039,-0.000529
514302916666666,1,-0.253138,5.712217,4.486309
514302924572864,2,0.189126,-0.007568,-41.705164
514302927201138,4,0.001033,-0.000171,0.002023
514302935606060,1,-0.234007,5.295782,4.441823
514302946176470,4,0.001446,0.001620,-0.000411
514302954545454,1,-0.237902,4.929953,4.520874
514302965151802,4,0.003852,0.000968,0.000495
514302973484848,1,-0.206674,4.641713,4.681511
514302974824120,2,0.072264,-0.128375,-41.408705
514302984127134,4,-0.001522,-0.000194,0.000229
514302992424242,1,-0.172057,4.494072,4.972076
514303003102466,4,-0.001575,-0.000585,-0.000332
514303011363636,1,-0.167034,4.449636,5.364014
514303022077798,4,0.000112,-0.003525,-0.000271
514303025075376,2,0.132248,0.152945,-41.517163
514303030303030,1,-0.117208,4.512100,5.785864
514303041053130,4,-0.000755,-0.000042,0.002071
514303049242424,1,-0.108832,4.663832,6.289031
514303060028462,4,0.004105,0.001357,-0.002469
514303068181818,1,-0.054942,4.954309,6.822946
514303075326633,2,-0.062067,-0.093831,-41.601409
514303079003795,4,-0.000691,0.001192,0.000967
514303087121212,1,-0.057747,5.285812,7.352672
514303097979127,4,0.001975,-0.000195,-0.000727
514303106060606,1,0.001996,5.745286,7.887081
514303116954459,4,0.003505,0.000117,-0.002033
514303125000000,1,0.010548,6.226218,8.327950
514303125577889,2,-0.002585,-0.031401,-41.616821
514303135929791,4,0.002950,-0.002992,-0.006990
514303143939393,1,0.046945,6.773213,8.738619
514303154905123,4,0.001539,0.001821,0.000828
514303162878787,1,0.067999,7.311430,9.047621
514303173880455,4,-0.002605,-0.000118,-0.000556
514303175829145,2,-0.171568,-0.016313,-41.558156
514303181818181,1,0.103926,7.798346,9.298732
514303192855787,4,-0.001075,0.002824,-0.002093
514303200757575,1,0.147884,8.317524,9.426765
514303211831119,4,0.000632,0.002388,0.000763
514303219696969,1,0.190152,8.712528,9.410210
514303226080402,2,-0.171205,0.124586,-41.227212
514303230806451,4,0.002482,0.001127,0.000859
514303238636363,1,0.199609,9.049597,9.322815
514303249781783,4,0.000734,0.001227,-0.000771
514303257575757,1,0.215353,9.285422,9.086828
514303268757115,4,-0.002604,0.001908,0.002323
514303276331658,2,0.144388,-0.108028,-41.500560
514303276515151,1,0.228921,9.396044,8.783080
514303287732447,4,0.000504,-0.001097,-0.003115
514303295454545,1,0.244957,9.421087,8.393896
514303306707779,4,0.000172,-0.002698,-0.002978
514303314393939,1,0.261423,9.322990,7.917981
514303325683111,4,-0.000041,-0.001528,0.000691
514303326582914,2,0.231064,-0.176055,-41.375637
514303333333333,1,0.288280,9.116456,7.415705
514303344658444,4,-0.000319,-0.001213,-0.003410
514303352272727,1,0.300677,8.829521,6.872856
514303363633776,4,-0.001706,-0.001632,-0.002451
514303371212121,1,0.292349,8.415051,6.347857
514303376834170,2,-0.217212,0.252606,-41.557573
514303382609108,4,-0.000658,-0.002295,-0.000327
514303390151515,1,0.295466,7.955760,5.836106
514303401584440,4,0.000481,-0.001652,0.000851
514303409090909,1,0.289840,7.457329,5.371798
514303420559772,4,-0.002723,-0.002224,-0.000226
514303427085427,2,0.334357,0.259210,-41.508990
514303428030303,1,0.296317,6.931616,4.999686
514303439535104,4,0.001374,0.001735,0.003225
514303446969696,1,0.307029,6.392761,4.693935
514303458510436,4,-0.000753,-0.000255,-0.002065
514303465909090,1,0.268618,5.887117,4.525618
514303477336683,2,-0.107911,0.029216,-41.520050
514303477485768,4,-0.002508,0.000457,-0.001552
514303484848484,1,0.253816,5.415942,4.424990
514303496461100,4,0.002465,-0.002925,0.000973
514303503787878,1,0.231029,5.031949,4.456503
514303515436432,4,-0.002011,-0.001641,0.001078
514303522727272,1,0.209309,4.743763,4.634526
514303527587939,2,-0.060235,-0.248717,-41.570209
514303534411764,4,-0.001352,-0.001032,-0.001624
514303541666666,1,0.203900,4.549212,4.877078
514303553387096,4,0.003570,-0.001235,0.000103
514303560606060,1,0.179331,4.436912,5.212288
514303572362428,4,-0.000404,0.000443,-0.001229
514303577839195,2,-0.166572,0.082747,-41.344365
514303579545454,1,0.136844,4.459724,5.635409
514303591337760,4,-0.000402,0.000788,-0.001726
514303598484848,1,0.121386,4.601806,6.116050
514303610313092,4,0.002179,0.002371,0.001213
514303617424242,1,0.083129,4.843145,6.646715
514303628090452,2,0.111103,0.051356,-41.620962
514303629288425,4,0.000140,-0.005981,0.000849
514303636363636,1,0.032929,5.162050,7.186220
514303648263757,4,-0.000783,-0.000493,-0.003795
514303655303030,1,0.018534,5.587340,7.693092
514303667239089,4,0.000987,-0.002897,0.000237
514303674242424,1,-0.016013,6.077909,8.171456
514303678341708,2,0.030810,0.118915,-41.580961
514303686214421,4,0.001809,-0.000939,0.002432
514303693181818,1,-0.044516,6.592402,8.620854
514303705189753,4,-0.001494,0.001201,-0.002610
514303712121212,1,-0.073591,7.129639,8.963707
514303724165085,4,0.002062,0.001752,0.000937
514303728592964,2,0.017848,-0.021819,-41.243671
514303731060606,1,-0.118145,7.678288,9.228375
514303743140417,4,-0.000787,-0.002804,-0.000781
514303750000000,1,-0.138411,8.149639,9.407539
514303762115749,4,0.002221,0.000260,-0.003106
514303768939393,1,-0.170524,8.567045,9.417710
514303778844221,2,0.127732,0.091374,-41.750530
514303781091081,4,-0.002249,0.002506,0.000976
514303787878787,1,-0.170786,8.928928,9.362329
514303800066413,4,-0.002468,-0.003532,-0.001250
514303806818181,1,-0.225369,9.194625,9.178206
514303819041745,4,-0.003703,-0.000312,0.004903
514303825757575,1,-0.246184,9.370223,8.922123
514303829095477,2,0.025926,-0.023252,-41.517574
514303838017077,4,-0.003194,-0.000372,0.002624
514303844696969,1,-0.248429,9.444503,8.534528
514303856992409,4,0.001498,-0.000297,-0.000293
514303863636363,1,-0.270430,9.368632,8.081516
514303875967741,4,-0.002312,-0.000535,0.000487
514303879346733,2,-0.234512,-0.163165,-41.503229
514303882575757,1,-0.279805,9.196164,7.581688
514303894943074,4,0.002210,-0.001240,-0.000380
514303901515151,1,-0.299679,8.926322,7.048190
514303913918406,4,-0.001898,0.000451,0.001568
514303920454545,1,-0.312470,8.534415,6.507642
514303929597989,2,0.167153,-0.088579,-41.553017
514303932893738,4,0.001259,-0.002340,0.000294
514303939393939,1,-0.278228,8.118740,6.013907
514303951869070,4,-0.001355,0.002022,-0.000323
514303958333333,1,-0.324569,7.615880,5.516522
514303970844402,4,-0.003039,-0.000440,0.000917
514303977272727,1,-0.297273,7.130863,5.130540
514303979849246,2,0.267164,-0.044523,-41.512344
514303989819734,4,0.000488,-0.001024,-0.001171
514303996212121,1,-0.266890,6.564913,4.816335
514304008795066,4,-0.001975,-0.000789,-0.001711
514304015151515,1,-0.251458,6.049566,4.565980
514304027770398,4,0.001940,-0.001802,0.000245
514304030100502,2,-0.017287,-0.201826,-41.407256
514304034090909,1,-0.278084,5.570462,4.453881
514304046745730,4,0.000109,0.001891,0.002179
514304053030303,1,-0.220827,5.144093,4.447480
514304065721062,4,0.001392,0.000706,-0.002097
514304071969696,1,-0.247088,4.821088,4.558064
514304080351758,2,-0.097931,-0.004511,-41.426370
514304084696394,4,-0.002138,-0.001691,0.001504
514304090909090,1,-0.196701,4.596210,4.775442
514304103671726,4,0.000147,0.001737,0.002006
514304109848484,1,-0.171099,4.459813,5.073338
514304122647058,4,-0.001452,0.000064,-0.000026
514304128787878,1,-0.173455,4.435953,5.484021
514304130603015,2,0.291384,-0.197666,-41.363279
514304141622390,4,-0.000656,-0.001070,0.002370
514304147727272,1,-0.107626,4.538449,5.949217
514304160597722,4,0.000104,0.000026,-0.001606
514304166666666,1,-0.088079,4.743010,6.472161
514304179573055,4,0.001350,-0.002010,0.000910
514304180854271,2,0.130308,-0.095732,-41.403100
514304185606060,1,-0.037923,5.079144,6.996027
514304198548387,4,0.000964,-0.000825,0.000635
514304204545454,1,-0.025895,5.464402,7.522725
514304217523719,4,0.000371,-0.000079,0.000026
514304223484848,1,0.010292,5.892486,8.023481
514304231105527,2,0.246515,-0.114746,-41.456805
514304236499051,4,0.000124,0.000260,0.000120
514304242424242,1,0.048071,6.405138,8.478411
514304255474383,4,-0.002208,-0.000304,0.000530
514304261363636,1,0.046970,6.969270,8.877197
514304274449715,4,0.000195,0.001908,0.001240
514304280303030,1,0.099027,7.482238,9.160777
514304281356783,2,0.060720,0.080127,-41.377632
514304293425047,4,-0.001741,-0.000333,-0.000623
514304299242424,1,0.143181,7.976106,9.357254
514304312400379,4,-0.000009,-0.000006,0.001223
514304318181818,1,0.167848,8.455200,9.403455
514304331375711,4,0.000355,0.002461,0.000482
514304331608040,2,0.024946,0.077015,-41.629747
514304337121212,1,0.174302,8.817825,9.400370
514304350351043,4,-0.001661,-0.000935,0.001208
514304356060606,1,0.181796,9.108301,9.279993
514304369326375,4,-0.003228,-0.002692,0.000021
514304375000000,1,0.235534,9.336608,9.007673
514304381859296,2,0.024601,-0.071451,-41.677500
514304388301707,4,0.001902,0.002614,-0.000434
514304393939393,1,0.249398,9.439700,8.650511
514304407277039,4,0.002122,0.000145,-0.003063
514304412878787,1,0.266563,9.409074,8.221544
514304426252371,4,-0.000016,-0.001238,0.001836
514304431818181,1,0.293300,9.266623,7.762914
514304432110552,2,-0.076372,0.040418,-41.427656
514304445227703,4,-0.000051,-0.002556,-0.002999
514304450757575,1,0.289823,9.050357,7.217495
514304464203036,4,-0.000042,-0.004840,-0.001036
514304469696969,1,0.282589,8.682850,6.697364
514304482361809,2,-0.190269,-0.140652,-41.384327
514304483178368,4,0.000462,-0.002114,0.001988
514304488636363,1,0.317878,8.295385,6.144723
514304502153700,4,0.002382,-0.002033,-0.000596
514304507575757,1,0.302721,7.758929,5.693486
514304521129032,4,0.001989,-0.000003,-0.002789
514304526515151,1,0.310052,7.278766,5.253606
514304532613065,2,0.076222,0.133065,-41.287851
514304540104364,4,-0.000287,-0.001706,0.002216
514304545454545,1,0.291028,6.735837,4.903299
514304559079696,4,0.001212,-0.000628,0.000284
514304564393939,1,0.277552,6.231057,4.635343
514304578055028,4,-0.002616,-0.001508,0.003107
514304582864321,2,0.080683,-0.062221,-41.475799
514304583333333,1,0.256970,5.708762,4.457943
514304597030360,4,0.000107,0.001860,0.000464
514304602272727,1,0.266962,5.284173,4.440145
514304616005692,4,0.002629,-0.003998,-0.000376
514304621212121,1,0.253641,4.920558,4.498508
514304633115577,2,0.248985,0.414667,-41.423561
514304634981024,4,0.003290,0.001912,0.002651
514304640151515,1,0.209026,4.657045,4.709634
514304653956356,4,-0.000014,-0.001074,-0.002054
514304659090909,1,0.205358,4.497626,4.988040
514304672931688,4,-0.002194,0.001614,0.001026
514304678030303,1,0.158248,4.438962,5.340447
514304683366834,2,0.080333,0.108856,-41.489457
514304691907020,4,-0.000133,0.001016,0.000285
514304696969696,1,0.116882,4.509235,5.796549
514304710882352,4,0.001924,0.001905,-0.002132
514304715909090,1,0.103047,4.665678,6.270493
514304729857685,4,0.000547,-0.003338,0.000266
514304733618090,2,0.174578,0.151207,-41.439869
514304734848484,1,0.060385,4.944352,6.810135
514304748833017,4,0.001209,-0.002627,-0.000833
514304753787878,1,0.037961,5.304813,7.341597
514304767808349,4,0.000019,0.000468,-0.000557
514304772727272,1,-0.003048,5.726893,7.862344
514304783869346,2,-0.047703,-0.228104,-41.383164
514304786783681,4,-0.002345,-0.000108,-0.003304
514304791666666,1,-0.016114,6.220994,8.335633
514304805759013,4,-0.000465,-0.000883,-0.000269
514304810606060,1,-0.051999,6.755023,8.760746
514304824734345,4,-0.001119,-0.003015,-0.000733
514304829545454,1,-0.091201,7.299516,9.066806
514304834120603,2,0.031929,-0.110665,-41.662514
514304843709677,4,0.001862,0.002523,0.004879
514304848484848,1,-0.138030,7.829924,9.284780
514304862685009,4,0.003383,-0.002394,-0.000817
514304867424242,1,-0.148489,8.301698,9.433330
514304881660341,4,-0.000046,-0.000171,0.000139
514304884371859,2,0.099215,-0.240185,-41.448080
514304886363636,1,-0.185811,8.703707,9.438522
514304900635673,4,0.004815,-0.002164,-0.001427
514304905303030,1,-0.192507,9.050542,9.301756
514304919611005,4,0.003288,-0.001232,0.000787
514304924242424,1,-0.225573,9.277542,9.087729
514304934623115,2,0.126533,0.082484,-41.551637
514304938586337,4,0.002069,0.000973,0.000384
514304943181818,1,-0.261535,9.403307,8.799036
514304957561669,4,0.001877,-0.001786,-0.000993
514304962121212,1,-0.258381,9.442675,8.385209
514304976537001,4,0.001071,-0.004139,0.002833
514304981060606,1,-0.282949,9.344373,7.919669
514304984874371,2,-0.187406,0.088053,-41.312947
514304995512333,4,0.000607,0.000306,-0.003261
514304999999999,1,-0.273775,9.109627,7.418728
514305014487666,4,-0.002573,-0.000797,0.001615
514305018939393,1,-0.280765,8.819320,6.864152
514305033462998,4,-0.004153,0.001577,-0.000720
514305035125628,2,-0.085910,0.076036,-41.255799
514305037878787,1,-0.299055,8.430578,6.346988
514305052438330,4,-0.000447,0.000507,0.000539
514305056818181,1,-0.292779,7.974737,5.833705
514305071413662,4,-0.001425,0.001250,-0.004639
514305075757575,1,-0.311905,7.454490,5.384792
514305085376884,2,0.050827,-0.059532,-41.336898
514305090388994,4,-0.000901,0.000307,-0.000690
514305094696969,1,-0.283251,6.910603,5.018901
514305109364326,4,-0.003654,0.001516,-0.002497
514305113636363,1,-0.267721,6.392553,4.713400
514305128339658,4,-0.000135,0.000306,0.000040
514305132575757,1,-0.281203,5.879854,4.515330
514305135628140,2,-0.110634,-0.194729,-41.371178
514305147314990,4,0.002338,-0.000107,0.000855
514305151515151,1,-0.239589,5.427218,4.422264
514305166290322,4,-0.000112,0.001226,0.002787
514305170454545,1,-0.235808,5.048558,4.469818
514305185265654,4,0.000275,0.001564,0.002911
514305185879396,2,-0.060924,-0.047478,-41.587067
514305189393939,1,-0.200473,4.745179,4.602156
514305204240986,4,0.002714,-0.000771,0.002073
514305208333333,1,-0.201452,4.536256,4.845395
514305223216318,4,0.000498,0.002234,0.001137
514305227272727,1,-0.165297,4.419826,5.222878
514305236130653,2,-0.070923,0.210455,-41.243651
514305242191650,4,0.000551,0.000868,0.000510
514305246212121,1,-0.131004,4.468410,5.626480
514305261166982,4,0.000589,-0.000318,-0.000503
514305265151515,1,-0.110781,4.590565,6.105622
514305280142314,4,0.003526,0.000955,-0.001147
514305284090909,1,-0.086527,4.846322,6.639232
514305286381909,2,0.269247,0.163518,-41.423085
514305299117647,4,-0.000555,0.002113,-0.001472
514305303030303,1,-0.033748,5.184168,7.180837
514305318092979,4,-0.002964,-0.002817,-0.003458
514305321969696,1,-0.038572,5.589007,7.683482
514305336633165,2,-0.214843,-0.028129,-41.169513
514305337068311,4,-0.002598,-0.002362,0.002770
514305340909090,1,0.010652,6.062894,8.180221
514305356043643,4,-0.000092,-0.000727,-0.002887
514305359848484,1,0.057547,6.595151,8.628184
514305375018975,4,-0.000286,-0.003475,-0.000739
514305378787878,1,0.057057,7.124143,8.982179
514305386884422,2,-0.065343,0.227122,-41.484771
514305393994307,4,0.004129,0.001328,-0.000420
514305397727272,1,0.124919,7.630227,9.227773
514305412969639,4,0.001396,-0.001043,-0.001601
514305416666666,1,0.148608,8.139197,9.377461
514305431944971,4,0.003408,-0.002285,-0.000708
514305435606060,1,0.145390,8.567647,9.412349
514305437135678,2,-0.401721,0.096073,-41.303088
514305450920303,4,0.000612,-0.001872,0.001301
514305454545454,1,0.190605,8.952141,9.347528
514305469895635,4,-0.000613,0.001328,0.001172
514305473484848,1,0.216734,9.222149,9.181682
514305487386934,2,-0.007349,0.184958,-41.743200
514305488870967,4,-0.000486,0.003421,-0.001331
514305492424242,1,0.215602,9.383157,8.897394
514305507846299,4,0.002698,0.002350,0.003542
514305511363636,1,0.251650,9.426763,8.525674
514305526821631,4,0.000348,-0.001577,0.004154
514305530303030,1,0.275337,9.402597,8.079877
514305537638190,2,-0.207835,0.030730,-41.421459
514305545796963,4,-0.000669,-0.001627,-0.000380
514305549242424,1,0.299960,9.207283,7.578935
514305564772296,4,-0.001963,0.001052,-0.001211
514305568181818,1,0.292986,8.913718,7.055884
514305583747628,4,-0.000575,0.001936,0.001247
514305587121212,1,0.273339,8.552277,6.520229
514305587889447,2,0.203487,0.095839,-41.672070
514305602722960,4,0.000031,0.000342,0.000025
514305606060606,1,0.314205,8.139624,6.001757
514305621698292,4,-0.000862,-0.000005,0.000982
514305624999999,1,0.300944,7.639792,5.516822
514305638140703,2,0.031957,0.090109,-41.774161
514305640673624,4,-0.000252,0.000840,-0.001673
514305643939393,1,0.299702,7.091865,5.122956
514305659648956,4,-0.001208,-0.001469,-0.001130
514305662878787,1,0.281729,6.573190,4.806560
514305678624288,4,0.002574,0.001452,-0.002154
514305681818181,1,0.287030,6.055057,4.574511
514305688391959,2,-0.006545,-0.050337,-41.591230
514305697599620,4,0.000875,-0.000781,-0.001365
514305700757575,1,0.284519,5.555879,4.473246
514305716574952,4,-0.002971,0.001944,-0.002728
514305719696969,1,0.241720,5.166483,4.442856
514305735550284,4,-0.000104,-0.001893,0.001552
514305738636363,1,0.216886,4.832024,4.566833
514305738643216,2,0.074817,-0.172452,-41.430494
514305754525616,4,-0.000669,-0.000269,-0.000201
514305757575757,1,0.208529,4.582636,4.814010
514305773500948,4,0.000605,0.000026,-0.000087
514305776515151,1,0.192447,4.470464,5.081677
514305788894472,2,0.083924,0.162564,-41.661539
514305792476280,4,-0.001037,-0.003149,-0.002237
514305795454545,1,0.143733,4.439156,5.498614
514305811451612,4,0.001437,-0.000612,-0.001328
514305814393939,1,0.110786,4.526837,5.958051
514305830426944,4,-0.002811,-0.003439,-0.001406
514305833333333,1,0.096535,4.737007,6.449340
514305839145728,2,-0.225785,0.041836,-41.535967
514305849402277,4,0.001776,-0.001114,0.000801
514305852272727,1,0.078930,5.057139,6.978500
514305868377609,4,-0.001206,0.001278,-0.000704
514305871212121,1,0.014415,5.441117,7.533318
514305887352941,4,-0.002464,-0.000538,0.003668
514305889396984,2,0.435398,0.068775,-41.484302
514305890151515,1,0.004998,5.919688,8.009327
514305906328273,4,0.003580,0.000973,-0.000274
514305909090909,1,-0.031511,6.430868,8.495942
514305925303605,4,0.000608,0.000634,-0.000080
514305928030303,1,-0.061554,6.973377,8.869352
514305939648241,2,-0.025924,-0.182709,-41.408444
514305944278937,4,0.000882,0.000416,-0.000632
514305946969696,1,-0.084257,7.476681,9.146655
514305963254269,4,-0.002391,-0.000920,0.001599
514305965909090,1,-0.137072,7.984511,9.345929
514305982229601,4,-0.000063,0.000601,-0.000566
514305984848484,1,-0.176142,8.428307,9.426747
514305989899497,2,-0.011872,-0.011747,-41.478859
514306001204933,4,-0.002119,-0.000477,-0.002045
514306003787878,1,-0.172766,8.829862,9.397710
514306020180265,4,-0.002173,0.002411,-0.000840
514306022727272,1,-0.217831,9.133126,9.269781
514306039155597,4,-0.001483,0.003236,0.001630
514306040150753,2,0.033182,-0.260888,-41.367472
514306041666666,1,-0.226255,9.317068,8.988290
514306058130929,4,-0.000743,0.000855,-0.000472
514306060606060,1,-0.240576,9.425040,8.657206
514306077106261,4,-0.001385,0.000949,-0.000649
514306079545454,1,-0.271676,9.412386,8.230495
514306090402010,2,-0.126967,-0.020705,-41.300140
514306096081593,4,0.000151,0.002043,0.001822
514306098484848,1,-0.280216,9.261757,7.761766
514306115056925,4,-0.001100,0.000972,-0.002256
514306117424242,1,-0.291098,9.038049,7.215668
514306134032258,4,0.000901,0.000297,0.000758
514306136363636,1,-0.274800,8.709047,6.672847
514306140653266,2,0.266917,-0.255074,-41.488489
514306153007590,4,-0.000595,0.004168,-0.001803
514306155303030,1,-0.309004,8.282000,6.156606
514306171982922,4,0.001943,-0.002063,0.001009
514306174242424,1,-0.301304,7.802604,5.681728
514306190904522,2,0.040937,-0.226130,-41.372637
514306190958254,4,0.001152,0.000110,-0.000991
514306193181818,1,-0.290168,7.270929,5.225668
514306209933586,4,0.000282,0.000534,0.003580
514306212121212,1,-0.278359,6.756960,4.928162
514306228908918,4,-0.001745,-0.001112,0.000569
514306231060606,1,-0.306815,6.228904,4.613083
514306241155778,2,0.017439,0.029124,-41.630659
514306247884250,4,-0.000512,-0.000200,0.002141
514306249999999,1,-0.246224,5.733047,4.468889
514306266859582,4,-0.005641,-0.001196,-0.003485
514306268939393,1,-0.241849,5.283030,4.439687
514306285834914,4,-0.002392,0.004809,0.001196
514306287878787,1,-0.229771,4.948242,4.527817
514306291407035,2,0.061933,0.125734,-41.473931
514306304810246,4,0.001903,-0.000161,0.001517
514306306818181,1,-0.217779,4.669389,4.691241
514306323785578,4,-0.003533,0.002077,-0.001640
514306325757575,1,-0.203520,4.481820,4.998681
514306341658291,2,-0.077090,-0.065410,-41.459967
514306342760910,4,-0.001063,0.001010,0.000633
514306344696969,1,-0.156092,4.447370,5.341520
514306361736242,4,0.000169,-0.002726,0.000200
514306363636363,1,-0.138846,4.495116,5.786975
514306380711574,4,0.001921,-0.001065,0.002630
514306382575757,1,-0.120749,4.653668,6.297063
514306391909547,2,0.007320,0.135723,-41.565065
514306399686907,4,-0.001745,0.000013,0.003071
514306401515151,1,-0.076683,4.940627,6.819303
514306418662239,4,-0.001363,0.002108,0.003949
514306420454545,1,-0.036817,5.319827,7.336603
514306437637571,4,0.000342,-0.001054,-0.001545
514306439393939,1,-0.001724,5.755301,7.875932
514306442160804,2,-0.182757,0.053908,-41.564655
514306456612903,4,0.002609,0.002553,0.002899
514306458333333,1,0.006583,6.243776,8.356514
514306475588235,4,-0.000066,0.002076,-0.000098
514306477272727,1,0.054183,6.772700,8.753045
514306492412060,2,0.117552,0.001131,-41.394804
514306494563567,4,-0.001766,0.002248,0.003268
514306496212121,1,0.074267,7.322737,9.074735
514306513538899,4,-0.002041,-0.002079,0.000080
514306515151515,1,0.123015,7.797875,9.305781
514306532514231,4,0.001912,-0.002268,0.000454
514306534090909,1,0.151728,8.314017,9.412064
514306542663316,2,-0.152148,0.021508,-41.597915
514306551489563,4,-0.001181,0.001402,-0.001596
514306553030303,1,0.161000,8.700878,9.415874
514306570464895,4,0.001544,-0.000316,-0.001874
514306571969696,1,0.184646,9.057970,9.330302
514306589440227,4,0.000127,-0.003876,-0.001118
514306590909090,1,0.218673,9.274843,9.076238
514306592914572,2,-0.183056,-0.129166,-41.574697
514306608415559,4,0.000675,-0.003544,-0.005142
514306609848484,1,0.249791,9.429275,8.775139
514306627390891,4,-0.004679,0.002654,-0.000154
514306628787878,1,0.257689,9.431395,8.403754
514306643165829,2,0.186704,-0.085641,-41.683757
514306646366223,4,-0.001065,0.001890,-0.000809
514306647727272,1,0.276170,9.331387,7.919273
514306665341555,4,0.000537,0.000052,-0.000942
514306666666666,1,0.268217,9.105086,7.396567
514306684316888,4,0.000588,0.001547,-0.000370
514306685606060,1,0.305747,8.811818,6.867480
514306693417085,2,0.019722,0.004377,-41.566834
514306703292220,4,-0.000921,-0.000685,-0.004596
514306704545454,1,0.291936,8.421590,6.364598
514306722267552,4,0.000566,-0.002418,0.001259
514306723484848,1,0.298178,7.953154,5.841789
514306741242884,4,-0.000181,0.000210,0.001401
514306742424242,1,0.319106,7.448907,5.374577
514306743668341,2,-0.024184,0.146434,-41.392420
514306760218216,4,-0.001853,0.000738,0.000535
514306761363636,1,0.286669,6.925042,5.014915
514306779193548,4,-0.000370,-0.001856,0.001190
514306780303030,1,0.296047,6.380001,4.701261
514306793919597,2,0.087635,-0.177552,-41.060044
514306798168880,4,0.001407,0.000227,-0.002141
514306799242424,1,0.268114,5.894579,4.505110
514306817144212,4,-0.001055,-0.000121,0.001377
514306818181818,1,0.249617,5.420968,4.449431
514306836119544,4,-0.003167,-0.001128,-0.000805
514306837121212,1,0.245212,5.049487,4.486187
514306844170854,2,0.157688,0.077554,-41.667673
514306855094876,4,-0.000166,-0.002603,-0.000435
514306856060606,1,0.214435,4.721600,4.600574
514306874070208,4,-0.000621,-0.002075,-0.000236
514306874999999,1,0.172777,4.528036,4.860778
514306893045540,4,-0.001082,0.000991,-0.001771
514306893939393,1,0.178784,4.441168,5.204713
514306894422110,2,0.142160,-0.075169,-41.522167
514306912020872,4,0.000180,-0.001617,-0.001200
514306912878787,1,0.140499,4.449885,5.646896
514306930996204,4,0.000595,0.000469,-0.000834
514306931818181,1,0.103392,4.583047,6.127807
514306944673366,2,-0.252117,-0.186222,-41.427244
514306949971537,4,-0.000539,-0.002907,0.002806
514306950757575,1,0.089352,4.817259,6.648966
514306968946869,4,0.001375,0.001303,-0.003190
514306969696969,1,0.042258,5.170490,7.175177
514306987922201,4,-0.001191,-0.000669,-0.003862
514306988636363,1,0.026304,5.597775,7.695657
514306994924623,2,0.150935,0.102736,-41.395403
514307006897533,4,0.001780,0.002908,0.004124
514307007575757,1,-0.017944,6.076160,8.183332
514307025872865,4,-0.002092,0.000235,0.002646
514307026515151,1,-0.023149,6.596485,8.605018
514307044848197,4,-0.000507,-0.001134,-0.003732
514307045175879,2,-0.009715,-0.061006,-41.449692
514307045454545,1,-0.081997,7.124026,8.986172
514307063823529,4,0.002265,-0.000039,-0.001459
514307064393939,1,-0.089910,7.644050,9.220787
514307082798861,4,0.000568,0.000306,0.000337
514307083333333,1,-0.148935,8.144534,9.416031
514307095427135,2,0.123211,0.000729,-41.311488
514307101774193,4,-0.000434,0.003245,-0.000267
514307102272727,1,-0.157521,8.559904,9.423904
514307120749525,4,0.003239,0.001128,0.000702
514307121212121,1,-0.197391,8.931521,9.358005
514307139724857,4,-0.000227,0.001948,0.000226
514307140151515,1,-0.209208,9.220189,9.194815
514307145678391,2,-0.032260,-0.147042,-41.494580
514307158700189,4,-0.001864,-0.001931,0.000845
514307159090909,1,-0.228640,9.355072,8.885362
514307177675521,4,-0.001815,-0.000124,0.002114
514307178030303,1,-0.255425,9.435092,8.534970
514307195929648,2,0.015896,-0.012305,-41.300928
514307196650853,4,0.000608,-0.001444,0.002820
514307196969696,1,-0.268701,9.374517,8.081383
514307215626185,4,0.001096,0.002036,-0.004535
514307215909090,1,-0.284887,9.204032,7.593639
514307234601518,4,0.000662,0.001684,0.003401
514307234848484,1,-0.292210,8.928017,7.051811
514307246180904,2,0.120795,-0.214641,-41.262871
514307253576850,4,-0.002928,0.002412,0.003289
514307253787878,1,-0.281670,8.549332,6.540221
514307272552182,4,-0.004035,0.000957,0.001235
514307272727272,1,-0.313994,8.114606,6.013532
514307291527514,4,-0.000654,-0.000980,0.001336
514307291666666,1,-0.286711,7.611138,5.519664
514307296432160,2,-0.411213,0.322654,-41.536122
514307310502846,4,-0.001230,-0.000434,0.001625
514307310606060,1,-0.291511,7.129933,5.139973
514307329478178,4,0.003508,0.001076,0.000267
514307329545454,1,-0.290214,6.538937,4.800936
514307346683417,2,-0.028435,-0.009002,-41.435245
514307348453510,4,-0.001033,-0.002021,0.002219
514307348484848,1,-0.271990,6.046286,4.562242
514307367424242,1,-0.260360,5.562864,4.475368
514307367428842,4,-0.000307,0.002301,-0.000659
514307386363636,1,-0.226997,5.167527,4.447841
514307386404174,4,-0.001299,0.000842,-0.000153
514307396934673,2,-0.000039,-0.020009,-41.296688
514307405303030,1,-0.233238,4.825960,4.573999
514307405379506,4,-0.002411,0.003635,-0.001254
514307424242424,1,-0.192429,4.591586,4.781761
514307424354838,4,0.001855,0.001684,-0.002519
514307443181818,1,-0.171517,4.464019,5.097679
514307443330170,4,-0.002005,-0.000603,-0.001731
514307447185929,2,0.084839,-0.143821,-41.381925
514307462121212,1,-0.145031,4.452816,5.487573
514307462305502,4,0.003453,-0.000400,0.001779
514307481060606,1,-0.125722,4.533078,5.943569
514307481280834,4,0.001027,0.000528,0.000081
514307497437185,2,0.078616,-0.081791,-41.374205
514307499999999,1,-0.111967,4.735307,6.451144
514307500256166,4,0.002474,-0.001650,0.003453
514307518939393,1,-0.067763,5.071602,6.992972
514307519231499,4,-0.002574,0.001563,-0.002810
514307537878787,1,-0.027037,5.448735,7.543575
514307538206831,4,-0.000631,0.000187,-0.000973
514307547688442,2,-0.023636,-0.033251,-41.530363
514307556818181,1,-0.004765,5.903437,8.025937
514307557182163,4,-0.000363,-0.002774,-0.001975
514307575757575,1,0.047836,6.429886,8.485643
514307576157495,4,0.000997,0.000059,-0.001381
514307594696969,1,0.080656,6.947332,8.859970
514307595132827,4,0.002649,-0.002440,-0.000723
514307597939698,2,-0.364218,-0.079005,-41.386050
514307613636363,1,0.110915,7.481999,9.147200
514307614108159,4,-0.001011,0.001230,0.000096
514307632575757,1,0.138539,7.979830,9.344497
514307633083491,4,-0.000216,-0.003688,0.001730
514307648190954,2,-0.003362,-0.192778,-41.348331
514307651515151,1,0.165635,8.439551,9.435235
514307652058823,4,-0.000436,0.000231,-0.001497
514307670454545,1,0.189437,8.820660,9.403193
514307671034155,4,-0.001812,0.002999,-0.003546
514307689393939,1,0.222182,9.121371,9.259351
514307690009487,4,-0.002108,0.002961,0.001281
514307698442211,2,-0.044790,-0.183236,-41.162124
514307708333333,1,0.218168,9.347413,9.015451
514307708984819,4,-0.000651,0.002493,0.000894
514307727272727,1,0.243390,9.454248,8.671380
514307727960151,4,0.000465,0.000451,0.000930
514307746212121,1,0.272807,9.414152,8.245914
514307746935483,4,0.001011,0.004392,-0.000390
514307748693467,2,-0.157976,0.131924,-41.608423
514307765151515,1,0.266029,9.274307,7.755304
514307765910815,4,-0.000328,-0.002474,-0.000104
514307784090909,1,0.283642,9.036332,7.244772
514307784886148,4,0.003726,0.001969,-0.001087
514307798944723,2,0.020374,-0.135327,-41.678922
514307803030303,1,0.290545,8.693065,6.685918
514307803861480,4,0.000060,-0.002593,-0.001938
514307821969696,1,0.277937,8.285615,6.172134
514307822836812,4,0.000299,-0.000989,-0.002089
514307840909090,1,0.300296,7.785643,5.681719
514307841812144,4,0.000980,-0.000165,-0.003135
514307849195979,2,0.078330,0.060794,-41.321329
514307859848484,1,0.309793,7.279259,5.252949
514307860787476,4,-0.004150,-0.001140,-0.003177
514307878787878,1,0.292634,6.730413,4.905617
514307879762808,4,-0.003738,0.002258,-0.000195
514307897727272,1,0.265267,6.208618,4.624116
514307898738140,4,-0.000531,-0.000377,-0.002276
514307899447236,2,-0.005157,0.333053,-41.452774
514307916666666,1,0.265199,5.722963,4.480297
514307917713472,4,0.000822,-0.000261,-0.001515
514307935606060,1,0.240349,5.301732,4.446090
514307936688804,4,-0.001215,-0.002455,-0.000812
514307949698492,2,0.085016,-0.203764,-41.585139
514307954545454,1,0.230157,4.921572,4.499086
514307955664136,4,-0.000479,-0.000865,0.000110
514307973484848,1,0.206890,4.639889,4.675468
514307974639468,4,-0.000157,0.000462,0.001886
514307992424242,1,0.196890,4.493797,4.990259
514307993614800,4,0.001186,0.001909,-0.001695
514307999949748,2,0.077952,-0.012634,-41.464873
514308011363636,1,0.156796,4.431034,5.339170
514308012590132,4,-0.001017,0.001307,0.001343
514308030303030,1,0.128536,4.486869,5.793420
514308031565464,4,-0.001357,0.001223,-0.001887
514308049242424,1,0.103179,4.659589,6.303582
514308050201005,2,-0.122474,0.018292,-41.475244
514308050540796,4,0.000962,-0.000053,-0.002769
514308068181818,1,0.094874,4.954317,6.823181
514308069516129,4,-0.000868,0.004365,0.000406
514308087121212,1,0.049714,5.328345,7.358911
514308088491461,4,0.004601,-0.002888,0.001501
514308100452261,2,-0.177065,0.096382,-41.748036
514308106060606,1,0.001545,5.750948,7.871617
514308107466793,4,-0.005069,-0.000000,0.001262
514308124999999,1,-0.035474,6.237299,8.349126
514308126442125,4,0.001676,-0.001599,0.002078
514308143939393,1,-0.077254,6.751893,8.741563
514308145417457,4,-0.001067,-0.000328,-0.000867
514308150703517,2,0.027636,0.264839,-41.390943
514308162878787,1,-0.082329,7.284440,9.067219
514308164392789,4,-0.002273,0.003139,0.000096
514308181818181,1,-0.102936,7.818643,9.307516
514308183368121,4,0.002175,0.002089,-0.001936
514308200757575,1,-0.152756,8.284807,9.425985
514308200954773,2,0.101145,-0.134614,-41.227667
514308202343453,4,0.002432,0.001007,-0.002082
514308219696969,1,-0.168421,8.694838,9.412323
514308221318785,4,0.000898,-0.002046,0.003213
514308238636363,1,-0.179297,9.031393,9.325582
514308240294117,4,0.001628,-0.000142,0.002530
514308251206030,2,0.206508,-0.126539,-41.564240
514308257575757,1,-0.226761,9.279518,9.101559
514308259269449,4,-0.003164,-0.001499,-0.000505
514308276515151,1,-0.266652,9.391881,8.783821
514308278244781,4,0.004471,-0.002141,-0.003415
514308295454545,1,-0.267782,9.438143,8.363787
514308297220113,4,-0.002889,0.001812,-0.001188
514308301457286,2,0.188198,0.269422,-41.682729
514308314393939,1,-0.266989,9.312527,7.912896
514308316195445,4,-0.000318,0.001526,-0.000316
514308333333333,1,-0.298089,9.145276,7.390189
514308335170777,4,0.000408,0.001070,-0.000861
514308351708542,2,-0.150557,-0.021568,-41.818690
514308352272727,1,-0.295057,8.795121,6.893030
514308354146110,4,-0.000333,0.000484,0.001736
514308371212121,1,-0.293687,8.424886,6.361865
514308373121442,4,-0.001585,-0.006041,0.001359
514308390151515,1,-0.298223,7.965225,5.843067
514308392096774,4,0.001855,0.000400,0.000537
514308401959798,2,0.002857,0.177862,-41.708821
514308409090909,1,-0.291281,7.449031,5.386178
514308411072106,4,-0.001129,0.001000,0.001706
514308428030303,1,-0.282957,6.926826,5.005286
514308430047438,4,0.000113,0.004982,-0.003127
514308446969696,1,-0.300770,6.410526,4.704734
514308449022770,4,0.000326,-0.002349,0.001760
514308452211055,2,0.019066,-0.087266,-41.247034
514308465909090,1,-0.260146,5.888475,4.504709
514308467998102,4,-0.003163,-0.002668,-0.001266
514308484848484,1,-0.241877,5.431135,4.454154
514308486973434,4,0.000532,-0.001191,-0.001171
514308502462311,2,-0.085469,0.227849,-41.582644
514308503787878,1,-0.241062,5.047091,4.448972
514308505948766,4,-0.000362,-0.000484,0.002975
514308522727272,1,-0.224106,4.720573,4.610248
514308524924098,4,0.001372,-0.000649,0.004194
514308541666666,1,-0.189173,4.526286,4.875755
514308543899430,4,0.000983,-0.001938,0.000513
514308552713567,2,0.115676,0.037792,-41.513767
514308560606060,1,-0.179612,4.451588,5.226314
514308562874762,4,0.001071,-0.001375,-0.002105
514308579545454,1,-0.129729,4.458223,5.609085
514308581850094,4,0.000173,-0.000720,0.002958
514308598484848,1,-0.105837,4.595223,6.106251
514308600825426,4,0.001482,-0.001282,0.000852
514308602964824,2,-0.118579,0.048464,-41.559106
514308617424242,1,-0.089138,4.855156,6.625058
514308619800759,4,0.002534,-0.002788,-0.002046
514308636363636,1,-0.045537,5.177594,7.168644
514308638776091,4,-0.000022,0.000071,-0.000104
514308653216080,2,-0.103465,0.220908,-41.410896
514308655303030,1,-0.011530,5.612016,7.692703
514308657751423,4,-0.000622,-0.000652,0.000769
514308674242424,1,0.009930,6.078678,8.195771
514308676726755,4,0.002268,-0.000962,0.004877
514308693181818,1,0.043281,6.585784,8.589487
514308695702087,4,0.003921,0.002659,0.001245
514308703467336,2,0.096546,-0.058740,-41.520923
514308712121212,1,0.066929,7.109776,8.978794
514308714677419,4,0.004016,-0.000580,-0.001665
514308731060606,1,0.103917,7.645407,9.231882
514308733652751,4,-0.001052,-0.002006,0.000244
514308749999999,1,0.125755,8.160144,9.403964
514308752628083,4,0.000600,0.000402,-0.000025
514308753718592,2,-0.037287,0.050586,-41.396755
514308768939393,1,0.183407,8.587232,9.432262
514308771603415,4,0.000266,0.003473,0.001240
514308787878787,1,0.209280,8.933214,9.352205
514308790578747,4,0.001845,0.000382,-0.003231
514308803969849,2,-0.004538,-0.118897,-41.378940
514308806818181,1,0.206423,9.218280,9.172569
514308809554079,4,-0.003628,0.004166,-0.001064
514308825757575,1,0.233066,9.359300,8.903823
514308828529411,4,-0.001234,0.000491,0.001101
514308844696969,1,0.235322,9.422139,8.539239
514308847504743,4,0.001354,0.003549,0.003001
514308854221105,2,0.005011,-0.216125,-41.813320
514308863636363,1,0.283383,9.378401,8.081837
514308866480075,4,-0.001622,0.001937,-0.000768
514308882575757,1,0.275455,9.193715,7.575783
514308885455407,4,-0.000275,-0.002188,-0.003386
514308901515151,1,0.273040,8.931408,7.052800
514308904430740,4,-0.000063,-0.001912,0.001856
514308904472361,2,0.044685,-0.124421,-41.428367
514308920454545,1,0.286043,8.581453,6.526193
514308923406072,4,-0.000562,0.000617,0.002735
514308939393939,1,0.308180,8.116608,6.004580
514308942381404,4,-0.002971,-0.001449,0.000362
514308954723618,2,-0.116343,0.019978,-41.549786
514308958333333,1,0.306604,7.629813,5.551999
514308961356736,4,0.000625,0.002207,0.001734
514308977272727,1,0.292400,7.095745,5.132629
514308980332068,4,0.000194,0.000607,0.000662
514308996212121,1,0.272061,6.579058,4.784348
514308999307400,4,-0.002939,-0.000313,0.000497
514309004974874,2,0.262788,0.142547,-41.290931
514309015151515,1,0.284000,6.043099,4.578170
514309018282732,4,0.000917,-0.001849,-0.002538
514309034090909,1,0.273159,5.576012,4.438503
514309037258064,4,-0.000469,0.003935,-0.001638
514309053030303,1,0.234437,5.150888,4.424024
514309055226130,2,0.003607,0.123354,-41.479278
514309056233396,4,0.002348,0.003169,0.000091
514309071969696,1,0.238846,4.827531,4.540702
514309075208728,4,-0.001360,0.001026,0.000390
514309090909090,1,0.220321,4.580725,4.773680
514309094184060,4,-0.001718,-0.001318,0.000907
514309105477386,2,0.220439,-0.010884,-41.702649
514309109848484,1,0.168161,4.435045,5.069539
514309113159392,4,0.001867,-0.000646,-0.000138
514309128787878,1,0.145853,4.453293,5.489795
514309132134724,4,0.001337,-0.000345,-0.000599
514309147727272,1,0.124355,4.515536,5.966817
514309151110056,4,-0.001511,-0.001545,0.005338
514309155728643,2,-0.299793,0.250247,-41.421250
514309166666666,1,0.095389,4.744817,6.476024
514309170085388,4,-0.000392,0.002730,0.003368
514309185606060,1,0.076645,5.066710,6.991897
514309189060721,4,-0.000367,0.000737,0.000205
514309204545454,1,0.017896,5.457322,7.508144
514309205979899,2,0.081639,0.223447,-41.740786
514309208036053,4,-0.003224,-0.003104,0.000098
514309223484848,1,0.021225,5.906443,8.014481
514309227011385,4,-0.000850,0.003783,-0.000473
514309242424242,1,-0.048980,6.398425,8.481632
514309245986717,4,0.003902,-0.000953,0.003824
514309256231155,2,-0.053790,-0.035410,-41.381685
514309261363636,1,-0.065938,6.930369,8.857764
514309264962049,4,0.001013,0.001127,-0.001024
514309280303030,1,-0.113185,7.483220,9.155371
514309283937381,4,0.001154,0.003385,-0.000290
514309299242424,1,-0.131111,7.966875,9.344865
514309302912713,4,-0.000679,-0.000494,0.003240
514309306482412,2,-0.103896,-0.180206,-41.674578
514309318181818,1,-0.159896,8.444429,9.432572
514309321888045,4,0.001711,0.002895,0.000627
514309337121212,1,-0.171989,8.824240,9.376250
514309340863377,4,0.000079,0.000848,0.002140
514309356060606,1,-0.194095,9.121616,9.240669
514309356733668,2,0.172413,-0.111380,-41.575829
514309359838709,4,-0.000494,0.002737,0.000732
514309374999999,1,-0.228639,9.338783,8.996938
514309378814041,4,-0.004813,0.001767,-0.002545
514309393939393,1,-0.254106,9.423040,8.675099
514309397789373,4,0.001718,0.001803,0.000660
514309406984924,2,0.095175,-0.104842,-41.748768
514309412878787,1,-0.264356,9.394729,8.222613
514309416764705,4,0.001087,0.002198,-0.000991
514309431818181,1,-0.280987,9.274826,7.756513
514309435740037,4,0.001587,0.002326,0.003520
514309450757575,1,-0.286954,9.020652,7.224904
514309454715370,4,-0.002212,0.000817,-0.001923
514309457236180,2,-0.237255,-0.008521,-41.418427
514309469696969,1,-0.286799,8.679965,6.690176
514309473690702,4,-0.002008,0.000718,0.000155
514309488636363,1,-0.292211,8.286772,6.170128
514309492666034,4,0.002290,-0.000692,-0.000268
514309507487437,2,-0.030337,0.064566,-41.734952
514309507575757,1,-0.304659,7.781619,5.690253
514309511641366,4,0.000423,-0.001724,-0.001446
514309526515151,1,-0.280809,7.310031,5.257236
514309530616698,4,0.002232,-0.001098,0.002365
514309545454545,1,-0.290755,6.734212,4.875572
514309549592030,4,0.001215,-0.003095,0.001061
514309557738693,2,-0.231796,0.338090,-41.308108
514309564393939,1,-0.278206,6.248098,4.651957
514309568567362,4,0.001045,0.000846,-0.000284
514309583333333,1,-0.253903,5.730140,4.484626
514309587542694,4,-0.001880,0.002692,-0.000203
514309602272727,1,-0.280297,5.298816,4.429130
514309606518026,4,-0.001767,0.000915,-0.001486
514309607989949,2,0.115346,-0.098959,-41.528727
514309621212121,1,-0.240663,4.923433,4.501754
514309625493358,4,-0.001898,-0.000751,-0.001331
514309640151515,1,-0.219224,4.656859,4.680284
514309644468690,4,-0.001824,0.001613,-0.000228
514309658241206,2,-0.000252,0.197152,-41.432609
514309659090909,1,-0.185364,4.472329,4.968079
514309663444022,4,0.002505,-0.001709,-0.003455
514309678030303,1,-0.173542,4.427675,5.345786
514309682419354,4,0.000298,0.003712,0.001062
514309696969696,1,-0.151614,4.484920,5.796996
514309701394686,4,0.006431,0.000664,0.000471
514309708492462,2,0.078887,-0.025148,-41.374126
514309715909090,1,-0.119788,4.687042,6.303021
514309720370018,4,-0.004311,0.000856,0.000337
514309734848484,1,-0.078049,4.930872,6.818907
514309739345351,4,-0.000815,-0.000274,-0.000136
514309753787878,1,-0.057943,5.282043,7.344275
514309758320683,4,-0.000360,0.004179,-0.000742
514309758743718,2,0.045348,0.006603,-41.604489
514309772727272,1,-0.010175,5.747374,7.856725
514309777296015,4,0.000339,-0.000808,0.001567
514309791666666,1,0.038825,6.222776,8.322262
514309796271347,4,0.000354,-0.000560,-0.003852
514309808994974,2,-0.017036,-0.161930,-41.499047
514309810606060,1,0.061212,6.752958,8.729276
514309815246679,4,0.000487,-0.000619,-0.000121
514309829545454,1,0.088053,7.288089,9.067144
514309834222011,4,-0.002365,0.002867,0.001713
514309848484848,1,0.108383,7.807479,9.271019
514309853197343,4,0.002861,0.002294,0.001185
514309859246231,2,0.013337,-0.360678,-41.527577
514309867424242,1,0.147326,8.279560,9.413780
514309872172675,4,-0.002285,0.003687,-0.001855
514309886363636,1,0.166707,8.706587,9.420137
514309891148007,4,-0.000537,0.001414,0.001513
514309905303030,1,0.200396,9.033755,9.329282
514309909497487,2,-0.176382,0.074796,-41.397452
514309910123339,4,0.001144,-0.000801,-0.001214
514309924242424,1,0.198854,9.276837,9.108059
514309929098671,4,0.005069,-0.000079,-0.000324
514309943181818,1,0.247161,9.397735,8.773086
514309948074003,4,-0.001427,0.000489,0.000396
514309959748743,2,-0.063951,0.082353,-41.404366
514309962121212,1,0.247009,9.433374,8.374182
514309967049335,4,-0.000032,0.000763,0.003527
514309981060606,1,0.276834,9.332213,7.945542
514309986024667,4,-0.001190,0.000086,-0.001296
514309999999999,1,0.289076,9.112713,7.388741
514310004999999,4,0.000589,-0.001137,-0.001051
514310010000000,2,-0.034457,0.230143,-41.601787
514310018939393,1,0.290282,8.814414,6.847307
514310023975332,4,-0.002919,0.000196,0.000860
514310037878787,1,0.289936,8.426810,6.337785
514310042950664,4,0.003721,0.000939,-0.000899
514310056818181,1,0.311616,7.943890,5.849609
514310060251256,2,0.220705,-0.033780,-41.619525
514310061925996,4,-0.002719,-0.002443,-0.002591
514310075757575,1,0.309011,7.466419,5.369959
514310080901328,4,0.003756,0.000576,-0.001166
514310094696969,1,0.296456,6.915472,4.989783
514310099876660,4,-0.001920,-0.001712,-0.001219
514310110502512,2,-0.052732,-0.164908,-41.375342
514310113636363,1,0.278998,6.381690,4.723720
514310118851992,4,0.002633,-0.000060,-0.002895
514310132575757,1,0.278150,5.872536,4.511540
514310137827324,4,0.004621,-0.002280,-0.001182
514310151515151,1,0.252336,5.427212,4.450207
514310156802656,4,0.002620,0.000830,-0.000940
514310160753768,2,-0.240415,0.208441,-41.633406
514310170454545,1,0.247162,5.039259,4.466995
514310175777988,4,-0.002463,-0.001933,-0.001813
514310189393939,1,0.196823,4.751353,4.609380
514310194753320,4,0.000014,0.000382,-0.000297
514310208333333,1,0.213492,4.535895,4.889692
514310211005025,2,0.125498,0.003634,-41.452404
514310213728652,4,-0.000078,-0.002101,0.000586
514310227272727,1,0.176609,4.423781,5.203224
514310232703984,4,0.002561,-0.000326,-0.000365
514310246212121,1,0.139861,4.451867,5.630066
514310251679316,4,0.000166,0.002236,-0.001789
514310261256281,2,-0.088507,0.052921,-41.472780
514310265151515,1,0.096420,4.596795,6.120841
514310270654648,4,0.002902,0.000842,0.000057
514310284090909,1,0.070413,4.861226,6.639468
514310289629981,4,0.002426,-0.002364,0.001044
514310303030303,1,0.041356,5.155424,7.173652
514310308605313,4,0.000861,-0.001871,0.000921
514310311507537,2,-0.218687,-0.144375,-41.574163
514310321969696,1,0.016139,5.601826,7.694534
514310327580645,4,0.000567,-0.000357,0.001726
514310340909090,1,-0.027173,6.091262,8.189980
514310346555977,4,-0.001144,0.000541,-0.000263
514310359848484,1,-0.047863,6.591424,8.621787
514310361758793,2,-0.113249,0.187922,-41.491974
514310365531309,4,-0.001229,0.001006,-0.000415
514310378787878,1,-0.093412,7.125340,8.965178
514310384506641,4,-0.002946,-0.003602,0.001578
514310397727272,1,-0.100756,7.639922,9.224734
514310403481973,4,-0.002441,0.000559,0.000110
514310412010050,2,-0.116801,-0.073615,-41.568695
514310416666666,1,-0.116243,8.156276,9.348839
514310422457305,4,-0.000737,0.003913,0.000359
514310435606060,1,-0.150109,8.578147,9.424118
514310441432637,4,0.001511,0.000570,-0.000463
514310454545454,1,-0.201990,8.929996,9.354500
514310460407969,4,-0.000038,0.002917,0.002176
514310462261306,2,-0.043207,-0.161299,-41.615116
514310473484848,1,-0.227167,9.195750,9.169229
514310479383301,4,0.003904,0.000443,-0.001754
514310492424242,1,-0.231050,9.379123,8.904720
514310498358633,4,-0.000881,-0.002376,0.001534
514310511363636,1,-0.254324,9.417645,8.530566
514310512512562,2,0.114991,0.027801,-41.515877
514310517333965,4,-0.001172,-0.006111,0.004928
514310530303030,1,-0.281276,9.381668,8.064538
514310536309297,4,-0.001141,-0.001153,0.003343
514310549242424,1,-0.290076,9.198653,7.588222
514310555284629,4,-0.002417,0.002273,-0.001175
514310562763819,2,0.000393,-0.006834,-41.524396
514310568181818,1,-0.289092,8.928619,7.074842
514310574259962,4,-0.002648,0.003411,0.001846
514310587121212,1,-0.319287,8.550168,6.505936
514310593235294,4,0.001840,0.000735,0.001198
514310606060606,1,-0.321125,8.113822,6.012849
514310612210626,4,-0.002464,0.000223,-0.001858
514310613015075,2,0.077566,0.066474,-41.728790
514310625000000,1,-0.306175,7.623984,5.512106
514310631185958,4,-0.002778,0.000822,0.002316
514310643939393,1,-0.304404,7.096259,5.132726
514310650161290,4,-0.000767,-0.000424,-0.002276
514310662878787,1,-0.307336,6.562506,4.812998
514310663266331,2,-0.019734,-0.225873,-41.397689
514310669136622,4,0.000014,0.001520,0.001583
514310681818181,1,-0.281678,6.025492,4.587801
514310688111954,4,0.001090,-0.001237,-0.001300
514310700757575,1,-0.253452,5.584604,4.431973
514310707087286,4,0.001591,0.001624,-0.000344
514310713517587,2,0.115150,-0.091617,-41.510540
514310719696969,1,-0.227049,5.150353,4.440651
514310726062618,4,-0.000852,0.002334,-0.000720
514310738636363,1,-0.233750,4.837573,4.552170
514310745037950,4,0.001492,-0.000274,-0.002095
514310757575757,1,-0.197072,4.590052,4.769533
514310763768844,2,-0.316716,0.145918,-41.386575
514310764013282,4,0.003225,0.000240,-0.001421
514310776515151,1,-0.189425,4.481010,5.068352
514310782988614,4,-0.002782,-0.002580,-0.000746
514310795454545,1,-0.146288,4.447034,5.499489
514310801963946,4,0.003850,-0.001169,0.002895
514310814020100,2,0.172513,0.222982,-41.676642
514310814393939,1,-0.106016,4.538007,5.957941
514310820939278,4,-0.000262,-0.002362,-0.000946
514310833333333,1,-0.071527,4.745468,6.449637
514310839914611,4,-0.002562,-0.001712,-0.001771
514310852272727,1,-0.066289,5.037199,6.999324
514310858889943,4,-0.003808,0.003026,0.000422
514310864271356,2,0.133207,0.221896,-41.717213
514310871212121,1,-0.017165,5.444003,7.505073
514310877865275,4,-0.001373,0.000444,-0.001671
514310890151515,1,0.014402,5.884792,8.008660
514310896840607,4,-0.005342,0.005913,0.000379
514310909090909,1,0.032057,6.416778,8.485015
514310914522613,2,-0.025682,-0.054510,-41.364707
514310915815939,4,-0.001178,-0.003868,-0.002988
514310928030303,1,0.065067,6.966321,8.862823
514310934791271,4,0.003309,0.003004,0.001506
514310946969696,1,0.109186,7.485591,9.140512
514310953766603,4,-0.002230,0.003020,0.000900
514310964773869,2,-0.359091,0.272394,-41.509906
514310965909090,1,0.124533,8.007812,9.342415
514310972741935,4,0.001310,0.000892,-0.003014
514310984848484,1,0.146824,8.442663,9.424945
514310991717267,4,-0.002396,-0.001020,0.001287
514311003787878,1,0.171969,8.824256,9.415759
514311010692599,4,-0.002761,-0.015301,-0.015304
514311015025125,2,0.130865,-0.009036,-41.419207
514311022727272,1,0.204348,9.116911,9.235811
514311029667931,4,0.001585,-0.040127,-0.043496
514311041666666,1,0.254603,9.332476,9.008523
514311048643263,4,0.002893,-0.070309,-0.065798
514311060606060,1,0.238385,9.431584,8.675613
514311065276381,2,-0.471765,-0.057916,-41.365678
514311067618595,4,-0.001100,-0.094130,-0.094006
514311079545454,1,0.256496,9.411848,8.217238
514311086593927,4,0.000395,-0.119542,-0.120108
514311098484848,1,0.302251,9.275194,7.745752
514311105569259,4,0.001567,-0.146339,-0.149797
514311115527638,2,-0.343311,-0.247327,-41.482011
514311117424242,1,0.284870,9.024634,7.224485
514311124544592,4,0.000540,-0.174708,-0.175798
514311136363636,1,0.266236,8.692543,6.694086
514311143519924,4,-0.000580,-0.199446,-0.199313
514311155303030,1,0.305245,8.269991,6.163191
514311162495256,4,0.002112,-0.223340,-0.225282
514311165778894,2,-0.917664,-0.143427,-41.713515
514311174242424,1,0.299631,7.778136,5.685666
514311181470588,4,0.001034,-0.251803,-0.250459
514311193181818,1,0.274292,7.292699,5.260810
514311200445920,4,0.000974,-0.278028,-0.273615
514311212121212,1,0.279030,6.753183,4.899457
514311216030150,2,-1.253931,0.145085,-41.153137
514311219421252,4,-0.001092,-0.300810,-0.306427
514311231060606,1,0.268221,6.195619,4.640504
514311238396584,4,0.001627,-0.326507,-0.333195
514311250000000,1,0.257771,5.740332,4.480480
514311257371916,4,0.000278,-0.353462,-0.354389
514311266281407,2,-2.261115,0.064896,-41.317841
514311268939393,1,0.242817,5.311240,4.442999
514311276347248,4,0.000756,-0.379972,-0.382433
514311287878787,1,0.188381,4.921475,4.489429
514311295322580,4,0.004736,-0.406430,-0.404555
514311306818181,1,0.201014,4.654955,4.691232
514311314297912,4,-0.001294,-0.434971,-0.432268
514311316532663,2,-2.958553,-0.237234,-41.556290
514311325757575,1,0.189704,4.503110,4.978287
514311333273244,4,-0.002895,-0.453036,-0.456433
514311344696969,1,0.167283,4.437790,5.359507
514311352248576,4,-0.001028,-0.481942,-0.479625
514311363636363,1,0.128571,4.491305,5.767301
514311366783919,2,-3.915916,-0.147765,-41.110851
514311371223908,4,-0.001433,-0.502205,-0.503586
514311382575757,1,0.115504,4.664785,6.323771
514311390199240,4,-0.001144,-0.526637,-0.528322
514311401515151,1,0.067248,4.941381,6.823042
514311409174573,4,0.000043,-0.555172,-0.552388
514311417035175,2,-4.764522,-0.537328,-41.316337
514311420454545,1,0.027350,5.310371,7.350203
514311428149905,4,0.000643,-0.573237,-0.577408
514311439393939,1,0.004923,5.760312,7.853257
514311447125237,4,0.004556,-0.598188,-0.602341
514311458333333,1,-0.020239,6.258174,8.327442
514311466100569,4,-0.001690,-0.619585,-0.619941
514311467286432,2,-5.949767,-0.569752,-41.041475
514311477272727,1,-0.058935,6.795041,8.749373
514311485075901,4,0.000036,-0.644971,-0.647600
514311496212121,1,-0.092647,7.310363,9.061924
514311504051233,4,0.002643,-0.669797,-0.666132
514311515151515,1,-0.135560,7.834287,9.283010
514311517537688,2,-7.726665,-0.510885,-41.096098
514311523026565,4,0.002704,-0.689974,-0.688135
514311534090909,1,-0.116230,8.288654,9.441398
514311542001897,4,0.003695,-0.711469,-0.712356
514311553030303,1,-0.189276,8.721371,9.427930
514311560977229,4,-0.000134,-0.735104,-0.735149
514311567788944,2,-9.144090,-0.819380,-40.228014
514311571969696,1,-0.188019,9.054104,9.308397
514311579952561,4,0.000885,-0.755226,-0.754243
514311590909090,1,-0.236728,9.278945,9.100700
514311598927893,4,-0.002980,-0.776022,-0.773776
514311609848484,1,-0.247102,9.412764,8.786740
514311617903225,4,-0.002238,-0.796390,-0.800132
514311618040201,2,-10.455398,-1.357281,-40.006532
514311628787878,1,-0.270011,9.430923,8.379854
514311636878557,4,-0.002611,-0.815033,-0.817267
514311647727272,1,-0.282172,9.338490,7.907797
514311655853889,4,0.003644,-0.835639,-0.835442
514311666666666,1,-0.290797,9.123312,7.422755
514311668291457,2,-11.954309,-1.869850,-39.751977
514311674829222,4,-0.002153,-0.856750,-0.857445
514311685606060,1,-0.291278,8.822182,6.870263
514311693804554,4,-0.002131,-0.873740,-0.873339
514311704545454,1,-0.299444,8.422656,6.347693
514311712779886,4,0.000798,-0.895416,-0.893098
514311718542713,2,-13.872615,-2.342418,-39.129454
514311723484848,1,-0.303544,7.978670,5.837008
514311731755218,4,-0.003825,-0.909400,-0.914642
514311742424242,1,-0.318531,7.487854,5.384821
514311750730550,4,-0.002241,-0.929688,-0.929511
514311761363636,1,-0.276923,6.940355,5.017999
514311768793969,2,-15.377060,-3.199368,-38.579010
514311769705882,4,-0.000145,-0.949591,-0.945104
514311780303030,1,-0.286340,6.395990,4.697377
514311788681214,4,-0.003372,-0.967359,-0.964606
514311799242424,1,-0.248111,5.876144,4.517184
514311807656546,4,-0.002528,-0.978532,-0.983334
514311818181818,1,-0.255717,5.426792,4.430248
514311819045226,2,-16.904279,-3.703669,-37.706174
514311826631878,4,0.003114,-0.995048,-0.994648
514311837121212,1,-0.222141,5.050046,4.473987
514311845607210,4,0.003774,-1.012644,-1.014832
514311856060606,1,-0.222898,4.748620,4.609172
514311864582542,4,-0.000206,-1.029169,-1.029454
514311869296482,2,-18.735636,-4.870839,-36.609711
514311875000000,1,-0.175990,4.534876,4.880146
514311883557874,4,0.000302,-1.043422,-1.044303
514311893939393,1,-0.170699,4.441824,5.225302
514311902533206,4,-0.000491,-1.055992,-1.055177
514311912878787,1,-0.115564,4.481077,5.645117
514311919547738,2,-20.302782,-5.717286,-35.666784
514311921508538,4,-0.003206,-1.071508,-1.071184
514311931818181,1,-0.105752,4.590642,6.121535
514311940483870,4,-0.002365,-1.084467,-1.083932
514311950757575,1,-0.093419,4.842452,6.643987
514311959459203,4,0.001038,-1.096908,-1.098824
514311969696969,1,-0.074687,5.175444,7.177911
514311969798994,2,-21.927201,-7.100039,-34.717211
514311978434535,4,0.004024,-1.107742,-1.108294
514311988636363,1,-0.020269,5.596726,7.680154
514311997409867,4,0.002010,-1.120745,-1.118662
514312007575757,1,0.003538,6.083633,8.184759
514312016385199,4,0.000114,-1.132557,-1.131290
514312020050251,2,-23.196160,-8.307530,-33.355903
514312026515151,1,0.048892,6.582890,8.616333
514312035360531,4,0.003153,-1.140350,-1.142188
514312045454545,1,0.048641,7.133600,8.992274
514312054335863,4,0.001033,-1.152277,-1.151698
514312064393939,1,0.094063,7.637520,9.237281
514312070301507,2,-24.904597,-9.769999,-32.020811
514312073311195,4,0.002597,-1.163914,-1.160805
514312083333333,1,0.153884,8.141480,9.373634
514312092286527,4,0.000686,-1.171384,-1.169922
514312102272727,1,0.161487,8.566672,9.424590
514312111261859,4,0.001494,-1.179567,-1.182177
514312120552763,2,-25.710264,-10.985226,-30.488113
514312121212121,1,0.186255,8.930234,9.353325
514312130237191,4,0.002997,-1.188185,-1.189324
514312140151515,1,0.214536,9.214586,9.164626
514312149212523,4,0.002202,-1.192039,-1.199552
514312159090909,1,0.239687,9.373939,8.906693
514312168187855,4,-0.001607,-1.198940,-1.203457
514312170804020,2,-26.867158,-12.699758,-28.612962
514312178030303,1,0.262894,9.426790,8.532002
514312187163187,4,0.000382,-1.211091,-1.208443
514312196969696,1,0.259176,9.389794,8.068939
514312206138519,4,0.005222,-1.218192,-1.217055
514312215909090,1,0.286059,9.200738,7.567927
514312221055276,2,-27.580355,-14.198954,-27.125666
514312225113851,4,-0.000701,-1.220845,-1.219866
514312234848484,1,0.302014,8.921010,7.031813
514312244089184,4,0.003242,-1.225673,-1.222168
514312253787878,1,0.262660,8.552128,6.535421
514312263064516,4,-0.001150,-1.233215,-1.228607
514312271306532,2,-28.488833,-16.094830,-25.671335
514312272727272,1,0.314971,8.113833,6.000102
514312282039848,4,0.000246,-1.238079,-1.235959
514312291666666,1,0.293496,7.611978,5.521390
514312301015180,4,0.000511,-1.239840,-1.240577
514312310606060,1,0.306619,7.107846,5.128295
514312319990512,4,-0.000415,-1.243337,-1.239937
514312321557788,2,-29.158977,-18.033864,-23.703419
514312329545454,1,0.271215,6.569175,4.772310
514312338965844,4,-0.003888,-1.243124,-1.242266
514312348484848,1,0.286451,6.053981,4.556308
514312357941176,4,-0.000181,-1.242652,-1.247580
514312367424242,1,0.281668,5.552617,4.459262
514312371809045,2,-29.034755,-19.548005,-21.710566
514312376916508,4,-0.001402,-1.246468,-1.244382
514312386363636,1,0.251860,5.144756,4.446310
514312395891840,4,0.000437,-1.241926,-1.247824
514312405303030,1,0.205674,4.792053,4.541513
514312414867172,4,-0.002790,-1.242474,-1.248914
514312422060301,2,-29.195980,-21.836663,-19.830952
514312424242424,1,0.195453,4.596872,4.771482
514312433842504,4,0.001366,-1.247285,-1.249466
514312443181818,1,0.179187,4.447091,5.079552
514312452817836,4,-0.000750,-1.242239,-1.246482
514312462121212,1,0.140076,4.427814,5.478512
514312471793168,4,0.001152,-1.240659,-1.244728
514312472311557,2,-28.961630,-23.716466,-17.997736
514312481060606,1,0.123567,4.532784,5.947694
514312490768500,4,-0.000456,-1.236614,-1.238467
514312500000000,1,0.101044,4.740241,6.446427
514312509743833,4,-0.000523,-1.235960,-1.238161
514312518939393,1,0.068436,5.056045,6.998806
514312522562814,2,-28.876043,-25.474880,-16.114699
514312528719165,4,0.002227,-1.231025,-1.233010
514312537878787,1,0.037448,5.450935,7.524869
514312547694497,4,0.000461,-1.231151,-1.231858
514312556818181,1,0.026555,5.890688,8.020175
514312566669829,4,-0.000753,-1.224674,-1.222374
514312572814070,2,-28.157400,-27.037771,-14.414206
514312575757575,1,-0.022589,6.415468,8.489043
514312585645161,4,0.001845,-1.218919,-1.216908
514312594696969,1,-0.063824,6.961689,8.849951
514312604620493,4,-0.001887,-1.211372,-1.215107
514312613636363,1,-0.080660,7.490200,9.141503
514312623065326,2,-27.193253,-28.642801,-12.907563
514312623595825,4,0.002479,-1.207240,-1.211210
514312632575757,1,-0.119002,7.981815,9.341188
514312642571157,4,0.001460,-1.198735,-1.201267
514312651515151,1,-0.177583,8.428487,9.439065
514312661546489,4,-0.000743,-1.193269,-1.196800
514312670454545,1,-0.171727,8.827527,9.408379
514312673316582,2,-26.050613,-30.253632,-11.256225
514312680521821,4,-0.004729,-1.182402,-1.186654
514312689393939,1,-0.194645,9.134704,9.245284
514312699497153,4,0.003711,-1.173783,-1.173389
514312708333333,1,-0.222829,9.341000,9.011396
514312718472485,4,-0.001301,-1.170726,-1.169683
514312723567839,2,-24.967900,-31.675673,-9.717504
514312727272727,1,-0.237257,9.411386,8.651981
514312737447817,4,-0.000893,-1.162711,-1.158915
514312746212121,1,-0.287107,9.415309,8.231559
514312756423149,4,-0.000403,-1.150484,-1.149977
514312765151515,1,-0.272807,9.254263,7.767517
514312773819095,2,-23.254370,-33.188138,-8.389700
514312775398481,4,-0.000441,-1.136594,-1.139088
514312784090909,1,-0.302776,9.040049,7.231407
514312794373814,4,0.000585,-1.125928,-1.126108
514312803030303,1,-0.297879,8.690477,6.688108
514312813349146,4,-0.001304,-1.117253,-1.111193
514312821969696,1,-0.283838,8.276420,6.157212
514312824070351,2,-22.031615,-34.274151,-7.237947
514312832324478,4,0.001261,-1.100454,-1.102633
514312840909090,1,-0.304332,7.799024,5.694719
514312851299810,4,-0.000328,-1.088864,-1.093515
514312859848484,1,-0.303889,7.272796,5.252880
514312870275142,4,-0.002229,-1.078327,-1.077641
514312874321608,2,-20.487779,-35.962661,-5.947269
514312878787878,1,-0.279663,6.728825,4.904183
514312889250474,4,-0.001759,-1.062464,-1.062966
514312897727272,1,-0.285898,6.216000,4.660726
514312908225806,4,0.002786,-1.044098,-1.051571
514312916666666,1,-0.269660,5.736249,4.488939
514312924572864,2,-18.712028,-36.740141,-4.835280
514312927201138,4,0.000295,-1.034195,-1.034514
514312935606060,1,-0.265372,5.267521,4.445933
514312946176470,4,-0.002170,-1.021292,-1.018977
514312954545454,1,-0.245245,4.907342,4.518352
514312965151802,4,-0.001891,-1.003648,-1.004459
514312973484848,1,-0.222845,4.647422,4.710676
514312974824120,2,-17.281698,-37.681885,-3.794328
514312984127134,4,0.000283,-0.989928,-0.987706
514312992424242,1,-0.206485,4.475100,4.965131
514313003102466,4,-0.001762,-0.971306,-0.968949
514313011363636,1,-0.163269,4.424648,5.330161
514313022077798,4,0.000522,-0.954150,-0.953160
514313025075376,2,-15.673647,-38.310275,-3.092553
514313030303030,1,-0.114246,4.497944,5.797190
514313041053130,4,-0.002807,-0.934090,-0.939639
514313049242424,1,-0.104476,4.669181,6.299763
514313060028462,4,0.001759,-0.918342,-0.921640
514313068181818,1,-0.084070,4.943496,6.824836
514313075326633,2,-13.968175,-39.016312,-2.593603
514313079003795,4,0.002018,-0.900732,-0.897948
514313087121212,1,-0.022036,5.329443,7.350625
514313097979127,4,0.000387,-0.883428,-0.884240
514313106060606,1,0.005097,5.714199,7.882729
514313116954459,4,-0.003487,-0.864929,-0.864845
514313125000000,1,0.014827,6.237825,8.341214
514313125577889,2,-12.117013,-39.813184,-1.928025
514313135929791,4,0.000524,-0.847830,-0.845462
514313143939393,1,0.053531,6.769255,8.762732
514313154905123,4,0.001153,-0.823941,-0.829011
514313162878787,1,0.081962,7.287688,9.090502
514313173880455,4,0.001413,-0.805718,-0.805595
514313175829145,2,-10.639696,-39.924309,-1.380767
514313181818181,1,0.123102,7.840886,9.306610
514313192855787,4,-0.004729,-0.781807,-0.784440
514313200757575,1,0.129768,8.302271,9.403992
514313211831119,4,-0.003063,-0.763257,-0.763318
514313219696969,1,0.172941,8.708156,9.402521
514313226080402,2,-8.934754,-40.391784,-0.935793
514313230806451,4,0.002445,-0.743493,-0.742850
514313238636363,1,0.188318,9.068950,9.317230
514313249781783,4,-0.001286,-0.720208,-0.722971
514313257575757,1,0.218915,9.301311,9.093269
514313268757115,4,-0.001786,-0.699743,-0.702059
514313276331658,2,-7.689586,-40.624217,-0.769098
514313276515151,1,0.240343,9.421323,8.777976
514313287732447,4,0.003204,-0.673638,-0.678400
514313295454545,1,0.250132,9.399139,8.371823
514313306707779,4,-0.002773,-0.654399,-0.656036
514313314393939,1,0.262420,9.330944,7.909796
514313325683111,4,0.002349,-0.633928,-0.631265
514313326582914,2,-6.560195,-41.041215,-0.416008
514313333333333,1,0.311213,9.109755,7.423071
514313344658444,4,0.000228,-0.610702,-0.608869
514313352272727,1,0.296229,8.825524,6.882787
514313363633776,4,0.001757,-0.585894,-0.585874
514313371212121,1,0.271884,8.423104,6.341026
514313376834170,2,-5.313163,-41.313425,-0.496955
514313382609108,4,-0.001746,-0.560233,-0.560433
514313390151515,1,0.286397,7.968105,5.862084
514313401584440,4,-0.000821,-0.538969,-0.535892
514313409090909,1,0.265968,7.448527,5.373800
514313420559772,4,-0.002267,-0.513466,-0.515792
514313427085427,2,-3.845479,-41.051925,-0.221626
514313428030303,1,0.293543,6.919590,4.999388
514313439535104,4,0.003556,-0.490269,-0.487875
514313446969696,1,0.292238,6.412184,4.744607
514313458510436,4,-0.001523,-0.468391,-0.466363
514313465909090,1,0.263117,5.864515,4.526941
514313477336683,2,-2.902449,-41.309752,0.125624
514313477485768,4,0.000525,-0.442203,-0.439665
514313484848484,1,0.276231,5.437845,4.457406
514313496461100,4,-0.000420,-0.420433,-0.415164
514313503787878,1,0.236167,5.031327,4.471508
514313515436432,4,-0.001765,-0.391892,-0.388062
514313522727272,1,0.214137,4.743806,4.626383
514313527587939,2,-2.232004,-41.471053,-0.106070
514313534411764,4,0.003546,-0.367041,-0.364735
514313541666666,1,0.207411,4.539668,4.868339
514313553387096,4,-0.001105,-0.341020,-0.341658
514313560606060,1,0.178866,4.417410,5.213124
514313572362428,4,-0.003449,-0.314658,-0.314271
514313577839195,2,-1.412492,-41.092936,-0.019821
514313579545454,1,0.142521,4.464910,5.633539
514313591337760,4,-0.001342,-0.286931,-0.289979
514313598484848,1,0.118005,4.589831,6.131546
514313610313092,4,-0.001274,-0.262181,-0.266320
514313617424242,1,0.088146,4.839751,6.630336
514313628090452,2,-0.982733,-41.657399,0.179096
514313629288425,4,0.001813,-0.238047,-0.235264
514313636363636,1,0.060940,5.177459,7.163867
514313648263757,4,0.002576,-0.209863,-0.212768
514313655303030,1,0.018585,5.599978,7.702873
514313667239089,4,-0.002502,-0.187817,-0.182743
514313674242424,1,-0.007004,6.072324,8.197062
514313678341708,2,-0.557562,-41.391273,-0.104168
514313686214421,4,-0.000270,-0.159869,-0.158934
514313693181818,1,-0.029960,6.598296,8.609049
514313705189753,4,0.002161,-0.130762,-0.131443
514313712121212,1,-0.088962,7.116920,8.994023
514313724165085,4,0.001276,-0.105549,-0.105305
514313728592964,2,-0.337840,-41.401983,-0.094875
514313731060606,1,-0.103463,7.674321,9.230548
514313743140417,4,0.000442,-0.079451,-0.077944
514313750000000,1,-0.139303,8.140616,9.387280
514313762115749,4,0.000723,-0.054718,-0.051898
514313768939393,1,-0.173274,8.565245,9.438632
514313778844221,2,0.050831,-41.418131,0.081938
514313781091081,4,0.000494,-0.025215,-0.026646
514313787878787,1,-0.177245,8.970725,9.357455
514313800066413,4,0.001623,-0.000123,0.001448
514313806818181,1,-0.217873,9.202751,9.195223
514313819041745,4,-0.000913,-0.000775,0.001204
514313825757575,1,-0.225151,9.367999,8.887224
514313829095477,2,-0.040222,-41.390098,-0.138382
514313838017077,4,-0.000664,0.004412,0.001133
514313844696969,1,-0.242097,9.437923,8.533733
514313856992409,4,0.000050,0.001640,-0.000961
514313863636363,1,-0.279813,9.351376,8.068029
514313875967741,4,0.001846,0.001790,0.002507
514313879346733,2,-0.368114,-41.386992,0.024839
514313882575757,1,-0.273573,9.228322,7.574976
514313894943074,4,-0.000882,-0.002445,-0.001220
514313901515151,1,-0.263893,8.938337,7.035497
514313913918406,4,-0.000563,0.003334,0.004390
514313920454545,1,-0.294675,8.572997,6.489805
514313929597989,2,-0.091512,-41.713699,-0.305487
514313932893738,4,0.000689,0.000019,-0.000700
514313939393939,1,-0.292144,8.136529,6.009382
514313951869070,4,0.001649,0.004377,0.003572
514313958333333,1,-0.299816,7.625904,5.530000
514313970844402,4,0.002276,0.002247,0.001665
514313977272727,1,-0.308957,7.093549,5.120018
514313979849246,2,0.007762,-41.245708,-0.020784
514313989819734,4,-0.000095,-0.001473,-0.000042
514313996212121,1,-0.285875,6.561284,4.789527
514314008795066,4,0.000845,-0.002907,-0.000306
514314015151515,1,-0.267220,6.055326,4.565980
514314027770398,4,-0.001652,0.002028,-0.001099
514314030100502,2,-0.054200,-41.496681,0.326881
514314034090909,1,-0.256195,5.568733,4.453655
514314046745730,4,0.000656,-0.001400,0.003195
514314053030303,1,-0.233498,5.152388,4.432695
514314065721062,4,-0.003402,0.000952,-0.002555
514314071969696,1,-0.227058,4.809848,4.550998
514314080351758,2,0.112786,-41.633062,0.004216
514314084696394,4,-0.001019,0.000412,0.000511
514314090909090,1,-0.206220,4.559577,4.777041
514314103671726,4,0.000459,0.000303,-0.001284
514314109848484,1,-0.180256,4.473447,5.088499
514314122647058,4,-0.000328,0.000063,0.000391
514314128787878,1,-0.142408,4.456794,5.484056
514314130603015,2,0.049866,-41.651477,0.113870
514314141622390,4,-0.000131,0.001459,0.000187
514314147727272,1,-0.122683,4.520773,5.966451
514314160597722,4,0.000403,-0.000765,-0.002105
514314166666666,1,-0.094453,4.734182,6.471311
514314179573055,4,0.000308,0.002415,0.000888
514314180854271,2,-0.122671,-41.719668,0.011420
514314185606060,1,-0.087832,5.047704,7.005762
514314198548387,4,-0.001635,0.001629,-0.000670
514314204545454,1,-0.035191,5.436840,7.519530
514314217523719,4,0.001429,-0.000738,0.000707
514314223484848,1,-0.021977,5.914693,8.025737
514314231105527,2,-0.012323,-41.493179,-0.114697
514314236499051,4,-0.001037,-0.000986,-0.003133
514314242424242,1,0.030930,6.410533,8.480117
514314255474383,4,0.001024,0.000740,0.000853
514314261363636,1,0.073702,6.944576,8.845701
514314274449715,4,0.000551,-0.001525,0.001932
514314280303030,1,0.103676,7.482131,9.158493
514314281356783,2,-0.093767,-41.323759,0.066163
514314293425047,4,0.001986,-0.001576,0.001064
514314299242424,1,0.139473,7.982697,9.361804
514314312400379,4,0.001750,-0.000940,-0.000592
514314318181818,1,0.171806,8.447604,9.421592
514314331375711,4,0.001068,-0.003021,-0.002177
514314331608040,2,-0.143512,-41.785630,-0.137162
514314337121212,1,0.179924,8.844922,9.380603
514314350351043,4,-0.001980,-0.003593,0.002170
514314356060606,1,0.201284,9.128733,9.243569
514314369326375,4,-0.003976,0.000686,0.001623
514314375000000,1,0.238596,9.339678,8.994776
514314381859296,2,0.023595,-41.587816,-0.106448
514314388301707,4,-0.000587,-0.001337,0.000466
514314393939393,1,0.254908,9.425831,8.647418
514314407277039,4,0.000004,0.002007,-0.005257
514314412878787,1,0.255769,9.411577,8.245375
514314426252371,4,-0.001837,0.001123,0.000101
514314431818181,1,0.272135,9.278505,7.769686
514314432110552,2,-0.088374,-41.503932,0.117694
514314445227703,4,0.001504,0.000524,-0.000269
514314450757575,1,0.273338,9.035023,7.239959
514314464203036,4,-0.000605,0.004650,0.003070
514314469696969,1,0.294464,8.708578,6.722151
514314482361809,2,-0.000063,-41.483735,-0.033729
514314483178368,4,0.000991,0.000157,0.001076
514314488636363,1,0.303501,8.273465,6.184167
514314502153700,4,0.001654,0.000838,-0.001503
514314507575757,1,0.309830,7.767258,5.683912
514314521129032,4,0.003569,0.000492,0.004028
514314526515151,1,0.291899,7.284009,5.250275
514314532613065,2,-0.074904,-41.358890,0.111360
514314540104364,4,0.000374,-0.000491,0.002768
514314545454545,1,0.289122,6.734891,4.906933
514314559079696,4,0.000602,0.000267,-0.002401
514314564393939,1,0.300190,6.209722,4.619942
514314578055028,4,0.001320,-0.000987,-0.000896
514314582864321,2,0.306792,-41.401441,-0.074762
514314583333333,1,0.267542,5.726849,4.494363
514314597030360,4,-0.000981,0.000878,-0.003071
514314602272727,1,0.236461,5.283211,4.410309
514314616005692,4,-0.000422,0.001961,-0.002491
514314621212121,1,0.248742,4.930319,4.500477
514314633115577,2,-0.135698,-41.350084,-0.122248
514314634981024,4,0.000346,-0.001263,-0.000807
514314640151515,1,0.194745,4.641926,4.691955
514314653956356,4,0.003310,-0.003301,0.001531
514314659090909,1,0.173279,4.491423,4.995163
514314672931688,4,-0.000956,-0.001055,-0.002223
514314678030303,1,0.156215,4.423835,5.348649
514314683366834,2,0.121461,-41.607013,0.052374
514314691907020,4,0.001508,-0.000383,-0.000635
514314696969696,1,0.117657,4.515428,5.807012
514314710882352,4,0.000220,-0.000341,-0.004001
514314715909090,1,0.100860,4.654940,6.283459
514314729857685,4,-0.000982,0.001791,-0.003013
514314733618090,2,-0.158963,-41.376043,-0.185051
514314734848484,1,0.068567,4.944921,6.828959
514314748833017,4,-0.002180,-0.000854,-0.001451
514314753787878,1,0.028135,5.318199,7.357199
514314767808349,4,-0.000056,-0.002186,-0.000776
514314772727272,1,0.002473,5.733201,7.865497
514314783869346,2,0.040944,-41.522702,0.015271
514314786783681,4,-0.000096,0.001298,0.002490
514314791666666,1,-0.036253,6.253002,8.322435
514314805759013,4,-0.000523,0.003776,-0.000368
514314810606060,1,-0.048800,6.765930,8.736952
514314824734345,4,0.001658,0.003863,0.000279
514314829545454,1,-0.087807,7.313691,9.054434
514314834120603,2,-0.059371,-41.555915,0.023217
514314843709677,4,-0.002747,0.000182,-0.001223
514314848484848,1,-0.121727,7.808798,9.295783
514314862685009,4,-0.000549,0.003970,-0.002446
514314867424242,1,-0.153867,8.273309,9.403137
514314881660341,4,0.000601,-0.001755,-0.000615
514314884371859,2,-0.150321,-41.644229,-0.053782
514314886363636,1,-0.153199,8.712026,9.424482
514314900635673,4,0.001490,0.000636,-0.000450
514314905303030,1,-0.201463,9.041869,9.309212
514314919611005,4,-0.001300,0.000632,0.003415
514314924242424,1,-0.214699,9.280766,9.083969
514314934623115,2,-0.059621,-41.643835,0.138632
514314938586337,4,-0.001803,0.003823,0.002399
514314943181818,1,-0.238395,9.379928,8.787751
514314957561669,4,0.002739,0.000617,0.002342
514314962121212,1,-0.276003,9.425031,8.368725
514314976537001,4,-0.002018,-0.001336,0.001532
514314981060606,1,-0.273739,9.335981,7.935155
514314984874371,2,-0.050171,-41.527025,-0.199129
514314995512333,4,0.000592,-0.000297,-0.005005
514315000000000,1,-0.303813,9.134153,7.407837
514315014487666,4,-0.000871,-0.002348,0.000987
514315018939393,1,-0.299000,8.824961,6.871004
514315033462998,4,-0.000382,-0.001257,0.005286
514315035125628,2,0.310745,-41.128966,-0.117060
514315037878787,1,-0.289892,8.411335,6.336577
514315052438330,4,0.002076,0.002112,0.004404
514315056818181,1,-0.288669,7.980415,5.841066
514315071413662,4,0.001604,-0.001542,-0.001776
514315075757575,1,-0.331492,7.452552,5.389139
514315085376884,2,0.183913,-41.506798,0.240565
514315090388994,4,0.001930,-0.004119,-0.000156
514315094696969,1,-0.295475,6.927533,5.000934
514315109364326,4,-0.004342,0.000198,0.001708
514315113636363,1,-0.273898,6.378549,4.727513
514315128339658,4,0.000559,0.001876,0.003930
514315132575757,1,-0.253392,5.875409,4.509267
514315135628140,2,0.050435,-41.478062,-0.374890
514315147314990,4,-0.000287,0.005615,0.000425
514315151515151,1,-0.251976,5.413834,4.432219
514315166290322,4,0.001898,-0.001222,0.003239
514315170454545,1,-0.225642,5.047493,4.493885
514315185265654,4,0.002083,0.002943,0.000109
514315185879396,2,-0.131791,-41.489948,0.029800
514315189393939,1,-0.216054,4.728519,4.615360
514315204240986,4,-0.002511,0.000921,-0.003394
514315208333333,1,-0.196641,4.531903,4.865103
514315223216318,4,-0.000672,0.000382,0.004754
514315227272727,1,-0.180514,4.444352,5.193693
514315236130653,2,-0.182225,-41.602342,0.083017
514315242191650,4,0.000637,0.000279,-0.000126
514315246212121,1,-0.150493,4.460926,5.607476
514315261166982,4,-0.002684,0.000172,0.000206
514315265151515,1,-0.103595,4.572088,6.126027
514315280142314,4,-0.001937,-0.002373,-0.000963
514315284090909,1,-0.097976,4.833084,6.644936
514315286381909,2,-0.207482,-41.472966,0.185693
514315299117647,4,0.000130,-0.000915,-0.002102
514315303030303,1,-0.024779,5.176376,7.149141
514315318092979,4,0.000579,0.001078,0.000243
514315321969696,1,-0.007820,5.589646,7.697093
514315336633165,2,0.057820,-41.442703,-0.303023
514315337068311,4,-0.001126,0.001190,-0.000381
514315340909090,1,0.019542,6.044509,8.184831
514315356043643,4,-0.002378,0.002072,0.000707
514315359848484,1,0.039897,6.604111,8.624824
514315375018975,4,-0.000239,-0.003142,-0.001490
514315378787878,1,0.056741,7.138599,8.975973
514315386884422,2,-0.123287,-41.184896,-0.089874
514315393994307,4,0.004037,-0.003017,-0.000503
514315397727272,1,0.088277,7.649473,9.244409
514315412969639,4,-0.000033,0.000641,-0.002994
514315416666666,1,0.121629,8.158036,9.370234
514315431944971,4,0.000348,-0.003372,0.000195
514315435606060,1,0.154495,8.567717,9.449139
514315437135678,2,0.189671,-41.584652,-0.041673
514315450920303,4,-0.001305,-0.001732,0.001670
514315454545454,1,0.184012,8.927432,9.368002
514315469895635,4,-0.000471,0.000947,0.001014
514315473484848,1,0.221575,9.220016,9.178458
514315487386934,2,0.077338,-41.477922,0.057227
514315488870967,4,0.002540,-0.002417,0.001838
514315492424242,1,0.237985,9.370719,8.918148
514315507846299,4,0.000033,-0.000756,-0.002299
514315511363636,1,0.267258,9.446320,8.534162
514315526821631,4,0.001213,-0.001844,0.001036
514315530303030,1,0.275456,9.358976,8.086129
514315537638190,2,-0.122759,-41.663466,-0.132881
514315545796963,4,0.003856,0.001960,0.002783
514315549242424,1,0.283197,9.218150,7.589818
514315564772296,4,-0.001438,0.001525,-0.002288
514315568181818,1,0.297808,8.908168,7.051146
514315583747628,4,-0.000467,0.003483,-0.001216
514315587121212,1,0.290549,8.565657,6.513924
514315587889447,2,-0.079848,-41.527418,0.155591
514315602722960,4,0.002223,0.002031,0.002149
514315606060606,1,0.296566,8.127965,5.999410
514315621698292,4,-0.002534,0.001050,-0.000313
514315625000000,1,0.300534,7.609747,5.522787
514315638140703,2,0.013101,-41.420336,0.021240
514315640673624,4,0.002177,-0.003310,0.000736
514315643939393,1,0.302718,7.087037,5.139966
514315659648956,4,0.000453,-0.003980,-0.001771
514315662878787,1,0.298930,6.564747,4.835941
514315678624288,4,-0.003660,-0.001453,0.001098
514315681818181,1,0.291254,6.039487,4.581405
514315688391959,2,-0.167315,-41.490435,0.019617
514315697599620,4,0.000391,0.000339,-0.002079
514315700757575,1,0.263061,5.564851,4.440060
514315716574952,4,0.002241,-0.000038,0.000067
514315719696969,1,0.257137,5.152457,4.445541
514315735550284,4,0.001881,-0.001983,0.000457
514315738636363,1,0.214264,4.817231,4.552805
514315738643216,2,0.113988,-41.653314,-0.306062
514315754525616,4,0.000847,-0.001091,0.001305
514315757575757,1,0.207511,4.558081,4.770876
514315773500948,4,0.000954,-0.000202,-0.000264
514315776515151,1,0.169111,4.476092,5.121226
514315788894472,2,0.026440,-41.439948,-0.026908
514315792476280,4,0.001047,0.001577,0.000126
514315795454545,1,0.146924,4.421847,5.487039
514315811451612,4,0.002240,0.001317,-0.003577
514315814393939,1,0.120208,4.563312,5.971575
514315830426944,4,-0.002810,0.002364,-0.000494
514315833333333,1,0.103090,4.739210,6.470568
514315839145728,2,0.004203,-41.361210,-0.068821
514315849402277,4,0.000328,0.002279,-0.000013
514315852272727,1,0.064855,5.055751,6.976164
514315868377609,4,0.000075,-0.001737,0.000740
514315871212121,1,0.042680,5.446749,7.523314
514315887352941,4,0.001173,-0.001156,-0.001844
514315889396984,2,-0.041796,-41.481170,-0.182972
514315890151515,1,-0.009344,5.896584,8.031019
514315906328273,4,0.005253,-0.000186,-0.001367
514315909090909,1,-0.055187,6.423231,8.467299
514315925303605,4,0.001413,-0.000102,-0.002172
514315928030303,1,-0.090565,6.967063,8.851744
514315939648241,2,-0.022785,-41.502587,0.245556
514315944278937,4,0.000966,-0.001706,0.003153
514315946969696,1,-0.105436,7.489762,9.178279
514315963254269,4,0.000989,-0.000554,0.000219
514315965909090,1,-0.144966,7.970858,9.337875
514315982229601,4,0.001807,0.000372,0.004244
514315984848484,1,-0.143702,8.460286,9.417604
514315989899497,2,-0.044717,-41.463024,0.137793
514316001204933,4,0.002272,0.000975,-0.001874
514316003787878,1,-0.164517,8.821547,9.402608
514316020180265,4,-0.000294,0.000958,-0.001646
514316022727272,1,-0.221245,9.131385,9.252619
514316039155597,4,0.002587,-0.001948,-0.001274
514316040150753,2,-0.125623,-41.286665,0.264581
514316041666666,1,-0.231904,9.339776,8.991224
514316058130929,4,-0.001125,0.001488,-0.001610
514316060606060,1,-0.258246,9.432986,8.674205
514316077106261,4,-0.003600,0.002176,-0.000889
514316079545454,1,-0.264597,9.412389,8.243203
514316090402010,2,-0.004334,-41.573940,0.244068
514316096081593,4,-0.002137,-0.001510,0.003434
514316098484848,1,-0.268010,9.260529,7.741381
514316115056925,4,-0.001314,-0.000247,-0.000894
514316117424242,1,-0.296725,9.053898,7.236090
514316134032258,4,-0.002465,-0.001485,-0.002602
514316136363636,1,-0.290046,8.698113,6.679915
514316140653266,2,0.119345,-41.480731,0.214027
514316153007590,4,0.001912,0.000202,0.004965
514316155303030,1,-0.276123,8.282019,6.181121
514316171982922,4,-0.001418,-0.001718,0.003068
514316174242424,1,-0.320911,7.806840,5.679671
514316190904522,2,0.198149,-41.543464,0.037309
514316190958254,4,0.002116,0.000770,-0.002227
514316193181818,1,-0.312507,7.267804,5.237420
514316209933586,4,0.003490,-0.000144,-0.000861
514316212121212,1,-0.305525,6.745976,4.893477
514316228908918,4,0.002286,-0.000045,-0.002331
514316231060606,1,-0.276320,6.240005,4.635153
514316241155778,2,0.086519,-41.488716,-0.208631
514316247884250,4,0.000081,-0.001563,-0.006019
514316250000000,1,-0.294241,5.724289,4.494633
514316266859582,4,-0.001763,-0.001055,-0.002311
514316268939393,1,-0.252243,5.308018,4.441517
514316285834914,4,0.001150,-0.001555,0.000957
514316287878787,1,-0.254302,4.928627,4.509602
514316291407035,2,-0.140739,-41.696765,0.073939
514316304810246,4,-0.002467,0.001818,-0.002553
514316306818181,1,-0.197648,4.678528,4.697876
514316323785578,4,-0.004683,0.002475,-0.001712
514316325757575,1,-0.181282,4.498289,4.968631
514316341658291,2,-0.177653,-41.464163,0.274786
514316342760910,4,0.003514,0.001129,0.001581
514316344696969,1,-0.177941,4.435870,5.348448
514316361736242,4,0.002091,0.000225,0.000248
514316363636363,1,-0.146810,4.510708,5.802233
514316380711574,4,0.002563,0.000223,-0.001456
514316382575757,1,-0.119291,4.682098,6.284868
514316391909547,2,0.214166,-41.768638,-0.191805
514316399686907,4,0.001172,-0.004227,0.002639
514316401515151,1,-0.081457,4.953270,6.815871
514316418662239,4,0.002681,0.002396,0.002320
514316420454545,1,-0.017783,5.295834,7.329007
514316437637571,4,-0.000168,-0.000213,-0.002459
514316439393939,1,-0.011932,5.755712,7.852976
514316442160804,2,-0.116477,-41.668379,-0.248072
514316456612903,4,0.003496,-0.000970,0.000680
514316458333333,1,0.007577,6.243465,8.318357
514316475588235,4,0.000508,-0.002681,-0.003489
514316477272727,1,0.059053,6.762810,8.749613
514316492412060,2,-0.001626,-41.387261,0.143105
514316494563567,4,0.000011,-0.000908,-0.000179
514316496212121,1,0.069967,7.316309,9.066544
514316513538899,4,0.002131,0.000450,0.001517
514316515151515,1,0.125943,7.829337,9.282357
514316532514231,4,0.000891,-0.000633,-0.002004
514316534090909,1,0.156238,8.277425,9.399357
514316542663316,2,-0.071171,-41.533811,0.053352
514316551489563,4,0.000529,0.000168,0.001830
514316553030303,1,0.196420,8.722407,9.446817
514316570464895,4,-0.000302,-0.000595,-0.000459
514316571969696,1,0.193629,9.043717,9.320698
514316589440227,4,-0.001837,0.002894,0.002279
514316590909090,1,0.220876,9.270602,9.087271
514316592914572,2,-0.016273,-41.371435,0.064555
514316608415559,4,-0.002426,0.001608,-0.003690
514316609848484,1,0.244006,9.396631,8.769647
514316627390891,4,0.001971,-0.001393,0.000720
514316628787878,1,0.263814,9.425042,8.394307
514316643165829,2,-0.056446,-41.771521,0.224855
514316646366223,4,-0.003859,-0.002397,0.000937
514316647727272,1,0.268674,9.322067,7.922204
514316665341555,4,-0.001402,-0.001680,0.002792
514316666666666,1,0.275573,9.114549,7.398841
514316684316888,4,0.004422,0.001874,-0.002184
514316685606060,1,0.291075,8.837112,6.857314
514316693417085,2,-0.102912,-41.439392,-0.287489
514316703292220,4,0.003527,-0.003123,-0.000609
514316704545454,1,0.314049,8.432096,6.362977
514316722267552,4,0.000110,0.003848,0.001825
514316723484848,1,0.337633,7.979767,5.852594
514316741242884,4,-0.000928,-0.001890,0.002004
514316742424242,1,0.282295,7.440706,5.393072
514316743668341,2,-0.001697,-41.477987,0.022290
514316760218216,4,-0.001067,0.000433,-0.002740
514316761363636,1,0.272304,6.930882,4.981037
514316779193548,4,0.001139,0.000977,-0.002483
514316780303030,1,0.297791,6.388689,4.714190
514316793919597,2,0.452069,-41.587694,0.123100
514316798168880,4,0.002063,0.001109,0.001480
514316799242424,1,0.263012,5.863583,4.535047
514316817144212,4,-0.000757,0.000358,0.000127
514316818181818,1,0.272933,5.423863,4.446073
514316836119544,4,-0.000296,0.000341,0.002513
514316837121212,1,0.234182,5.042104,4.479232
514316844170854,2,0.078485,-41.594822,0.120850
514316855094876,4,0.002150,-0.002364,0.001971
514316856060606,1,0.224764,4.751941,4.620972
514316874070208,4,0.002382,-0.000302,0.001017
514316875000000,1,0.195171,4.524404,4.859647
514316893045540,4,0.000988,-0.001700,-0.000764
514316893939393,1,0.179054,4.422944,5.223866
514316894422110,2,-0.024648,-41.361739,0.294144
514316912020872,4,0.001502,-0.000992,0.001951
514316912878787,1,0.138517,4.452530,5.621406
514316930996204,4,0.002610,0.002287,0.003960
514316931818181,1,0.120916,4.596550,6.137057
514316944673366,2,0.022620,-41.535195,0.157733
514316949971537,4,-0.000181,0.000354,0.000641
514316950757575,1,0.067305,4.831005,6.637599
514316968946869,4,-0.000121,0.001084,-0.003422
514316969696969,1,0.042134,5.175052,7.176767
514316987922201,4,0.000410,-0.002755,-0.001925
514316988636363,1,0.025079,5.610503,7.680613
514316994924623,2,0.209498,-41.625515,-0.067944
514317006897533,4,0.001466,-0.000398,0.001395
514317007575757,1,-0.008795,6.063450,8.189912
514317025872865,4,-0.000442,0.002213,-0.000478
514317026515151,1,-0.039638,6.577605,8.605285
514317044848197,4,-0.003910,0.000451,-0.004338
514317045175879,2,0.101313,-41.512831,-0.143150
514317045454545,1,-0.070126,7.123728,8.967944
514317063823529,4,-0.002905,-0.001766,-0.002015
514317064393939,1,-0.098948,7.657584,9.225635
514317082798861,4,-0.001090,-0.002084,-0.002812
514317083333333,1,-0.146422,8.126362,9.388787
514317095427135,2,0.081104,-41.392302,-0.050158
514317101774193,4,0.003084,-0.001356,-0.004462
514317102272727,1,-0.181068,8.580224,9.447218
514317120749525,4,-0.000722,-0.002249,-0.001770
514317121212121,1,-0.194145,8.934951,9.386634
514317139724857,4,0.001421,-0.000896,-0.002305
514317140151515,1,-0.195525,9.202830,9.183382
514317145678391,2,0.009202,-41.579512,-0.164286
514317158700189,4,0.000893,0.002300,0.001074
514317159090909,1,-0.230986,9.380966,8.919826
514317177675521,4,-0.004907,-0.002230,0.000095
514317178030303,1,-0.252481,9.436172,8.532896
514317195929648,2,-0.074560,-41.481936,-0.221263
514317196650853,4,-0.000489,-0.000655,-0.001966
514317196969696,1,-0.254940,9.385152,8.084986
514317215626185,4,-0.002811,0.004016,0.000054
514317215909090,1,-0.300531,9.197132,7.589962
514317234601518,4,0.001284,0.000013,0.000093
514317234848484,1,-0.288199,8.938293,7.074860
514317246180904,2,-0.063602,-41.479851,0.179199
514317253576850,4,-0.000124,-0.002241,-0.003029
514317253787878,1,-0.311367,8.576284,6.514946
514317272552182,4,0.000772,0.000376,0.001877
514317272727272,1,-0.288653,8.121962,6.030120
514317291527514,4,0.001471,-0.001617,0.002265
514317291666666,1,-0.297514,7.620293,5.537815
514317296432160,2,-0.046889,-41.679911,-0.031449
514317310502846,4,0.001530,0.001382,0.004499
514317310606060,1,-0.290958,7.115457,5.130394
514317329478178,4,0.004088,0.001380,0.001130
514317329545454,1,-0.257536,6.566629,4.798761
514317346683417,2,-0.084985,-41.410199,-0.050686
514317348453510,4,0.002163,-0.001168,-0.001140
514317348484848,1,-0.283584,6.051907,4.575223
514317367424242,1,-0.258896,5.574977,4.445581
514317367428842,4,0.001347,-0.001713,0.001186
514317386363636,1,-0.255778,5.155130,4.460462
514317386404174,4,0.000314,-0.001712,0.000052
514317396934673,2,-0.406585,-40.939282,0.021354
514317405303030,1,-0.209035,4.825286,4.543029
514317405379506,4,0.002610,0.000165,0.000173
514317424242424,1,-0.203827,4.614241,4.782661
514317424354838,4,0.000658,0.000918,-0.000662
514317443181818,1,-0.171455,4.470816,5.104399
514317443330170,4,0.000701,-0.002098,-0.001598
514317447185929,2,0.013379,-41.724237,-0.219685
514317462121212,1,-0.165069,4.437809,5.479292
514317462305502,4,-0.001342,0.000940,0.000320
514317481060606,1,-0.115628,4.541577,5.960652
514317481280834,4,-0.000269,0.001382,0.000758
514317497437185,2,-0.013792,-41.442600,0.105317
514317500000000,1,-0.098788,4.762714,6.461603
514317500256166,4,-0.000580,-0.002070,-0.001639
514317518939393,1,-0.053340,5.067200,7.008244
514317519231499,4,-0.002934,0.000281,-0.001724
514317537878787,1,-0.025608,5.455287,7.545424
514317538206831,4,-0.000991,-0.000255,0.002088
514317547688442,2,0.035616,-41.670917,-0.375670
514317556818181,1,0.008305,5.897352,8.034208
514317557182163,4,0.001858,-0.000109,0.002531
514317575757575,1,0.033750,6.385581,8.485492
514317576157495,4,-0.004025,0.003754,0.001385
514317594696969,1,0.067261,6.959077,8.853040
514317595132827,4,0.000206,-0.001783,-0.000876
514317597939698,2,-0.015033,-41.573122,-0.189386
514317613636363,1,0.078701,7.478172,9.160588
514317614108159,4,0.001219,0.001264,0.001337
514317632575757,1,0.127696,7.982580,9.335642
514317633083491,4,-0.001457,-0.001860,0.000390
514317648190954,2,0.124209,-41.729362,0.092545
514317651515151,1,0.153252,8.436436,9.443440
514317652058823,4,0.001540,0.000006,0.002963
514317670454545,1,0.186045,8.826719,9.419262
514317671034155,4,0.000066,-0.000001,0.001341
514317689393939,1,0.202761,9.139542,9.251949
514317690009487,4,0.002438,-0.002699,-0.002236
514317698442211,2,-0.211521,-41.472913,0.140096
514317708333333,1,0.247696,9.336198,9.004705
514317708984819,4,-0.000627,0.006318,-0.000523
514317727272727,1,0.245963,9.430090,8.672495
514317727960151,4,-0.000244,0.001237,0.001954
514317746212121,1,0.274474,9.406682,8.254522
514317746935483,4,0.000340,0.002329,-0.002388
514317748693467,2,-0.050690,-41.239538,0.287683
514317765151515,1,0.288452,9.266713,7.734141
514317765910815,4,-0.001532,0.002325,0.000022
514317784090909,1,0.283464,9.035715,7.237158
514317784886148,4,-0.002525,-0.002645,-0.001622
514317798944723,2,0.035576,-41.411818,0.159106
514317803030303,1,0.311916,8.680584,6.690495
514317803861480,4,0.000004,0.000935,-0.000658
514317821969696,1,0.285249,8.260203,6.164909
514317822836812,4,0.000770,-0.000874,0.002448
514317840909090,1,0.304124,7.806741,5.672565
514317841812144,4,0.005104,-0.000785,0.000960
514317849195979,2,0.081664,-41.427439,-0.078610
514317859848484,1,0.286923,7.257891,5.255171
514317860787476,4,0.000797,0.000277,0.001307
514317878787878,1,0.281358,6.765206,4.903036
514317879762808,4,0.000958,-0.000942,0.002633
514317897727272,1,0.278272,6.212200,4.618771
514317898738140,4,0.000403,-0.000770,0.004886
514317899447236,2,-0.253103,-41.701540,0.357355
514317916666666,1,0.250887,5.719727,4.471925
514317917713472,4,-0.000232,0.000510,0.000351
514317935606060,1,0.239222,5.294191,4.442253
514317936688804,4,-0.000260,0.000897,-0.001690
514317949698492,2,0.048369,-41.529878,0.189499
514317954545454,1,0.226739,4.950534,4.485077
514317955664136,4,0.001193,-0.003517,-0.002596
514317973484848,1,0.211310,4.654069,4.680375
514317974639468,4,0.003651,-0.002512,-0.003920
514317992424242,1,0.178196,4.490092,4.967941
514317993614800,4,-0.002463,0.003480,-0.003584
514317999949748,2,-0.112419,-41.405560,0.011579
514318011363636,1,0.155684,4.419788,5.324648
514318012590132,4,-0.001912,-0.002916,-0.000548
514318030303030,1,0.128904,4.489963,5.787804
514318031565464,4,-0.000872,-0.000962,0.003712
514318049242424,1,0.101526,4.659438,6.286019
514318050201005,2,0.069004,-41.543487,-0.144704
514318050540796,4,-0.002398,-0.000204,0.000677
514318068181818,1,0.061872,4.958606,6.806887
514318069516129,4,-0.001960,0.000973,-0.000800
514318087121212,1,0.036121,5.297383,7.340900
514318088491461,4,0.000749,-0.000216,-0.004101
514318100452261,2,-0.123431,-41.610609,-0.000446
514318106060606,1,0.008863,5.745014,7.858588
514318107466793,4,0.002612,0.004141,-0.000354
514318125000000,1,-0.026939,6.232080,8.340742
514318126442125,4,-0.001796,0.003012,0.003781
514318143939393,1,-0.030710,6.756400,8.748407
514318145417457,4,-0.000338,-0.000437,-0.000160
514318150703517,2,-0.233420,-41.680140,0.020329
514318162878787,1,-0.086033,7.308755,9.077102
514318164392789,4,-0.003349,-0.000582,0.003430
514318181818181,1,-0.114316,7.817341,9.291033
514318183368121,4,-0.000337,-0.002080,0.000993
514318200757575,1,-0.154831,8.293364,9.400384
514318200954773,2,-0.019151,-41.464491,-0.006757
514318202343453,4,-0.001334,-0.000133,-0.002538
514318219696969,1,-0.179978,8.722347,9.423116
514318221318785,4,-0.002073,0.001475,0.000232
514318238636363,1,-0.187360,9.060124,9.312245
514318240294117,4,-0.001552,0.000239,-0.001214
514318251206030,2,0.377843,-41.474015,-0.056862
514318257575757,1,-0.218534,9.275934,9.088273
514318259269449,4,-0.001568,0.002328,0.001566
514318276515151,1,-0.252876,9.419551,8.785288
514318278244781,4,-0.000043,0.000289,-0.000017
514318295454545,1,-0.236931,9.437848,8.374286
514318297220113,4,0.000974,-0.001599,0.001725
514318301457286,2,0.015170,-41.340033,-0.007444
514318314393939,1,-0.263688,9.325381,7.931723
514318316195445,4,0.000707,-0.000526,-0.000976
514318333333333,1,-0.291153,9.109818,7.396714
514318335170777,4,0.001682,-0.000301,-0.001398
514318351708542,2,0.102709,-41.433619,-0.043562
514318352272727,1,-0.302528,8.805760,6.866964
514318354146110,4,-0.000769,0.001538,-0.003221
514318371212121,1,-0.288222,8.444795,6.328211
514318373121442,4,-0.000711,0.002141,-0.000336
514318390151515,1,-0.284830,7.956858,5.845660
514318392096774,4,0.000546,0.002174,0.001785
514318401959798,2,0.016631,-41.253188,0.036462
514318409090909,1,-0.317894,7.461229,5.364686
514318411072106,4,-0.000880,-0.000261,0.001810
514318428030303,1,-0.288914,6.926584,5.008949
514318430047438,4,0.001879,-0.000176,-0.000107
514318446969696,1,-0.292783,6.399144,4.717364
514318449022770,4,0.000535,0.002734,0.002135
514318452211055,2,-0.147903,-41.540952,-0.317137
514318465909090,1,-0.274512,5.894428,4.519083
514318467998102,4,0.001387,-0.002157,-0.000550
514318484848484,1,-0.250559,5.426570,4.440730
514318486973434,4,-0.000445,0.002837,-0.000478
514318502462311,2,0.020610,-41.296217,-0.201211
514318503787878,1,-0.231976,5.033867,4.455316
514318505948766,4,0.002507,-0.001141,-0.000982
514318522727272,1,-0.214790,4.750122,4.618335
514318524924098,4,0.000963,0.003136,-0.000424
514318541666666,1,-0.191017,4.533035,4.874258
514318543899430,4,-0.005126,-0.003128,0.000596
514318552713567,2,0.022460,-41.345211,0.163671
514318560606060,1,-0.171564,4.435519,5.223860
514318562874762,4,-0.002950,-0.001731,0.000025
514318579545454,1,-0.148258,4.473026,5.647862
514318581850094,4,-0.004899,-0.000759,-0.002330
514318598484848,1,-0.106021,4.581735,6.118318
514318600825426,4,-0.002998,-0.001604,-0.002138
514318602964824,2,0.191970,-41.773264,0.075740
514318617424242,1,-0.084886,4.831991,6.640419
514318619800759,4,0.000939,0.002393,-0.000729
514318636363636,1,-0.041926,5.169476,7.170876
514318638776091,4,-0.001192,-0.000828,-0.002216
514318653216080,2,-0.225835,-41.642776,0.123168
514318655303030,1,-0.022157,5.606396,7.693169
514318657751423,4,-0.002577,-0.003291,-0.002659
514318674242424,1,-0.001965,6.052332,8.189105
514318676726755,4,0.003264,-0.001381,-0.005883
514318693181818,1,0.035685,6.597473,8.600124
514318695702087,4,-0.001174,-0.003181,0.000119
514318703467336,2,0.023707,-41.384076,-0.139367
514318712121212,1,0.069799,7.107481,8.975794
514318714677419,4,-0.000097,0.000112,-0.000081
514318731060606,1,0.114630,7.652867,9.218959
514318733652751,4,-0.000745,-0.002912,-0.000149
514318750000000,1,0.127248,8.144317,9.368133
514318752628083,4,0.002038,0.003627,-0.000476
514318753718592,2,0.221040,-41.389776,0.133395
514318768939393,1,0.161096,8.597234,9.430456
514318771603415,4,-0.000259,0.001001,0.002986
514318787878787,1,0.172041,8.934096,9.355091
514318790578747,4,-0.000973,0.001385,-0.001646
514318803969849,2,-0.162025,-41.317316,-0.047424
514318806818181,1,0.239325,9.231994,9.190485
514318809554079,4,0.000660,0.001941,-0.002582
514318825757575,1,0.230814,9.392930,8.884448
514318828529411,4,-0.001050,0.001910,0.001232
514318844696969,1,0.266447,9.444461,8.522816
514318847504743,4,0.002072,0.001697,-0.000682
514318854221105,2,-0.091684,-41.399206,0.087482
514318863636363,1,0.282890,9.368542,8.063348
514318866480075,4,0.004398,0.000274,-0.006111
514318882575757,1,0.293562,9.201967,7.587351
514318885455407,4,-0.000565,-0.000938,0.001590
514318901515151,1,0.313054,8.919712,7.050493
514318904430740,4,-0.000902,0.002198,0.001116
514318904472361,2,-0.127023,-41.184581,0.272153
514318920454545,1,0.316079,8.570654,6.510513
514318923406072,4,-0.002000,-0.000281,-0.001551
514318939393939,1,0.288417,8.116119,5.995735
514318942381404,4,0.000370,-0.001563,0.000149
514318954723618,2,0.090755,-41.428465,0.049468
514318958333333,1,0.301923,7.628921,5.536127
514318961356736,4,-0.000545,-0.000304,0.004102
514318977272727,1,0.284756,7.100950,5.100349
514318980332068,4,-0.000721,-0.003869,0.002032
514318996212121,1,0.288977,6.582071,4.782860
514318999307400,4,0.002016,-0.003958,-0.001402
514319004974874,2,-0.232499,-41.476105,0.014931
514319015151515,1,0.282138,6.043546,4.582081
514319018282732,4,0.000872,0.001048,-0.000009
514319034090909,1,0.264174,5.579028,4.453676
514319037258064,4,0.000036,-0.001877,-0.004800
514319053030303,1,0.261138,5.163801,4.438299
514319055226130,2,-0.086402,-41.539428,-0.357194
514319056233396,4,0.004099,-0.001937,0.000353
514319071969696,1,0.226501,4.821783,4.556277
514319075208728,4,-0.000318,0.001794,0.000230
514319090909090,1,0.197815,4.581020,4.773065
514319094184060,4,0.000307,-0.005269,-0.001667
514319105477386,2,-0.164591,-41.354752,0.259680
514319109848484,1,0.178733,4.472032,5.080933
514319113159392,4,0.001489,0.001309,-0.001903
514319128787878,1,0.127465,4.438147,5.466120
514319132134724,4,-0.003156,0.000253,-0.005814
514319147727272,1,0.127661,4.519569,5.939716
514319151110056,4,-0.002297,0.003520,0.002890
514319155728643,2,-0.141507,-41.465599,0.164757
514319166666666,1,0.088357,4.764778,6.449560
514319170085388,4,0.000974,0.000615,-0.003900
514319185606060,1,0.061824,5.059815,7.012671
514319189060721,4,-0.001481,-0.000590,-0.001439
514319204545454,1,0.039272,5.458582,7.534896
514319205979899,2,-0.078032,-41.391589,-0.005068
514319208036053,4,-0.000700,0.002598,-0.001084
514319223484848,1,-0.016651,5.910424,8.037395
514319227011385,4,-0.000682,0.001479,-0.002839
514319242424242,1,-0.045675,6.406800,8.470310
514319245986717,4,-0.001680,-0.001475,0.000111
514319256231155,2,0.178560,-41.685394,-0.165686
514319261363636,1,-0.056590,6.944369,8.858191
514319264962049,4,-0.000690,-0.000627,-0.001330
514319280303030,1,-0.112150,7.475339,9.149215
514319283937381,4,-0.002142,0.001218,-0.000676
514319299242424,1,-0.123650,7.968616,9.350602
514319302912713,4,0.001238,-0.002223,-0.001330
514319306482412,2,0.041931,-41.478595,-0.008449
514319318181818,1,-0.160187,8.425625,9.414640
514319321888045,4,-0.000442,-0.000256,0.001509
514319337121212,1,-0.195618,8.827578,9.400027
514319340863377,4,-0.000861,0.001493,0.000750
514319356060606,1,-0.202750,9.136539,9.244850
514319356733668,2,0.086375,-41.632623,-0.205415
514319359838709,4,-0.000214,-0.001903,0.001514
514319375000000,1,-0.215421,9.329849,9.008710
514319378814041,4,-0.001853,-0.000043,-0.000108
514319393939393,1,-0.249611,9.432239,8.655529
514319397789373,4,-0.000414,-0.000779,-0.001644
514319406984924,2,-0.075016,-41.551268,-0.042562
514319412878787,1,-0.259600,9.406256,8.243873
514319416764705,4,-0.003234,0.002808,-0.000983
514319431818181,1,-0.287801,9.250733,7.739025
514319435740037,4,-0.000256,-0.000268,0.002191
514319450757575,1,-0.275617,9.028900,7.231096
514319454715370,4,0.003866,0.000320,-0.000314
514319457236180,2,0.190357,-41.377463,0.079986
514319469696969,1,-0.308250,8.694505,6.683491
514319473690702,4,-0.002247,-0.002887,-0.003548
514319488636363,1,-0.309890,8.271438,6.177784
514319492666034,4,-0.001592,-0.004182,0.002158
514319507487437,2,0.033300,-41.558154,-0.128092
514319507575757,1,-0.293103,7.804432,5.664888
514319511641366,4,0.000846,-0.000503,0.002219
514319526515151,1,-0.296714,7.276888,5.234212
514319530616698,4,-0.002142,-0.001640,-0.003868
514319545454545,1,-0.289952,6.742245,4.904257
514319549592030,4,0.001549,-0.001621,0.000031
514319557738693,2,-0.179574,-41.597202,-0.006438
514319564393939,1,-0.279354,6.213302,4.647816
514319568567362,4,0.002005,0.002742,-0.000058
514319583333333,1,-0.293957,5.726421,4.459153
514319587542694,4,0.000768,-0.001808,0.003367
514319602272727,1,-0.262158,5.295964,4.420791
514319606518026,4,-0.000332,0.000161,-0.000814
514319607989949,2,-0.173248,-41.467598,-0.029166
514319621212121,1,-0.249327,4.955895,4.489727
514319625493358,4,0.002398,0.000399,0.001522
514319640151515,1,-0.190806,4.654626,4.680685
514319644468690,4,0.000708,-0.000441,0.001859
514319658241206,2,-0.059595,-41.318796,-0.369093
514319659090909,1,-0.179767,4.506214,4.956895
514319663444022,4,0.000691,-0.001922,-0.001978
514319678030303,1,-0.166509,4.445535,5.347521
514319682419354,4,0.000298,0.001815,0.003279
514319696969696,1,-0.119143,4.500970,5.811867
514319701394686,4,-0.003554,0.000051,0.000979
514319708492462,2,-0.057559,-41.845892,0.035784
514319715909090,1,-0.100687,4.668370,6.292429
514319720370018,4,0.000591,0.002019,0.001311
514319734848484,1,-0.073824,4.950495,6.819328
514319739345351,4,-0.001971,-0.002030,0.000625
514319753787878,1,-0.031115,5.317402,7.354928
514319758320683,4,0.001981,0.000287,-0.003156
514319758743718,2,0.114327,-41.695692,-0.183459
514319772727272,1,-0.002546,5.734117,7.857498
514319777296015,4,-0.002094,0.001383,-0.000697
514319791666666,1,0.033658,6.257801,8.312636
514319796271347,4,0.000236,0.002131,-0.002404
514319808994974,2,-0.254745,-41.483480,-0.051118
514319810606060,1,0.048558,6.767181,8.733129
514319815246679,4,-0.000828,-0.001046,0.000711
514319829545454,1,0.076703,7.306430,9.087717
514319834222011,4,0.001546,-0.002961,-0.000011
514319848484848,1,0.092399,7.815773,9.301806
514319853197343,4,0.001739,-0.003710,-0.000129
514319859246231,2,-0.041798,-41.548222,-0.146040
514319867424242,1,0.155014,8.298356,9.436936
514319872172675,4,-0.002432,-0.001283,-0.005010
514319886363636,1,0.173199,8.724809,9.414177
514319891148007,4,0.002785,-0.000712,-0.001614
514319905303030,1,0.198768,9.027936,9.325180
514319909497487,2,0.169781,-41.452175,-0.177700
514319910123339,4,0.000657,-0.002085,-0.002274
514319924242424,1,0.219577,9.283850,9.094264
514319929098671,4,0.003021,0.003617,-0.001184
514319943181818,1,0.248477,9.414203,8.770849
514319948074003,4,0.002135,0.000712,-0.002828
514319959748743,2,-0.105082,-41.623836,0.210889
514319962121212,1,0.247849,9.425850,8.390976
514319967049335,4,-0.001856,0.003102,-0.002854
514319981060606,1,0.296127,9.332677,7.929212
514319986024667,4,0.004562,-0.001143,0.003162
514320000000000,1,0.265963,9.146602,7.413531
514320005000000,4,-0.000611,0.001600,0.002790
514320010000000,2,0.106683,-41.511999,0.256083
514320018939393,1,0.292997,8.813866,6.860549
514320023975332,4,0.002780,-0.001169,-0.001715
514320037878787,1,0.288647,8.446167,6.332305
514320042950664,4,-0.000162,-0.002601,0.000479
514320056818181,1,0.287893,7.954163,5.827108
514320060251256,2,0.217807,-41.527633,-0.061585
514320061925996,4,-0.001642,0.002165,-0.001140
514320075757575,1,0.298228,7.468008,5.381423
514320080901328,4,-0.003485,0.002802,0.000367
514320094696969,1,0.276201,6.926999,5.005987
514320099876660,4,0.000058,0.002189,0.001743
514320110502512,2,-0.054355,-41.635938,0.260096
514320113636363,1,0.295997,6.387095,4.709549
514320118851992,4,-0.001524,-0.000900,-0.002226
514320132575757,1,0.270198,5.887434,4.515520
514320137827324,4,-0.002929,0.001157,0.000784
514320151515151,1,0.250249,5.405876,4.431345
514320156802656,4,0.001522,0.002563,0.001549
514320160753768,2,-0.150962,-41.362780,0.103581
514320170454545,1,0.247455,5.048845,4.464469
514320175777988,4,0.001727,-0.004156,-0.000614
514320189393939,1,0.233697,4.735505,4.598691
514320194753320,4,0.001929,-0.002336,0.000183
514320208333333,1,0.175006,4.548160,4.860913
514320211005025,2,-0.045730,-41.221519,-0.233864
514320213728652,4,0.001039,0.000886,0.000738
514320227272727,1,0.154764,4.413854,5.205848
514320232703984,4,0.001198,0.000361,-0.002926
514320246212121,1,0.146748,4.453981,5.621952
514320251679316,4,0.001014,0.000569,-0.002899
514320261256281,2,-0.011954,-41.566382,0.144089
514320265151515,1,0.106231,4.611644,6.101276
514320270654648,4,0.002759,0.001068,-0.002761
514320284090909,1,0.074762,4.852472,6.644636
514320289629981,4,-0.001634,-0.001128,-0.001130
514320303030303,1,0.053306,5.167198,7.173299
514320308605313,4,0.000586,-0.001953,0.002256
514320311507537,2,0.053035,-41.752120,0.185922
514320321969696,1,0.012811,5.582117,7.683294
514320327580645,4,0.002092,0.001239,0.000088
514320340909090,1,-0.003439,6.070489,8.188526
514320346555977,4,0.001875,-0.000552,-0.001449
514320359848484,1,-0.042993,6.594740,8.613042
514320361758793,2,0.072819,-41.648350,-0.052452
514320365531309,4,0.002380,0.000635,-0.001368
514320378787878,1,-0.082045,7.113664,8.953611
514320384506641,4,-0.000835,-0.001473,0.004044
514320397727272,1,-0.120308,7.644419,9.212754
514320403481973,4,0.000008,0.000316,0.001442
514320412010050,2,-0.194983,-41.518652,0.022518
514320416666666,1,-0.152785,8.154010,9.391076
514320422457305,4,-0.002431,0.002193,-0.001216
514320435606060,1,-0.169412,8.606290,9.412837
514320441432637,4,0.003660,-0.000625,0.002075
514320454545454,1,-0.178196,8.940048,9.372080
514320460407969,4,-0.004994,-0.002350,-0.000587
514320462261306,2,-0.050197,-41.560596,-0.241911
514320473484848,1,-0.212334,9.189538,9.182860
514320479383301,4,-0.004062,0.001202,0.000626
514320492424242,1,-0.230904,9.352218,8.921379
514320498358633,4,-0.001982,-0.000032,0.001613
514320511363636,1,-0.249793,9.441389,8.510646
514320512512562,2,0.050586,-41.781694,0.004662
514320517333965,4,-0.004206,-0.002547,-0.000670
514320530303030,1,-0.260932,9.386983,8.081572
514320536309297,4,0.000047,-0.000117,0.001779
514320549242424,1,-0.281939,9.192266,7.577535
514320555284629,4,0.000954,0.001393,-0.002780
514320562763819,2,-0.269873,-41.485450,-0.000918
514320568181818,1,-0.297348,8.935243,7.042015
514320574259962,4,0.000290,-0.000614,0.002924
514320587121212,1,-0.290468,8.552561,6.515762
514320593235294,4,0.000349,-0.001338,0.001705
514320606060606,1,-0.292485,8.114011,6.012402
514320612210626,4,0.001127,-0.001643,-0.000697
514320613015075,2,0.060502,-41.363683,0.157138
514320625000000,1,-0.292439,7.624728,5.546718
514320631185958,4,-0.000663,0.002455,0.000406
514320643939393,1,-0.293912,7.115027,5.146539
514320650161290,4,0.001454,-0.000987,0.000670
514320662878787,1,-0.290133,6.575706,4.792306
514320663266331,2,-0.241506,-41.501757,0.301641
514320669136622,4,0.002607,-0.000722,0.000230
514320681818181,1,-0.288731,6.048533,4.556100
514320688111954,4,-0.002727,-0.001531,-0.000669
514320700757575,1,-0.273522,5.581268,4.446735
514320707087286,4,-0.002122,0.002644,-0.001676
514320713517587,2,0.017865,-41.617728,-0.011955
514320719696969,1,-0.236672,5.163225,4.468978
514320726062618,4,0.001574,0.000374,0.000062
514320738636363,1,-0.219024,4.839580,4.559150
514320745037950,4,0.002972,-0.004521,-0.000392
514320757575757,1,-0.199116,4.603118,4.778699
514320763768844,2,-0.057550,-41.669495,0.130366
514320764013282,4,-0.002161,-0.003923,-0.002389
514320776515151,1,-0.175543,4.461732,5.092371
514320782988614,4,0.000034,-0.001451,0.001793
514320795454545,1,-0.159291,4.433948,5.502742
514320801963946,4,-0.000428,-0.000649,-0.000641
514320814020100,2,0.087653,-41.693202,-0.013991
514320814393939,1,-0.100300,4.528509,5.943548
514320820939278,4,-0.000197,-0.000837,-0.001703
514320833333333,1,-0.078995,4.752653,6.470552
514320839914611,4,0.001978,-0.001248,-0.000767
514320852272727,1,-0.050916,5.049966,6.998822
514320858889943,4,0.000859,0.000637,-0.001787
514320864271356,2,-0.084970,-41.733265,-0.212223
514320871212121,1,-0.026912,5.435153,7.528305
514320877865275,4,0.001510,0.001075,0.000356
514320890151515,1,0.016995,5.902098,8.029042
514320896840607,4,-0.000863,-0.000813,-0.000404
514320909090909,1,0.036678,6.410341,8.488071
514320914522613,2,-0.189894,-41.501790,-0.068693
514320915815939,4,-0.002464,-0.000079,0.001784
514320928030303,1,0.057700,6.961192,8.869555
514320934791271,4,0.001753,-0.000762,0.002128
514320946969696,1,0.085529,7.496524,9.158044
514320953766603,4,0.003812,-0.000632,0.001383
514320964773869,2,-0.143878,-41.551808,0.112130
514320965909090,1,0.117894,7.995587,9.354403
514320972741935,4,-0.004526,-0.002516,0.000182
514320984848484,1,0.133656,8.434309,9.433917
514320991717267,4,-0.002013,0.004078,0.001196
514321003787878,1,0.155579,8.831076,9.400471
514321010692599,4,0.001932,-0.000058,-0.002006
514321015025125,2,0.053504,-41.342746,-0.034247
514321022727272,1,0.191786,9.136096,9.254042
514321029667931,4,-0.001038,0.000509,-0.001276
514321041666666,1,0.213826,9.346191,9.013363
514321048643263,4,0.001342,0.001423,0.000010
514321060606060,1,0.244165,9.425349,8.666816
514321065276381,2,0.240384,-41.440814,-0.073338
514321067618595,4,-0.003651,0.003430,-0.000425
514321079545454,1,0.261916,9.383174,8.239950
514321086593927,4,0.005419,0.001305,-0.000420
514321098484848,1,0.268217,9.267293,7.768200
514321105569259,4,0.000896,-0.004039,0.002052
514321115527638,2,0.013943,-41.680237,-0.045928
514321117424242,1,0.286836,9.030775,7.236107
514321124544592,4,0.005134,-0.004178,-0.000575
514321136363636,1,0.301670,8.682688,6.695041
514321143519924,4,-0.000211,0.001750,0.004212
514321155303030,1,0.299815,8.279533,6.175914
514321162495256,4,0.000766,0.004284,0.000341
514321165778894,2,0.064496,-41.401275,-0.061524
514321174242424,1,0.330774,7.783374,5.695706
514321181470588,4,0.000903,0.000656,0.002441
514321193181818,1,0.310835,7.285162,5.244795
514321200445920,4,-0.000845,0.001637,-0.002462
514321212121212,1,0.310120,6.718946,4.889919
514321216030150,2,0.410084,-41.518857,-0.251759
514321219421252,4,-0.000569,-0.001273,0.000176
514321231060606,1,0.294389,6.215452,4.655864
514321238396584,4,-0.000632,0.002264,-0.001757
514321250000000,1,0.249160,5.713847,4.473932
514321257371916,4,-0.003463,-0.002715,0.001988
514321266281407,2,0.181990,-41.401957,0.034753
514321268939393,1,0.256220,5.287002,4.430197
514321276347248,4,-0.001939,0.000796,-0.000590
514321287878787,1,0.249287,4.945473,4.501065
514321295322580,4,0.001648,-0.000462,0.005529
514321306818181,1,0.190095,4.630802,4.689855
514321314297912,4,0.003796,-0.000630,-0.000904
514321316532663,2,-0.069738,-41.434024,0.242852
514321325757575,1,0.194440,4.490931,4.969797
514321333273244,4,0.006265,-0.002158,-0.000110
514321344696969,1,0.150732,4.443232,5.364203
514321352248576,4,0.000045,-0.000005,-0.003477
514321363636363,1,0.105764,4.493859,5.778524
514321366783919,2,0.030245,-41.713531,-0.518003
514321371223908,4,0.000993,-0.001941,0.002872
514321382575757,1,0.084944,4.652148,6.293124
514321390199240,4,-0.002912,0.000119,-0.004432
514321401515151,1,0.076974,4.957842,6.816589
514321409174573,4,-0.004309,-0.001679,-0.001396
514321417035175,2,0.057684,-41.640913,-0.014957
514321420454545,1,0.019475,5.303210,7.333150
514321428149905,4,0.002931,-0.000081,0.002585
514321439393939,1,-0.005915,5.753208,7.866432
514321447125237,4,-0.000760,0.001212,-0.001451
514321458333333,1,-0.016487,6.236428,8.345408
514321466100569,4,-0.001587,-0.003642,0.000672
514321467286432,2,-0.121362,-41.625162,-0.114791
514321477272727,1,-0.060333,6.780298,8.747816
514321485075901,4,0.000524,0.001555,0.000430
514321496212121,1,-0.089057,7.303276,9.068527
