timestamp_ns,sensor_type,x,y,z
504381598136225,1,1.02495,4.84305,8.166
504381607616532,4,-0.25547498,-0.3771625,-1.7886
504381617096774,1,0.79095006,4.9120502,8.475
504381626577081,4,-0.184525,-0.441925,-1.7848874
504381636057332,1,0.513,4.86705,8.6310005
504381639091427,2,-14.681251,12.375001,-29.531252
504381645537638,4,-0.1076625,-0.45168748,-1.7030749
504381655018167,1,0.35700002,4.8570004,8.611051
504381664498210,4,-0.05995,-0.4444,-1.6015999
504381673978748,1,0.216,4.89795,8.54895
504381683459022,4,-0.0246125,-0.4114,-1.5063125
504381689017325,2,-16.931252,11.418751,-28.575
504381692939101,1,0.051000003,4.90005,8.44905
504381702419398,4,-0.013612499,-0.3845875,-1.415975
504381711899936,1,-0.147,4.93905,8.53005
504381721380224,4,0.0048125,-0.3113,-1.3231624
504381730860533,1,-0.087000005,4.97205,8.608951
504381739221921,2,-18.88125,10.25625,-27.825
504381740340810,4,0.0268125,-0.18053749,-1.233925
504381749821100,1,-0.058050003,5.0490003,8.628
504381759301406,4,0.0499125,-0.038775,-1.17645
504381768781681,1,-0.17805001,5.0989504,8.299951
504381778261987,4,0.0303875,0.0345125,-1.1361625
504381787742265,1,-0.49395,5.085,8.08005
504381788940354,2,-20.643751,9.056251,-27.112501
504381797222536,4,-0.007425,0.027224999,-1.0726374
504381806702921,1,-0.58695,5.0010004,8.122951
504381816183190,4,-0.0319,-0.0559625,-1.0201125
504381825663423,1,-0.42705002,4.95795,8.31495
504381835143709,4,-0.0636625,-0.20253749,-1.0164
504381839197396,2,-22.10625,7.8375,-26.587502
504381844624094,1,-0.52995,4.7400002,8.54205
504381854104369,4,-0.1076625,-0.308825,-1.0066375
504381863584678,1,-0.669,4.52505,8.808001
504381873065210,4,-0.1467125,-0.3735875,-0.96029997
504381882545289,1,-0.68805003,4.2990003,8.99205
504381889153396,2,-23.60625,6.58125,-26.025002
504381892025853,4,-0.1736625,-0.3674,-0.93334997
504381901506192,1,-0.85305005,4.149,9.0060005
504381910986498,4,-0.2041875,-0.45168748,-0.9211125
504381920466798,1,-1.2870001,4.03095,9.279
504381929947104,4,-0.1931875,-0.5666375,-0.9065375
504381939427503,1,-1.8420001,3.8179502,9.547951
504381939231996,2,-24.712502,5.3625,-25.800001
504381948907734,4,-0.123475,-0.601975,-0.8075375
504381958388123,1,-2.63895,3.801,9.49005
504381967868431,4,-0.03795,-0.59345,-0.5314375
504381977348736,1,-2.769,3.7200003,9.303
504381986829041,4,0.075625,-0.683925,-0.2283875
504381988909686,2,-25.893751,4.2375,-25.3875
504381996309570,1,-1.5190501,4.11495,9.8539505
504382005789868,4,0.29425,-0.80355,-0.18205
504382015270177,1,-0.26205,4.35195,10.065001
504382024750483,4,0.5190625,-0.8072625,-0.37867498
504382034230793,1,-0.40995002,4.30695,9.082951
504382039209558,2,-26.85,3.2250001,-24.843752
504382043711093,4,0.5435375,-0.6752625,-0.5339125
504382053191483,1,-1.15695,4.086,7.7490005
504382062671791,4,0.3309625,-0.5262125,-0.5509625
504382072152085,1,-1.61205,4.08405,7.254
504382081632622,4,0.0499125,-0.529925,-0.51919997
504382089172103,2,-27.768751,2.2125,-24.13125
504382091112942,1,-1.7149501,4.089,7.6660504
504382100593223,4,-0.139425,-0.628925,-0.5154875
504382110073608,1,-1.5810001,4.0620003,8.69295
504382119553920,4,-0.1381875,-0.6325,-0.516725
504382129034229,1,-1.5139501,3.8449502,9.406051
504382138514526,4,-0.0037125,-0.512875,-0.499675
504382139152432,2,-28.706251,1.3125,-23.41875
504382147994836,1,-1.4059501,3.7030501,9.567
504382157475353,4,0.1428625,-0.4285875,-0.477675
504382166955663,1,-1.6150501,3.76095,9.259951
504382176435950,4,0.2259125,-0.39435,-0.433675
504382185916260,1,-1.6000501,3.8920503,9.02595
504382189118702,2,-29.475,0.43125,-22.78125
504382195396642,4,0.252725,-0.347875,-0.42515
504382204877181,1,-1.8090001,3.9160502,8.949
504382214357488,4,0.274725,-0.2611125,-0.405625
504382223837883,1,-2.05005,3.8830502,8.85795
504382233318191,4,0.2784375,-0.2745875,-0.35915
504382239061486,2,-30.45,-0.41250002,-21.825
504382242798495,1,-2.15805,4.0360503,8.905951
504382252278796,4,0.3139125,-0.352825,-0.3163875
504382261759106,1,-1.6890001,4.1610003,9.27495
504382271239636,4,0.4214375,-0.380875,-0.356675
504382280720023,1,-1.62405,4.182,9.057
504382289210570,2,-31.237501,-1.29375,-20.94375
504382290200310,4,0.517825,-0.391875,-0.3909125
504382299680848,1,-1.93305,4.3780503,8.446051
504382309161156,4,0.5203,-0.4224,-0.3713875
504382318641475,1,-2.1030002,4.4770503,7.80495
504382328121780,4,0.3859625,-0.4444,-0.328625
504382337602165,1,-2.2080002,4.52895,7.7779503
504382338904436,2,-32.006252,-2.1937501,-20.081251
504382347082473,4,0.230725,-0.3295875,-0.245575
504382356563002,1,-1.9039501,4.49595,7.9099503
504382366043310,4,0.0939125,-0.115775,-0.1527625
504382375523644,1,-1.50195,4.7179503,8.299951
504382385004026,4,0.0768625,0.083325,-0.1331
504382389194271,2,-32.550003,-3.075,-19.40625
504382394484335,1,-1.24395,4.8840003,8.596951
504382403964881,4,0.158675,0.0785125,-0.185625
504382413445191,1,-1.47105,4.8169503,8.202001
504382422925593,4,0.1794375,-0.0254375,-0.1991
504382432405902,1,-1.8010501,4.7689505,8.070001
504382439006034,2,-33.112503,-3.8812501,-18.73125
504382441886218,4,0.1733875,-0.18425,-0.1307625
504382451366757,1,-1.9350001,4.86705,8.52495
504382460847141,4,0.240625,-0.26235,-0.041525
504382470327451,1,-2.1079502,4.809,8.44095
504382479807757,4,0.2784375,-0.2233,0.085525
504382489288276,1,-2.2080002,4.7470503,8.145
504382489218274,2,-33.393753,-4.6687503,-17.962502
504382498768661,4,0.241725,-0.148775,0.256575
504382508248971,1,-1.9260001,4.821,8.109
504382517729507,4,0.196625,-0.1463,0.3861
504382527209817,1,-1.4140501,4.9939504,8.35005
504382536690194,4,0.1733875,-0.2135375,0.4239125
504382539089063,2,-33.45,-5.3812504,-17.456251
504382546170504,1,-1.1530501,5.08995,8.68305
504382555651036,4,0.174625,-0.3100625,0.42515
504382565131345,1,-1.0540501,5.0820003,9.253051
504382574611713,4,0.2613875,-0.32587498,0.4214375
504382584092251,1,-0.85800004,4.96005,9.342
504382589237161,2,-33.35625,-5.83125,-17.1
504382593572530,4,0.3432,-0.2440625,0.4104375
504382603052920,1,-0.73605,4.89795,9.1050005
504382612533228,4,0.38225,-0.08525,0.367675
504382622013747,1,-1.0380001,4.86705,8.85105
504382631494055,4,0.40301248,0.099275,0.322575
504382639198223,2,-33.506252,-5.925,-16.743752
504382640974410,1,-1.31295,4.8289504,8.37705
504382650454723,4,0.3700125,0.2715625,0.31033748
504382659935338,1,-0.96105003,4.5870004,7.51695
504382669415858,4,0.19167499,0.2470875,0.2418625
504382678896168,1,-0.93195003,4.635,7.18905
504382688376439,4,-0.0331375,0.0405625,0.1661
504382689089862,2,-33.6375,-5.90625,-16.35
504382697856811,1,-0.78105,4.58895,7.728
504382707337350,4,-0.16499999,-0.0144375,0.10505
504382716817639,1,-1.1410501,4.4170504,8.413051
504382726298022,4,-0.1626625,0.143275,0.16733749
504382735778313,1,-1.215,4.137,8.901
504382739082593,2,-33.600002,-5.8500004,-16.087502
504382745258849,4,-0.0501875,0.3876125,0.328625
504382754739231,1,-0.94200003,4.05795,8.92695
504382764219767,4,0.092675,0.579425,0.5033875
504382773700144,1,-0.61095005,4.27605,8.53695
504382783180450,4,0.20019999,0.7137625,0.60225
504382789165208,2,-33.675003,-5.55,-16.087502
504382792660988,1,-0.26895002,4.50105,7.70205
504382802141373,4,0.180675,0.715,0.6169625
504382811621911,1,-0.09195001,4.6729503,7.038
504382821102219,4,0.053625,0.6452875,0.6059625
504382830582604,1,-0.15900001,4.76595,7.0219502
504382839239756,2,-33.75,-4.9500003,-16.275002
504382840063157,4,-0.10395,0.517,0.637725
504382849543544,1,-0.21900001,4.7899504,7.5319505
504382859023849,4,-0.1821875,0.41195,0.7354875
504382868504392,1,0.09105001,4.8769503,8.24505
504382877984776,4,-0.1552375,0.31913748,0.819775
504382887465330,1,0.46695003,4.8910503,8.85105
504382888891154,2,-33.73125,-4.2562504,-16.59375
504382896945729,4,-0.029424999,0.3386625,0.86625
504382906426038,1,0.666,4.8690004,8.65905
504382915906551,4,0.0378125,0.45113748,0.8980125
504382925386937,1,0.87195003,4.86,8.262
504382934867488,4,0.0389125,0.579425,0.8760125
504382939193320,2,-33.525,-3.45,-17.19375
504382944347875,1,0.642,4.9360504,7.7830505
504382953828426,4,-0.0331375,0.6587625,0.8564875
504382963308736,1,0.24195,4.83795,7.5270004
504382972789108,4,-0.1332375,0.71005,0.88935
504382982269647,1,0.15405001,4.66095,7.6200004
504382989117174,2,-33.2625,-2.30625,-17.98125
504382991750060,4,-0.2017125,0.7357625,0.9493
504383001230617,1,-0.24300002,4.395,7.7089505
504383010711002,4,-0.2272875,0.71005,1.073875
504383020191535,1,-0.52995,4.1850004,7.728
504383029671920,4,-0.24695,0.668525,1.2364
504383039152545,1,-0.384,3.9930003,8.0460005
504383039227194,2,-32.831253,-0.73125005,-19.0125
504383048632776,4,-0.22,0.6747125,1.3756875
504383058113166,1,-0.37005,3.7030501,8.305051
504383067593704,4,-0.176,0.695475,1.5112625
504383077074324,1,-0.10095,3.6100502,8.487
504383086554632,4,-0.167475,0.84328747,1.587025
504383089055138,2,-32.287502,1.1812501,-20.15625
504383096035039,1,-0.32205,3.4660501,8.535001
504383105515574,4,-0.205425,1.0289125,1.6773624
504383114995961,1,-0.76905006,3.3919501,8.568001
504383124476511,4,-0.2822875,1.19515,1.8118374
504383133956898,1,-1.84695,3.0330002,8.58495
504383139211086,2,-32.006252,3.3375,-21.0
504383143437449,4,-0.4057625,1.1609125,2.117225
504383152917845,1,-2.8960502,2.4799502,9.402
504383162398382,4,-0.4203375,0.91905,2.61085
504383171878768,1,-2.3470502,2.298,10.989
504383181359305,4,-0.1821875,0.640475,2.97605
504383189198453,2,-31.35,5.7375,-22.050001
504383190839715,1,-0.40305,2.7169502,12.538051
504383200320261,4,0.1733875,0.5671875,2.856425
504383209800876,1,0.10305001,3.2680502,11.99505
504383219281261,4,0.45319998,1.0533875,2.8136625
504383228761799,1,-0.29505002,3.7129502,11.644951
504383238242199,4,0.5900125,1.2232,2.8807626
504383239057109,2,-29.85,8.3625,-23.15625
504383247722738,1,0.9799501,3.3990002,10.91205
504383257203098,4,0.52648747,1.2414875,2.68895
504383266683637,1,0.81000006,4.0480504,10.833
504383276164021,4,0.379775,1.2549624,2.5741374
504383285644579,1,0.61800003,3.8470502,11.002951
504383289168867,2,-27.7875,11.08125,-24.35625
504383295124973,4,0.2844875,1.3954875,2.5289
504383304605512,1,-0.04605,3.4330502,11.215951
504383314086122,4,0.3639625,1.5555375,2.603425
504383323566509,1,-0.18300001,3.3679502,11.05395
504383333047050,4,0.544775,1.6215374,2.6951375
504383339122081,2,-25.275002,13.650001,-25.575
504383342527437,1,-0.04605,3.59295,10.46895
504383352008037,4,0.726825,1.5653,2.7402375
504383361488577,1,0.61095005,3.9070501,9.967051
504383370968965,4,0.8881125,1.3844875,2.6608999
504383380449503,1,1.18305,4.2520504,9.507001
504383389224252,2,-22.0125,15.900001,-26.94375
504383389929892,4,0.9992125,1.1609125,2.4580874
504383399410484,1,1.1209501,4.4220004,8.88195
504383408891023,4,1.019975,0.9959125,2.22475
504383418371418,1,0.92505,4.36695,8.17095
504383427852032,4,0.91368747,0.9263375,2.040225
504383437332563,1,0.62505,4.24695,7.7089505
504383438902643,2,-17.925001,17.737501,-28.66875
504383446812946,4,0.7403,0.9483375,1.9437
504383456293464,1,0.324,4.0620003,7.2060003
504383465773849,4,0.511775,1.0461,1.91565
504383475254392,1,0.13005,3.9499502,7.1200504
504383484735085,4,0.296725,1.0753875,1.92665
504383489194255,2,-13.875001,19.03125,-30.150002
504383494215409,1,0.22995001,3.9520502,7.563
504383503696032,4,0.1978625,1.027675,1.9303625
504383513176572,1,0.66405004,4.07205,8.403001
504383522656978,4,0.2833875,0.9788625,1.880175
504383532137593,1,0.77895004,4.0410004,8.51595
504383539203483,2,-9.918751,19.800001,-31.575
504383541618127,4,0.40301248,0.905575,1.82765
504383551098496,1,0.49395,4.053,8.05095
504383560579109,4,0.45319998,0.8457625,1.8326
504383570059634,1,0.48195,4.1130004,7.4689503
504383579540017,4,0.401775,0.792,1.8558375
504383589020628,1,0.93705004,4.335,7.21995
504383589237223,2,-5.8875003,19.95,-32.8875
504383598501171,4,0.301675,0.7797625,1.8068875
504383607981786,1,1.2859501,4.584,7.1650505
504383617462186,4,0.2149125,0.773575,1.6786
504383626942801,1,1.09905,4.7520003,7.3450503
504383636423340,4,0.1733875,0.73205,1.57355
504383639046916,2,-2.1000001,19.5,-33.9
504383645903727,1,1.17795,4.7779503,7.4170504
504383655384369,4,0.15619999,0.68694997,1.5125
504383664864918,1,1.3249501,4.7710505,7.4290504
504383674345301,4,0.152625,0.83599997,1.4317875
504383683825897,1,1.03695,4.89795,6.9930005
504383689124308,2,1.1437501,18.6,-34.537502
504383693306513,4,0.0633875,0.91781247,1.3952125
504383702787062,1,0.92205006,5.0389504,6.7770004
504383712267445,4,-0.0587125,0.9153375,1.36345
504383721748080,1,1.14495,5.16405,6.9670506
504383731228696,4,-0.13695,0.839575,1.294975
504383739206334,2,3.61875,17.5125,-34.4625
504383740709240,1,1.1880001,5.23995,7.3350005
504383750189609,4,-0.1601875,0.6331875,1.22045
504383759670455,1,1.1710501,5.34105,7.9579506
504383769151066,4,-0.084425,0.52442497,1.1851125
504383778631375,1,1.143,5.22795,8.20905
504383788111753,4,0.0011,0.458425,1.189925
504383789039561,2,5.8500004,16.3125,-34.350002
504383797592368,1,1.06605,5.19495,8.11305
504383807072984,4,0.0341,0.452375,1.250975
504383816553539,1,1.2790501,5.2429504,8.149051
504383826034153,4,0.064625,0.5036625,1.3145
504383835514553,1,1.7359501,5.2260003,7.8930006
504383839165015,2,7.4437504,14.925,-34.03125
504383844995167,4,0.0328625,0.480425,1.3145
504383854475796,1,2.19405,5.38395,7.9219503
504383863956335,4,-0.018424999,0.40713748,1.2596375
504383873436950,1,2.6509502,5.4559503,8.42205
504383882917565,4,0.0218625,0.3460875,1.15335
504383889097104,2,8.6625,13.593751,-33.61875
504383892397952,1,2.8950002,5.4100504,8.84805
504383901878575,4,0.1489125,0.3961375,1.0445875
504383911359116,1,3.0649502,5.3479505,8.604
504383920839695,4,0.2332,0.5061375,0.9455875
504383930320311,1,2.9839501,5.23605,7.84005
504383939226624,2,9.76875,12.281251,-33.16875
504383939800926,4,0.1733875,0.5561875,0.87229997
504383949281313,1,2.97705,5.1280503,7.2730503
504383958761940,4,0.009625,0.5732375,0.808775
504383968242556,1,3.321,5.0080504,7.55805
504383977723094,4,-0.111237496,0.6111875,0.6964375
504383987203709,1,3.49095,4.7640004,8.05605
504383989010229,2,10.650001,11.08125,-32.850002
504383996684316,4,-0.1442375,0.5182375,0.5889125
504384006164921,1,3.5989501,4.6249504,8.84805
504384015645306,4,-0.0416625,0.36313748,0.488675
504384025125926,1,3.7480502,4.1940002,9.265051
504384034606537,4,0.13915,0.2190375,0.4104375
504384039210659,2,11.56875,9.95625,-32.737503
504384044087152,1,3.9940503,3.9280503,9.27705
504384053567696,4,0.3089625,0.16885,0.33715
504384063048325,1,4.5280504,3.9589503,8.92695
504384072528940,4,0.36025,0.39985,0.190575
504384082009556,1,4.401,3.8779502,7.9819503
504384089178311,2,12.225,8.887501,-32.643753
504384091489940,4,0.1672,0.74305,0.0708125
504384100970551,1,3.7600503,3.8370001,7.4410505
504384110451166,4,-0.1601875,1.0863875,0.055
504384119931698,1,3.4819503,3.8730001,7.9120502
504384129412619,4,-0.3568125,1.314775,0.07205
504384138892918,1,3.11505,3.76305,8.55405
504384139234549,2,13.2375,7.8750005,-32.475002
504384148373531,4,-0.3568125,1.181675,0.129525
504384157854132,1,2.8590002,3.8920503,9.27
504384167334748,4,-0.172425,0.889625,0.1808125
504384176815134,1,3.108,3.9120002,9.663
504384186295979,4,0.09515,0.6307125,0.14533749
504384189016802,2,14.38125,6.99375,-32.325
504384195776379,1,3.2970002,3.8710501,9.460951
504384205256983,4,0.29425,0.519475,0.07205
504384214737598,1,2.9239502,3.8730001,8.443951
504384224218208,4,0.27115,0.425425,0.055
504384233698824,1,2.8260002,4.1610003,8.116051
504384239118989,2,15.262501,6.3375,-31.968752
504384243179430,4,0.147675,0.3851375,0.0367125
504384252660051,1,3.18495,4.16505,8.338051
504384262140666,4,0.0658625,0.4706625,-0.0867625
504384271621290,1,3.01305,4.26405,8.500951
504384281101906,4,0.0268125,0.6087125,-0.1722875
504384289224856,2,16.06875,5.7937503,-31.556252
504384290582508,1,2.93805,4.27995,8.52
504384300063046,4,0.0193875,0.640475,-0.2492875
504384309543661,1,2.565,4.3309503,8.580001
504384319024354,4,0.058575,0.5379,-0.2773375
504384328504894,1,2.3470502,4.419,8.580001
504384337985502,4,0.102575,0.4401375,-0.2761
504384339018701,2,16.85625,5.34375,-31.031252
504384347466195,1,2.364,4.434,8.44905
504384356946742,4,0.102575,0.4169,-0.2871
504384366427358,1,2.2030501,4.54395,8.20395
504384375908050,4,0.0523875,0.403425,-0.2858625
504384385388667,1,2.1790502,4.6920004,8.338051
504384389156814,2,18.112501,4.93125,-30.562502
504384394869199,4,0.0463375,0.4021875,-0.2773375
504384404349825,1,2.469,4.7710505,8.464951
504384413830441,4,0.0633875,0.3570875,-0.333575
504384423311133,1,2.5770001,4.893,8.57295
504384432791748,4,0.0939125,0.36795,-0.411675
504384439113392,2,18.900002,4.65,-30.075
504384442272279,1,2.64105,4.92,8.71905
504384451752964,4,0.1403875,0.4291375,-0.472725
504384461233505,1,2.55795,4.9360504,8.51805
504384470714133,4,0.1489125,0.5341875,-0.5399625
504384480194825,1,2.28705,4.9960504,8.358001
504384489675450,4,0.1441,0.5537125,-0.58025
504384489224078,2,19.03125,4.5,-29.23125
504384499156296,1,2.493,5.0800505,8.68305
504384508636681,4,0.1929125,0.5512375,-0.6829625
504384518117296,1,2.3160002,5.1210003,8.66895
504384527597911,4,0.2209625,0.5891875,-0.8075375
504384537078527,1,2.1649501,5.181,8.559
504384538983095,2,19.5375,4.425,-28.725
504384546559373,4,0.1879625,0.616,-0.9383
504384556040009,1,1.9849501,5.202,8.49405
504384565520392,4,0.1183875,0.726,-1.106875
504384575001013,1,1.31505,5.157,8.358001
504384584481628,4,0.0048125,0.8322875,-1.2156374
504384589212010,2,20.268751,4.4812503,-28.1625
504384593962464,1,0.98205006,5.08995,8.614051
504384603443060,4,-0.0611875,0.9141,-1.3157375
504384612923678,1,0.93195003,5.037,9.09
504384622404358,4,-0.034375,0.9141,-1.4477375
504384631884976,1,0.30705002,5.02005,9.579
504384639171634,2,21.206251,4.7250004,-27.69375
504384641365585,4,0.0719125,0.76876247,-1.54055
504384650846202,1,0.00795,4.83795,10.25205
504384660326816,4,0.263725,0.7187125,-1.6113625
504384669807437,1,-0.216,4.197,10.43295
504384679288281,4,0.4860625,0.8102875,-1.60655
504384688768673,1,-0.89400005,3.5119503,9.562051
504384689238570,2,21.7875,5.3250003,-26.94375
504384698249286,4,0.6241125,0.800525,-1.48555
504384707730133,1,-1.641,3.39,8.437051
504384717210739,4,0.5985375,0.539,-1.316975
504384726691356,1,-1.5480001,3.55695,7.7970004
504384736172042,4,0.4445375,0.1065625,-1.3024
504384739036716,2,22.518751,6.15,-26.04375
504384745652659,1,-0.72195005,3.82995,7.1650505
504384755133263,4,0.1354375,0.0735625,-1.5137374
504384764613880,1,-0.717,3.4279501,8.014951
504384774094493,4,-0.0111375,0.2690875,-1.6627874
504384783575340,1,-2.02605,2.8630502,8.65695
504384789073797,2,23.306252,7.0875,-25.48125
504384793055941,4,0.06215,0.36685,-1.6187875
504384802536543,1,-3.5059502,2.8249502,8.535001
504384812017234,4,0.229625,0.24213749,-1.4232625
504384821497856,1,-4.3230004,3.01605,8.0130005
504384830978470,4,0.3724875,-0.104775,-1.1594
504384839225372,2,23.1,8.2875,-24.4125
504384840459311,1,-4.059,3.3349502,7.6849504
504384849939695,4,0.4580125,-0.4591125,-1.05435
504384859420618,1,-3.3310502,3.6529503,7.5600004
504384868901171,4,0.483725,-0.79873747,-1.1166375
504384878381788,1,-2.7850502,3.6910503,7.82595
504384887862494,4,0.4690125,-1.132175,-1.2876875
504384888948926,2,22.59375,9.65625,-23.400002
504384897343111,1,-2.424,3.5809503,7.80705
504384906823725,4,0.29315,-1.21165,-1.4832125
504384916304575,1,-2.6749501,3.318,8.116051
504384925785190,4,0.0853875,-1.10165,-1.598025
504384935265808,1,-3.0990002,2.8840501,8.805
504384939143694,2,21.675001,11.043751,-22.7625
504384944746498,4,0.0023375,-0.9612625,-1.5895
504384954227125,1,-3.42,2.47005,9.306001
504384963707739,4,0.0463375,-0.7717875,-1.4794999
504384973188585,1,-3.8820002,2.21895,9.232051
504384982669200,4,0.1513875,-0.716925,-1.288925
504384989078393,2,20.4375,12.356251,-22.3875
504384992149823,1,-3.70005,2.25,9.088051
504385001630517,4,0.3139125,-0.878075,-1.1642125
504385011111134,1,-3.3120003,2.5090501,8.85105
504385020591739,4,0.4543,-1.0698875,-1.189925
504385030072585,1,-3.2260501,2.5210502,8.34105
504385039553214,4,0.4739625,-1.3204125,-1.205875
504385039224506,2,18.7875,13.63125,-22.35
504385049033907,1,-3.315,2.5759501,8.190001
504385058514546,4,0.4274875,-1.5525125,-1.194875
504385067995164,1,-2.9200501,2.595,8.83395
504385077476022,4,0.434775,-1.6770875,-1.2241625
504385086956639,1,-2.26605,2.67405,9.62895
504385088986644,2,16.837502,14.793751,-22.612501
504385096437239,4,0.472725,-1.5769875,-1.327975
504385105917921,1,-2.1769502,2.535,9.592951
504385115398536,4,0.423775,-1.4205124,-1.3695
504385124879392,1,-2.259,2.4769502,9.47805
504385134360008,4,0.3212,-1.3069375,-1.360975
504385139220090,2,14.94375,15.712501,-23.550001
504385143840695,1,-1.7680501,2.5830002,10.419001
504385153321297,4,0.3614875,-1.27765,-1.4207875
504385162801914,1,-1.1880001,2.59995,11.455951
504385172282757,4,0.5495875,-1.2617,-1.5368375
504385181763375,1,-1.2199501,2.4079502,11.38395
504385189179369,2,12.656251,16.48125,-24.73125
504385191244065,4,0.6705875,-1.2898875,-1.5918375
504385200724911,1,-1.605,2.331,10.860001
504385210205526,4,0.676775,-1.1774125,-1.5478375
504385219686195,1,-1.7220001,2.36505,10.552951
504385229167041,4,0.6865375,-1.1103125,-1.459975
504385238647428,1,-1.605,2.6190002,10.24905
504385239198868,2,10.181251,17.00625,-25.875002
504385248128272,4,0.7671125,-1.1884125,-1.4135
504385257608904,1,-1.50195,2.7120001,8.547
504385267089590,4,0.5630625,-1.6905625,-1.42945
504385276570207,1,-0.453,3.2770503,7.89795
504385286051056,4,0.100099996,-2.123,-1.5895
504385289126816,2,7.2937503,17.306252,-26.925001
504385295531678,1,0.786,3.3679502,9.411
504385305012368,4,-0.1821875,-2.0546625,-1.83865
504385314492985,1,0.70005006,2.8560002,10.845
504385323973829,4,-0.154,-1.623325,-1.9914125
504385333454447,1,-0.57795,2.4420002,11.2570505
504385339057972,2,4.05,17.400002,-27.975
504385342935137,4,0.0708125,-1.143175,-1.8484125
504385352415746,1,-1.2580501,2.3119502,10.477051
504385361896359,4,0.28215,-0.9428375,-1.5895
504385371377224,1,-0.88005006,2.8819501,9.567
504385380857917,4,0.4214375,-1.038125,-1.4562625
504385389212854,2,0.69375,17.2875,-28.687502
504385390338529,1,-0.441,3.32505,8.53995
504385399819373,4,0.39325,-1.2604625,-1.5125
504385409300067,1,-0.303,3.6430502,8.305051
504385418780695,4,0.3102,-1.3094125,-1.6346
504385428261541,1,-0.44400004,3.49305,8.446051
504385437742248,4,0.2222,-1.192125,-1.6896
504385438929722,2,-2.4750001,16.893751,-29.025002
504385447222789,1,-0.81705004,3.3270001,8.769
504385456703714,4,0.1843875,-0.999075,-1.631025
504385466184331,1,-0.87495005,3.3420002,8.94705
504385475664930,4,0.185625,-0.7962625,-1.5283124
504385485145622,1,-0.53205,3.5020502,8.779051
504385489127591,2,-5.5687504,16.21875,-28.85625
504385494626463,4,0.169675,-0.722975,-1.4905
504385504107047,1,-0.06795,3.7219503,8.764951
504385513587737,4,0.1648625,-0.7962625,-1.532025
504385523068330,1,0.24705002,3.79395,9.09
504385532549175,4,0.20515,-0.839025,-1.6358374
504385539152880,2,-8.418751,15.337501,-28.48125
504385542029788,1,0.00795,3.69405,9.02295
504385551510468,4,0.21367499,-0.74745,-1.687125
504385560991314,1,-0.3,3.6360002,8.556001
504385570471983,4,0.1331,-0.5886375,-1.6688375
504385579952600,1,-0.38595003,3.7080002,8.358001
504385589433416,4,0.0389125,-0.47134998,-1.6456
504385589240277,2,-10.837501,14.26875,-28.10625
504385598914015,1,-0.453,3.8209503,8.36205
504385608394705,4,-0.0246125,-0.3796375,-1.615075
504385617875327,1,-0.44895002,3.9019501,8.25
504385627356248,4,-0.100237496,-0.2916375,-1.5723125
504385636836856,1,-0.30495003,4.0740004,8.4529505
504385639096346,2,-12.993751,13.012501,-27.487501
504385646317469,4,-0.1406625,-0.1915375,-1.5442625
504385655798306,1,-0.19695,4.1130004,8.71905
504385665278907,4,-0.12595,-0.1023,-1.51855
504385674759599,1,-0.59895,4.14405,8.820001
504385684240431,4,-0.068475,-0.1463,-1.4172125
504385689187301,2,-15.056251,11.75625,-26.79375
504385693721125,1,-0.846,4.1850004,9.13095
504385703201719,4,0.086625,-0.225775,-1.26445
504385712682565,1,-0.89895004,4.158,9.03495
504385722163234,4,0.2564375,-0.336875,-1.0921625
504385731643851,1,-0.33405003,4.3309503,8.700001
504385739220845,2,-16.987501,10.51875,-26.1375
504385741124690,4,0.34925,-0.4505875,-1.001825
504385750605395,1,0.46695003,4.54395,8.58495
504385760086008,4,0.373725,-0.474925,-1.0641125
504385769566882,1,0.73800004,4.644,8.18805
504385779047575,4,0.2734875,-0.4395875,-1.1826375
504385788528211,1,0.32595003,4.55805,8.179951
504385789151865,2,-18.768751,9.225,-25.95
504385798009059,4,0.1269125,-0.3454,-1.239975
504385807489677,1,-0.11595,4.28805,8.556001
504385816970377,4,0.042625,-0.22453749,-1.205875
504385826451300,1,-0.192,4.1730003,9.073951
504385835931915,4,0.0598125,-0.087725,-1.15335
504385839119356,2,-20.53125,8.00625,-25.650002
504385845412762,1,-0.23295002,4.16505,9.28905
504385854893387,4,0.1331,-9.625E-4,-1.1166375
504385864374079,1,-0.56595004,4.20405,9.057
504385873854685,4,0.180675,0.0075625,-1.0811625
504385883335531,1,-0.89895004,4.3230004,8.7310505
504385889012263,2,-22.25625,6.7500005,-25.29375
504385892816213,4,0.1648625,-0.087725,-1.0481625
504385902297054,1,-1.23195,4.32105,8.571
504385911777670,4,0.1049125,-0.242825,-1.01035
504385921258349,1,-1.24605,4.21995,8.68305
504385930739195,4,0.0218625,-0.429825,-1.0140625
504385939212053,2,-23.71875,5.49375,-25.087502
504385940219885,1,-1.44,3.9810002,8.99505
504385949700710,4,-0.05995,-0.7486875,-1.0261625
504385959181404,1,-2.21595,3.7219503,9.97395
504385968662003,4,0.0218625,-1.021075,-0.929775
504385978142620,1,-2.62995,3.3589501,10.659
504385987623474,4,0.241725,-1.016125,-0.76725
504385988918408,2,-24.956251,4.1625004,-24.862501
504385997104158,1,-2.505,3.10695,10.1959505
504386006584771,4,0.3774375,-0.7497875,-0.5900125
504386016065617,1,-2.42895,3.3300002,9.073951
504386025546309,4,0.3469125,-0.57145,-0.49115
504386035027151,1,-2.022,3.45405,8.99205
504386039146029,2,-26.362501,2.8125,-24.300001
504386044507843,4,0.3810125,-0.6117375,-0.53515
504386053988441,1,-1.96905,3.0589502,9.01605
504386063469272,4,0.4983,-0.8012125,-0.6230125
504386072949966,1,-2.5530002,2.736,8.523001
504386082430800,4,0.5203,-1.09065,-0.6512
504386089124072,2,-27.393751,1.4625001,-23.53125
504386091911417,1,-3.0370502,2.64,7.8360004
504386101392108,4,0.3322,-1.2604625,-0.6230125
504386110872954,1,-2.86905,2.5519502,7.8499503
504386120353646,4,0.04015,-1.225125,-0.60101247
504386129834264,1,-2.39805,2.56095,8.7310505
504386139315199,4,-0.1747625,-0.966075,-0.62067497
504386139245098,2,-28.593752,0.112500004,-22.6875
504386148795816,1,-2.2039502,2.43,9.591001
504386158276670,4,-0.217525,-0.545875,-0.587675
504386167757365,1,-2.661,2.23305,10.07205
504386177237978,4,-0.073425,-0.3601125,-0.4483875
504386186718824,1,-3.2359502,2.53005,9.981001
504386188948178,2,-29.812502,-1.125,-21.581251
504386196199522,4,0.169675,-0.50435,-0.27005
504386205680402,1,-3.351,2.86995,9.399
504386215161017,4,0.356675,-0.7437375,-0.1148125
504386224641949,1,-3.3100502,3.351,8.82195
504386234122565,4,0.4299625,-0.8353125,0.052525
504386239229159,2,-31.050001,-2.2125,-20.268751
504386243603288,1,-2.7540002,3.59805,8.611051
504386253084151,4,0.46048748,-0.839025,0.1307625
504386262564769,1,-2.06205,3.8899503,8.53995
504386272045464,4,0.4629625,-0.7865,0.1478125
504386281526310,1,-1.8180001,4.314,8.595
504386289215337,2,-32.081253,-3.1312501,-18.9375
504386291007021,4,0.45925,-0.872025,0.1502875
504386300487873,1,-1.60695,4.6849504,9.186001
504386309968488,4,0.5190625,-1.0003124,0.1038125
504386319449180,1,-1.3609501,4.57695,9.47295
504386328930027,4,0.544775,-0.993025,0.088
504386338410721,1,-1.2390001,4.27605,9.50205
504386339116559,2,-32.68125,-3.9,-17.831251
504386347891334,4,0.5215375,-0.8427375,0.14533749
504386357372180,1,-1.02795,4.05,9.69795
504386366853104,4,0.478775,-0.6752625,0.2308625
504386376333812,1,-0.62100005,3.828,10.11705
504386385814425,4,0.478775,-0.556875,0.3053875
504386389086197,2,-33.65625,-4.425,-16.368752
504386395295261,1,-0.59205,3.6870003,10.60095
504386404775940,4,0.572825,-0.4676375,0.3763375
504386414256786,1,-0.62595004,3.4660501,10.599001
504386423737406,4,0.654775,-0.3320625,0.45319998
504386433218329,1,-0.60405004,3.2749503,10.149
504386439192906,2,-34.162502,-4.70625,-14.981251
504386442698959,4,0.638825,-0.2110625,0.5534375
504386452179658,1,-0.10605001,3.28905,9.873
504386461660502,4,0.56925,-0.091299996,0.598675
504386471141178,1,0.453,3.3270001,9.73005
504386480621791,4,0.4885375,0.03575,0.549725
504386489235651,2,-34.8375,-4.7250004,-13.762501
504386490102637,1,0.99405,3.48495,9.75105
504386499583315,4,0.417725,0.09185,0.4459125
504386509064238,1,0.79995006,3.5809503,9.68595
504386518544834,4,0.3664375,0.1420375,0.4313375
504386528025452,1,0.71205,3.4810503,9.708
504386537506377,4,0.3969625,0.13585,0.4301
504386538896177,2,-35.0625,-4.59375,-12.918751
504386546987223,1,0.52500004,3.6030002,10.026
504386556467810,4,0.5765375,0.1505625,0.444675
504386565948505,1,-0.027,3.6480002,9.397051
504386575429345,4,0.699875,0.1958,0.5339125
504386584910039,1,-0.043950003,3.5140502,7.8139505
504386589201626,2,-35.25,-4.2937503,-12.225
504386594390883,4,0.550825,0.2629,0.5864375
504386603871578,1,0.24705002,3.7780502,6.8320503
504386613352191,4,0.22715,0.3069,0.5522
504386622833132,1,0.23505001,4.29705,6.64305
504386632313742,4,-0.134475,0.2629,0.482625
504386639140595,2,-35.68125,-3.7687502,-11.64375
504386641794589,1,0.333,4.5030003,7.6579504
504386651275276,4,-0.305525,0.414425,0.3933875
504386660756122,1,0.41205,4.2439504,8.724
504386670236738,4,-0.2712875,0.6942375,0.3848625
504386679717661,1,0.079950005,3.9400501,8.899051
504386689198339,4,-0.1516625,0.889625,0.53267497
504386689233907,2,-35.775,-3.05625,-11.6625
504386698678932,1,-0.22395001,4.0219502,8.583
504386708159777,4,-0.0367125,0.8591,0.720775
504386717640462,1,0.08400001,4.28805,8.464951
504386727121306,4,0.081675,0.8273375,0.824725
504386736602000,1,0.29295,4.4599504,7.7899504
504386738924407,2,-35.71875,-2.1750002,-12.150001
504386746082845,4,0.07315,0.7162375,0.87229997
504386755563462,1,0.64695,4.76205,7.55805
504386765044383,4,-0.018424999,0.563475,0.8600625
504386774524986,1,0.94095004,4.8499503,8.05395
504386784005676,4,-0.045375,0.5159,0.8270625
504386789214539,2,-35.1375,-1.1437501,-12.993751
504386793486512,1,0.99195004,4.6320004,8.53005
504386802967194,4,0.0011,0.5146625,0.8540125
504386812448041,1,1.0849501,4.5940504,9.00405
504386821928733,4,0.0963875,0.607475,0.957825
504386831409579,1,1.296,4.4220004,9.17595
504386839210210,2,-34.85625,0.112500004,-13.89375
504386840890271,4,0.229625,0.74305,1.1044
504386850371108,1,1.5090001,4.4050503,8.757
504386859851723,4,0.31515,0.8212875,1.244925
504386869332415,1,1.7989501,4.6420503,8.3550005
504386878813261,4,0.3542,0.78705,1.2401125
504386888293937,1,1.8270001,4.6750503,7.8019505
504386889071599,2,-34.443752,1.5187501,-15.093751
504386897774771,4,0.301675,0.80905,1.1521125
504386907255388,1,1.47105,4.4550004,7.0980005
504386916736314,4,0.102575,0.878625,1.1081125
504386926217009,1,1.4989501,4.32795,6.84
504386935697632,4,-0.1516625,0.988625,1.0653499
504386939114257,2,-33.61875,3.075,-16.575
504386945178478,1,1.1689501,4.1989503,7.2730503
504386954659166,4,-0.34347498,1.142625,1.02135
504386964140012,1,0.75705004,3.969,7.55595
504386973620704,4,-0.5143875,1.347775,1.0383999
504386983101550,1,0.19695,3.8040001,7.7470503
504386989148809,2,-32.5875,4.78125,-18.075
504386992582252,4,-0.6769125,1.463825,1.1301125
504387002063074,1,-0.34800002,3.8230503,8.382
504387011543752,4,-0.7343875,1.4663,1.250975
504387021024598,1,-0.79605,3.6409502,8.91495
504387030505291,4,-0.7209125,1.2782,1.398925
504387039226914,2,-31.35,6.675,-19.63125
504387039986137,1,-1.07595,3.5089502,9.78195
504387049466761,4,-0.6073375,0.988625,1.6053125
504387058947695,1,-0.65205,3.3370502,10.864051
504387068428311,4,-0.39833748,0.784575,1.742125
504387077909014,1,0.036000002,3.351,11.88
504387087389858,4,-0.11,0.8823375,1.775125
504387088834760,2,-29.831251,8.7375,-21.150002
504387096870544,1,0.50100005,3.3370502,12.061951
504387106351397,4,0.1269125,1.2244375,1.7458375
504387115832091,1,0.62805,3.387,11.191951
504387125312715,4,0.1379125,1.3844875,1.708025
504387134793638,1,0.44805002,3.68895,10.575001
504387139188449,2,-27.88125,10.837501,-22.6875
504387144274474,4,0.0243375,1.319725,1.6688375
504387153755091,1,0.64500004,3.933,10.57695
504387163235782,4,-0.101475,1.2414875,1.543025
504387172716643,1,0.41505003,3.9520502,11.002951
504387182197335,4,-0.139425,1.2574375,1.4049749
504387189232667,2,-25.800001,12.95625,-23.85
504387191678190,1,-0.16395001,3.59805,11.38605
504387201159118,4,-0.0526625,1.2806749,1.343925
504387210639736,1,-0.62100005,3.5089502,11.314951
504387220120436,4,0.0853875,1.275725,1.28645
504387229601282,1,-0.95895004,3.45195,10.72605
504387239082205,4,0.1623875,1.1743875,1.1886874
504387239232669,2,-23.75625,15.01875,-24.937502
504387248562823,1,-1.38195,3.2719502,10.10805
504387258043541,4,0.1709125,1.0351,1.1031625
504387267524402,1,-1.7770501,3.07095,9.912001
504387277005095,4,0.19167499,0.9703375,1.0616375
504387286485955,1,-2.3070002,2.77005,9.80895
504387289058743,2,-21.581251,16.837502,-25.893751
504387295966561,4,0.229625,0.9618125,1.0751125
504387305447254,1,-2.6779501,2.7240002,9.712951
504387314928166,4,0.26015,1.0913374,1.1556875
504387324408783,1,-2.874,2.6500502,9.373051
504387333889627,4,0.2624875,1.2219625,1.29745
504387339179228,2,-19.03125,18.28125,-26.94375
504387343370322,1,-2.6940002,2.7820501,9.030001
504387352851176,4,0.2552,1.269675,1.4342625
504387362331870,1,-2.42205,3.0210001,8.628
504387371812713,4,0.2429625,1.1791999,1.5137374
504387381293408,1,-2.292,3.2700002,8.23305
504387389202932,2,-16.63125,19.35,-27.937502
504387390774243,4,0.2149125,1.021625,1.5503125
504387400254951,1,-2.1409502,3.4639502,7.9290004
504387409735872,4,0.16115,0.877525,1.5345
504387419216490,1,-2.0070002,3.55695,7.7470503
504387428697334,4,0.0853875,0.8041,1.4832125
504387438177951,1,-2.127,3.588,7.5199504
504387439049449,2,-14.55,20.23125,-28.612501
504387447658872,4,-0.0281875,0.7577625,1.4452626
504387457139548,1,-2.4,3.49005,7.4479504
504387466620161,4,-0.1516625,0.7357625,1.4587375
504387476101021,1,-2.57505,3.38505,7.6920004
504387485581714,4,-0.2127125,0.6917625,1.51855
504387489090370,2,-12.168751,20.94375,-29.325
504387495062560,1,-2.50305,3.3439503,8.034
504387504543243,4,-0.19195,0.601425,1.5675
504387514024089,1,-2.3110502,3.3919501,8.290951
504387523504777,4,-0.1137125,0.5451875,1.59555
504387532985623,1,-2.05995,3.4399502,8.293051
504387539107653,2,-9.31875,21.46875,-30.056252
504387542466305,4,-0.0391875,0.5402375,1.6126
504387551947142,1,-1.96395,3.5790002,7.9579506
504387561427835,4,-0.0196625,0.5379,1.6358374
504387570908456,1,-1.7680501,3.79395,7.7089505
504387580389377,4,-0.0477125,0.5207125,1.6407875
504387589234822,2,-6.4687505,21.825,-30.581251
504387589870010,1,-1.3990501,3.8370001,7.6660504
504387599350927,4,-0.079475,0.47795,1.6138375
504387608831773,1,-0.94395006,4.05,7.7490005
504387618312378,4,-0.122237496,0.4547125,1.5503125
504387627793072,1,-0.74100006,4.17705,7.8910503
504387637273908,4,-0.1711875,0.4596625,1.4917375
504387638850017,2,-3.8812501,21.975,-30.675001
504387646754602,1,-0.48195,4.3159504,8.17605
504387656235446,4,-0.1967625,0.4877125,1.4477375
504387665716125,1,-0.28605002,4.48605,8.647051
504387675196970,4,-0.1552375,0.5512375,1.437975
504387684677893,1,0.058050003,4.73295,9.01605
504387689153299,2,-1.3687501,21.75,-30.656252
504387694158508,4,-0.046475,0.6342875,1.4135
504387703639189,1,0.36900002,5.1060004,9.00195
504387713120033,4,0.0658625,0.701525,1.3512125
504387722600736,1,0.66105,5.56605,8.772
504387732081580,4,0.125675,0.67705,1.2302125
504387739203716,2,1.4625001,21.16875,-30.825
504387741562265,1,1.0320001,5.88705,8.595
504387751042883,4,0.108625,0.480425,1.0373
504387760523806,1,1.3579501,6.0709505,8.81295
504387770004421,4,0.0658625,0.292325,0.7940625
504387779485268,1,1.4680501,5.8630505,9.262951
504387788965960,4,0.0341,0.31185,0.5803875
504387789237800,2,4.05,20.15625,-31.087502
504387798446883,1,1.176,5.49195,9.495001
504387807927498,4,-1.375E-4,0.5512375,0.4948625
504387817408340,1,0.67095006,5.274,9.291
504387826889032,4,-0.0636625,0.7187125,0.521675
504387836369883,1,0.35505003,5.2759504,9.118951
504387839026133,2,6.2625003,18.9375,-31.25625
504387845850575,4,-0.1027125,0.68076247,0.582725
504387855331406,1,0.27105,5.14905,9.267
504387864812098,4,-0.062425,0.469425,0.6499625
504387874292939,1,0.39105,4.872,9.4470005
504387883773631,4,0.0268125,0.2226125,0.7269625
504387889143944,2,8.212501,17.737501,-31.312502
504387893254249,1,0.82905006,4.70205,9.519
504387902735185,4,0.1159125,0.0638,0.786775
504387912216031,1,1.18305,4.57695,9.44205
504387921696737,4,0.1489125,0.0760375,0.8234875
504387931177584,1,1.45605,4.6590004,9.330001
504387939192089,2,9.543751,16.575,-31.29375
504387940658199,4,0.122099996,0.2629,0.825825
504387950138901,1,1.41795,4.7260504,9.153001
504387959619748,4,0.0658625,0.480425,0.8124875
504387969100680,1,1.4989501,4.8450003,8.99205
504387978581295,4,0.0193875,0.6342875,0.7599625
504387988061989,1,1.3579501,4.965,8.938951
504387989063540,2,10.89375,15.50625,-31.237501
504387997542839,4,0.0243375,0.5781875,0.67925
504388007023533,1,1.248,5.025,8.961
504388016504377,4,0.092675,0.4939,0.5974375
504388025985300,1,1.00605,4.8360004,9.186001
504388035465916,4,0.240625,0.348425,0.5619625
504388039161251,2,12.150001,14.512501,-31.1625
504388044946610,1,0.77595,4.72095,9.397051
504388054427454,4,0.4750625,0.2165625,0.549725
504388063908157,1,0.75195,4.7449503,8.953951
504388073389002,4,0.6315375,0.1848,0.5473875
504388082869615,1,0.71595,4.86495,7.82805
504388089042408,2,12.825001,13.668751,-30.88125
504388092350305,4,0.5900125,0.1871375,0.5424375
504388101831156,1,0.642,5.0490003,6.9930005
504388111311848,4,0.4360125,0.1335125,0.5473875
504388120792699,1,0.70695,5.13705,6.93795
504388130273622,4,0.340725,-0.010725,0.5412
504388139233637,2,13.63125,12.656251,-30.768751
504388139754326,1,0.855,5.24805,7.5390005
504388149235171,4,0.40425,-0.137775,0.54614997
504388158715807,1,1.3560001,5.262,7.7850003
504388168196497,4,0.500775,-0.18053749,0.5119125
504388177677330,1,1.6189501,5.32695,7.3330503
504388187158022,4,0.4970625,-0.1194875,0.46667498
504388189016353,2,14.250001,11.55,-30.656252
504388196638853,1,1.9260001,5.367,6.6529503
504388206119555,4,0.37125,0.039325,0.3738625
504388215600173,1,1.9810501,5.4870005,6.3900003
504388225081099,4,0.2039125,0.2250875,0.2748625
504388234561716,1,1.7989501,5.3890505,6.32205
504388239215098,2,15.0375,10.368751,-30.843752
504388244042559,4,0.0609125,0.3851375,0.2248125
504388253523245,1,1.4470501,5.3509502,6.4570503
504388263004089,4,-0.0061875,0.4046625,0.2223375
504388272484783,1,1.0350001,5.274,6.71295
504388281965576,4,0.0193875,0.32285,0.2761
504388289179214,2,15.712501,9.225,-30.975
504388291446270,1,0.90300006,5.2309504,6.8179502
504388300927123,4,0.0633875,0.1896125,0.350625
504388310407755,1,1.056,5.2000504,6.8899503
504388319888600,4,0.07315,0.088275,0.4203375
504388329369294,1,1.4470501,5.17605,7.0480504
504388338850138,4,0.064625,0.0565125,0.4631
504388339236959,2,16.181252,8.118751,-30.993752
504388348330760,1,1.9039501,5.1660004,7.2250504
504388357811451,4,0.0158125,0.0760375,0.4642
504388367292369,1,2.562,5.49195,7.5480003
504388376772984,4,-0.0331375,0.121275,0.333575
504388386253912,1,2.9860501,5.631,7.8570004
504388389031915,2,17.025002,7.05,-31.1625
504388395734542,4,-0.05995,0.182325,0.121
504388405215388,1,2.7469501,5.643,7.7970004
504388414696070,4,-0.123475,0.2336125,-0.0182875
504388424176916,1,2.2770002,5.57805,7.8840003
504388433657609,4,-0.1821875,0.359425,-0.0672375
504388439103707,2,17.2875,6.2625003,-31.031252
504388443138455,1,1.8349501,5.5849504,7.9459505
504388452619147,4,-0.242,0.5842375,-0.0537625
504388462099993,1,1.416,5.6119504,7.8210006
504388471580609,4,-0.3568125,0.6452875,0.0122375
504388481061527,1,1.0129501,5.83395,7.8640504
504388489222477,2,17.775002,5.6625004,-31.031252
504388490542219,4,-0.5168625,0.502425,0.035475
504388500022837,1,1.46595,5.8219504,8.51805
504388509503681,4,-0.6133875,0.094325,-0.07205
504388518984375,1,2.0719502,5.4150004,9.19095
504388528465219,4,-0.6439125,-0.380875,-0.2981
504388537945919,1,2.06205,4.8790503,10.15095
504388538977284,2,18.16875,5.3625,-30.50625
504388547426763,4,-0.5413375,-0.6314,-0.4984375
504388556907500,1,1.6189501,4.2439504,10.9459505
504388566388114,4,-0.32381248,-0.573925,-0.632775
504388575869056,1,0.79095006,3.6670501,10.795051
504388585349902,4,-0.112475,-0.192775,-0.6254875
504388589156851,2,18.018751,5.3812504,-30.075
504388594830567,1,-0.087000005,3.3229501,9.9210005
504388604311258,4,-0.0196625,0.1615625,-0.4654375
504388613792104,1,-0.34605002,3.4999502,8.82705
504388623272796,4,-0.0636625,0.2226125,-0.333575
504388632753642,1,-0.22605,3.9570003,7.8930006
504388639229995,2,17.868752,5.625,-29.737501
504388642234326,4,-0.22,0.19813749,-0.2833875
504388651714932,1,0.14205001,3.969,8.403001
504388661195776,4,-0.2517625,0.0405625,-0.3128125
504388670676675,1,0.20595,3.9430501,8.913
504388680157368,4,-0.1491875,-0.2855875,-0.3641
504388689637975,1,0.384,3.9739501,8.755051
504388689239806,2,17.90625,5.9812503,-29.437502
504388699118896,4,-0.16499999,-0.6094,-0.4301
504388708599514,1,0.666,3.8920503,8.6310005
504388718080368,4,-0.264,-0.595925,-0.4789125
504388727561062,1,0.74295,3.69405,8.973001
504388737041911,4,-0.310475,-0.4736875,-0.4984375
504388738976310,2,18.018751,6.4687505,-29.306252
504388746522606,1,0.68295,3.8130002,9.073951
504388756003219,4,-0.3092375,-0.419925,-0.5484875
504388765484142,1,0.73605,4.0669503,8.95905
504388774964748,4,-0.32381248,-0.429825,-0.654775
504388784445608,1,0.58005005,4.089,8.68605
504388789059516,2,17.7,7.0312505,-29.175001
504388793926300,4,-0.4191,-0.374825,-0.698775
504388803407141,1,0.573,3.9259503,8.953951
504388812887834,4,-0.4631,-0.3356375,-0.7110125
504388822368753,1,0.73605,3.8880002,9.556951
504388831849348,4,-0.374,-0.40039998,-0.74525
504388839149896,2,17.25,7.6875005,-29.38125
504388841330194,1,0.9580501,3.8470502,9.877951
504388850810892,4,-0.22495,-0.5421625,-0.8135875
504388860291509,1,1.1190001,3.76305,10.036051
504388869772430,4,-0.068475,-0.6557375,-0.8771125
504388879253276,1,1.26705,3.8209503,9.64605
504388888733902,4,-0.0319,-0.6752625,-0.95535
504388889246338,2,17.0625,8.306251,-29.587502
504388898214519,1,1.5970501,3.8779502,9.48795
504388907695450,4,-0.03795,-0.595925,-1.0811625
504388917176144,1,1.57395,3.66,10.225051
504388926656773,4,0.1183875,-0.6106375,-1.178925
504388936137619,1,1.3219501,3.4780502,10.066951
504388939048061,2,16.556252,8.925,-29.831251
504388945618315,4,0.2564375,-0.7217375,-1.2364
504388955099162,1,1.2360001,3.37995,9.816001
504388964579854,4,0.33467498,-0.88783747,-1.29745
504388974060700,1,1.42005,3.4470003,9.435
504388983541392,4,0.32615,-1.021075,-1.3732125
504388989065419,2,15.525001,9.618751,-29.962502
504388993022234,1,1.7050501,3.28905,9.78195
504389002502931,4,0.3639625,-1.049125,-1.426975
504389011983548,1,2.016,3.21495,10.23705
504389021464469,4,0.505725,-1.0418375,-1.4672625
504389030945087,1,2.1049502,3.3229501,10.134001
504389039214888,2,14.137501,10.275001,-30.13125
504389040426003,4,0.63635,-1.0808874,-1.560075
504389049906620,1,1.746,3.5809503,9.3820505
504389059387541,4,0.643775,-1.0723625,-1.6297874
504389068868159,1,1.2070501,3.96705,8.797951
504389078349003,4,0.56925,-1.0626,-1.609025
504389087829611,1,0.9889501,4.197,8.121
504389088952321,2,12.4875,10.81875,-30.468752
504389097310311,4,0.406725,-1.11265,-1.5357375
504389106791157,1,1.7560501,4.49805,7.8360004
504389116271840,4,0.1672,-1.303225,-1.5895
504389125752686,1,2.565,4.8790503,8.2240505
504389135233379,4,-0.014712499,-1.5257,-1.7921749
504389139163544,2,10.725,11.175,-30.975
504389144714225,1,3.1590002,4.87395,8.643001
504389154194840,4,-0.1406625,-1.5354625,-2.0647
504389163675533,1,2.742,4.54605,8.89605
504389173156378,4,-0.2382875,-1.3534125,-2.183225
504389182637072,1,2.1700501,4.15605,9.129001
504389189180620,2,8.587501,11.4375,-31.406252
504389192117916,4,-0.231,-1.1506,-2.1440375
504389201598606,1,1.6380001,3.9930003,9.061951
504389211079450,4,-0.1821875,-1.098075,-1.9914125
504389220560067,1,1.38705,4.0669503,8.889001
504389230040758,4,-0.1137125,-1.1628375,-1.841125
504389239521604,1,1.332,4.27995,8.69295
504389239230744,2,5.9812503,11.71875,-31.66875
504389249002296,4,-0.0391875,-1.3239875,-1.731125
504389258483142,1,1.3800001,4.3759503,8.632951
504389267963835,4,0.0413875,-1.4999875,-1.654125
504389277444676,1,1.6170001,4.4500504,8.443951
504389286925291,4,0.036575,-1.65275,-1.6138375
504389288961428,2,3.1312501,11.868751,-31.968752
504389296405994,1,1.9420501,4.5220504,8.370001
504389305886840,4,-0.0246125,-1.64285,-1.6102625
504389315367534,1,2.35605,4.49595,8.36505
504389324848383,4,-0.11,-1.501225,-1.664025
504389334329001,1,2.742,4.50105,8.085
504389339211173,2,0.16875,11.887501,-32.025
504389343809691,4,-0.2481875,-1.308175,-1.7543625
504389353290546,1,2.87595,4.4620504,8.06595
504389362771238,4,-0.3592875,-1.20065,-1.8338375
504389372251847,1,2.5099502,4.5370502,8.236051
504389381732768,4,-0.4093375,-1.3228875,-1.874125
504389389177758,2,-2.9625,11.85,-31.800001
504389391213389,1,2.26095,4.5370502,8.84805
504389400694234,4,-0.32999998,-1.4779875,-1.8753625
504389410174928,1,2.23005,4.407,9.093
504389419655840,4,-0.2151875,-1.53175,-1.847175
504389429136688,1,2.1750002,4.3780503,8.932051
504389438617291,4,-0.139425,-1.3754125,-1.7738875
504389439184240,2,-6.3187504,11.7375,-31.031252
504389448097908,1,2.01195,4.3039503,8.467951
504389457578593,4,-0.1516625,-1.0833625,-1.6553625
504389467059439,1,1.9660501,4.49805,8.097
504389476540132,4,-0.216425,-0.7742625,-1.560075
504389486020978,1,1.9729501,4.644,8.106
504389489013024,2,-9.6,11.306251,-30.093752
504389495501588,4,-0.2322375,-0.50545,-1.5112625
504389504982286,1,2.055,4.7520003,8.161051
504389514463132,4,-0.206525,-0.336875,-1.4892625
504389523943817,1,2.019,4.9360504,7.8640504
504389533424431,4,-0.2187625,-0.286825,-1.47455
504389539041304,2,-12.918751,10.650001,-28.743752
504389542905267,1,2.0640001,5.04405,7.63005
504389552385949,4,-0.266475,-0.286825,-1.4843125
504389561866795,1,2.02095,5.1210003,7.58895
504389571347401,4,-0.3348125,-0.303875,-1.49655
504389580828093,1,2.02395,5.13,7.8550506
504389589224837,2,-16.0125,9.84375,-27.31875
504389590308925,4,-0.385,-0.3356375,-1.51855
504389599789858,1,1.8010501,5.0350504,8.463
504389609270551,4,-0.352,-0.2990625,-1.5283124
504389618751168,1,1.4269501,4.7779503,8.647051
504389628231781,4,-0.3092375,-0.247775,-1.4794999
504389637712627,1,1.0710001,4.635,8.665951
504389638929602,2,-18.4125,8.887501,-26.175001
504389647193319,4,-0.2897125,-0.1243,-1.3842125
504389656674161,1,0.83895004,4.6420503,8.6980505
504389666154777,4,-0.2908125,0.0235125,-1.299925
504389675635469,1,0.40995002,4.6750503,8.908051
504389685116315,4,-0.27005,0.176275,-1.200925
504389689152875,2,-20.212502,7.7625003,-25.218752
504389694597009,1,0.17505,4.6969504,9.30105
504389704077859,4,-0.228525,0.2580875,-1.101925
504389713558553,1,-0.28800002,4.7689505,9.564
504389723039157,4,-0.156475,0.2030875,-1.03235
504389732520003,1,-0.52005005,4.80705,9.696
504389739153056,2,-21.487501,6.61875,-24.712502
504389742000691,4,-0.084425,-0.005775,-1.0726374
504389751481551,1,-0.68805003,4.7140503,9.981001
504389760962166,4,-0.00495,-0.1610125,-1.18745
504389770442859,1,-1.33905,4.24695,9.865951
504389779923705,4,0.0303875,-0.1793,-1.1972125
504389789404414,1,-2.1649501,3.9550502,9.44505
504389789230710,2,-22.368752,5.49375,-24.562502
504389798885042,4,0.0048125,-0.1304875,-1.056825
504389808365888,1,-2.70405,3.96705,9.102
504389817846580,4,-0.0171875,-0.1304875,-0.841775
504389827327503,1,-2.6940002,4.1290503,8.87205
504389836808051,4,-0.0111375,-0.236775,-0.65725
504389838939745,2,-22.931252,4.3125,-24.581251
504389846288743,1,-2.26605,4.48395,8.820001
504389855769589,4,0.047575,-0.4065875,-0.5852
504389865250284,1,-1.58595,4.7520003,8.83905
504389874731114,4,0.125675,-0.556875,-0.62067497
504389884211731,1,-1.299,4.776,8.467951
504389889219434,2,-23.400002,3.24375,-24.675001
504389893692426,4,0.113437496,-0.6997375,-0.6854375
504389903173273,1,-1.12605,4.6969504,8.18295
504389912653965,4,0.0011,-0.7437375,-0.73425
504389922134590,1,-1.07805,4.6660504,8.39805
504389931615435,4,-0.0966625,-0.612975,-0.7684875
504389939163431,2,-24.112501,2.1750002,-24.6375
504389941096163,1,-1.1050501,4.42605,8.580001
504389950577021,4,-0.1309,-0.4224,-0.792825
504389960057715,1,-1.38495,4.3159504,8.785951
504389969538335,4,-0.086899996,-0.3491125,-0.78429997
504389979019181,1,-1.5670501,4.1080503,8.772
504389988499887,4,-0.0061875,-0.374825,-0.7330125
504389989147330,2,-24.975,1.2,-24.31875
504389997980748,1,-1.7080501,4.0150504,8.767051
504390007461363,4,0.0988625,-0.44935,-0.6670125
504390016942055,1,-1.6099501,4.1010003,8.72595
504390026422671,4,0.1819125,-0.4774,-0.631675
504390035903503,1,-1.4779501,4.20405,8.53005
504390039107553,2,-26.23125,0.24375,-23.456251
504390045384195,4,0.2112,-0.4651625,-0.6535375
504390054864799,1,-1.6720501,4.26405,8.331
504390064345643,4,0.1771,-0.3955875,-0.6645375
504390073826337,1,-1.9549501,4.33995,8.128051
504390083307181,4,0.103675,-0.236775,-0.631675
504390089017359,2,-27.375002,-0.73125005,-22.575
504390092787799,1,-1.9620001,4.3639503,7.8859506
504390102268720,4,0.0108624995,-0.13653749,-0.6182
504390111749337,1,-1.797,4.4220004,8.025001
504390121230028,4,-0.057475,-0.170775,-0.6364875
504390130710645,1,-1.7080501,4.4430003,8.266951
504390139227398,2,-28.237501,-1.66875,-21.900002
504390140191494,4,-0.0831875,-0.25753748,-0.6535375
504390149672183,1,-1.6819501,4.419,8.58705
504390159153105,4,-0.0661375,-0.3026375,-0.6535375
504390168633668,1,-1.8010501,4.3900504,8.68995
504390178114281,4,-0.051425,-0.231825,-0.6304375
504390187595196,1,-1.84695,4.3380003,8.431951
504390188911757,2,-28.875002,-2.6625001,-21.225
504390197075864,4,-0.0661375,-0.093775,-0.5814875
504390206556481,1,-1.9860001,4.4359503,8.22105
504390216037311,4,-0.08195,0.0235125,-0.494725
504390225517929,1,-2.02605,4.5270004,8.158951
504390234998619,4,-0.0759,0.03575,-0.4092
504390239148060,2,-29.5125,-3.5812502,-20.325
504390244479465,1,-1.8040501,4.5940504,8.290951
504390253960143,4,-0.040425,-0.0339625,-0.372625
504390263440989,1,-1.8610501,4.7380505,8.58705
504390272921594,4,0.053625,-0.1903,-0.3188625
504390282402287,1,-1.8829501,4.932,8.953951
504390289155985,2,-30.000002,-4.425,-19.725
504390291882902,4,0.2063875,-0.3271125,-0.278575
504390301363763,1,-1.536,5.0610003,9.16905
504390310844455,4,0.340725,-0.4774,-0.2968625
504390320325082,1,-1.34895,5.3050504,9.739051
504390329805926,4,0.4885375,-0.66316247,-0.3469125
504390339286835,1,-1.0710001,5.19,10.45005
504390339241844,2,-30.13125,-5.2875004,-19.48125
504390348767451,4,0.6815875,-0.7645,-0.372625
504390358248077,1,-1.0570501,5.1540003,9.933001
504390367728767,4,0.676775,-0.634975,-0.3531
504390377209604,1,-1.0380001,5.31195,10.2300005
504390386690220,4,0.699875,-0.40535,-0.356675
504390388958482,2,-30.4125,-6.0937505,-18.9375
504390396170921,1,-1.3440001,5.0989504,10.809001
504390405651777,4,0.8844,-0.22935,-0.3213375
504390415132395,1,-2.0410502,4.6320004,10.70205
504390424613075,4,1.136025,-0.054725,-0.16733749
504390434093693,1,-3.1609502,4.76205,9.562051
504390439223256,2,-30.768751,-6.9187503,-18.337502
504390443574523,4,1.2925,0.1750375,0.077
504390453055212,1,-3.18105,4.73295,7.4670005
504390462535825,4,1.1347874,0.0735625,0.2541
504390472016672,1,-2.496,4.8570004,6.1189504
504390481497364,4,0.73039997,-0.13653749,0.3689125
504390489243557,2,-31.218752,-7.7250004,-17.75625
504390490978210,1,-1.8280501,5.1469502,5.616
504390500458826,4,0.20515,-0.3333,0.3628625
504390509939518,1,-1.2030001,5.15205,6.6910505
504390519420364,4,-0.1711875,-0.29535,0.3298625
504390528900981,1,-0.85605,4.635,8.06805
504390538381672,4,-0.29947498,-0.0339625,0.400675
504390539087560,2,-31.706251,-8.325001,-17.1
504390547862289,1,-0.99000007,4.3230004,9.19995
504390557343133,4,-0.1772375,0.3069,0.60225
504390566823828,1,-0.78105,4.36905,9.44205
504390576304436,4,0.075625,0.5061375,0.73425
504390585785282,1,-0.64305,4.42605,8.889001
504390589083522,2,-32.23125,-8.681251,-16.3875
504390595265975,4,0.3029125,0.59894997,0.7733
504390604746592,1,-0.76695,4.4689503,7.7089505
504390614227436,4,0.3419625,0.638,0.79048747
504390623708131,1,-1.059,4.56495,6.62895
504390633188744,4,0.2063875,0.6282375,0.8075375
504390639170818,2,-32.5125,-8.700001,-15.95625
504390642669590,1,-1.296,4.7140503,6.3820505
504390652150282,4,0.042625,0.5207125,0.8405375
504390661630900,1,-1.15695,4.7140503,6.6460505
504390671111748,4,-0.0807125,0.3741375,0.87725
504390680592365,1,-0.762,4.7179503,7.1200504
504390689240064,2,-32.71875,-8.2875,-15.993751
504390690073066,4,-0.1637625,0.3130875,0.89925
504390699553902,1,-0.18,4.671,7.60305
504390709034594,4,-0.2017125,0.381425,0.85882497
504390718515217,1,0.18195,4.6660504,7.7089505
504390727996061,4,-0.2542375,0.4926625,0.7660125
504390737476668,1,0.14205001,4.5870004,7.5409503
504390738903322,2,-32.79375,-7.4625,-16.35
504390746957359,4,-0.355575,0.6197125,0.70248747
504390756437976,1,-0.049050003,4.3710003,7.3710003
504390765918820,4,-0.49005,0.77,0.70248747
504390775399438,1,-0.35805002,4.2850504,7.5460505
504390784880359,4,-0.564575,0.8493375,0.736725
504390789055556,2,-32.775,-6.1687503,-16.931252
504390794360986,1,-0.87195003,4.27995,7.6080003
504390803841685,4,-0.5889125,0.844525,0.8050625
504390813322303,1,-1.335,4.11,7.7470503
504390822803147,4,-0.56581247,0.7602375,0.9420125
504390832283764,1,-1.5310501,4.02405,8.10105
504390839128888,2,-32.475002,-4.5750003,-18.075
504390841764431,4,-0.492525,0.62095,1.117875
504390851245039,1,-1.4899501,4.077,8.443951
504390860725883,4,-0.4032875,0.58547497,1.2816375
504390870206587,1,-1.3230001,4.22805,8.38605
504390879687431,4,-0.388575,0.6307125,1.389025
504390889168125,1,-1.062,4.4100003,8.475
504390889249382,2,-32.04375,-2.79375,-19.368752
504390898648768,4,-0.4191,0.68694997,1.4367375
504390908129385,1,-0.87495005,4.51305,8.96805
504390917609988,4,-0.429,0.740575,1.4526875
504390927090911,1,-0.91305006,4.53195,9.547951
504390936571523,4,-0.407,0.7112875,1.47455
504390938934520,2,-31.612501,-0.675,-20.587502
504390946052140,1,-0.99195004,4.47405,10.318951
504390955532974,4,-0.3202375,0.6502375,1.5247375
504390965013669,1,-0.77205,4.2400503,10.90995
504390974494282,4,-0.206525,0.6892875,1.593075
504390983974900,1,-0.56100005,4.14405,11.394001
504390989206420,2,-30.900002,1.66875,-21.806252
504390993455744,4,-0.0721875,0.8762875,1.6737875
504391002936448,1,-0.34305,4.1389503,11.455951
504391012417062,4,0.0353375,1.27215,1.742125
504391021897994,1,-0.36,4.1200504,10.551001
504391031378599,4,-0.0099,1.4944875,1.78255
504391039199843,2,-30.112501,4.21875,-22.875
504391040859216,1,-0.57795,4.1530504,9.84
504391050340051,4,-0.11,1.40525,1.8216
504391059820668,1,-0.12495001,4.11795,9.90705
504391069301358,4,-0.167475,1.1633875,1.7666
504391078781976,1,0.372,4.1940002,10.362
504391088262810,4,-0.143,1.038675,1.560075
504391089061160,2,-29.04375,6.9,-24.0375
504391097743437,1,0.12705001,3.9859502,10.483951
504391107224128,4,-0.089237496,1.0863875,1.3561625
504391116704983,1,-0.45105,3.7009501,10.201051
504391126185598,4,-0.0771375,1.2403874,1.238875
504391135666282,1,-1.14495,3.519,9.727051
504391139104483,2,-27.16875,9.450001,-25.25625
504391145146897,4,-0.112475,1.363725,1.2156374
504391154627743,1,-1.6890001,3.555,9.19095
504391164108436,4,-0.184525,1.3600125,1.2559249
504391173589024,1,-1.725,3.5329502,9.361051
504391183069637,4,-0.167475,1.2269125,1.2937375
504391189128575,2,-24.806252,11.83125,-26.775002
504391192550484,1,-1.5520501,3.45195,9.663
504391202031089,4,-0.0782375,1.0021,1.3231624
504391211511781,1,-1.35405,3.3820503,9.813001
504391220992627,4,0.0389125,0.7577625,1.3316875
504391230473250,1,-1.04205,3.37995,10.024051
504391239228026,2,-22.5,13.81875,-27.843752
504391239953863,4,0.19167499,0.58795,1.30845
504391249434786,1,-1.00395,3.3919501,9.74895
504391258915175,4,0.2992,0.5561875,1.28645
504391268396098,1,-1.2390001,3.59295,9.318001
504391277876713,4,0.33825,0.662475,1.3145
504391287357331,1,-1.06605,3.99795,8.785951
504391288811475,2,-19.96875,15.4125,-28.931252
504391296838175,4,0.2894375,0.784575,1.3182125
504391306318879,1,-0.14205001,4.347,8.427
504391315799493,4,0.1672,0.8468625,1.18635
504391325280100,1,0.30495003,4.54395,8.38605
504391334760944,4,0.0793375,0.861575,0.9383
504391339146656,2,-17.19375,16.5,-30.093752
504391344241639,1,0.108,4.5990005,8.34795
504391353722257,4,0.020624999,0.8237625,0.698775
504391363203103,1,-0.73095006,4.335,8.24295
504391372683724,4,-0.03795,0.7968125,0.631675
504391382164341,1,-1.5670501,4.11795,8.133
504391389229288,2,-14.75625,17.23125,-30.900002
504391391645040,4,-0.095425,0.76505,0.76353747
504391401125644,1,-1.9069501,4.122,8.311951
504391410606488,4,-0.0856625,0.6917625,0.9505375
504391420087196,1,-1.8330001,4.30695,8.568001
504391429567810,4,0.0218625,0.563475,1.0811625
504391439048680,1,-1.6170001,4.53405,8.643001
504391439246565,2,-12.76875,17.79375,-31.500002
504391448529295,4,0.1771,0.4266625,1.1386375
504391458009988,1,-1.6309501,4.79505,8.293051
504391467490603,4,0.28215,0.3729,1.161875
504391476971221,1,-2.01195,5.0779505,7.55595
504391486452070,4,0.2503875,0.3521375,1.1924
504391489052151,2,-11.19375,18.28125,-31.781252
504391495932774,1,-2.21805,5.33895,7.2390003
504391505413387,4,0.1551,0.314325,1.2106875
504391514894000,1,-2.2750502,5.5470004,7.5100503
504391524374844,4,0.0988625,0.331375,1.19735
504391533855456,1,-2.4499502,5.6449504,7.73295
504391539167005,2,-9.431251,18.6375,-32.41875
504391543336147,4,0.058575,0.3826625,1.1691625
504391552817004,1,-2.7499502,5.6470504,7.93905
504391562297619,4,0.02805,0.41195,1.1666875
504391571778212,1,-2.8909502,5.5680003,8.403001
504391581258902,4,0.053625,0.36313748,1.183875
504391589197222,2,-7.8375,19.10625,-32.98125
504391590739519,1,-2.874,5.3910003,8.93505
504391600220364,4,0.1464375,0.3069,1.19735
504391609701058,1,-2.86695,5.2519503,9.246
504391619181681,4,0.2759625,0.2556125,1.2071126
504391628662299,1,-2.8170002,5.046,9.30105
504391638142912,4,0.4079625,0.3216125,1.194875
504391639048408,2,-6.58125,19.743752,-33.24375
504391647623748,1,-2.80905,4.821,8.905951
504391657104455,4,0.45925,0.480425,1.18635
504391666585058,1,-2.89995,4.6420503,8.266951
504391676065672,4,0.390775,0.65999997,1.2106875
504391685546508,1,-2.8960502,4.539,7.9069505
504391689168941,2,-5.08125,20.325,-33.600002
504391695027138,4,0.2844875,0.737,1.271875
504391704507830,1,-2.565,4.5030003,8.214001
504391713988677,4,0.27719998,0.7198125,1.3145
504391723469063,1,-2.0770502,4.44105,8.446051
504391732949897,4,0.3322,0.684475,1.31945
504391739097579,2,-3.3750002,20.643751,-33.956253
504391742430592,1,-1.7730001,4.48605,8.32905
504391751911195,4,0.373725,0.7137625,1.365925
504391761392041,1,-1.2720001,4.6420503,8.07705
504391770872657,4,0.3834875,0.811525,1.4122624
504391780353349,1,-0.52005005,4.85505,7.5820503
504391789217042,2,-0.88125,20.34375,-34.237503
504391789833969,4,0.32615,0.91905,1.382975
504391799314805,1,0.17805001,5.15205,7.1050506
504391808795420,4,0.1929125,1.0289125,1.272975
504391818276127,1,0.58905005,5.6350503,6.8179502
504391827756743,4,0.0011,1.1046749,1.0836375
504391837237369,1,0.795,5.7960005,6.8089504
504391838867776,2,1.5,19.5,-34.29375
504391846718213,4,-0.205425,1.0924375,0.87835
504391856198841,1,0.80505,5.8960505,7.5600004
504391865679454,4,-0.3018125,1.1279125,0.7184375
504391875160147,1,0.72405005,5.84595,8.463
504391884640993,4,-0.266475,1.2207249,0.6474875
504391889197978,2,3.7687502,18.243752,-34.068752
504391894121610,1,0.29700002,5.82705,8.932051
504391903602239,4,-0.143,1.2929125,0.686675
504391913082931,1,-0.171,5.8939505,8.923051
504391922563546,4,-0.007425,1.197625,0.803825
504391932044392,1,-0.279,6.0709505,8.740951
504391939198091,2,6.4125004,16.650002,-33.99375
504391941525008,4,0.091575,0.9678625,0.9321125
504391951005610,1,0.18195,6.1380005,8.665951
504391960486301,4,0.136675,0.784575,0.96635
504391969966904,1,0.49395,5.9989505,8.47305
504391979447748,4,0.103675,0.75528747,0.9651125
504391988928366,1,0.69195,5.7310505,8.36205
504391989233491,2,9.1125,14.85,-33.80625
504391998408979,4,0.05115,0.8322875,0.9651125
504392007889671,1,0.822,5.29995,8.21595
504392017370301,4,-0.0099,0.95315,1.0091125
504392026851224,1,0.84300005,5.0230503,7.8859506
504392036331762,4,-0.106425,0.988625,1.0971125
504392039016704,2,11.306251,13.087501,-33.28125
504392045812455,1,1.0489501,4.932,7.6750503
504392055293070,4,-0.1931875,0.8652875,1.16435
504392064773702,1,1.38705,4.9939504,7.7569504
504392074254547,4,-0.2187625,0.590425,1.1581625
504392083735179,1,1.8420001,5.1060004,8.437051
504392089092747,2,12.7875,11.681251,-32.5875
504392093215869,4,-0.1076625,0.3911875,1.0811625
504392102696486,1,2.21295,5.097,8.772
504392112177099,4,0.0523875,0.386375,0.957825
504392121657945,1,2.0719502,5.1610503,8.295
504392131138561,4,0.1233375,0.4841375,0.863775
504392139244629,2,14.343751,10.575001,-32.100002
504392140619169,1,1.8030001,5.19495,7.4020505
504392150099778,4,0.053625,0.5817625,0.8160625
504392159580470,1,1.626,5.3700004,6.8250003
504392169061378,4,-0.0697125,0.6502375,0.7684875
504392178541918,1,1.6380001,5.6569505,6.6550503
504392188022523,4,-0.1772375,0.657525,0.6622
504392189052513,2,15.76875,9.543751,-31.575
504392197503200,1,1.4800501,5.7840004,6.4950004
504392206983816,4,-0.2982375,0.5806625,0.53515
504392216464433,1,1.2930001,5.7960005,6.7849503
504392225945277,4,-0.36905,0.528,0.4373875
504392235425910,1,0.92505,5.53695,7.2439504
504392239113805,2,16.987501,8.55,-31.087502
504392244906600,4,-0.3642375,0.5597625,0.4081
504392254387217,1,0.3,5.3700004,7.386
504392263867831,4,-0.3287625,0.607475,0.488675
504392273348447,1,0.048,5.262,7.4170504
504392282829291,4,-0.2567125,0.5842375,0.61448747
504392289086036,2,18.018751,7.6312504,-30.562502
504392292309895,1,0.23295002,5.44395,7.524
504392301790498,4,-0.132,0.5159,0.71225
504392311271190,1,0.50595003,5.6980505,7.3330503
504392320751811,4,-0.0221375,0.381425,0.7403
504392330232657,1,0.61605,5.8770003,7.0960503
504392339233282,2,19.125,6.80625,-30.093752
504392339713344,4,0.05115,0.20185,0.7574875
504392349193962,1,0.975,6.0660005,7.0140004
504392358674570,4,0.086625,0.0430375,0.74525
504392368155188,1,1.54005,6.2389503,7.2250504
504392377635792,4,0.091575,-0.043725,0.6524375
504392387116638,1,1.9230001,6.2580004,7.4170504
504392388824241,2,20.025002,5.9437504,-29.625002
504392396597244,4,0.0683375,-0.0900625,0.537625
504392406077871,1,2.1700501,6.1740003,7.8019505
504392415558561,4,0.0658625,-0.0572,0.4068625
504392425039169,1,2.256,6.02295,8.3220005
504392434519782,4,0.108625,0.0895125,0.2968625
504392439160857,2,20.587502,5.1375003,-29.156252
504392444000642,1,2.2060502,5.8170004,8.32905
504392453481268,4,0.1233375,0.2836625,0.2468125
504392462961885,1,1.96395,5.7289505,8.247001
504392472442599,4,0.122099996,0.348425,0.245575
504392481923217,1,2.2440002,5.8510504,8.431951
504392489153794,2,21.09375,4.33125,-28.875002
504392491403830,4,0.1403875,0.2726625,0.1967625
504392500884657,1,2.56695,5.9370003,9.28695
504392510365273,4,0.29425,0.243375,0.0928125
504392519845899,1,2.3110502,5.8369503,9.258
504392529326513,4,0.478775,0.42295,0.0232375
504392538807215,1,1.69605,5.6929502,8.097
504392539246247,2,21.6375,3.5625002,-28.556252
504392548287830,4,0.4494875,0.502425,0.041525
504392557768691,1,1.15005,5.87295,6.9739504
504392567249306,4,0.1978625,0.4131875,0.111237496
504392576729938,1,1.1880001,5.985,6.7939506
504392586210629,4,-0.1186625,0.0125124995,0.0782375
504392589045164,2,22.143751,2.7375002,-28.1625
504392595691231,1,1.8750001,5.6929502,7.7419505
504392605171845,4,-0.3262875,-0.4761625,-0.1013375
504392614652462,1,2.388,5.037,9.102
504392624133296,4,-0.374,-0.7462125,-0.31033748
504392633613914,1,2.21295,4.4890504,10.206
504392639092469,2,22.35,1.9687501,-27.937502
504392643094542,4,-0.266475,-0.7767375,-0.46915
504392652575248,1,1.416,3.864,10.56795
504392662055864,4,-0.132,-0.49445,-0.499675
504392671536486,1,0.48195,3.28005,10.43595
504392681017330,4,0.069575,-0.0204875,-0.339625
504392689226892,2,22.368752,1.5375,-27.937502
504392690498025,1,0.09105001,3.1549501,9.495001
504392699978556,4,0.1233375,0.109037496,-0.1698125
504392709459248,1,0.15900001,3.7369502,8.034
504392718939864,4,-0.0539,0.098037496,-0.0757625
504392728420481,1,0.95100003,4.02705,8.08005
504392737901085,4,-0.22247499,-0.0022,-0.16005
504392738968906,2,22.425001,1.2375001,-27.750002
504392747381702,1,1.2720001,4.1680503,8.247001
504392756862546,4,-0.363,-0.1535875,-0.322575
504392766343164,1,1.17795,4.2439504,8.281051
504392775823792,4,-0.504625,-0.3491125,-0.4862
504392785304409,1,0.91305006,4.2130504,8.81295
504392789138931,2,22.35,1.2375001,-27.581251
504392794785100,4,-0.5352875,-0.4921125,-0.60225
504392804265717,1,0.65400004,4.137,9.47295
504392813746561,4,-0.4338125,-0.49445,-0.6719625
504392823227179,1,0.381,4.29495,9.363001
504392832707787,4,-0.3397625,-0.4591125,-0.714725
504392839097009,2,21.9375,1.4625001,-27.50625
504392842188405,1,0.16605,4.584,8.785951
504392851669109,4,-0.3348125,-0.441925,-0.74525
504392861149731,1,0.11505,4.809,8.391001
504392870630345,4,-0.3972375,-0.48345,-0.775775
504392880111205,1,0.10095,5.0539503,8.415
504392889591590,4,-0.44233748,-0.4871625,-0.825825
504392889231446,2,21.393751,2.04375,-27.6
504392899072509,1,0.11505,5.025,8.99895
504392908553047,4,-0.36905,-0.50545,-0.8613
504392918033665,1,-0.043950003,4.86495,9.33405
504392927514278,4,-0.198,-0.5311625,-0.8613
504392936994955,1,-0.051000003,4.91505,8.899051
504392938870361,2,20.79375,2.8500001,-27.843752
504392946475571,4,-0.10395,-0.58245,-0.874775
504392955956427,1,0.21405001,4.89795,8.511001
504392965437042,4,-0.086899996,-0.5897375,-0.9175375
504392974917650,1,0.44295,4.8,8.4199505
504392984398263,4,-0.0917125,-0.595925,-0.9895875
504392989196361,2,20.268751,3.6562502,-28.125002
504392993878955,1,0.56805,4.7140503,8.628
504393003359489,4,-0.0759,-0.6741625,-1.08735
504393012840181,1,0.762,4.695,8.89605
504393022321037,4,-0.062425,-0.7132125,-1.20945
504393031801424,1,0.73305005,4.386,9.253051
504393039163005,2,19.5375,4.65,-28.331251
504393041282268,4,-0.0441375,-0.6765,-1.2804
504393050762886,1,0.68295,4.21605,9.4140005
504393060243499,4,-0.007425,-0.683925,-1.2962124
504393069724181,1,0.85800004,4.17705,9.47805
504393079204797,4,0.0658625,-0.7902125,-1.327975
504393088685414,1,1.3920001,4.14405,9.528001
504393089220612,2,18.581251,5.6625004,-28.593752
504393098166018,4,0.152625,-0.9843625,-1.4647875
504393107646635,1,1.5660001,3.9739501,9.663
504393117127465,4,0.2429625,-1.1969374,-1.6138375
504393126608083,1,1.416,3.82995,9.567
504393136088696,4,0.2784375,-1.2678875,-1.7067875
504393139133866,2,17.56875,6.61875,-29.025002
504393145569313,1,1.164,3.69405,9.415951
504393155049917,4,0.2882,-1.2079375,-1.7348375
504393164530609,1,0.82905006,3.7080002,9.33405
504393174011153,4,0.3249125,-1.0993125,-1.6993625
504393183491845,1,0.72795004,4.17705,9.17205
504393189065938,2,16.275002,7.55625,-29.550001
504393192972465,4,0.373725,-0.95507497,-1.6493125
504393202453082,1,1.4320501,4.54395,8.17605
504393211933695,4,0.1989625,-1.104125,-1.7666
504393221414541,1,2.04795,4.9819503,7.83795
504393230895157,4,-0.1076625,-1.717375,-2.0304625
504393239207861,2,14.625001,8.3625,-29.962502
504393240375859,1,2.35395,4.9840503,9.394051
504393249856388,4,-0.1687125,-2.3527625,-2.3188
504393259337080,1,2.2440002,4.2060003,10.917001
504393268817710,4,-0.007425,-2.401575,-2.476375
504393278298328,1,1.9369501,3.6840003,11.022
504393287778931,4,0.158675,-2.0449,-2.46785
504393288924239,2,12.450001,9.150001,-30.468752
504393297259767,1,1.57395,3.3660002,10.507951
504393306740383,4,0.263725,-1.6319875,-2.283325
504393316220996,1,1.38705,3.5640001,9.67695
504393325701610,4,0.296725,-1.3924625,-2.0867
504393335182236,1,1.7719501,4.18695,8.710051
504393339158287,2,9.825001,9.806251,-31.125002
504393344662926,4,0.218625,-1.42175,-2.0976999
504393354143453,1,2.1000001,4.4550004,8.35305
504393363624143,4,0.0658625,-1.4609375,-2.2210374
504393373104769,1,1.9450501,4.4430003,8.307
504393382585383,4,-0.1161875,-1.429175,-2.3335125
504393389169604,2,6.8625,10.275001,-31.706251
504393392066000,1,1.4970001,4.21995,8.70705
504393401546829,4,-0.22,-1.3569875,-2.3590875
504393411027447,1,1.09695,4.05,9.117001
504393420508050,4,-0.2041875,-1.3424125,-2.310275
504393429988668,1,0.726,4.0459504,9.247951
504393439469276,4,-0.122237496,-1.5195125,-2.1527
504393439238811,2,3.45,10.575001,-31.987501
504393448949894,1,0.95100003,4.23705,9.29895
504393458430498,4,-0.0319,-1.8921375,-2.02675
504393467911115,1,1.5280501,4.53195,9.241051
504393477391815,4,0.020624999,-2.24895,-1.9974625
504393486872432,1,2.112,4.75395,9.4810505
504393488940104,2,-0.24375,10.6125,-32.04375
504393496353036,4,0.0878625,-2.4003375,-2.089175
504393505833654,1,2.4160502,4.60395,9.53295
504393515314267,4,0.1489125,-2.202475,-2.189275
504393524795117,1,2.2770002,4.29495,8.887051
504393534275733,4,0.0708125,-1.6856124,-2.1527
504393539210244,2,-4.2375,10.387501,-31.650002
504393543756350,1,1.64505,4.17,8.06595
504393553236964,4,-0.122237496,-1.1774125,-1.946175
504393562717581,1,1.5520501,4.41195,7.58895
504393572198194,4,-0.305525,-0.856075,-1.775125
504393581678812,1,1.6879501,4.82595,7.55805
504393589230428,2,-8.08125,9.75,-30.73125
504393591159507,4,-0.393525,-0.8342125,-1.7408875
504393600640116,1,1.71,5.04195,8.19495
504393610120729,4,-0.316525,-0.9098375,-1.7604125
504393619601355,1,1.6720501,4.86705,8.70705
504393629082200,4,-0.1406625,-0.85855,-1.7433625
504393638562577,1,1.389,4.809,8.37405
504393639167180,2,-11.606251,8.83125,-29.7
504393648043191,4,-0.01595,-0.71073747,-1.6431249
504393657524051,1,1.07295,4.9120502,7.4290504
504393667004681,4,-0.0367125,-0.5812125,-1.5087875
504393676485299,1,1.1380501,5.16405,6.94995
504393685965917,4,-0.111237496,-0.5874,-1.411025
504393689121746,2,-14.793751,7.6875005,-28.406252
504393695446524,1,1.2580501,5.50605,7.2900004
504393704927138,4,-0.12595,-0.7095,-1.3976874
504393714407755,1,1.4490001,5.5800004,7.9170003
504393723888369,4,-0.056375,-0.7547375,-1.4062124
504393733368986,1,1.3939501,5.56605,7.965
504393739022856,2,-17.60625,6.3562503,-27.075
504393742849676,4,-0.0221375,-0.7302625,-1.389025
504393752330294,1,1.2930001,5.6020503,7.7730002
504393761810907,4,-0.0697125,-0.6655,-1.3792624
504393771291525,1,1.1550001,5.6239505,7.7850003
504393780772138,4,-0.1406625,-0.56045,-1.3842125
504393789215030,2,-20.325,4.93125,-25.44375
504393790252760,1,0.98700005,5.5470004,8.23095
504393799733609,4,-0.1527625,-0.4591125,-1.3707374
504393809214226,1,0.72105,5.3700004,8.82495
504393818694619,4,-0.056375,-0.3821125,-1.3267375
504393828175465,1,0.453,5.3509502,9.066
504393837656075,4,0.0793375,-0.32587498,-1.2742125
504393838919651,2,-22.5,3.4125001,-24.056252
504393847136693,1,0.07005,5.22405,8.776951
504393856617306,4,0.13915,-0.3466375,-1.1961125
504393866097924,1,-0.36495003,5.202,8.488951
504393875578546,4,0.1269125,-0.40039998,-1.0775875
504393885059238,1,-0.42000002,5.1280503,8.31
504393889161178,2,-24.187502,1.81875,-23.1375
504393894539763,4,0.0743875,-0.5104,-0.9981125
504393904020455,1,-0.3,5.058,8.38395
504393913501070,4,0.014575,-0.656975,-1.018875
504393922981606,1,-0.40305,4.85295,8.66895
504393932462296,4,-0.0111375,-0.7192625,-1.0811625
504393939156834,2,-25.44375,0.20625001,-22.181252
504393941942899,1,-0.93900007,4.63905,8.86305
504393951423517,4,-0.012375,-0.6912125,-1.10935
504393960904135,1,-1.6030501,4.27995,8.94705
504393970384743,4,0.0243375,-0.5751625,-1.0286375
504393979865360,1,-2.32095,4.2010503,8.832001
504393989345974,4,0.0768625,-0.5152125,-0.84425
504393989232290,2,-26.41875,-1.48125,-21.54375
504393998826580,1,-2.2420502,4.4809504,8.647051
504394008307195,4,0.1489125,-0.5091625,-0.69629997
504394017787810,1,-1.76505,4.728,8.122951
504394027268656,4,0.1684375,-0.6435,-0.6512
504394036749264,1,-1.2270001,5.16405,7.2850504
504394039067047,2,-27.281252,-3.15,-20.85
504394046229646,4,0.0158125,-0.8647375,-0.703725
504394055710483,1,-0.71205,5.3770504,7.3690505
504394065191084,4,-0.17847499,-1.0357875,-0.863775
504394074671701,1,-0.64005005,5.379,8.50395
504394084152306,4,-0.22,-0.97583747,-1.0250624
504394089187773,2,-27.712502,-4.78125,-20.23125
504394093632923,1,-0.88395005,5.0730004,9.097051
504394103113541,4,-0.189475,-0.689975,-1.1141624
504394112594159,1,-1.4830501,4.79295,8.785951
504394122074762,4,-0.2077625,-0.3906375,-1.073875
504394131555379,1,-2.1319501,4.671,8.52795
504394139213227,2,-28.050001,-6.39375,-19.612501
504394141035983,4,-0.20899999,-0.3136375,-0.9516375
504394150516599,1,-2.2420502,4.63005,8.487
504394159997214,4,-0.1662375,-0.3881625,-0.8465875
504394169477829,1,-2.30205,4.73295,8.41005
504394178958436,4,-0.123475,-0.4505875,-0.7745375
504394188439052,1,-2.2420502,4.7640004,8.470051
504394189118880,2,-28.44375,-7.89375,-18.65625
504394197919676,4,-0.067375,-0.452925,-0.7390625
504394207400304,1,-2.52195,4.72095,8.523001
504394216880994,4,-0.001375,-0.4321625,-0.6584875
504394226361854,1,-2.5870502,4.6849504,8.370001
504394235842239,4,0.0231,-0.47245,-0.554675
504394239092165,2,-28.9125,-9.337501,-17.6625
504394245322840,1,-2.49795,4.80495,8.37405
504394254803456,4,0.0353375,-0.5506875,-0.455675
504394264284071,1,-2.127,4.977,8.608951
504394273764687,4,0.0719125,-0.62273747,-0.4214375
504394283245302,1,-1.7700001,5.1139503,8.614051
504394289202259,2,-29.325,-10.575001,-16.5375
504394292725917,4,0.053625,-0.6424,-0.416625
504394302206467,1,-1.59105,5.1330004,8.776951
504394311687157,4,0.0389125,-0.557975,-0.4239125
504394321167775,1,-1.57605,5.15205,8.88195
504394330648388,4,0.0488125,-0.3075875,-0.4153875
504394339242238,2,-29.812502,-11.681251,-15.356251
504394340129005,1,-1.59105,5.1330004,8.532001
504394349609629,4,-1.375E-4,-0.0449625,-0.3884375
504394359090475,1,-1.7820001,5.25705,8.22105
504394368570859,4,-0.0759,0.016224999,-0.3421
504394378051474,1,-1.9069501,5.3580003,8.34105
504394387532023,4,-0.095425,-0.0022,-0.2968625
504394388916930,2,-30.056252,-12.712501,-14.45625
504394397012720,1,-1.84905,5.418,8.643001
504394406493335,4,-0.046475,-0.0314875,-0.267575
504394415973962,1,-1.8709501,5.49405,8.841001
504394425454575,4,0.0243375,-0.043725,-0.2272875
504394434935189,1,-1.8970501,5.688,8.875051
504394439151559,2,-30.13125,-13.575001,-13.650001
504394444415802,4,0.080575,-0.0339625,-0.184525
504394453896419,1,-1.7820001,5.892,8.776951
504394463377018,4,0.0903375,-0.1120625,-0.151525
504394472857558,1,-1.6189501,6.0540004,8.93505
504394482338249,4,0.097625,-0.176825,-0.1368125
504394489089974,2,-30.13125,-14.250001,-13.05
504394491818866,1,-1.42305,6.2530503,9.411
504394501299493,4,0.16115,-0.2550625,-0.16733749
504394510780111,1,-1.332,6.1770005,9.89505
504394520260739,4,0.2869625,-0.297825,-0.1942875
504394529741357,1,-1.368,5.985,10.14105
504394539222201,4,0.4433,-0.2685375,-0.19305
504394539241739,2,-30.150002,-14.775001,-12.6
504394548702601,1,-1.50195,5.7580504,9.97095
504394558183215,4,0.5545375,-0.19525,-0.162525
504394567663830,1,-1.8880501,5.5420504,9.733951
504394577144446,4,0.643775,-0.043725,-0.0647625
504394586624996,1,-2.151,5.2380004,9.28695
504394588969604,2,-30.243752,-15.187501,-12.075001
504394596105700,4,0.7096375,0.2836625,0.080575
504394605586241,1,-2.2680001,5.00295,8.425051
504394615066840,4,0.726825,0.68076247,0.239525
504394624547533,1,-1.7509501,4.7899504,6.7969503
504394634028148,4,0.528825,0.690525,0.295625
504394639224766,2,-30.2625,-15.543751,-11.775001
504394643508689,1,-1.335,5.0800505,5.7720003
504394652989393,4,0.1819125,0.4376625,0.32381248
504394662469933,1,-0.88695,5.26695,5.853
504394671950542,4,-0.176,0.254375,0.295625
504394681431157,1,-0.48195,5.05095,6.93795
504394689207402,2,-30.300001,-15.731251,-11.6625
504394690911787,4,-0.366575,0.2825625,0.2162875
504394700392407,1,-0.597,4.80705,8.319
504394709873022,4,-0.319,0.3496625,0.21505
504394719353627,1,-0.91095006,4.5799503,9.0709505
504394728834242,4,-0.1381875,0.3020875,0.31405
504394738314859,1,-1.0879501,4.326,9.208051
504394739076475,2,-30.45,-15.712501,-11.75625
504394747795473,4,0.0743875,0.270325,0.504625
504394757276081,1,-0.76005006,4.017,8.793
504394766756695,4,0.21367499,0.3521375,0.7294375
504394776237316,1,-0.28800002,4.1269503,8.149051
504394785717931,4,0.2283875,0.49995,0.896775
504394789114392,2,-30.675001,-15.468751,-11.94375
504394795198531,1,0.18195,4.5220504,7.4689503
504394804678930,4,0.1183875,0.5757125,0.940775
504394814159545,1,0.40005,4.8450003,7.1290503
504394823640387,4,-0.03795,0.5586625,0.9235875
504394833120774,1,0.46695003,5.0080504,7.5079503
504394839167832,2,-31.368752,-14.925,-12.0
504394842601377,4,-0.111237496,0.528,0.88577497
504394852081983,1,0.67995006,4.977,8.15205
504394861562598,4,-0.046475,0.5341875,0.8283
504394871043209,1,0.89400005,4.9840503,8.311951
504394880523824,4,0.0488125,0.5487625,0.7269625
504394889235755,2,-31.725,-14.062501,-12.618751
504394890004444,1,0.70695,5.05095,7.82805
504394899485084,4,0.0523875,0.5732375,0.62796247
504394908965700,1,0.25005,4.98705,7.4809504
504394918446320,4,0.0048125,0.602525,0.5864375
504394927926860,1,-0.16395001,4.88595,7.26105
504394937407564,4,-0.0782375,0.67705,0.60115
504394938851582,2,-31.95,-12.95625,-13.44375
504394946888182,1,-0.50595003,4.8790503,6.9739504
504394956368704,4,-0.216425,0.767525,0.6560125
504394965849320,1,-0.69495004,4.8450003,7.149
504394975329945,4,-0.3262875,0.79805,0.720775
504394984810637,1,-0.846,4.8360004,7.7209506
504394989189958,2,-32.23125,-11.681251,-14.250001
504394994291176,4,-0.34347498,0.825,0.8050625
504395003771791,1,-0.91305006,4.7470503,8.128051
504395013252176,4,-0.2897125,0.8457625,0.9090125
504395022733022,1,-0.87705004,4.75005,8.499001
504395032213407,4,-0.1687125,0.833525,1.01035
504395039229974,2,-32.550003,-10.200001,-15.075001
504395041694007,1,-1.0500001,4.87395,8.413051
504395051174633,4,-0.0856625,0.784575,1.1166375
504395060655248,1,-1.0570501,4.9410005,8.271001
504395070135848,4,-0.056375,0.8212875,1.2216874
504395079616464,1,-0.95100003,5.0869503,8.155951
504395089097079,4,-0.090475,0.883575,1.3036375
504395089236627,2,-32.7,-8.55,-16.06875
504395098577695,1,-0.79605,5.29605,8.415
504395108058310,4,-0.117425,0.93857497,1.3451625
504395117538937,1,-0.49395,5.427,8.700001
504395127019474,4,-0.123475,1.0363375,1.3464
504395136500079,1,-0.49395,5.46105,8.69505
504395138970869,2,-32.175003,-6.76875,-17.6625
504395145980695,4,-0.1527625,1.0791,1.3536875
504395155461310,1,-0.42000002,5.4030004,8.83605
504395164941912,4,-0.1552375,1.0913374,1.3487375
504395174422527,1,-0.24000001,5.21595,9.0709505
504395183902883,4,-0.1247125,1.1169125,1.3024
504395189178957,2,-31.706251,-4.8375,-19.125
504395193383729,1,-0.31500003,5.0389504,9.129001
504395202864103,4,-0.090475,1.258675,1.26445
504395212344719,1,-0.88005006,4.9030504,8.499001
504395221825324,4,-0.161425,1.407725,1.271875
504395231305940,1,-1.4950501,4.728,7.635
504395239193868,2,-31.06875,-2.7375002,-20.71875
504395240786551,4,-0.39833748,1.3002,1.3585
504395250267102,1,-1.69095,4.635,7.9150505
504395259748023,4,-0.614625,1.0289125,1.4647875
504395269228424,1,-1.08105,4.3879504,9.283951
504395278709038,4,-0.64515,0.86405,1.44045
504395288189587,1,-0.81495005,4.0939503,10.620001
504395289052498,2,-30.112501,-0.39375,-22.3875
504395297670216,4,-0.4521,0.9838125,1.3781625
504395307150831,1,-1.16205,3.7560003,10.57005
504395316631206,4,-0.2602875,1.264725,1.3756875
504395326112052,1,-1.88505,3.9019501,9.504001
504395335592436,4,-0.2517625,1.4064875,1.3866875
504395339000795,2,-28.725,2.04375,-24.243752
504395345073283,1,-2.352,4.1010003,8.85795
504395354553667,4,-0.3422375,1.435775,1.376925
504395364034283,1,-2.69895,3.9210002,8.86005
504395373514907,4,-0.3873375,1.3674375,1.38545
504395382995448,1,-2.8210502,3.8160002,9.0709505
504395389114400,2,-27.018751,4.51875,-26.04375
504395392476066,4,-0.3752375,1.258675,1.3695
504395401956681,1,-2.77605,3.6700501,9.448951
504395411437297,4,-0.297,1.16215,1.316975
504395420917989,1,-2.86695,3.4759502,9.46605
504395430398528,4,-0.2371875,1.1254375,1.2852125
504395439244486,2,-25.143751,6.9,-27.54375
504395439879129,1,-3.1879501,3.28695,9.220051
504395449359744,4,-0.2347125,1.1279125,1.294975
504395458840131,1,-3.55605,3.141,8.920051
504395468320744,4,-0.297,1.175625,1.3426875
504395477801360,1,-3.7120502,2.9970002,8.80305
504395487281975,4,-0.3812875,1.197625,1.4122624
504395488850580,2,-22.987501,9.09375,-29.00625
504395496762525,1,-3.6790502,3.01095,9.10005
504395506243133,4,-0.404525,1.1939125,1.47455
504395515723749,1,-3.6469502,2.8920002,9.241051
504395525204364,4,-0.39105,1.1682,1.5272125
504395534684979,1,-3.5299501,2.79795,9.394051
504395539186490,2,-20.456251,11.08125,-30.281252
504395544165605,4,-0.34347498,1.1328624,1.5637875
504395553645991,1,-3.5800502,2.841,9.16905
504395563126605,4,-0.333575,1.0753875,1.5797375
504395572607205,1,-3.66195,2.901,8.889001
504395582087744,4,-0.377575,1.0693375,1.5992625
504395589200037,2,-17.831251,12.843751,-31.556252
504395591568359,1,-3.7339501,2.7769501,8.772
504395601049065,4,-0.4301,1.0791,1.6553625
504395610529606,1,-3.65895,2.73405,8.781
504395620010210,4,-0.4668125,1.1169125,1.7067875
504395629490826,1,-3.5110502,2.74095,8.736
504395638971446,4,-0.4851,1.1218625,1.7483125
504395639238389,2,-15.168751,14.437501,-32.362503
504395648451833,1,-3.252,2.77905,8.82495
504395657932441,4,-0.4582875,1.1523875,1.7738875
504395667413066,1,-3.0319502,2.69295,8.67405
504395676893681,4,-0.429,1.1743875,1.80565
504395686374296,1,-2.7450001,2.6520002,8.47995
504395688932569,2,-12.4125,15.918751,-32.8875
504395695854850,4,-0.4032875,1.2194875,1.8460749
504395705335465,1,-2.29695,2.71005,8.061001
504395714816095,4,-0.4313375,1.17315,1.8448375
504395724296481,1,-1.9710001,2.973,7.7160006
504395733777095,4,-0.5181,1.0301499,1.8546
504395739132036,2,-9.4125,17.325,-33.24375
504395743257710,1,-1.33905,3.3610501,8.02995
504395752738331,4,-0.5388625,0.910525,1.83865
504395762218946,1,-0.822,3.7219503,8.262
504395771699571,4,-0.52305,0.8261,1.7738875
504395781180187,1,-0.96795005,4.19205,8.331
504395789207047,2,-6.20625,18.618752,-33.43125
504395790660709,4,-0.49981248,0.7492375,1.742125
504395800141301,1,-0.87495005,4.55805,8.439
504395809621685,4,-0.47905,0.68076247,1.697025
504395819102608,1,-0.753,4.94805,8.66205
504395828583147,4,-0.4448125,0.5867125,1.5797375
504395838063548,1,-0.90795004,5.1930003,8.84805
504395839066980,2,-3.1312501,19.6875,-33.15
504395847544161,4,-0.39833748,0.541475,1.4392124
504395857024786,1,-1.30095,5.1660004,8.868
504395866505325,4,-0.36905,0.5049,1.3646874
504395875985940,1,-1.65795,5.15205,9.17595
504395885466556,4,-0.31405,0.52195,1.332925
504395889105464,2,-0.31875002,20.4375,-32.53125
504395894947171,1,-1.84905,5.1469502,9.460951
504395904427551,4,-0.20295,0.5379,1.3036375
504395913908166,1,-2.01405,5.19,9.555
504395923388782,4,-0.0771375,0.5341875,1.2937375
504395932869322,1,-2.2110002,5.2840505,9.397051
504395939096490,2,2.2687502,20.75625,-31.931252
504395942349935,4,0.0231,0.447425,1.2986875
504395951830551,1,-2.21295,5.29995,9.198001
504395961311166,4,0.069575,0.2666125,1.3024
504395970791782,1,-1.62705,5.394,9.247951
504395980272397,4,0.0523875,0.1505625,1.2546875
504395989227095,2,4.7625003,20.53125,-31.500002
504395989753007,1,-0.96300006,5.4750004,9.607051
504395999233392,4,0.00605,0.1408,1.14235
504396008714008,1,-0.61095005,5.31195,10.24005
504396018194546,4,0.020624999,0.2910875,1.05435
504396027675161,1,-0.51105005,5.03205,10.72095
504396037155767,4,0.097625,0.508475,1.0580626
504396038847512,2,6.95625,19.800001,-31.237501
504396046636153,1,-0.384,4.872,10.816951
504396056116758,4,0.2099625,0.6527125,1.1301125
504396065597382,1,-0.04605,4.776,10.74705
504396075077921,4,0.3432,0.6282375,1.1961125
504396084558613,1,0.55395,4.704,10.455001
504396089164151,2,8.53125,18.75,-30.862501
504396094039152,4,0.423775,0.44494998,1.2082125
504396103519753,1,1.1520001,4.7470503,10.15305
504396113000368,4,0.439725,0.232375,1.1776875
504396122480745,1,1.5160501,4.563,10.158001
504396131961358,4,0.461725,0.1480875,1.156925
504396139194673,2,10.06875,17.38125,-30.88125
504396141441969,1,1.7340001,4.3830004,9.957001
504396150922522,4,0.4970625,0.325325,1.1496375
504396160403138,1,1.8580501,4.2660003,9.208051
504396169883753,4,0.47753748,0.5842375,1.1386375
504396179364369,1,1.71,4.479,8.20905
504396188844738,4,0.390775,0.6978125,1.1386375
504396189247302,2,11.606251,15.825001,-30.88125
504396198325345,1,1.7389501,4.73505,7.6060505
504396207805960,4,0.340725,0.651475,1.0946375
504396217286499,1,1.93305,5.01795,7.2630005
504396226767113,4,0.323675,0.51094997,0.9565875
504396236247719,1,1.9230001,5.19,7.0290003
504396239041130,2,13.181251,14.175,-30.956251
504396245728104,4,0.29425,0.3691875,0.797775
504396255208719,1,1.71,5.1709504,6.8490005
504396264689335,4,0.224675,0.33261248,0.6854375
504396274169950,1,1.5499501,5.0940003,6.7530003
504396283650484,4,0.114675,0.3961375,0.626725
504396289091405,2,14.493751,12.525001,-30.91875
504396293131099,1,1.4490001,5.0820003,6.6580505
504396302611484,4,-0.00495,0.463375,0.5924875
504396312092099,1,1.5090001,5.1280503,6.77295
504396321572745,4,-0.0771375,0.4609,0.549725
504396331053350,1,1.7770501,5.19705,6.9570003
504396339220730,2,15.50625,11.025001,-30.712502
504396340533965,4,-0.0979,0.392425,0.4813875
504396350014511,1,1.8679501,5.19705,7.1800504
504396359495124,4,-0.0551375,0.2605625,0.389675
504396368975458,1,1.64505,5.22405,7.0290003
504396378456071,4,-0.0367125,0.116325,0.3359125
504396387936626,1,1.4490001,5.21595,6.87795
504396388984787,2,16.462502,9.637501,-30.50625
504396397417225,4,-0.0697125,0.006325,0.32505
504396406897841,1,1.3050001,5.2000504,7.1340003
504396416378451,4,-0.0782375,-0.0449625,0.3323375
504396425858838,1,1.2409501,5.2260003,7.4089503
504396435339451,4,-0.0746625,-0.06325,0.355575
504396439155066,2,17.25,8.45625,-30.206251
504396444820066,1,1.1400001,5.23605,7.635
504396454300614,4,-0.0331375,-0.071775,0.3933875
504396463781229,1,1.19295,5.2380004,7.73295
504396473261845,4,0.0303875,-0.1535875,0.4191
504396482742231,1,1.2409501,5.3509502,7.6369505
504396489040755,2,17.868752,7.4812503,-30.018751
504396492222845,4,0.075625,-0.253825,0.4349125
504396501703455,1,1.593,5.4030004,7.6180506
504396511183994,4,0.1013375,-0.3075875,0.4104375
504396520664600,1,1.866,5.4799504,7.668
504396530144985,4,0.1073875,-0.2855875,0.3568125
504396539625831,1,2.15295,5.49195,7.5360003
504396539230839,2,17.85,6.7125,-29.75625
504396549106446,4,0.0988625,-0.2550625,0.2723875
504396558586746,1,2.3800502,5.5920005,7.42395
504396568067359,4,0.0633875,-0.2673,0.16005
504396577547989,1,2.43495,5.6449504,7.4020505
504396587028604,4,0.00715,-0.2880625,0.022
504396589019485,2,17.85,6.0750003,-29.56875
504396596508987,1,2.526,5.6239505,7.4740505
504396605989600,4,-0.064899996,-0.231825,-0.132
504396615470141,1,2.4469502,5.5420504,7.7040005
504396624950753,4,-0.1309,-0.1573,-0.2541
504396634431369,1,2.39505,5.394,7.93095
504396639220236,2,17.737501,5.55,-29.41875
504396643911806,4,-0.187,-0.0730125,-0.3249125
504396653392413,1,2.325,5.322,8.302951
504396662873028,4,-0.18095,0.017324999,-0.3689125
504396672353583,1,2.1649501,5.23995,8.86005
504396681834196,4,-0.040425,0.011275,-0.4129125
504396689167822,2,17.38125,5.1937504,-29.212502
504396691314816,1,1.9230001,5.15205,8.92695
504396700795215,4,0.1098625,-0.0950125,-0.455675
504396710275830,1,1.7629501,4.953,8.781
504396719756446,4,0.2222,-0.1475375,-0.4813875
504396729237061,1,1.48695,4.86495,8.595
504396738717383,4,0.28215,-0.113299996,-0.5082
504396739219728,2,16.59375,5.0062504,-28.875002
504396748198229,1,1.1190001,5.0989504,7.9750504
504396757678619,4,0.20019999,-0.043725,-0.5449125
504396767159234,1,0.70395005,5.346,7.419
504396776639802,4,-0.0391875,-0.1035375,-0.582725
504396786120417,1,0.71205,5.604,7.45695
504396789137805,2,15.750001,4.9875,-28.687502
504396795600816,4,-0.3018125,-0.2085875,-0.654775
504396805081431,1,0.94605005,5.5420504,8.037001
504396814562046,4,-0.46928748,-0.4811125,-0.8173
504396824042658,1,0.92700005,4.9819503,8.917951
504396833523191,4,-0.4912875,-0.7767375,-0.935825
504396839067847,2,15.69375,5.025,-28.725
504396843003578,1,0.882,4.3780503,9.688951
504396852484191,4,-0.39105,-0.8023125,-0.990825
504396861964732,1,0.49395,3.933,10.101001
504396871445345,4,-0.1907125,-0.5874,-0.9725375
504396880925946,1,-0.13305001,3.8539503,9.27
504396889212403,2,15.000001,5.3625,-28.462502
504396890406561,4,-0.1137125,-0.3113,-0.8771125
504396899886948,1,-0.43695003,4.1269503,8.446051
504396909367561,4,-0.090475,-0.1084875,-0.7720625
504396918848107,1,-0.39105,4.3500004,7.8859506
504396928328720,4,-0.1199,-0.076725,-0.67553747
504396937809311,1,-0.33795002,4.6540504,7.5220504
504396938941434,2,14.250001,5.8875003,-28.2
504396947289696,4,-0.231,-0.2611125,-0.5924875
504396956770311,1,0.54405004,4.9030504,7.7230506
504396966250850,4,-0.3812875,-0.6081625,-0.6340125
504396975731441,1,1.7410501,5.0779505,8.532001
504396985212057,4,-0.5108125,-1.060125,-0.8344875
504396989151214,2,13.8,6.43125,-28.425001
504396994692438,1,2.5150502,4.96995,9.82995
504397004173038,4,-0.50105,-1.21165,-1.1031625
504397013653578,1,2.53395,4.39305,10.666051
504397023134187,4,-0.43505,-1.0076,-1.327975
504397032614573,1,1.6189501,4.0290003,10.192051
504397039167967,2,13.575001,7.0875,-29.081251
504397042095172,4,-0.4582875,-0.4981625,-1.37445
504397051575698,1,0.372,3.8370001,9.49695
504397061056312,4,-0.49981248,-0.2501125,-1.261975
504397070536932,1,-0.13995,3.9790502,9.12405
504397080017317,4,-0.47905,-0.2941125,-1.16545
504397089497936,1,-0.10605001,4.1130004,8.929951
504397089238384,2,13.106251,7.9500003,-29.587502
504397098978466,4,-0.437525,-0.4591125,-1.1336875
504397108459081,1,0.17505,4.1010003,9.27
504397117939466,4,-0.32999998,-0.694925,-1.1886874
504397127420081,1,0.29295,4.04295,9.46905
504397136900629,4,-0.205425,-0.8855,-1.2522125
504397138950991,2,11.85,9.0375,-29.7
504397146381244,1,0.29505002,3.90405,9.556951
504397155861629,4,-0.122237496,-0.9612625,-1.283975
504397165342254,1,0.16995001,3.7819502,9.603001
504397174822869,4,-0.0661375,-0.9502625,-1.2827375
504397184303410,1,0.20895001,3.732,9.555
504397189186076,2,10.743751,10.087501,-30.056252
504397193784023,4,-0.0501875,-1.0003124,-1.277925
504397203264424,1,0.56595004,3.75795,9.67695
504397212745037,4,-0.0721875,-1.043075,-1.3242625
504397222225578,1,1.1190001,3.7080002,10.134001
504397231706191,4,-0.0856625,-0.9587875,-1.426975
504397239243329,2,9.31875,11.137501,-30.4125
504397241186578,1,1.33395,3.4969501,10.666051
504397250667191,4,-0.0306625,-0.795025,-1.5087875
504397260147831,1,1.2910501,3.07095,11.311951
504397269628369,4,0.19415,-0.7767375,-1.52955
504397279109075,1,1.0200001,2.87205,11.152051
504397288589383,4,0.450725,-0.9306,-1.4672625
504397289174878,2,7.275,12.150001,-30.300001
504397298069975,1,1.32,2.7910502,10.56795
504397307550513,4,0.6180625,-1.1053625,-1.422025
504397317031139,1,1.91805,3.0349503,9.427951
504397326511754,4,0.5374875,-1.2276,-1.4917375
504397335992136,1,2.4499502,3.315,9.48795
504397339122253,2,4.96875,12.900001,-30.112501
504397345472749,4,0.4873,-1.29965,-1.63955
504397354953289,1,2.4190502,3.3700502,9.715051
504397364433682,4,0.5313,-1.26665,-1.78365
504397373914297,1,1.88505,3.55695,9.48495
504397383394825,4,0.5643,-1.1554124,-1.8349375
504397388985686,2,2.5687501,13.275001,-29.962502
504397392875517,1,1.2910501,4.077,8.370001
504397402356042,4,0.4054875,-1.027125,-1.7703125
504397411836428,1,1.59,4.3710003,7.26105
504397421317051,4,0.0353375,-1.2678875,-1.7886
504397430797591,1,2.32995,4.7470503,7.9579506
504397439221221,2,0.09375,13.218751,-30.075
504397440278210,4,-0.195525,-1.6660875,-1.9547
504397449758825,1,2.8230002,4.8790503,9.47805
504397459239441,4,-0.176,-1.893375,-2.183225
504397468719750,1,2.4120002,4.539,10.441051
504397478200364,4,-0.0209,-1.6820375,-2.2845626
504397487680745,1,1.416,4.27995,10.038
504397488934019,2,-2.49375,12.937501,-30.093752
504397497161373,4,0.1111,-1.2874125,-2.14775
504397506641988,1,0.75900006,4.1850004,9.255
504397516122537,4,0.185625,-1.0553125,-1.8313625
504397525602923,1,0.88905007,4.5700502,8.55405
504397535083522,4,0.2564375,-1.0993125,-1.626075
504397539147362,2,-5.26875,12.356251,-30.000002
504397544564062,1,1.3770001,4.97895,8.037001
504397554044662,4,0.307725,-1.2617,-1.5808375
504397563525048,1,1.48695,5.0490003,7.3810506
504397573005686,4,0.2613875,-1.3974125,-1.5895
504397582486301,1,1.42005,5.05095,6.8760004
504397589155958,2,-7.8750005,11.4375,-30.0375
504397591966839,4,0.11715,-1.4817,-1.5882624
504397601447464,1,1.64505,4.9080005,7.182
504397610927849,4,0.003575,-1.4865125,-1.582075
504397620408464,1,1.72395,4.9440002,7.7539506
504397629889002,4,-0.046475,-1.5354625,-1.587025
504397639369609,1,1.6170001,4.92,8.226001
504397639238139,2,-10.762501,10.387501,-29.587502
504397648849993,4,-0.0501875,-1.523225,-1.5613124
504397658330547,1,1.6690501,4.88805,8.53005
504397667811176,4,-0.012375,-1.4499375,-1.5307875
504397677291792,1,1.8730501,4.9939504,8.722051
504397686772167,4,0.069575,-1.2604625,-1.5247375
504397688948629,2,-14.137501,9.20625,-28.556252
504397696252691,1,1.9420501,5.13705,8.00805
504397705733306,4,0.042625,-1.0723625,-1.5455
504397715213693,1,1.9090501,5.3980503,7.1460004
504397724694306,4,-0.10395,-0.9648375,-1.5906
504397734174862,1,1.9110001,5.5800004,6.8440504
504397739215217,2,-17.34375,7.9875,-27.281252
504397743655475,4,-0.2737625,-0.9208375,-1.6603125
504397753136081,1,1.626,5.664,7.17705
504397762616465,4,-0.3763375,-0.8977375,-1.6908375
504397772096985,1,1.3480501,5.6520004,7.6870503
504397781577600,4,-0.385,-0.845075,-1.6676
504397789233257,2,-19.931252,6.5625005,-26.23125
504397791057991,1,1.128,5.6910005,8.142
504397800538580,4,-0.3202375,-0.7852625,-1.6187875
504397810019121,1,0.94095004,5.583,8.463
504397819499749,4,-0.176,-0.6215,-1.510025
504397828980136,1,0.51795,5.5230002,8.179951
504397838460662,4,-0.045375,-0.429825,-1.3352625
504397839126569,2,-22.275002,5.0437503,-24.825
504397847941278,1,0.24000001,5.6449504,7.4599504
504397857421893,4,0.003575,-0.35035,-1.1716375
504397866902280,1,0.20895001,5.9230504,6.9349504
504397876382879,4,0.003575,-0.4541625,-1.0714
504397885863420,1,0.19005,6.1050005,6.70095
504397889003639,2,-24.675001,3.4875002,-23.2875
504397895343811,4,-0.0306625,-0.63745,-1.0225875
504397904824437,1,0.30705002,6.2239504,6.9570003
504397914305052,4,-0.0636625,-0.72545,-1.0140625
504397923785357,1,0.59205,6.117,7.6009502
504397933266201,4,-0.062425,-0.634975,-1.0360625
504397939218138,2,-26.681252,1.9312501,-21.956251
504397942746588,1,0.46695003,5.973,7.833
504397952227133,4,-0.079475,-0.3980625,-1.0176375
504397961707748,1,0.19695,5.80305,7.6129503
504397971188143,4,-0.1552375,-0.1230625,-0.940775
504397980668758,1,-0.18495001,5.7769504,7.3780503
504397989245442,2,-27.618752,0.3,-21.2625
504397990149287,4,-0.239525,0.006325,-0.8210125
504397999629888,1,-0.09900001,5.82705,7.7299504
504398009110504,4,-0.233475,-0.0204875,-0.74525
504398018590890,1,0.16095,5.7619505,8.46105
504398028071427,4,-0.0941875,-0.10725,-0.7110125
504398037551819,1,0.30900002,5.6190004,8.66205
504398038938001,2,-28.368752,-1.21875,-20.493752
504398047032432,4,0.0438625,-0.209825,-0.71596247
504398056512967,1,0.36,5.5950003,8.35995
504398065993605,4,0.0488125,-0.2893,-0.769725
504398075473991,1,0.23295002,5.43195,8.21595
504398084954600,4,-0.0539,-0.2783,-0.874775
504398089152215,2,-29.60625,-2.5687501,-19.368752
504398094435140,1,-0.19500001,5.19705,8.319
504398103915528,4,-0.1907125,-0.1475375,-0.9235875
504398113396143,1,-0.78900003,5.0149503,8.51595
504398122876672,4,-0.294525,0.039325,-0.84425
504398132357287,1,-1.11405,4.872,8.7619505
504398139139772,2,-30.4125,-3.8812501,-18.712502
504398141837686,4,-0.32505,0.2190375,-0.69519997
504398151318215,1,-1.4299501,4.872,8.86995
504398160798831,4,-0.272525,0.120037496,-0.5339125
504398170279436,1,-1.6360501,5.0230503,8.82705
504398179760052,4,-0.16995,-0.29535,-0.4544375
504398189240443,1,-1.6819501,5.01795,8.920051
504398189240449,2,-30.618752,-5.1000004,-18.393751
504398198720980,4,-0.0429,-0.6411625,-0.42515
504398208201366,1,-1.3560001,4.893,8.911051
504398217681980,4,0.01815,-0.73149997,-0.4434375
504398227162595,1,-1.38195,4.80705,8.55405
504398236642908,4,-0.0429,-0.5922125,-0.44715
504398239063055,2,-30.50625,-6.20625,-18.09375
504398246123523,1,-1.28205,4.82595,8.190001
504398255604148,4,-0.194425,-0.4151125,-0.455675
504398265084688,1,-1.2079501,5.0350504,7.9429502
504398274565081,4,-0.4081,-0.3113,-0.4813875
504398284045696,1,-1.2559501,5.0080504,8.451
504398289223522,2,-30.937502,-7.14375,-17.493752
504398293526235,4,-0.4973375,-0.30635,-0.4984375
504398303006621,1,-1.0690501,4.9560003,9.47595
504398312487235,4,-0.363,-0.3125375,-0.5143875
504398321967760,1,-0.91605,4.8570004,9.94305
504398331448374,4,-0.128425,-0.2391125,-0.53267497
504398339199181,2,-31.331251,-7.9875,-16.987501
504398340928980,1,-1.1910001,4.9080005,9.32295
504398350409369,4,0.0011,-0.071775,-0.4923875
504398359889907,1,-1.404,5.03205,8.346001
504398369370528,4,-0.0111375,0.0858,-0.4373875
504398378850914,1,-1.4449501,5.1930003,7.7089505
504398388331461,4,-0.089237496,0.1310375,-0.4263875
504398389078782,2,-31.3875,-8.775001,-16.725
504398397812066,1,-1.4110501,5.2260003,7.7089505
504398407292451,4,-0.132,0.0955625,-0.4288625
504398416772999,1,-1.2790501,5.25705,8.06295
504398426253692,4,-0.09295,0.0418,-0.455675
504398435734010,1,-1.38705,5.28795,8.158951
504398439116355,2,-31.10625,-9.50625,-16.5
504398445214624,4,-0.0771375,0.044275,-0.4642
504398454695159,1,-1.521,5.2309504,8.247001
504398464175773,4,-0.0501875,0.0295625,-0.444675
504398473656159,1,-1.4929501,5.23995,8.415
504398483136764,4,0.0048125,-0.0559625,-0.4398625
504398489103224,2,-30.956251,-10.087501,-16.237501
504398492617304,1,-1.332,5.19,8.52795
504398502097672,4,0.06215,-0.1194875,-0.455675
504398511578287,1,-1.4569501,5.1540003,8.307
504398521058826,4,0.058575,-0.1475375,-0.45319998
504398530539441,1,-1.5330001,5.1259503,8.302951
504398539246354,2,-31.0125,-10.668751,-15.88125
504398540019817,4,0.0463375,-0.115775,-0.4288625
504398549500355,1,-1.69605,5.118,8.266951
504398558980739,4,0.0231,-0.038775,-0.355575
504398568461354,1,-1.74405,5.1589503,8.13
504398577941903,4,-0.0099,0.0710875,-0.26633748
504398587422518,1,-1.5690001,5.0659504,8.42895
504398588866287,2,-30.73125,-11.26875,-15.750001
504398596902922,4,0.0438625,0.1236125,-0.218625
504398606383547,1,-1.7320501,5.1589503,8.236051
504398615864086,4,0.092675,0.1530375,-0.1441
504398625344457,1,-1.8400501,5.1450005,8.070001
504398634825071,4,0.147675,0.0895125,-0.0793375
504398639190290,2,-30.300001,-11.85,-15.76875
504398644305611,1,-2.01195,5.3580003,7.8930006
504398653785989,4,0.163625,0.005225,-0.0182875
504398663266527,1,-1.7989501,5.38605,7.9170003
504398672747220,4,0.152625,-0.010725,0.0122375
504398682227760,1,-1.84395,5.5300503,8.08905
504398689117280,2,-29.906252,-12.356251,-15.731251
504398691708143,4,0.130625,-0.03025,0.0378125
504398701188758,1,-1.7850001,5.52495,8.41005
504398710669297,4,0.1293875,-0.0352,0.0427625
504398720149683,1,-1.81605,5.4820504,8.908051
504398729630297,4,0.20515,-0.0363,0.0732875
504398739110912,1,-1.8589501,5.4700503,9.265051
504398739231096,2,-29.85,-12.69375,-15.675
504398748591230,4,0.30415,-0.0779625,0.111237496
504398758071845,1,-1.9570501,5.4580503,9.568951
504398767552394,4,0.456775,-0.110825,0.157575
504398777033009,1,-2.23005,5.3359504,9.58605
504398786513625,4,0.6205375,-0.120725,0.2382875
504398788948298,2,-29.8875,-13.031251,-15.4875
504398795993943,1,-2.6149502,5.2450504,9.397051
504398805474326,4,0.7623,0.01375,0.35915
504398814954951,1,-2.89995,5.44605,8.956051
504398824435490,4,0.886875,0.27885,0.4544375
504398833916095,1,-2.5890002,5.5399504,7.524
504398839185304,2,-29.94375,-13.218751,-15.3
504398843396480,4,0.759825,0.2666125,0.4654375
504398852877004,1,-1.746,5.5009503,6.14295
504398862357620,4,0.3724875,0.2360875,0.3531
504398871838006,1,-1.251,5.6569505,6.294
504398881318620,4,-0.02695,0.1115125,0.168575
504398889202580,2,-30.13125,-13.25625,-15.056251
504398890799235,1,-1.0159501,5.3980503,7.5409503
504398900279538,4,-0.266475,0.0490875,0.022
504398909760384,1,-1.485,4.9170003,9.0709505
504398919240774,4,-0.242,0.0088,0.0647625
504398928721097,1,-1.77495,4.7899504,9.96405
504398938201711,4,-0.03795,-0.005775,0.22605
504398939059960,2,-30.431252,-13.14375,-14.812501
504398947682244,1,-2.0029502,4.5220504,10.375951
504398957162860,4,0.24419999,0.154275,0.4899125
504398966643246,1,-1.7680501,4.362,9.868051
504398976123783,4,0.511775,0.4291375,0.7440125
504398985604169,1,-1.4470501,4.3759503,8.72595
504398989091977,2,-30.975,-12.8625,-14.56875
504398995084773,4,0.671825,0.5647125,0.929775
504399004565313,1,-1.14795,4.6590004,7.1389503
504399014045701,4,0.5973,0.58547497,1.0360625
504399023526316,1,-0.76500005,4.8169503,5.99205
504399033006855,4,0.34925,0.55495,1.0690625
504399039107731,2,-31.5375,-12.431251,-14.343751
504399042487470,1,-0.504,5.1060004,5.8680005
504399051967845,4,0.0891,0.463375,1.0470625
504399061448383,1,-0.14505,5.18505,6.16695
504399070928759,4,-0.111237496,0.3460875,0.957825
504399080409374,1,0.30195,5.2050004,6.67005
504399089234464,2,-32.006252,-11.681251,-14.38125
504399089889980,4,-0.242,0.320375,0.8344875
504399099370520,1,0.39105,5.0869503,7.2420006
504399108850888,4,-0.2932875,0.4046625,0.7220125
504399118331503,1,0.25905,4.8570004,7.3660502
504399127812042,4,-0.34705,0.5402375,0.6499625
504399137292429,1,-0.07305,4.75395,7.1269503
504399138870170,2,-32.71875,-10.6125,-14.56875
504399146772965,4,-0.437525,0.616,0.62067497
504399156253347,1,-0.41295,4.6320004,7.1719503
504399165733960,4,-0.5022875,0.66495,0.6364875
504399175214566,1,-0.79095006,4.4599504,7.3180504
504399184695182,4,-0.5328125,0.7002875,0.709775
504399189197967,2,-33.131252,-9.31875,-14.981251
504399194175487,1,-1.03995,4.359,7.5510006
504399203656018,4,-0.520575,0.748,0.8454875
504399213136633,1,-1.011,4.3830004,7.7830505
504399222617249,4,-0.4618625,0.76876247,0.9761125
504399232097559,1,-0.93195003,4.4380503,7.86705
504399239193063,2,-33.1875,-7.8375,-15.88125
504399241578172,4,-0.3788125,0.7467625,1.07635
504399251058559,1,-0.813,4.4620504,7.7569504
504399260539172,4,-0.321475,0.671,1.161875
504399270019713,1,-0.76695,4.5150003,7.7040005
504399279500085,4,-0.2932875,0.6037625,1.2241625
504399288980701,1,-0.54195005,4.563,7.9510503
504399289241463,2,-32.90625,-6.15,-17.1375
504399298461239,4,-0.2737625,0.624525,1.2364
504399307941626,1,-0.702,4.6320004,8.09895
504399317422177,4,-0.3202375,0.75405,1.2522125
504399326902793,1,-0.99195004,4.5679502,8.08695
504399336383186,4,-0.4338125,0.9031,1.3047374
504399339054055,2,-32.41875,-4.14375,-18.45
504399345863802,1,-1.0690501,4.57695,8.487
504399355344340,4,-0.5413375,0.9911,1.349975
504399364824727,1,-1.18095,4.56495,9.27
504399374305369,4,-0.5938625,1.00815,1.387925
504399383785915,1,-1.43295,4.431,10.321051
504399389156061,2,-31.7625,-1.9687501,-19.706251
504399393266297,4,-0.515625,0.97405,1.4672625
504399402746846,1,-1.4089501,4.1130004,11.022
504399412227230,4,-0.363,1.0594375,1.5723125
504399421707846,1,-1.4929501,3.90405,11.178
504399431188446,4,-0.2151875,1.264725,1.720125
504399439242094,2,-30.562502,0.375,-21.35625
504399440668987,1,-1.3440001,3.8569503,10.788
504399450149369,4,-0.1247125,1.37225,1.81665
504399459629908,1,-0.89595,3.8470502,10.077001
504399469110533,4,-0.143,1.2414875,1.8118374
504399478590920,1,-0.42900002,3.936,9.70995
504399488071456,4,-0.25905,1.038675,1.7483125
504399489006437,2,-29.062502,2.9250002,-23.00625
504399497551843,1,-0.12105001,4.158,10.014001
504399507032379,4,-0.36905,1.004575,1.5833125
504399516512995,1,-0.33795002,3.9790502,10.55805
504399525993380,4,-0.3568125,1.1939125,1.4232625
504399535473990,1,-1.02795,3.7150502,10.390051
504399539146547,2,-27.618752,5.6625004,-24.487501
504399544954528,4,-0.2982375,1.3685375,1.3365
504399554434924,1,-1.69395,3.6790502,9.71805
504399563915537,4,-0.27005,1.358775,1.2791625
504399573396083,1,-2.14395,3.7560003,9.16005
504399582876466,4,-0.294525,1.15115,1.216875
504399589086009,2,-25.612501,8.26875,-25.95
504399592357023,1,-2.33505,3.6910503,9.29895
504399601837628,4,-0.286,0.9398125,1.1581625
504399611318015,1,-2.53605,3.4950001,9.604951
504399620798625,4,-0.2492875,0.839575,1.15335
504399630279165,1,-2.57205,3.1890001,9.90705
504399639226425,2,-23.493752,10.668751,-27.31875
504399639759763,4,-0.187,0.86405,1.1655875
504399649240150,1,-2.565,3.0690002,9.859051
504399658720456,4,-0.1467125,0.9373375,1.1325876
504399668201071,1,-2.70405,3.15,9.39
504399677681600,4,-0.198,0.99233747,1.056825
504399687161986,1,-2.77095,3.1260002,9.15495
504399688871958,2,-21.46875,12.76875,-28.368752
504399696642610,4,-0.3042875,1.032625,0.9455875
504399706123164,1,-3.039,2.9179502,9.31095
504399715603547,4,-0.410575,1.115675,0.8870125
504399725084162,1,-3.6880503,2.628,9.648001
504399734564701,4,-0.4448125,1.2599125,0.93953747
504399739193646,2,-19.237501,14.55,-29.118752
504399744045087,1,-4.3560004,2.38905,9.691051
504399753525624,4,-0.4203375,1.341725,1.1154
504399763006239,1,-4.79895,2.2380002,9.591001
504399772486614,4,-0.3532375,1.3685375,1.3817375
504399781967152,1,-4.69395,2.32695,9.361051
504399789187408,2,-16.875,15.975,-29.98125
504399791447768,4,-0.266475,1.27215,1.6443624
504399800928154,1,-4.1020503,2.592,9.033
504399810408691,4,-0.19195,1.08515,1.836175
504399819889291,1,-3.3979502,2.8530002,8.619
504399829369676,4,-0.176,0.8542875,1.9547
504399838850219,1,-2.7499502,3.1020002,8.50395
504399839241618,2,-14.2875,17.212502,-30.6375
504399848330604,4,-0.18095,0.6452875,2.0207
504399857811200,1,-2.115,3.246,8.772
504399867291739,4,-0.1442375,0.55,2.0304625
504399876772135,1,-1.6840501,3.52605,9.018001
504399886252748,4,-0.08195,0.54395,1.9754624
504399889033330,2,-12.0,18.4125,-30.937502
504399895733293,1,-1.65495,3.6529503,8.908051
504399905213676,4,-0.0441375,0.5487625,1.91565
504399914694215,1,-1.6459501,3.696,8.66895
504399924174585,4,-0.035475,0.5732375,1.8704125
504399933655201,1,-1.6819501,3.82995,8.488951
504399939103428,2,-9.618751,19.63125,-31.29375
504399943135748,4,-0.0331375,0.563475,1.824075
504399952616354,1,-1.66305,3.9259503,8.415
504399962096661,4,-0.0246125,0.5696625,1.7593125
504399971577277,1,-1.57605,4.01895,8.34105
504399981057661,4,-0.0257125,0.6087125,1.6933125
504399989222507,2,-6.9,20.75625,-31.5375
504399990538282,1,-1.46595,4.086,8.061001
504400000018810,4,-0.0721875,0.6417125,1.626075
504400009499197,1,-1.47105,4.182,7.9530005
504400018979738,4,-0.122237496,0.63195,1.5687375
504400028460125,1,-1.4950501,4.242,8.20005
504400037940672,4,-0.0991375,0.596475,1.51855
504400038988783,2,-3.9750001,21.5625,-31.66875
504400047421288,1,-1.46595,4.3450503,8.464951
504400056901917,4,-0.0111375,0.61242497,1.46355
504400066382309,1,-1.38495,4.4380503,8.274
504400075862845,4,0.047575,0.635525,1.4196875
504400085343246,1,-1.3969501,4.5750003,7.9750504
504400089155313,2,-0.95625,21.91875,-31.5375
504400094823774,4,0.0719125,0.6197125,1.4049749
504400104304389,1,-1.12905,4.7689505,8.014951
504400113784759,4,0.1183875,0.6111875,1.387925
504400123265297,1,-0.87705004,4.9669504,8.061001
504400132745912,4,0.1843875,0.657525,1.3585
504400139083730,2,2.04375,21.6375,-31.3875
504400142226299,1,-0.73095006,5.1210003,7.84005
504400151706846,4,0.218625,0.7162375,1.31945
504400161187232,1,-0.45105,5.1210003,7.3450503
504400170667855,4,0.147675,0.58547497,1.2546875
504400180148164,1,0.08205,5.1330004,7.122
504400189628778,4,-0.0086624995,0.34485,1.128875
504400189229857,2,4.3875003,20.775002,-31.125002
504400199109393,1,0.582,5.202,7.5750003
504400208589701,4,-0.156475,0.232375,0.968825
504400218070326,1,0.81000006,5.0989504,8.39595
504400227550865,4,-0.23595,0.4107125,0.85153747
504400237031260,1,0.633,4.94805,9.052051
504400238891918,2,6.5437503,19.462502,-30.825
504400246511797,4,-0.2382875,0.701525,0.8344875
504400255992398,1,0.39795002,4.9560003,9.35595
504400265472793,4,-0.176,0.8628125,0.8943
504400274953331,1,0.108,5.058,9.19095
504400284433701,4,-0.106425,0.74305,0.9835375
504400289099046,2,8.34375,17.8875,-30.69375
504400293914316,1,0.33795002,5.1880503,9.20505
504400303394855,4,-0.013612499,0.517,1.0201125
504400312875242,1,0.762,5.21595,9.0060005
504400322355773,4,0.003575,0.2409,0.9981125
504400331836388,1,1.1899501,5.38605,8.856
504400339174746,2,10.087501,16.29375,-30.675001
504400341316759,4,-0.090475,0.061325,0.93953747
504400350797298,1,1.48695,5.394,9.271951
504400360277682,4,-0.189475,0.1566125,0.8613
504400369758298,1,1.6690501,5.142,9.639001
504400379238913,4,-0.24447499,0.37895,0.8210125
504400388719232,1,1.6020001,5.02995,9.78195
504400389238555,2,11.175,14.906251,-30.618752
504400398199768,4,-0.20047499,0.52442497,0.803825
504400407680384,1,1.6290001,5.0539503,9.591001
504400417160744,4,-0.089237496,0.480425,0.731775
504400426641283,1,1.76505,5.0820003,9.02295
504400436121657,4,-0.013612499,0.364375,0.5974375
504400439028368,2,11.681251,13.8,-30.375002
504400445602196,1,1.62405,5.1160502,8.24295
504400455082821,4,-0.0306625,0.3411375,0.4972
504400464563121,1,1.38705,4.94595,7.8169503
504400474043734,4,-0.0746625,0.3716625,0.4654375
504400483524121,1,1.4419501,4.88805,7.6129503
504400489016871,2,12.675,12.88125,-30.187502
504400493004734,4,-0.0831875,0.364375,0.4019125
504400502485275,1,1.5520501,4.9630504,7.52895
504400511965658,4,-0.057475,0.226325,0.3053875
504400521446196,1,1.404,4.96995,7.5340505
504400530926581,4,-0.0221375,0.08085,0.2162875
504400539225311,2,13.837501,12.1125,-29.98125
504400540407201,1,1.2220501,4.7299504,7.51695
504400549887750,4,-1.375E-4,0.0490875,0.2077625
504400559368136,1,1.0009501,4.6009502,7.3810506
504400568848662,4,0.0011,0.050325,0.26633748
504400578329277,1,1.1590501,4.6849504,7.3710003
504400587809652,4,0.02805,0.0589875,0.2833875
504400588951687,2,14.606251,11.475,-29.625002
504400597290190,1,1.3290001,4.85295,7.2229505
504400606770575,4,0.0523875,-9.625E-4,0.2651
504400616251099,1,1.4299501,4.953,7.11705
504400625731715,4,0.0609125,-0.0840125,0.23333749
504400635212111,1,1.4989501,5.013,7.0860004
504400638959789,2,14.793751,10.931251,-29.306252
504400644692648,4,0.0523875,-0.1353,0.17105
504400654173030,1,1.62405,5.274,6.95205
504400663653566,4,-0.046475,-0.1304875,0.066
504400673134181,1,1.5780001,5.3910003,7.3350005
504400682614566,4,-0.150425,-0.0363,-0.0342375
504400689195046,2,14.94375,10.387501,-29.081251
504400692095134,1,1.4629501,5.4970503,7.8690004
504400701575527,4,-0.22495,0.050325,-0.1087625
504400711056066,1,1.38195,5.5350003,8.58495
504400720536450,4,-0.20899999,0.0760375,-0.1771
504400730017066,1,1.2930001,5.451,9.295951
504400739497604,4,-0.11495,0.03575,-0.23705
504400739251569,2,15.525001,9.900001,-29.156252
504400748977991,1,1.3219501,5.3310003,9.73005
504400758458604,4,0.003575,-0.0022,-0.2748625
504400767939145,1,1.45905,5.13,9.99495
504400777419503,4,0.1343375,-0.0022,-0.306625
504400786900042,1,1.57605,4.8289504,9.871051
504400788949212,2,15.937501,9.6,-29.175001
504400796380657,4,0.2259125,-0.0144375,-0.3201
504400805860967,1,1.69095,4.55805,9.603001
504400815341580,4,0.2552,0.0039875,-0.2968625
504400824822196,1,2.052,4.48395,9.483001
504400834302514,4,0.268675,0.1456125,-0.3139125
504400839217132,2,15.731251,9.356251,-29.04375
504400843782900,1,2.04495,4.467,8.71695
504400853263524,4,0.1758625,0.1445125,-0.35433748
504400862744062,1,1.914,4.5679502,8.061001
504400872224447,4,-0.05995,-0.0290125,-0.3848625
504400881704999,1,1.9849501,4.7689505,7.89795
504400889169987,2,15.69375,9.13125,-29.04375
504400891185384,4,-0.388575,-0.36987498,-0.4972
504400900665989,1,2.15505,4.48605,8.949
504400910146523,4,-0.56815,-0.72545,-0.6450125
504400919626909,1,2.1750002,3.8520002,10.692
504400929107514,4,-0.46928748,-0.89402497,-0.747725
504400938587823,1,2.0359502,3.4060502,11.3550005
504400939173849,2,15.843751,9.056251,-29.062502
504400948068432,4,-0.2957625,-0.7412625,-0.84425
504400957548970,1,1.3410001,3.28005,11.02995
504400967029355,4,-0.13695,-0.341825,-0.87835
504400976509893,1,0.67605,3.2010002,10.17195
504400985990278,4,-0.012375,-0.0449625,-0.8760125
504400989021466,2,15.993751,9.243751,-29.062502
504400995470817,1,0.11805001,3.2940001,9.0400505
504401004951432,4,0.0268125,-0.0424875,-0.8393
504401014431809,1,-0.38895002,3.459,8.262
504401023912345,4,-0.0099,-0.2220625,-0.81125
504401033392756,1,-0.45600003,3.588,8.0460005
504401039024986,2,15.4125,9.65625,-28.706251
504401042873292,4,-0.0721875,-0.424875,-0.8613
504401052353917,1,-0.40095,3.4950001,8.049001
504401061834301,4,-0.1442375,-0.63621247,-0.941875
504401071314821,1,-0.41295,3.387,8.154
504401080795205,4,-0.2297625,-0.8133125,-1.0066375
504401089223196,2,14.512501,10.125,-28.462502
504401090275807,1,-0.47505003,3.153,8.54205
504401099756334,4,-0.2787125,-0.8707875,-1.0421125
504401109236950,1,-0.432,3.0280502,8.98305
504401118717257,4,-0.2822875,-0.8512625,-1.067825
504401128197644,1,-0.67800003,2.9560502,9.13605
504401137678191,4,-0.24695,-0.788975,-1.0604
504401138926159,2,14.025001,10.78125,-28.725
504401147158577,1,-0.86295,2.9680502,8.875051
504401156639114,4,-0.24447499,-0.7596875,-1.045825
504401166119729,1,-0.95100003,3.14505,8.464951
504401175600123,4,-0.3262875,-0.7607875,-1.0201125
504401185080738,1,-0.73395,3.2029502,8.556001
504401189154170,2,13.406251,11.587501,-29.156252
504401194561061,4,-0.4032875,-0.773025,-1.007875
504401204041613,1,-0.56805,3.2389503,9.12405
504401213522229,4,-0.3862375,-0.8855,-0.9871125
504401223002615,1,-0.29295,3.3319502,9.504001
504401232483152,4,-0.3262875,-1.004025,-0.98835
504401239150424,2,12.13125,12.525001,-29.475
504401241963538,1,-0.034050003,3.3940501,9.98805
504401251444142,4,-0.211475,-1.0894125,-0.9846375
504401260924692,1,0.17805001,3.4300501,10.201051
504401270404998,4,-0.090475,-1.14565,-0.9810625
504401279885623,1,0.82905006,3.6120002,10.318951
504401289366239,4,0.0048125,-1.137125,-1.068925
504401289230938,2,10.63125,13.387501,-29.587502
504401298846539,1,1.32,3.7390501,10.354051
504401308326921,4,0.0683375,-1.0943625,-1.1886874
504401317807465,1,1.7170501,3.8040001,10.375951
504401327287849,4,0.0853875,-1.0223125,-1.360975
504401336768474,1,1.6810501,3.6460502,10.441051
504401338803046,2,9.13125,14.137501,-29.962502
504401346249012,4,0.1098625,-0.9746,-1.4782625
504401355729399,1,1.7410501,3.3319502,10.825951
504401365209935,4,0.2283875,-0.9513625,-1.5222625
504401374690322,1,1.7629501,3.0619502,10.9459505
504401384170935,4,0.3969625,-0.999075,-1.5368375
504401389199175,2,7.6312504,14.775001,-30.4125
504401393651250,1,1.8510001,3.11205,10.635
504401403131864,4,0.5203,-1.0808874,-1.5357375
504401412612402,1,1.9810501,3.28695,10.333051
504401422092777,4,0.60225,-0.9783125,-1.5503125
504401431573315,1,1.8180001,3.6480002,9.507001
504401439226277,2,5.5125003,15.187501,-30.562502
504401441053691,4,0.539825,-0.7437375,-1.560075
504401450534291,1,1.69605,4.0939503,8.02005
504401460014830,4,0.1978625,-0.6912125,-1.60655
504401469495211,1,1.9020001,4.4359503,7.4670005
504401478975748,4,-0.228525,-0.7827875,-1.73965
504401488456134,1,1.9260001,4.4689503,8.57505
504401489124636,2,3.05625,15.31875,-30.6
504401497936671,4,-0.3972375,-0.81221247,-1.8093625
504401507417058,1,1.6620001,4.22805,10.174951
504401516897671,4,-0.2127125,-0.7302625,-1.7445999
504401526378211,1,1.3290001,4.16505,10.620001
504401535858580,4,0.14533749,-0.62645,-1.61755
504401539094765,2,0.675,15.20625,-30.487501
504401545339119,1,1.2790501,4.30905,10.009951
504401554819493,4,0.4543,-0.6545,-1.5027375
504401564300032,1,1.0350001,4.551,8.83605
504401573780416,4,0.5825875,-0.733975,-1.3756875
504401583261032,1,1.07595,4.84305,7.8550506
504401589008435,2,-1.63125,14.85,-30.618752
504401592741570,4,0.505725,-0.9013125,-1.30845
504401602221962,1,1.1190001,5.1280503,7.4449506
504401611702498,4,0.31625,-0.96236247,-1.3011625
504401621183133,1,0.99705005,5.097,7.3039503
504401630663451,4,0.0671,-0.7937875,-1.2827375
504401639213050,2,-4.0687504,14.231251,-30.562502
504401640144067,1,0.822,4.9170003,7.7520003
504401649624346,4,-0.064899996,-0.512875,-1.22045
504401659104961,1,0.80295,4.7299504,8.415
504401668585346,4,-0.018424999,-0.5006375,-1.1154
504401678065884,1,0.91305006,4.8499503,8.85795
504401687546269,4,0.14533749,-0.76945,-1.0470625
504401688936347,2,-6.7500005,13.556251,-30.243752
504401697026821,1,1.1400001,4.932,9.121051
504401706507216,4,0.368775,-0.95507497,-1.0641125
504401715987831,1,1.0879501,4.92705,8.53695
504401725468370,4,0.44825,-1.054075,-1.0775875
504401734948756,1,0.93900007,4.953,7.9600506
504401739163433,2,-9.168751,12.76875,-29.775002
504401744429293,4,0.35901248,-1.0063624,-1.0383999
504401753909699,1,1.212,5.0149503,7.7640004
504401763390235,4,0.218625,-0.773025,-1.0250624
504401772870636,1,1.4470501,5.2050004,7.4599504
504401782351172,4,0.0609125,-0.6752625,-1.0494
504401789142943,2,-11.137501,11.868751,-29.38125
504401791831793,1,1.6669501,5.427,7.3759503
504401801312191,4,-0.11,-0.7522625,-1.1264
504401810792730,1,1.9230001,5.3959503,8.128051
504401820273128,4,-0.154,-0.8097375,-1.227875
504401829753744,1,1.8250501,5.1610503,8.68305
504401839234273,4,-0.122237496,-0.73645,-1.28645
504401839239930,2,-13.012501,10.856251,-28.931252
504401848714583,1,1.5829501,4.9819503,8.595
504401858195196,4,-0.117425,-0.60445,-1.2717375
504401867675492,1,1.57605,5.0010004,8.455951
504401877156105,4,-0.1027125,-0.51645,-1.2364
504401886636721,1,1.4899501,5.109,8.226001
504401888772857,2,-15.13125,9.825001,-28.06875
504401896117029,4,-0.0966625,-0.562925,-1.2082125
504401905597442,1,1.2910501,5.10405,8.17095
504401915077979,4,-0.0831875,-0.639925,-1.1398749
504401924558370,1,1.45095,5.1540003,8.37195
504401934038907,4,-0.023375,-0.656975,-1.068925
504401939202114,2,-17.1,8.868751,-27.225
504401943519303,1,1.8079501,5.14905,8.236051
504401952999917,4,0.0121,-0.6106375,-1.0286375
504401962480457,1,2.16,5.23605,7.7880006
504401971960844,4,-0.013612499,-0.5226375,-1.0274
504401981441382,1,2.28705,5.2759504,7.3999505
504401989213708,2,-18.618752,7.7812505,-26.362501
504401990921767,4,-0.08195,-0.441925,-1.045825
504402000402297,1,2.28705,5.2930503,7.2970505
504402009882681,4,-0.1271875,-0.3625875,-1.057925
504402019363205,1,2.4880502,5.2330503,7.3279505
504402028843589,4,-0.1491875,-0.2380125,-1.08735
504402038324201,1,2.421,5.2260003,7.1080503
504402039080317,2,-20.04375,6.6937504,-25.612501
504402047804739,4,-0.189475,-0.1524875,-1.106875
504402057285126,1,2.12895,5.2720504,6.8590503
504402066765657,4,-0.24695,-0.109725,-1.1006875
504402076246044,1,1.81305,5.3149505,6.5500503
504402085726576,4,-0.3397625,-0.1023,-1.0616375
504402089100761,2,-21.54375,5.68125,-24.7875
504402095206990,1,1.6140001,5.41305,6.59805
504402104687527,4,-0.429,-0.082775,-1.007875
504402114167913,1,1.5139501,5.406,6.9259505
504402123648527,4,-0.47905,-0.14025,-0.93334997
504402133129067,1,1.437,5.65005,7.6270504
504402139143451,2,-22.78125,4.70625,-24.056252
504402142609450,4,-0.4533375,-0.32587498,-0.8575875
504402152089988,1,1.641,5.6980505,8.614051
504402161570369,4,-0.31405,-0.5091625,-0.7953
504402171050907,1,1.7479501,5.7460504,9.03495
504402180531277,4,-0.167475,-0.6204,-0.7379625
504402189235907,2,-23.4375,3.7125,-23.79375
504402190011816,1,1.593,5.8440003,8.5990505
504402199492191,4,-0.14795,-0.61545,-0.698775
504402208972807,1,1.06095,5.8510504,7.8499503
504402218453110,4,-0.2712875,-0.63745,-0.670725
504402227933726,1,1.4250001,5.89905,8.938951
504402237414263,4,-0.25547498,-0.5201625,-0.8014875
504402238855413,2,-23.75625,2.7375002,-23.56875
504402246894650,1,1.02795,5.5849504,9.174001
504402256375186,4,-0.2347125,-0.4651625,-0.9565875
504402265855573,1,-0.18495001,5.631,8.7960005
504402275336109,4,-0.3397625,-0.5372125,-0.9713
504402284816496,1,-1.23405,5.307,8.779051
504402289183215,2,-24.468752,1.8937501,-23.2875
504402294297095,4,-0.443575,-0.6997375,-0.808775
504402303777410,1,-1.5949501,4.9840503,9.564
504402313258024,4,-0.3873375,-0.93555,-0.5742
504402322738576,1,-0.42495003,5.0490003,11.667001
504402332218961,4,0.01705,-0.92455,-0.543675
504402339234827,2,-25.518751,1.06875,-22.7625
504402341699489,1,0.22800002,4.6800003,11.925
504402351179874,4,0.439725,-0.6472125,-0.6194375
504402360660412,1,-0.34305,4.78305,10.05
504402370140764,4,0.49225,-0.3443,-0.643775
504402379621302,1,-1.07595,4.79295,8.286
504402389101918,4,0.27719998,-0.2000625,-0.6059625
504402389236774,2,-26.531252,0.24375,-22.06875
504402398582304,1,-1.143,4.9290004,7.7040005
504402408062841,4,0.0268125,-0.148775,-0.60225
504402417543151,1,-1.0540501,5.1160502,7.9789505
504402427023764,4,-0.132,-0.2135375,-0.6645375
504402436504160,1,-1.1020501,5.1060004,8.5990505
504402438892670,2,-27.4125,-0.69375,-21.487501
504402445984696,4,-0.154,-0.3894,-0.725725
504402455465093,1,-1.1329501,4.94595,9.238951
504402464945629,4,-0.08195,-0.5201625,-0.7464875
504402474426016,1,-1.1550001,4.61595,9.543
504402483906552,4,0.0121,-0.5421625,-0.6975375
504402489124507,2,-28.650002,-1.5562501,-20.56875
504402493386924,1,-1.04505,4.3759503,9.354
504402502867451,4,0.047575,-0.42734998,-0.6254875
504402512347837,1,-0.96300006,4.30905,8.772
504402521828374,4,0.0108624995,-0.2611125,-0.565675
504402531308770,1,-0.90795004,4.3549504,8.269051
504402539205371,2,-30.056252,-2.4375,-19.40625
504402540789307,4,-0.040425,-0.236775,-0.543675
504402550269917,1,-0.87705004,4.51305,8.022
504402559750302,4,-0.10395,-0.292875,-0.5289625
504402569230840,1,-0.9990001,4.3900504,8.36205
504402578711225,4,-0.0721875,-0.2770625,-0.4862
504402588191773,1,-1.095,4.2130504,8.961
504402589067452,2,-30.900002,-3.3750002,-18.50625
504402597672148,4,0.0903375,-0.2380125,-0.427625
504402607152687,1,-1.059,4.22505,8.829
504402616633081,4,0.22715,-0.1524875,-0.383625
504402626113620,1,-1.07595,4.23495,8.4529505
504402635593994,4,0.30415,-0.1573,-0.34814999
504402639169761,2,-31.3875,-4.2937503,-17.90625
504402645074610,1,-0.92700005,4.326,7.635
504402654554927,4,0.2319625,-0.1890625,-0.3359125
504402664035466,1,-0.753,4.42605,7.3740005
504402673516080,4,0.0988625,-0.2415875,-0.3433375
504402682996390,1,-0.63495004,4.5270004,7.4809504
504402689109963,2,-31.875002,-5.1000004,-17.23125
504402692476975,4,-0.0111375,-0.35035,-0.3774375
504402701957352,1,-0.49395,4.596,7.9219503
504402711437889,4,-0.0661375,-0.418825,-0.4239125
504402720918265,1,-0.40305,4.695,8.3550005
504402730398802,4,-0.07095,-0.5152125,-0.4972
504402739218756,2,-32.34375,-5.7937503,-16.59375
504402739879193,1,-0.21900001,4.6870503,8.83395
504402749359730,4,-0.018424999,-0.4615875,-0.5509625
504402758840116,1,-0.24000001,4.6750503,8.877001
504402768320653,4,0.0133375,-0.3295875,-0.5619625
504402777801040,1,-0.669,4.7710505,8.6640005
504402787281576,4,-0.0026125,-0.19525,-0.5033875
504402788893063,2,-32.53125,-6.5437503,-15.937501
504402796761963,1,-0.76695,4.776,8.71695
504402806242576,4,0.009625,-0.131725,-0.4068625
504402815722886,1,-0.84105,5.0350504,8.700001
504402825203422,4,0.01705,-0.09625,-0.3139125
504402834684038,1,-0.62100005,5.14905,8.877001
504402839202186,2,-32.568752,-7.275,-15.4875
504402844164422,4,0.0683375,-0.0925375,-0.27005
504402853644951,1,-0.48900002,5.2120504,9.21195
504402863125350,4,0.1599125,-0.1890625,-0.2503875
504402872605889,1,-0.26205,5.214,9.373051
504402882086278,4,0.251625,-0.270875,-0.251625
504402889196544,2,-32.90625,-7.9125004,-14.75625
504402891566816,1,-0.14895001,5.21595,9.315001
504402901047216,4,0.30415,-0.3051125,-0.2638625
504402910527754,1,-0.30705002,5.181,9.5449505
504402920008129,4,0.3774375,-0.3210625,-0.26015
504402929488667,1,-0.62595004,5.0059505,9.79905
504402938969041,4,0.5080625,-0.253825,-0.19305
504402939238120,2,-33.112503,-8.56875,-14.00625
504402948449579,1,-1.0879501,5.0010004,9.744
504402957929984,4,0.6595875,-0.0314875,-0.0598125
504402967410523,1,-0.92505,4.833,8.563951
504402976890907,4,0.638825,0.132275,0.0622875
504402986371523,1,-0.24795002,4.8769503,6.8179502
504402989041544,2,-33.05625,-9.1875,-13.481251
504402995851829,4,0.30525,-0.0559625,0.0842875
504403005332354,1,0.32895002,5.46105,6.8230505
504403014812969,4,-0.0319,-0.2195875,-0.019524999
504403024293356,1,0.60105,5.7120004,8.058001
504403033773892,4,-0.167475,-0.0974875,-0.2198625
504403039149380,2,-33.300003,-9.712501,-12.843751
504403043254202,1,-0.13995,5.27895,9.097051
504403052734800,4,-0.1076625,0.19813749,-0.2028125
504403062215110,1,-0.67605,4.881,9.46395
504403071695724,4,0.0488125,0.5061375,0.0257125
504403081176110,1,-0.597,4.8310504,9.13305
504403089242589,2,-33.65625,-10.14375,-12.356251
504403090656407,4,0.24419999,0.618475,0.23705
504403100137022,1,-0.025050001,4.9819503,8.19705
504403109617561,4,0.3504875,0.4841375,0.289575
504403119098166,1,0.09105001,5.16405,7.2750006
504403128578474,4,0.3064875,0.2288,0.2602875
504403138058847,1,-0.058050003,5.181,6.8179502
504403139058919,2,-33.9,-10.35,-12.150001
504403147539383,4,0.15015,-0.0400125,0.223575
504403157019765,1,-0.31500003,4.99095,7.2970505
504403166500301,4,0.0193875,-0.065725,0.2883375
504403175980673,1,-0.41805002,4.75005,8.23305
504403185461286,4,0.00605,0.0479875,0.4104375
504403189111478,2,-33.881252,-10.481251,-12.281251
504403194941606,1,-0.31905,4.6750503,8.93505
504403204422142,4,0.11715,0.2299,0.5314375
504403213902529,1,-0.19995001,4.66095,8.865001
504403223383143,4,0.2454375,0.36795,0.6182
504403232863452,1,-0.094050005,4.79505,8.2570505
504403239081315,2,-34.0125,-10.293751,-12.39375
504403242344066,4,0.2894375,0.375375,0.62796247
504403251824385,1,-0.17295001,4.8360004,7.7689505
504403261304931,4,0.2869625,0.381425,0.604725
504403270785317,1,-0.37005,4.6540504,7.51695
504403280265926,4,0.251625,0.4829,0.615725
504403289234814,2,-34.425003,-9.825001,-12.525001
504403289746466,1,-0.74100006,4.41405,7.326
504403299226859,4,0.196625,0.5891875,0.687775
504403308707169,1,-0.966,4.2660003,7.1080503
504403318187796,4,0.12815,0.74181247,0.813725
504403327668106,1,-1.0519501,4.254,6.9349504
504403337148633,4,0.0768625,0.90805,0.97377497
504403338856124,2,-34.575,-9.168751,-12.95625
504403346629020,1,-0.98295003,4.2990003,6.873
504403356109642,4,0.0743875,0.8188125,1.112925
504403365590182,1,-0.87000006,4.31895,7.2130504
504403375070560,4,0.1648625,0.640475,1.2144
504403384551099,1,-0.61905,4.419,7.2250504
504403389197422,2,-34.59375,-8.118751,-13.668751
504403394031503,4,0.2283875,0.53295,1.2559249
504403403512051,1,-0.59205,4.75395,7.2439504
504403412992436,4,0.2259125,0.5977125,1.2436875
504403422472974,1,-0.76905006,4.7520003,7.35405
504403431953359,4,0.130625,0.7882875,1.261975
504403439185767,2,-34.706253,-6.7500005,-14.2875
504403441433907,1,-1.0210501,4.7470503,7.8190503
504403450914291,4,0.014575,0.96415,1.3646874
504403460394829,1,-0.74295,4.67805,8.767051
504403469875225,4,-0.0331375,1.0399125,1.433025
504403479355764,1,-0.43395,4.7860503,9.78195
504403488836148,4,-0.007425,1.0461,1.4232625
504403489234373,2,-34.818752,-5.0625,-15.0375
504403498316687,1,-0.48705003,4.6270504,10.693951
504403507797071,4,0.0878625,1.148675,1.4147375
504403517277615,1,-0.71205,4.4929504,11.01
504403526757923,4,0.169675,1.5725875,1.4416875
504403536238528,1,-1.2360001,4.3830004,9.615001
504403539035872,2,-34.95,-3.1312501,-16.03125
504403545718913,4,0.0158125,1.82435,1.52955
504403555199465,1,-2.019,4.46505,8.3550005
504403564679850,4,-0.308,1.5200624,1.7103624
504403574160393,1,-1.5880501,4.3780503,9.18795
504403583640778,4,-0.4533375,1.0693375,1.825175
504403589104247,2,-34.631252,-0.975,-17.325
504403593121316,1,-0.43395,4.30905,10.70895
504403602601711,4,-0.366575,0.8933375,1.747075
504403612082249,1,-0.24495001,4.1460004,11.203951
504403621562634,4,-0.2151875,0.982575,1.6285499
504403631042939,1,-0.69495004,4.05795,10.659
504403639229793,2,-33.862503,1.5375,-18.862501
504403640523783,4,-0.1626625,1.2159125,1.5992625
504403650004088,1,-0.95100003,4.122,9.77295
504403659484470,4,-0.2212375,1.336775,1.6163125
504403668965009,1,-0.76905006,4.3900504,9.49695
504403678445388,4,-0.24695,1.2709125,1.565025
504403687925927,1,-0.38595003,4.407,9.688951
504403688973985,2,-32.98125,4.1625004,-20.2875
504403697406312,4,-0.1711875,1.170675,1.45145
504403706886855,1,-0.15195,4.30695,9.651
504403716367240,4,-0.0721875,1.1779625,1.34145
504403725847772,1,-0.08205,4.326,9.042001
504403735328157,4,-0.057475,1.2194875,1.2144
504403739146015,2,-31.518751,6.7312503,-22.10625
504403744808710,1,-0.25500003,4.3639503,8.37705
504403754289104,4,-0.13695,1.25125,1.08735
504403763769642,1,-0.56805,4.2850504,8.08005
504403773250013,4,-0.2492875,1.247675,0.99935
504403782730552,1,-1.011,4.20795,8.254951
504403789228526,2,-29.250002,9.168751,-24.112501
504403792210945,4,-0.3287625,1.203675,0.9651125
504403801691484,1,-1.3660501,4.1059504,8.70705
504403811171868,4,-0.344575,1.1462,0.97735
504403820652407,1,-1.7220001,4.11795,9.267
504403830132791,4,-0.2822875,1.0949125,1.0274
504403839613340,1,-1.9399501,4.02405,9.528001
504403839241927,2,-26.400002,11.38125,-26.1375
504403849093955,4,-0.1797125,1.0863875,1.0861125
504403858574255,1,-2.1340501,4.02405,9.24405
504403868054638,4,-0.12595,1.0704376,1.15335
504403877535166,1,-2.33295,4.1200504,8.805
504403887015551,4,-0.128425,1.01915,1.2131625
504403888876941,2,-23.831251,13.293751,-27.712502
504403896496084,1,-2.4810002,4.1410503,8.57505
504403905976469,4,-0.150425,0.95315,1.2632124
504403915457012,1,-2.601,4.0960503,8.488951
504403924937397,4,-0.187,0.888525,1.3365
504403934417936,1,-2.46705,4.07205,8.64
504403939199313,2,-21.45,14.868751,-28.800001
504403943898320,4,-0.205425,0.8261,1.39645
504403953378864,1,-2.319,4.0219502,8.79105
504403962859248,4,-0.1967625,0.7308125,1.4317875
504403972339777,1,-2.32305,3.99795,8.868
504403981820161,4,-0.1772375,0.6147625,1.4647875
504403989168924,2,-18.768751,16.10625,-29.831251
504403991300695,1,-2.388,3.83295,8.98305
504404000781086,4,-0.1527625,0.5231875,1.5247375
504404010261624,1,-2.3740501,3.7440002,9.21195
504404019742004,4,-0.0917125,0.528,1.60655
504404029222619,1,-2.115,3.7009501,9.34605
504404038702841,4,-0.0086624995,0.66728747,1.6773624
504404039221909,2,-16.06875,17.118752,-30.581251
504404048183225,1,-1.69605,3.8760002,9.030001
504404057663841,4,0.0341,0.8261,1.6737875
504404067144369,1,-1.521,4.1080503,8.496
504404076624754,4,0.009625,0.866525,1.61755
504404086105282,1,-1.473,4.1730003,8.259001
504404089019147,2,-13.89375,18.018751,-30.900002
504404095585585,4,-0.02695,0.8823375,1.560075
504404105066201,1,-1.4970001,4.16505,8.001
504404114546585,4,-0.0966625,0.9092875,1.5125
504404124026895,1,-1.8210001,4.16505,7.9099503
504404133507431,4,-0.172425,0.833525,1.510025
504404139064871,2,-11.793751,18.91875,-30.993752
504404142988047,1,-1.96695,4.11,8.23305
504404152468431,4,-0.1882375,0.6967125,1.51855
504404161948741,1,-1.9210501,4.02705,8.949
504404171429355,4,-0.106425,0.624525,1.532025
504404180909664,1,-1.713,3.8880002,9.49995
504404189225908,2,-9.50625,19.66875,-31.125002
504404190390278,4,0.0378125,0.6477625,1.538075
504404199870578,1,-1.5619501,3.8920503,9.556951
504404209351115,4,0.180675,0.68694997,1.547975
504404218831720,1,-1.5280501,3.9739501,9.220051
504404228312028,4,0.28215,0.67595,1.5723125
504404237792424,1,-1.212,4.27995,9.1380005
504404238936718,2,-6.8625,20.081251,-31.3875
504404247272960,4,0.3834875,0.66605,1.582075
504404256753348,1,-0.71400005,4.63695,9.121051
504404266233884,4,0.48125,0.649,1.5357375
504404275714270,1,-0.24300002,4.99095,8.829
504404285194806,4,0.494725,0.65999997,1.42945
504404289152515,2,-4.33125,20.081251,-31.48125
504404294675184,1,0.26895002,5.2860003,8.427
504404304155745,4,0.3944875,0.6342875,1.3072125
504404313636131,1,1.0710001,5.511,8.595
504404323116677,4,0.2919125,0.5707625,1.1411124
504404332597063,1,1.64295,5.5920005,8.974951
504404339169146,2,-1.8937501,19.556252,-31.368752
504404342077610,4,0.2454375,0.5231875,0.9565875
504404351557996,1,1.794,5.71005,9.507001
504404361038533,4,0.2919125,0.5586625,0.82225
504404370518925,1,2.019,5.5519505,9.79905
504404379999461,4,0.44825,0.6221875,0.758725
504404389479848,1,1.605,5.4300003,9.62205
504404389236788,2,0.71250004,18.618752,-31.462502
504404398960393,4,0.688875,0.497475,0.8295375
504404408440790,1,1.29795,5.2980003,8.809951
504404417921326,4,0.8221125,0.1810875,0.97377497
504404427401713,1,1.7359501,5.56395,7.9579506
504404436882249,4,0.7830625,-0.347875,1.08735
504404439102550,2,2.68125,17.23125,-31.593752
504404446362559,1,2.6800501,5.79405,8.39595
504404455842952,4,0.83187497,-0.64845,1.0165375
504404465323576,1,3.01005,5.748,8.508
504404474803884,4,0.8771125,-0.50545,0.8870125
504404484284422,1,2.56695,5.4889503,7.8960004
504404489180708,2,4.40625,15.4125,-31.650002
504404493765038,4,0.814825,-0.1255375,0.9565875
504404503245337,1,2.565,5.3310003,7.5270004
504404512725720,4,0.75734997,0.215325,1.0946375
504404522206259,1,2.9220002,5.5300503,7.1250005
504404531686643,4,0.726825,0.298375,1.0921625
504404539148815,2,5.775,13.368751,-31.800001
504404541167255,1,3.01305,5.8219504,6.6600003
504404550647547,4,0.68035,0.166375,1.0225875
504404560128086,1,3.0010502,5.9010005,6.2749505
504404569608460,4,0.6193,-0.1755875,0.952875
504404579089076,1,2.91405,5.9010005,6.7969503
504404588569375,4,0.6986375,-0.5116375,0.91135
504404589177266,2,6.9375005,11.306251,-32.15625
504404598049913,1,3.1270502,5.7259502,7.089
504404607530298,4,0.8306375,-0.568975,0.8283
504404617010602,1,3.28095,5.7289505,6.0400505
504404626491139,4,0.732875,-0.286825,0.7464875
504404635971744,1,3.21105,5.8369503,4.88805
504404639052550,2,7.2937503,9.3,-32.4
504404645452052,4,0.4189625,0.116325,0.7392
504404654932638,1,3.0319502,5.841,4.41195
504404664413023,4,0.0878625,0.35585,0.7612
504404673893333,1,2.98095,6.04995,4.70205
504404683373869,4,-0.0966625,0.4046625,0.7392
504404689031891,2,6.99375,7.425,-32.5125
504404692854271,1,3.3310502,6.2770505,5.5680003
504404702334807,4,-0.0966625,0.419375,0.62425
504404711815194,1,3.5370002,6.4159503,5.8050003
504404721295721,4,-0.0917125,0.579425,0.4398625
504404730776107,1,2.73,6.3850503,5.451
504404739213550,2,7.2562504,5.7000003,-32.643753
504404740256644,4,-0.1797125,0.6587625,0.4324375
504404749737249,1,2.18895,6.3180003,5.7289505
504404759217634,4,-0.198,0.6562875,0.527725
504404768697943,1,2.24895,6.4279504,6.4570503
504404778178480,4,-0.067375,0.5867125,0.5949625
504404787658857,1,2.4810002,6.4620004,6.8320503
504404788922944,2,7.5937505,4.3125,-32.850002
504404797139181,4,0.122099996,0.441375,0.631675
504404806619720,1,2.91195,6.5500503,7.017
504404816100104,4,0.2992,0.28861248,0.626725
504404825580720,1,3.55095,6.6150002,7.0140004
504404835061267,4,0.3994375,0.2531375,0.5509625
504404839199653,2,7.5750003,3.2250001,-32.643753
504404844541654,1,4.032,6.83295,6.76095
504404854021960,4,0.389675,0.3289,0.388575
504404863502508,1,4.2000003,6.9040504,6.40605
504404872982893,4,0.2674375,0.486475,0.20405
504404882463431,1,4.188,6.94005,6.3820505
504404889091054,2,7.8,2.2687502,-32.362503
504404891943816,4,0.113437496,0.6917625,0.0317625
504404901424363,1,4.0729504,6.87795,6.5119505
504404910904748,4,-0.0501875,0.8738125,-0.124575
504404920385306,1,3.9409502,6.8110504,6.94995
504404929865691,4,-0.1637625,1.0338625,-0.245575
504404939346234,1,3.82695,6.71505,7.4430003
504404939243506,2,8.681251,1.5,-32.268753
504404948826541,4,-0.20295,1.1633875,-0.344575
504404958306921,1,3.4960501,6.543,7.8570004
504404967787459,4,-0.128425,1.159675,-0.39214998
504404977267837,1,3.25005,6.3850503,8.154
504404986748450,4,0.0463375,1.0888625,-0.4409625
504404988945029,2,10.05,0.88125,-32.1375
504404996228769,1,2.8900502,6.2959504,7.7230506
504405005709297,4,0.1551,1.0461,-0.4679125
504405015189683,1,2.28495,6.1980004,6.70095
504405024670220,4,0.07315,0.822525,-0.45319998
504405034150606,1,2.028,6.28695,6.222
504405039215018,2,11.3625,0.41250002,-31.7625
504405043631143,4,-0.128425,0.4596625,-0.4459125
504405053111545,1,2.39505,6.18405,6.2650504
504405062592081,4,-0.3947625,0.0785125,-0.5179625
504405072072463,1,2.9980502,5.9010005,6.8539505
504405081552768,4,-0.6683875,-0.170775,-0.6560125
504405089218063,2,12.731251,0.01875,-31.312502
504405091033384,1,3.15105,5.4150004,8.01795
504405100513922,4,-0.8003875,-0.19525,-0.80025
504405109994232,1,2.775,4.7380505,8.809951
504405119474625,4,-0.7954375,0.01375,-0.87835
504405128955163,1,1.983,4.326,8.917951
504405138435538,4,-0.7269625,0.3521375,-0.8430125
504405139125193,2,14.118751,-0.0375,-31.06875
504405147916076,1,1.1689501,4.23,8.488951
504405157396451,4,-0.641575,0.563475,-0.7745375
504405166876761,1,0.31905,4.50105,7.80705
504405176357365,4,-0.5828625,0.4852375,-0.6744375
504405185837903,1,-0.06105,4.7590504,7.3830004
504405188961628,2,15.150001,0.41250002,-30.768751
504405195318288,4,-0.5473875,0.1920875,-0.5900125
504405204798822,1,-0.058050003,5.08995,7.3740005
504405214279206,4,-0.548625,-0.187825,-0.54725
504405223759535,1,0.024,5.2309504,7.8790503
504405233240071,4,-0.537625,-0.5066875,-0.516725
504405239194956,2,15.806251,1.2375001,-30.300001
504405242720458,1,0.43905002,5.0560503,8.48505
504405252200995,4,-0.503525,-0.7046875,-0.5094375
504405261681381,1,0.84105,5.0940003,8.98305
504405271161903,4,-0.46805,-0.8525,-0.5559125
504405280642289,1,1.0489501,5.0869503,9.259951
504405289244590,2,15.76875,2.2687502,-29.718752
504405290122836,4,-0.45705,-0.8085,-0.6474875
504405299603236,1,0.71895003,5.0389504,9.00195
504405309083773,4,-0.5511,-0.5922125,-0.6854375
504405318564093,1,0.39600003,4.881,9.057
504405328044475,4,-0.6171,-0.3771625,-0.6829625
504405337525028,1,-0.12105001,4.848,9.232051
504405338924393,2,15.356251,3.5062501,-29.493752
504405347005412,4,-0.5951,-0.358875,-0.643775
504405356485961,1,-0.28095,4.87395,9.44505
504405365966346,4,-0.487575,-0.4481125,-0.6230125
504405375446903,1,-0.47505003,4.848,9.48495
504405384927518,4,-0.3482875,-0.5311625,-0.5974375
504405389192981,2,14.6625,4.9500003,-29.343752
504405394407847,1,-0.74595004,4.7970004,9.17895
504405403888168,4,-0.253,-0.5214,-0.5302
504405413368552,1,-0.94200003,4.9290004,8.929951
504405422849167,4,-0.1601875,-0.50545,-0.455675
504405432329477,1,-0.59205,5.0350504,8.736
504405439129510,2,13.968751,6.2250004,-29.156252
504405441810013,4,-0.0881375,-0.5396875,-0.449625
504405451290410,1,-0.10095,5.0490003,8.2240505
504405460770946,4,-0.1381875,-0.6142125,-0.543675
504405470251338,1,0.36195,4.86705,8.271001
504405479731951,4,-0.22247499,-0.694925,-0.7110125
504405489212256,1,0.45795003,4.5990005,8.89605
504405489228009,2,13.556251,7.2187505,-29.38125
504405498692577,4,-0.2492875,-0.7425,-0.8380625
504405508173192,1,0.51495004,4.4290504,9.267
504405517653490,4,-0.2602875,-0.6424,-0.85525
504405527134105,1,0.87900007,4.1389503,10.158001
504405536614427,4,-0.1247125,-0.5336375,-0.76725
504405539070889,2,12.918751,8.1,-29.643751
504405546094965,1,1.7479501,3.9019501,10.519951
504405555575341,4,0.0768625,-0.5214,-0.70248747
504405565055880,1,2.59095,3.9570003,10.816951
504405574536249,4,0.323675,-0.6777375,-0.753775
504405584016788,1,3.04605,3.9550502,10.795051
504405589233362,2,12.356251,8.83125,-30.018751
504405593497157,4,0.566775,-0.966075,-0.9101125
504405602977443,1,3.1710002,3.828,10.366051
504405612457980,4,0.7365875,-1.2056,-1.123925
504405621938586,1,2.7160501,3.61995,9.37005
504405631418894,4,0.7365875,-1.2874125,-1.277925
504405639197263,2,11.56875,9.31875,-30.300001
504405640899251,1,1.9609501,3.6510003,8.623051
504405650379769,4,0.632775,-1.1639374,-1.3304499
504405659860155,1,1.0830001,3.9640503,8.133
504405669340677,4,0.51425,-0.8768375,-1.250975
504405678821064,1,0.84795004,4.4380503,7.0740004
504405688301374,4,0.218625,-0.95755,-1.1801625
504405689068418,2,10.6875,9.46875,-30.91875
504405697781923,1,2.1750002,5.181,7.5030003
504405707262538,4,-0.0636625,-1.501225,-1.327975
504405716742848,1,3.6060002,5.616,9.435
504405726223230,4,0.0011,-1.8396125,-1.7518874
504405735703769,1,3.5059502,5.1139503,9.78495
504405739002211,2,9.375,9.58125,-31.48125
504405745184154,4,0.113437496,-1.634325,-2.0867
504405754664672,1,2.5150502,4.563,8.740951
504405764145057,4,0.0499125,-1.016125,-2.0976999
504405773625362,1,1.9210501,4.0960503,7.7689505
504405783105899,4,-0.090475,-0.452925,-1.93765
504405789127826,2,7.2000003,9.69375,-31.66875
504405792586523,1,1.53795,4.1410503,7.4599504
504405802066855,4,-0.1527625,-0.2391125,-1.7226
504405811547242,1,1.521,4.23495,7.5649505
504405821027778,4,-0.084425,-0.41635,-1.5197875
504405830508165,1,1.8679501,4.4809504,7.80495
504405839244600,2,5.08125,9.675,-32.025
504405839988711,4,0.0598125,-0.7547375,-1.3927375
504405849469021,1,2.40405,4.848,7.4880004
504405858949393,4,0.1013375,-1.087075,-1.4257375
504405868429931,1,2.62695,5.013,7.1920505
504405877910557,4,0.0083875,-1.441275,-1.5258375
504405887390866,1,2.49795,4.5750003,7.5220504
504405888837830,2,2.86875,9.6,-32.4
504405896871172,4,-0.10395,-1.6600375,-1.5137374
504405906351796,1,2.493,4.18695,8.299951
504405915832181,4,-0.154,-1.5745125,-1.4392124
504405925312491,1,2.32995,3.9640503,8.335951
504405934793027,4,-0.2187625,-1.3656499,-1.327975
504405939193024,2,0.46875003,9.4875,-32.60625
504405944273414,1,2.22495,4.077,7.9530005
504405953753945,4,-0.32505,-1.4084125,-1.2302125
504405963234332,1,2.5069501,4.29195,8.508
504405972714868,4,-0.2847625,-1.6856124,-1.2326875
504405982195255,1,2.7250502,4.24695,8.67405
504405989223332,2,-2.2687502,9.4875,-32.193752
504405991675788,4,-0.2347125,-1.8726125,-1.3121625
504406001156169,1,2.57205,4.098,8.35005
504406010636706,4,-0.2982375,-1.8127999,-1.3536875
504406020117029,1,2.89995,4.11795,8.437051
504406029597412,4,-0.399575,-1.5525125,-1.44045
504406039078017,1,2.871,4.3429503,8.34795
504406039229385,2,-5.0437503,9.431251,-31.837502
504406048558325,4,-0.520575,-1.280125,-1.565025
504406058038855,1,2.70795,4.3980002,8.31495
504406067519210,4,-0.6073375,-1.0833625,-1.6493125
504406076999749,1,2.3040001,4.431,8.19705
504406086480065,4,-0.6329125,-1.043075,-1.676125
504406089052441,2,-7.70625,9.243751,-31.2
504406095960450,1,2.35605,4.5870004,8.367001
504406105440989,4,-0.5878125,-1.0368875,-1.7445999
504406114921375,1,2.2390501,4.63905,8.37705
504406124401912,4,-0.5253875,-1.0113125,-1.8154125
504406133882298,1,1.9260001,4.8169503,8.35995
504406139185416,2,-10.556251,8.90625,-30.35625
504406143362825,4,-0.46805,-1.0003124,-1.8484125
504406152843202,1,1.5949501,4.86495,8.283
504406162323508,4,-0.4228125,-0.9538375,-1.8239375
504406171804047,1,1.389,5.0730004,8.17095
504406181284431,4,-0.393525,-0.8927875,-1.76165
504406189194548,2,-13.462501,8.38125,-29.23125
504406190765051,1,1.3290001,5.33895,8.070001
504406200245358,4,-0.385,-0.7937875,-1.7078875
504406209725897,1,1.167,5.54895,7.9459505
504406219206282,4,-0.4191,-0.766975,-1.6578375
504406228686820,1,0.96300006,5.80095,8.19495
504406238167119,4,-0.429,-0.7462125,-1.593075
504406239041652,2,-16.125,7.65,-27.937502
504406247647503,1,1.0540501,5.8960505,8.817
504406257128037,4,-0.34705,-0.6862625,-1.5467374
504406266608424,1,1.02795,5.90595,9.052051
504406276088960,4,-0.231,-0.5336375,-1.49655
504406285569270,1,0.855,5.9680505,8.80095
504406289088924,2,-18.525002,6.6937504,-26.737501
504406295049633,4,-0.17847499,-0.407825,-1.4537874
504406304530181,1,0.62805,6.045,8.619
504406314010565,4,-0.150425,-0.3674,-1.4049749
504406323491104,1,0.41205,5.98995,8.776951
504406332971412,4,-0.0991375,-0.3454,-1.31945
504406339110117,2,-20.681252,5.49375,-25.500002
504406342452032,1,0.132,5.85795,8.929951
504406351932345,4,-0.045375,-0.3430625,-1.189925
504406361412960,1,0.003,5.82495,8.911051
504406370893268,4,-0.0391875,-0.3796375,-1.07635
504406380373655,1,0.063,5.75505,9.1380005
504406389233660,2,-22.5375,4.18125,-24.337502
504406389854206,4,-0.0416625,-0.5372125,-1.0371625
504406399334593,1,0.36900002,5.56605,9.69795
504406408815143,4,0.003575,-0.6972625,-1.101925
504406418295453,1,0.261,5.08995,9.721951
504406427775836,4,0.009625,-0.7865,-1.1741124
504406437256374,1,-0.38205,4.5370502,9.46605
504406438855885,2,-24.0,2.7,-23.400002
504406446736745,4,-0.023375,-0.6875,-1.1374
504406456217297,1,-1.1689501,3.9829502,8.712001
504406465697692,4,-0.1271875,-0.4676375,-0.96635
504406475178001,1,-1.62195,3.8800502,7.8840003
504406484658615,4,-0.321475,-0.2855875,-0.7720625
504406489147487,2,-25.331251,1.1812501,-22.556252
504406494138925,1,-1.84905,4.137,8.109
504406503619461,4,-0.44233748,-0.264825,-0.6694875
504406513099848,1,-1.69395,4.122,8.99205
504406522580384,4,-0.377575,-0.1500125,-0.6414375
504406532060771,1,-1.27695,4.197,9.403951
504406539207552,2,-26.56875,-0.1875,-21.5625
504406541541307,4,-0.2872375,0.0210375,-0.6634375
504406551021617,1,-1.4950501,4.21995,8.80095
504406560502000,4,-0.332475,0.066275,-0.61325
504406569982547,1,-1.7149501,4.39305,8.34105
504406579462932,4,-0.4728625,-0.2085875,-0.5082
504406588943485,1,-1.5840001,4.644,9.162001
504406589246377,2,-27.843752,-1.3875,-20.643751
504406598423788,4,-0.4508625,-0.4431625,-0.4092
504406607904163,1,-0.753,4.656,9.967051
504406617384701,4,-0.286,-0.385825,-0.4263875
504406626865083,1,-0.40995002,4.90005,9.777
504406636345619,4,-0.1601875,-0.1535875,-0.51919997
504406639023113,2,-28.85625,-2.3812501,-19.800001
504406645826016,1,-0.549,4.84305,9.14505
504406655306542,4,-0.1419,0.1065625,-0.5790125
504406664786852,1,-1.131,4.905,8.535001
504406674267471,4,-0.2077625,0.2800875,-0.521675
504406683747857,1,-1.4760001,4.7860503,8.773951
504406689134913,2,-29.475,-3.2625,-19.35
504406693228177,4,-0.1552375,0.293425,-0.400675
504406702708483,1,-1.5259501,4.99905,9.15495
504406712189096,4,0.014575,0.143275,-0.2943875
504406721669396,1,-1.15005,5.013,9.232051
504406731149932,4,0.2112,-0.06325,-0.273625
504406739235542,2,-30.000002,-3.9375002,-18.7875
504406740630328,1,-0.71400005,4.85505,8.84595
504406750110850,4,0.2979625,-0.1744875,-0.32615
504406759591237,1,-0.45105,4.73295,8.3890505
504406769071840,4,0.24419999,-0.1475375,-0.42267498
504406778552150,1,-0.56595004,4.60395,8.161051
504406788032471,4,0.1208625,-0.032725,-0.5154875
504406789044743,2,-30.337502,-4.51875,-18.243752
504406797513009,1,-0.93495005,4.50495,8.073
504406806993394,4,-0.02695,0.0699875,-0.55715
504406816473922,1,-0.975,4.467,8.443951
504406825954307,4,-0.112475,0.1518,-0.5559125
504406835434832,1,-0.87195003,4.47195,8.68095
504406839112480,2,-30.375002,-5.0625,-18.206251
504406844915139,4,-0.134475,0.20185,-0.560725
504406854395514,1,-0.91800004,4.5370502,8.55405
504406863876052,4,-0.1527625,0.243375,-0.571725
504406873356362,1,-1.15695,4.63695,8.20005
504406882836964,4,-0.194425,0.22385,-0.576675
504406889036586,2,-30.056252,-5.6625004,-18.4125
504406892317351,1,-1.473,4.65105,8.21205
504406901797657,4,-0.1992375,0.177375,-0.5143875
504406911278195,1,-1.62405,4.66305,8.41695
504406920758575,4,-0.1419,0.1505625,-0.4129125
504406930239113,1,-1.55505,4.8120003,8.50605
504406939242355,2,-29.98125,-6.1875005,-18.4125
504406939719484,4,-0.05995,0.1225125,-0.3359125
504406949200023,1,-1.6170001,4.965,8.5990505
504406958680330,4,0.0598125,0.0320375,-0.2553375
504406968160705,1,-1.5670501,5.1259503,8.58495
504406977641243,4,0.1758625,-0.0889625,-0.196625
504406987121640,1,-1.521,5.2309504,8.37705
504406988827311,2,-30.0375,-6.7500005,-18.45
504406996602177,4,0.22715,-0.2330625,-0.1551
504407006082563,1,-1.42305,5.2429504,8.281051
504407015562883,4,0.240625,-0.396825,-0.1282875
504407025043421,1,-1.1359501,5.19,8.55405
504407034523821,4,0.2539625,-0.5592125,-0.140525
504407039187939,2,-30.000002,-7.33125,-18.54375
504407044004359,1,-0.91995007,5.0490003,8.944051
504407053484729,4,0.3004375,-0.7046875,-0.1648625
504407062965268,1,-0.58005005,4.8690004,9.4470005
504407072445575,4,0.39325,-0.73768747,-0.2358125
504407081925960,1,-0.57600003,4.55805,9.604951
504407089180779,2,-30.056252,-7.8375,-18.5625
504407091406498,4,0.4714875,-0.65945,-0.31033748
504407100886885,1,-0.93900007,4.27995,9.33195
504407110367191,4,0.4860625,-0.50545,-0.322575
504407119847816,1,-1.61205,3.9910502,9.00195
504407129328124,4,0.4849625,-0.3295875,-0.2003375
504407138808676,1,-2.53395,4.22295,8.88195
504407139240311,2,-30.225,-8.325001,-18.13125
504407148289061,4,0.50325,-0.0242,0.1038125
504407157769620,1,-2.3380501,4.704,7.9789505
504407167249927,4,0.456775,0.3496625,0.3458125
504407176730302,1,-1.3110001,4.8499503,7.3090506
504407186210917,4,0.3859625,0.2165625,0.41415
504407189035248,2,-30.581251,-8.71875,-17.456251
504407195691227,1,-0.504,5.118,6.6270003
504407205171763,4,0.1684375,-0.2391125,0.3531
504407214652150,1,0.192,5.53695,6.57105
504407224132456,4,-0.1601875,-0.628925,0.1343375
504407233612994,1,0.633,5.43405,7.79295
504407239086881,2,-30.73125,-9.13125,-17.118752
504407243093389,4,-0.3752375,-0.5336375,-0.1111
504407252573927,1,-0.01305,4.9339504,9.21
504407262054235,4,-0.377575,-0.176825,-0.1307625
504407271534856,1,-0.74100006,4.5750003,10.00695
504407281015163,4,-0.187,0.09185,0.07205
504407289218846,2,-31.0125,-9.28125,-16.5
504407290495779,1,-1.131,4.42395,10.09095
504407299976071,4,0.0829125,0.28861248,0.388575
504407309456381,1,-0.77205,4.4929504,9.53295
504407318936995,4,0.3139125,0.315425,0.5839625
504407328417304,1,-0.30705002,4.58895,8.82495
504407337897687,4,0.4750625,0.2140875,0.659725
504407338967557,2,-31.612501,-9.20625,-15.731251
504407347378225,1,-0.19500001,4.66305,7.8550506
504407356858620,4,0.445775,0.0075625,0.7172
504407366339158,1,-0.12795001,4.61805,7.45695
504407375819475,4,0.3212,-0.069299996,0.7599625
504407385299860,1,0.28500003,4.4620504,7.6489506
504407389146015,2,-32.100002,-8.94375,-15.150001
504407394780398,4,0.20515,-0.0265375,0.764775
504407404260780,1,0.51795,4.39305,8.11095
504407413741316,4,0.1331,0.09185,0.7599625
504407423221694,1,1.1020501,4.29195,8.3890505
504407432702000,4,0.0878625,0.2946625,0.69519997
504407439097778,2,-32.5125,-8.34375,-15.0375
504407442182624,1,1.2019501,4.1340003,8.31705
504407451662932,4,0.058575,0.4486625,0.6292
504407461143242,1,0.90105003,4.06995,8.049001
504407470623788,4,0.04015,0.4609,0.59125
504407480104175,1,0.522,4.03095,7.7470503
504407489584696,4,0.0231,0.3949,0.587675
504407489226431,2,-32.79375,-7.55625,-15.1125
504407499065312,1,0.22305001,4.0459504,7.5409503
504407508545619,4,-1.375E-4,0.348425,0.6219125
504407518026011,1,-0.006,3.9910502,7.4359503
504407527506317,4,-0.0441375,0.3741375,0.7000125
504407536986841,1,-0.00795,4.089,7.419
504407538817896,2,-33.018753,-6.5437503,-15.168751
504407546467226,4,-0.1051875,0.47795,0.7929625
504407555947764,1,0.072000004,4.1340003,7.4790006
504407565428072,4,-0.1601875,0.596475,0.86625
504407574908457,1,0.051000003,4.24695,7.5199504
504407584388995,4,-0.195525,0.64295,0.9420125
504407589196675,2,-33.225002,-5.3812504,-15.562501
504407593869382,1,0.10305001,4.36905,7.6750503
504407603349922,4,-0.1992375,0.662475,0.98835
504407612830309,1,0.08205,4.4359503,7.89795
504407622310606,4,-0.1821875,0.684475,1.03235
504407631791144,1,-0.14205001,4.50495,8.07705
504407639180677,2,-33.15,-3.9750001,-16.275002
504407641271529,4,-0.156475,0.704,1.0921625
504407650752052,1,-0.13305001,4.5679502,8.443951
504407660232360,4,-0.112475,0.7247625,1.1301125
504407669712965,1,-0.16095,4.6729503,8.743051
504407679193350,4,-0.0941875,0.7357625,1.14235
504407688673650,1,-0.18300001,4.6800003,9.033
504407689210338,2,-32.86875,-2.325,-17.1375
504407698153969,4,-0.117425,0.7797625,1.1446875
504407707634508,1,-0.20400001,4.63905,9.460951
504407717114898,4,-0.14795,0.778525,1.1386375
504407726595436,1,-0.32895002,4.48395,10.30395
504407736075816,4,-0.100237496,0.78223747,1.1631125
504407739113556,2,-32.49375,-0.54375005,-18.150002
504407745556125,1,-0.29805002,4.122,11.215951
504407755036753,4,0.058575,0.9618125,1.2021625
504407764517062,1,-0.48705003,3.897,11.39595
504407773997590,4,0.2088625,1.3294874,1.2412125
504407783477977,1,-1.26705,3.8059502,10.174951
504407789048860,2,-31.95,1.40625,-19.29375
504407792958296,4,0.1684375,1.5800124,1.316975
504407802438835,1,-2.295,3.8230503,8.79105
504407811919219,4,-0.0611875,1.46025,1.5027375
504407821399845,1,-2.33295,3.7129502,8.487
504407830880153,4,-0.319,1.0814375,1.6993625
504407839215109,2,-31.0125,3.5062501,-20.75625
504407840360700,1,-0.73395,3.732,9.5449505
504407849841018,4,-0.4167625,0.8603375,1.63955
504407859321402,1,0.264,3.7369502,10.55805
504407868801936,4,-0.3727625,0.8762875,1.4049749
504407878282323,1,-0.034050003,3.6430502,10.75905
504407887762628,4,-0.3202375,1.0228626,1.25345
504407888928677,2,-29.643751,5.775,-22.275002
504407897243167,1,-0.786,3.52905,10.489051
504407906723551,4,-0.294525,1.1963875,1.2474
504407916203876,1,-1.0830001,3.5430002,10.347
504407925684489,4,-0.2272875,1.2574375,1.2914
504407935165013,1,-1.09695,3.7390501,10.213051
504407939155868,2,-27.956251,8.0625,-23.79375
504407944645321,4,-0.1027125,1.071675,1.2914
504407954125707,1,-0.84795004,3.82995,10.31595
504407963606244,4,0.0829125,0.8493375,1.23145
504407973086516,1,-0.62805,3.8250003,10.2630005
504407982566898,4,0.2624875,0.74181247,1.12035
504407989158993,2,-26.1,10.200001,-25.275002
504407992047441,1,-0.65895003,3.7440002,9.595051
504408001527821,4,0.3089625,0.7638125,0.985875
504408011008116,1,-1.1410501,3.63105,8.688001
504408020488729,4,0.1929125,0.85676247,0.87229997
504408029969039,1,-1.76505,3.48795,8.13
504408039449345,4,-0.0209,0.9458625,0.80025
504408039230438,2,-23.925001,12.0375,-26.7
504408048929941,1,-2.35905,3.315,8.20905
504408058410249,4,-0.2237125,0.99715,0.8270625
504408067890772,1,-2.673,3.1549501,8.841001
504408077371157,4,-0.305525,1.0069125,0.87835
504408086851687,1,-2.6920502,3.0259502,9.550051
504408088763000,2,-21.54375,13.575001,-28.050001
504408096331994,4,-0.2602875,1.0168124,0.8955375
504408105812379,1,-3.075,2.8560002,9.688951
504408115292907,4,-0.187,1.0203875,0.9590625
504408124773294,1,-3.7240503,2.8170002,9.48795
504408134253821,4,-0.132,1.0399125,1.1081125
504408139156837,2,-19.29375,14.868751,-29.081251
504408143734130,1,-4.119,2.8990502,9.018001
504408153214509,4,-0.1199,0.9678625,1.2827375
504408162695047,1,-3.9610503,3.0229502,8.85105
504408172175346,4,-0.0941875,0.7467625,1.409925
504408181655731,1,-3.6520503,3.1620002,9.14805
504408189249081,2,-17.212502,15.88125,-29.79375
504408191136346,4,0.00715,0.5757125,1.4647875
504408200616669,1,-3.528,3.153,9.31995
504408210096975,4,0.130625,0.5512375,1.51855
504408219577513,1,-3.58995,3.0900002,8.911051
504408229057898,4,0.141625,0.594,1.626075
504408238538465,1,-3.41805,3.0310502,8.66895
504408239172130,2,-15.187501,16.706251,-30.431252
504408248018850,4,0.092675,0.649,1.7556
504408257499165,1,-2.9670002,2.9539502,8.644951
504408266979701,4,0.0463375,0.6502375,1.8374125
504408276460102,1,-2.7210002,3.0349503,8.81505
504408285940638,4,0.0193875,0.629475,1.9009374
504408289055128,2,-13.14375,17.475,-31.10625
504408295420948,1,-2.39505,3.045,9.226951
504408304901571,4,0.05115,0.679525,1.9534625
504408314381881,1,-2.32095,2.9899502,9.37005
504408323862264,4,0.1269125,0.833525,2.023175
504408333342802,1,-2.25405,2.97105,9.052051
504408339021270,2,-11.418751,18.431252,-31.48125
504408342823134,4,0.169675,0.99715,2.1124125
504408352303517,1,-2.0670002,3.10695,8.487
504408361784056,4,0.1599125,1.01915,2.1759374
504408371264434,1,-1.6510501,3.24795,8.290951
504408380744739,4,0.1538625,0.96305,2.2174625
504408389216870,2,-8.962501,19.29375,-31.85625
504408390225292,1,-1.30095,3.459,8.247001
504408399705907,4,0.1538625,0.9263375,2.2077
504408409186294,1,-1.02795,3.59295,8.214001
504408418666528,4,0.158675,0.9691,2.16975
504408428146912,1,-0.80100006,3.7129502,8.202001
504408437627451,4,0.158675,1.0533875,2.144175
504408438916009,2,-6.0375004,19.81875,-32.30625
504408447107837,1,-0.71400005,3.8610003,8.04195
504408456588133,4,0.12815,1.142625,2.1404624
504408466068667,1,-0.717,4.17495,8.001
504408475549051,4,0.09515,1.1791999,2.1599874
504408485029601,1,-0.441,4.6129503,8.17095
504408489147572,2,-3.1312501,19.81875,-32.550003
504408494509985,4,0.0939125,1.2024375,2.128225
504408503990280,1,-0.09705,5.0730004,8.161051
504408513470817,4,0.07315,1.087625,2.040225
504408522951189,1,0.51000005,5.5350003,8.34795
504408532431495,4,0.0499125,0.90433747,1.8888375
504408539149050,2,0.16875,19.275002,-32.737503
504408541912004,1,1.401,5.6350503,8.74995
504408551392399,4,0.0671,0.74181247,1.6432625
504408560872937,1,1.8940501,5.715,9.061951
504408570353326,4,0.1049125,0.723525,1.3842125
504408579833636,1,1.746,5.6329503,9.129001
504408589314172,4,0.1123375,0.8468625,1.2436875
504408589239913,2,3.1125002,18.28125,-32.756252
504408598794550,1,1.6530001,5.5230002,9.09
504408608275085,4,0.10615,1.026575,1.2082125
504408617755395,1,1.6210501,5.571,8.950951
504408627236024,4,0.1111,1.0924375,1.222925
504408636716102,1,1.81095,5.7769504,8.86005
504408639071581,2,6.5437503,16.725,-32.9625
504408646196624,4,0.16115,0.949575,1.211925
504408655676997,1,2.3800502,5.9560504,8.781
504408665157302,4,0.19415,0.6147625,1.117875
504408674637932,1,2.73705,6.10995,8.51805
504408684118470,4,0.130625,0.3436125,0.9895875
504408689231029,2,8.700001,15.01875,-32.643753
504408693598795,1,2.91405,5.9440503,8.590051
504408703079178,4,0.047575,0.3240875,0.87725
504408712559716,1,3.11505,5.8369503,8.611051
504408722040029,4,-0.0429,0.4939,0.7525375
504408731520413,1,2.9839501,5.75295,8.547
504408739199023,2,10.2375,13.312501,-32.081253
504408741000941,4,-0.132,0.6747125,0.675675
504408750481265,1,2.526,5.67105,8.5990505
504408759961878,4,-0.1601875,0.68076247,0.66825
504408769442203,1,2.2390501,5.6590505,9.246
504408778922585,4,-0.0196625,0.4571875,0.6499625
504408788402919,1,2.15295,5.52495,9.63105
504408789103159,2,11.981251,11.8125,-31.81875
504408797883446,4,0.2099625,0.2165625,0.5999125
504408807363832,1,2.0760002,5.367,9.5449505
504408816844359,4,0.4202,0.110275,0.5314375
504408826324668,1,2.016,5.18505,9.01605
504408835805051,4,0.5350125,0.1848,0.4618625
504408839085869,2,13.200001,10.5,-31.593752
504408845285590,1,1.9110001,5.025,8.073
504408854765974,4,0.4970625,0.3386625,0.416625
504408864246513,1,1.5619501,5.0269504,7.3660502
504408873726820,4,0.3994375,0.36685,0.40315
504408883207201,1,1.542,5.037,7.08405
504408889149302,2,14.531251,9.20625,-31.312502
504408892687509,4,0.3199625,0.293425,0.3751
504408902168056,1,1.69605,5.1589503,7.0020003
504408911648441,4,0.257675,0.1676125,0.31405
504408921129008,1,1.60905,5.1660004,7.0459504
504408930609316,4,0.2014375,0.127325,0.2773375
504408939249102,2,15.450001,8.025001,-30.843752
504408940089701,1,1.57605,5.1589503,6.8440504
504408949570224,4,0.092675,0.2275625,0.256575
504408959050611,1,1.5690001,5.2909503,6.6000004
504408968530927,4,-0.0539,0.3619,0.2443375
504408978011465,1,1.53795,5.355,6.6070504
504408987491855,4,-0.1711875,0.4376625,0.22605
504408988901420,2,16.63125,6.8812504,-30.806252
504408996972164,1,1.47105,5.4150004,6.8320503
504409006452701,4,-0.216425,0.4169,0.2101
504409015933082,1,1.5469501,5.54895,7.3950005
504409025413619,4,-0.143,0.34485,0.184525
504409034893909,1,1.4080501,5.62095,7.6390505
504409039184889,2,17.75625,5.90625,-30.806252
504409044374291,4,-0.0196625,0.292325,0.1502875
504409053854816,1,0.9990001,5.6260505,7.347
504409063335210,4,0.0378125,0.2226125,0.1722875
504409072815520,1,0.9799501,5.748,7.2420006
504409082296052,4,0.064625,0.1395625,0.20405
504409089126421,2,18.525002,5.025,-30.73125
504409091776438,1,1.35105,5.8390503,7.4599504
504409101256748,4,0.108625,0.09185,0.162525
504409110737286,1,1.7910001,6.0430503,7.5049505
504409120217671,4,0.113437496,0.1065625,0.0587125
504409129698220,1,2.0740502,6.0540004,7.4380503
504409139178604,4,0.0633875,0.1810875,-0.058575
504409139234092,2,19.03125,4.2562504,-30.54375
504409148658914,1,2.29905,6.1309505,7.6660504
504409158139450,4,0.020624999,0.2959,-0.18205
504409167619750,1,2.35605,6.0040503,7.8550506
504409177100133,4,0.003575,0.3509,-0.29315
504409186580657,1,2.292,5.892,8.02995
504409189064126,2,19.462502,3.73125,-30.281252
504409196060965,4,-0.0099,0.392425,-0.35915
504409205541580,1,2.4400501,5.6140504,8.24505
504409215021897,4,-0.0306625,0.4816625,-0.394625
504409224502284,1,2.7540002,5.3749504,8.865001
504409233982580,4,0.031625,0.6087125,-0.4178625
504409239216318,2,19.875,3.3750002,-30.056252
504409243463119,1,2.9670002,5.15205,9.375
504409252943513,4,0.158675,0.67595,-0.455675
504409262423833,1,2.301,5.4630003,8.319
504409271904370,4,0.0609125,0.4901875,-0.5289625
504409281384746,1,1.389,5.4970503,8.437051
504409289201325,2,20.456251,3.2250001,-29.6625
504409290865052,4,0.0231,0.083325,-0.53267497
504409300345688,1,0.94095004,5.4889503,8.559
504409309825995,4,-0.012375,-0.5361125,-0.609675
504409319306548,1,1.17795,5.3910003,9.150001
504409328786855,4,-0.0281875,-0.9843625,-0.780725
504409338267230,1,1.2550501,4.9030504,9.694051
504409339065015,2,20.831251,3.1875002,-29.362501
504409347747769,4,-0.0611875,-0.9208375,-0.8795875
504409357228078,1,0.666,4.5100503,9.706051
504409366708461,4,-0.0917125,-0.579975,-0.9015875
504409376188989,1,-0.68295,4.20405,9.77295
504409385669374,4,0.042625,-0.22453749,-0.758725
504409389096944,2,20.868752,3.3000002,-29.025002
504409395149684,1,-1.55505,3.933,9.14295
504409404630211,4,0.2429625,-0.12925,-0.5374875
504409414110598,1,-1.9189501,4.4220004,8.118
504409423591124,4,0.3542,-0.3210625,-0.3848625
504409433071434,1,-1.99995,4.82595,7.1290503
504409439128964,2,20.868752,3.6375,-28.800001
504409442551827,4,0.3029125,-0.5641625,-0.3188625
504409452032145,1,-1.557,5.0940003,6.6550503
504409461512682,4,0.1489125,-0.70345,-0.3359125
504409470993064,1,-0.90405005,5.24805,6.4800005
504409480473369,4,-0.117425,-0.80602497,-0.416625
504409489228863,2,20.737501,3.9375002,-28.837502
504409489953899,1,-0.24795002,5.1730504,7.0360503
504409499434523,4,-0.3653375,-0.8597875,-0.5009125
504409508914833,1,0.50595003,4.9960504,8.37705
504409518395120,4,-0.4277625,-0.86707497,-0.62425
504409527875504,1,0.81000006,4.9240503,9.129001
504409537356043,4,-0.4093375,-0.8133125,-0.7684875
504409538823511,2,20.19375,4.33125,-28.931252
504409546836352,1,0.63495004,4.809,9.295951
504409556316735,4,-0.404525,-0.661925,-0.8795875
504409565797274,1,0.27105,4.6540504,9.22395
504409575277566,4,-0.426525,-0.48345,-0.91987497
504409584758182,1,0.075,4.551,9.18105
504409589190448,2,19.1625,4.89375,-29.025002
504409594238494,4,-0.41305,-0.396825,-0.9211125
504409603718891,1,-0.17805001,4.551,9.13095
504409613199197,4,-0.3532375,-0.419925,-0.9040625
504409622679730,1,-0.46800002,4.4359503,9.229051
504409632160115,4,-0.22495,-0.5396875,-0.841775
504409639219238,2,18.1875,5.55,-29.23125
504409641640420,1,-0.34605002,4.4380503,9.082951
504409651120956,4,-0.1076625,-0.68145,-0.7965375
504409660601266,1,-0.051000003,4.4809504,8.71395
504409670081634,4,-0.0661375,-0.762025,-0.7990125
504409679561944,1,0.19005,4.49595,8.50605
504409689042567,4,-0.0807125,-0.817025,-0.81125
504409689239179,2,17.306252,6.24375,-29.475
504409698522881,1,0.52005005,4.45305,8.70705
504409708003418,4,-0.0979,-0.81949997,-0.85882497
504409717483809,1,0.822,4.41195,9.01395
504409726964115,4,-0.084425,-0.7962625,-0.9516375
504409736444644,1,1.11405,4.3549504,9.279
504409738916087,2,16.21875,6.9375005,-29.831251
504409745925028,4,-0.02695,-0.7975,-1.0896875
504409755405348,1,1.0710001,4.3230004,9.339001
504409764885884,4,0.0499125,-0.89155,-1.23145
504409774366285,1,0.82395005,4.197,9.30795
504409783846591,4,0.1343375,-0.9722625,-1.3365
504409789157712,2,14.981251,7.8,-30.206251
504409793327144,1,0.61305004,4.0740004,9.15495
504409802807528,4,0.174625,-1.032075,-1.3817375
504409812287838,1,0.49095002,4.0939503,8.892
504409821768374,4,0.152625,-1.1176,-1.40745
504409831248761,1,0.58695,4.125,8.89395
504409839203269,2,13.687501,8.625,-30.54375
504409840729066,4,0.1331,-1.1958375,-1.433025
504409850209600,1,0.75495005,4.0480504,9.04695
504409859689985,4,0.14533749,-1.2593625,-1.4147375
504409869170543,1,1.45395,4.1080503,9.58605
504409878650851,4,0.252725,-1.3228875,-1.4342625
504409888131254,1,1.9969501,4.23,9.96195
504409889035770,2,12.243751,9.337501,-31.143751
504409897611793,4,0.4494875,-1.3044626,-1.5087875
504409907092103,1,1.9609501,4.3380003,9.459001
504409916572494,4,0.5680125,-1.2079375,-1.5565
504409926052804,1,1.3480501,4.5990005,8.269051
504409935533363,4,0.511775,-1.0296,-1.52955
504409939164238,2,10.03125,9.900001,-31.331251
504409945013750,1,1.19295,4.8169503,7.0360503
504409954494264,4,0.274725,-0.977075,-1.5015
504409963974573,1,1.8420001,4.9750504,6.6499505
504409973454961,4,-0.0367125,-1.29965,-1.5895
504409982935499,1,2.6839502,5.28795,7.9240503
504409989093171,2,7.55625,10.21875,-31.743752
504409992415812,4,-0.154,-1.8836125,-1.7886
504410001896225,1,2.8500001,5.3430004,9.5140505
504410011376532,4,-0.0441375,-2.3698125,-2.034175
504410020857143,1,2.2800002,4.95795,10.201051
504410030337374,4,0.100099996,-2.4113374,-2.1514626
504410039218079,2,4.59375,10.5,-31.893751
504410039817753,1,1.6789501,4.47195,9.706051
504410049298292,4,0.10615,-2.1316626,-2.106225
504410058778688,1,1.2220501,4.30695,9.375
504410068258994,4,0.080575,-1.8041375,-1.9193625
504410077739543,1,1.1880001,4.48605,9.106951
504410087219927,4,0.0561,-1.7138,-1.75065
504410089027530,2,1.4250001,10.59375,-32.025
504410096700252,1,1.5139501,4.9890003,8.97795
504410106180802,4,0.0573375,-1.7601374,-1.73965
504410115661189,1,1.69605,5.05095,8.93505
504410125141731,4,0.0683375,-1.7491375,-1.7593125
504410134622040,1,1.6860001,5.06295,8.65005
504410139219599,2,-2.04375,10.462501,-32.006252
504410144102404,4,0.0243375,-1.6685625,-1.7458375
504410153582723,1,1.7050501,5.085,8.158951
504410163063259,4,-0.101475,-1.6148,-1.7433625
504410172543583,1,1.7890501,5.13495,8.2570505
504410182023965,4,-0.189475,-1.6148,-1.7298875
504410189182210,2,-5.64375,9.993751,-31.612501
504410191504504,1,1.84905,5.0940003,8.54895
504410200984889,4,-0.198,-1.6000875,-1.69455
504410210465427,1,2.18895,5.097,8.51805
504410219945750,4,-0.20899999,-1.5940375,-1.6993625
504410229426134,1,2.364,5.23995,8.443951
504410238906422,4,-0.23595,-1.612325,-1.7678375
504410239237105,2,-8.962501,9.337501,-31.087502
504410248386961,1,2.40405,5.2840505,8.53005
504410257867321,4,-0.2407625,-1.6405125,-1.847175
504410267347631,1,2.25105,5.20695,8.556001
504410276828153,4,-0.20899999,-1.578225,-1.8936499
504410286308769,1,1.9810501,5.0820003,8.06805
504410289000870,2,-12.337501,8.512501,-30.150002
504410295788856,4,-0.239525,-1.4865125,-1.87165
504410305269374,1,1.6789501,5.0490003,7.7689505
504410314749682,4,-0.283525,-1.3459874,-1.775125
504410324230048,1,1.35105,4.9630504,7.58895
504410333710586,4,-0.29947498,-1.1774125,-1.6273125
504410339124496,2,-15.337501,7.36875,-28.9125
504410343190891,1,1.2930001,5.0560503,7.55595
504410352671260,4,-0.3092375,-1.004025,-1.505075
504410362151569,1,1.3560001,5.31195,7.9549503
504410371632106,4,-0.2492875,-0.76945,-1.411025
504410381112415,1,1.3990501,5.346,7.83795
504410389198046,2,-18.2625,6.0,-27.243752
504410390593024,4,-0.20047499,-0.5091625,-1.310925
504410400073324,1,1.176,5.5009503,7.3399506
504410409553706,4,-0.198,-0.3515875,-1.189925
504410419034231,1,1.18605,5.7049503,6.9469504
504410428514538,4,-0.2151875,-0.3491125,-1.1006875
504410437994908,1,1.35105,5.90805,6.7699504
504410439021984,2,-20.85,4.5375004,-25.556252
504410447475216,4,-0.24695,-0.4211625,-1.0591625
504410456955754,1,1.5780001,6.1260004,6.9880505
504410466436053,4,-0.253,-0.4846875,-1.0946375
504410475916438,1,1.4989501,6.08295,7.18905
504410485396976,4,-0.25795,-0.46035,-1.106875
504410489157587,2,-23.1375,3.1125002,-24.018751
504410494877286,1,1.365,5.9989505,7.3450503
504410504357668,4,-0.283525,-0.3210625,-1.09835
504410513838211,1,1.047,5.8840504,7.254
504410523318519,4,-0.3422375,-0.10725,-1.0396374
504410532798899,1,0.62805,5.7720003,6.9859505
504410539099091,2,-24.675001,1.63125,-22.78125
504410542279438,4,-0.4338125,0.0235125,-0.935825
504410551759742,1,0.31695002,5.8369503,7.0650005
504410561240125,4,-0.476575,0.0748,-0.8405375
504410570720444,1,0.32895002,5.98005,7.24695
504410580200980,4,-0.482625,0.1236125,-0.8025875
504410589681596,1,0.30705002,6.3109503,7.15605
504410589229308,2,-25.81875,0.24375,-21.75
504410599161888,4,-0.5633375,0.0638,-0.8344875
504410608642198,1,0.78795004,6.6990004,7.8790503
504410618122581,4,-0.6133875,-0.0155375,-1.0311126
504410627602890,1,1.1520001,6.22695,9.109051
504410637083412,4,-0.537625,-0.0950125,-1.2717375
504410638813794,2,-26.56875,-0.99375004,-21.09375
504410646563722,1,0.35505003,5.3910003,9.663
504410656044123,4,-0.4228125,-0.2050125,-1.3462625
504410665524662,1,-0.84405005,4.87395,9.627001
504410675004985,4,-0.354475,-0.280775,-1.2192125
504410684485369,1,-1.4950501,4.6660504,9.52095
504410689195826,2,-27.281252,-2.1750002,-20.6625
504410693965912,4,-0.344575,-0.380875,-0.99935
504410703446236,1,-1.5600001,4.65105,10.06995
504410712926619,4,-0.233475,-0.551925,-0.7684875
504410722407162,1,-0.95595,4.63905,10.797001
504410731887470,4,0.003575,-0.67045,-0.6524375
504410739179764,2,-27.843752,-3.2812502,-20.25
504410741367855,1,-0.58005005,4.61805,10.98705
504410750848393,4,0.2979625,-0.601975,-0.5632
504410760328703,1,-0.57795,4.6080003,10.122001
504410769809095,4,0.467775,-0.5226375,-0.499675
504410779289633,1,-0.762,4.8840003,8.72595
504410788769936,4,0.41525,-0.55439997,-0.4679125
504410789233825,2,-28.25625,-4.40625,-19.800001
504410798250325,1,-0.82695,5.08995,7.9219503
504410807730633,4,0.2564375,-0.5971625,-0.471625
504410817211177,1,-0.67605,5.1730504,7.7899504
504410826691561,4,0.0829125,-0.6191625,-0.5339125
504410836171871,1,-0.95100003,5.13705,8.08695
504410839026035,2,-29.156252,-5.3812504,-19.25625
504410845652177,4,-0.018424999,-0.5666375,-0.5559125
504410855132724,1,-1.248,4.85505,8.467951
504410864613114,4,-0.018424999,-0.435875,-0.52415
504410874093424,1,-1.4779501,4.7299504,8.434051
504410883573960,4,-0.0246125,-0.2550625,-0.471625
504410889038198,2,-30.13125,-6.3750005,-18.337502
504410893054347,1,-1.4929501,4.55595,7.9530005
504410902534652,4,-0.1137125,0.0185625,-0.427625
504410912015191,1,-1.4110501,4.46505,7.833
504410921495470,4,-0.167475,0.1750375,-0.4312
504410930975854,1,-1.6699501,4.4479504,7.9530005
504410939236508,2,-30.712502,-7.425,-17.493752
504410940456465,4,-0.122237496,0.0565125,-0.4104375
504410949936770,1,-2.1030002,4.4100003,8.4199505
504410959417307,4,0.069575,-0.131725,-0.3713875
504410968897602,1,-2.4,4.33995,8.326051
504410978377907,4,0.2259125,-0.31735,-0.2688125
504410987858287,1,-2.4379501,4.419,7.8930006
504410988959942,2,-31.462502,-8.306251,-16.5375
504410997338610,4,0.2649625,-0.3711125,-0.1392875
504411006819148,1,-1.8780001,4.51695,7.7370005
504411016299470,4,0.2479125,-0.3625875,-0.0867625
504411025780085,1,-1.1020501,4.80705,7.5199504
504411035260403,4,0.1269125,-0.3026375,-0.1331
504411039136415,2,-32.15625,-9.0375,-15.6
504411044740790,1,-0.46995002,4.953,7.4770503
504411054221114,4,-0.029424999,-0.2233,-0.2553375
504411063701653,1,-0.11595,5.0779505,7.7400002
504411073181966,4,-0.1626625,-0.143825,-0.40315
504411082662350,1,-0.23595001,5.1730504,8.238
504411089192590,2,-32.5875,-9.69375,-14.85
504411092142677,4,-0.2127125,-0.0644875,-0.5009125
504411101623229,1,-0.69495004,5.2050004,8.6310005
504411111103614,4,-0.17847499,-0.0424875,-0.50215
504411120584166,1,-1.1020501,5.214,8.56095
504411130064474,4,-0.1527625,-0.0583,-0.4312
504411139544779,1,-1.215,5.2639503,8.81505
504411139239657,2,-32.662502,-10.293751,-14.137501
504411149025162,4,-0.057475,-0.0889625,-0.344575
504411158505729,1,-1.16505,5.32905,9.042001
504411167986037,4,0.0891,-0.1755875,-0.25905
504411177466440,1,-1.2360001,5.4559503,9.042001
504411186946748,4,0.23815,-0.314875,-0.1832875
504411188985477,2,-32.41875,-10.89375,-13.950001
504411196427302,1,-1.062,5.5129504,8.97105
504411205907691,4,0.3334375,-0.42734998,-0.140525
504411215388230,1,-0.85305005,5.5849504,8.899051
504411224868551,4,0.34925,-0.4664,-0.1368125
504411234348936,1,-0.83895004,5.56395,8.817
504411239211628,2,-32.456253,-11.34375,-13.70625
504411243829273,4,0.2882,-0.474925,-0.129525
504411253309835,1,-0.72405005,5.44395,9.226951
504411262790152,4,0.2699125,-0.4566375,-0.102575
504411272270537,1,-0.59895,5.2930503,9.912001
504411281750844,4,0.373725,-0.4236375,-0.050049998
504411289138341,2,-32.1375,-11.793751,-13.406251
504411291231383,1,-0.633,5.0269504,10.374001
504411300711763,4,0.60101247,-0.319825,0.024475
504411310192073,1,-0.87000006,5.0490003,10.206
504411319672691,4,0.848925,0.0088,0.1478125
504411329153000,1,-0.693,4.9219503,8.467951
504411338633316,4,0.8551125,0.0748,0.1808125
504411339202576,2,-31.931252,-12.243751,-12.95625
504411348113854,1,-0.27105,4.9290004,6.3130503
504411357594152,4,0.4189625,-0.1084875,0.1478125
504411367074537,1,0.087000005,5.57595,5.676
504411376555066,4,-0.1406625,-0.021724999,0.052525
504411386035376,1,-0.20400001,5.53695,7.4719505
504411389122044,2,-32.287502,-12.4875,-12.337501
504411395515686,4,-0.3128125,0.1445125,-0.02805
504411404996085,1,-0.84405005,5.346,8.99505
504411414476624,4,-0.1552375,0.2508,0.044
504411423957001,1,-1.2100501,5.2860003,9.48795
504411433437306,4,0.086625,0.1640375,0.2431
504411439050836,2,-32.5125,-12.675,-12.0
504411442917626,1,-1.0519501,5.2840505,9.74205
504411452398152,4,0.3920125,0.0430375,0.4191
504411461878539,1,-0.82005006,5.394,9.4470005
504411471358860,4,0.6523,-0.01925,0.5339125
504411480839398,1,-0.34305,5.25495,8.508
504411489208693,2,-32.737503,-12.637501,-11.53125
504411490319763,4,0.732875,0.0149875,0.5803875
504411499800287,1,-0.25695002,5.2840505,7.3710003
504411509280595,4,0.5960625,0.116325,0.6499625
504411518760900,1,-0.03195,5.2930503,6.801
504411528241282,4,0.3432,0.22385,0.6975375
504411537721583,1,0.264,5.2330503,7.0909505
504411538932152,2,-33.225002,-12.431251,-11.00625
504411547202120,4,0.1538625,0.37661248,0.7489625
504411556682429,1,0.62805,5.16405,7.73295
504411566162812,4,0.11715,0.5011875,0.769725
504411575643136,1,0.58005005,5.1780005,8.17605
504411585123672,4,0.219725,0.47795,0.775775
504411589196786,2,-33.65625,-11.962501,-10.856251
504411594604073,1,0.43905002,5.0490003,8.022
504411604084595,4,0.3334375,0.436425,0.8050625
504411613564905,1,0.46005002,4.9630504,7.48605
504411623045293,4,0.36025,0.3961375,0.8380625
504411632525602,1,0.49095002,4.93905,7.0930505
504411639147773,2,-33.975002,-11.212501,-11.025001
504411642006129,4,0.3174875,0.419375,0.8454875
504411651486415,1,0.52695,4.85295,6.7579503
504411660966797,4,0.20515,0.58795,0.869825
504411670447336,1,0.60105,4.7070003,6.6460505
504411679927643,4,0.069575,0.814,0.9200125
504411689408037,1,0.66105,4.668,6.7249503
504411689232285,2,-34.0875,-10.275001,-11.475
504411698888340,4,-0.023375,1.04115,0.9615375
504411708368878,1,0.48195,4.6320004,6.71295
504411717849215,4,-0.089237496,1.1011,1.0383999
504411727329600,1,0.39600003,4.6870503,6.8320503
504411736810129,4,-0.10395,1.0693375,1.1398749
504411738909764,2,-34.162502,-9.0375,-12.13125
504411746290439,1,0.43395,4.8570004,7.0219502
504411755770835,4,-0.089237496,0.9618125,1.1961125
504411765251145,1,0.50595003,5.0989504,6.9930005
504411774731687,4,-0.1309,0.894575,1.2216874
504411784212073,1,0.47700003,5.15205,7.3660502
504411789209514,2,-34.36875,-7.51875,-12.975
504411793692369,4,-0.172425,0.95315,1.2656875
504411803172908,1,0.42900002,5.19705,7.7059503
504411812653215,4,-0.2261875,1.115675,1.3134
504411822133831,1,0.384,5.22405,7.8600006
504411831613908,4,-0.3042875,1.2940125,1.36345
504411839225639,2,-34.350002,-5.68125,-14.306251
504411841094441,1,0.22800002,5.1660004,8.092051
504411850574735,4,-0.3788125,1.36125,1.4465
504411860055119,1,0.09900001,5.0610003,8.628
504411869535648,4,-0.3752375,1.3014375,1.549075
504411879016035,1,0.16605,5.0269504,9.241051
504411888496330,4,-0.28105,1.16215,1.5992625
504411889147912,2,-33.91875,-3.5625002,-15.918751
504411897976879,1,0.22305001,4.881,9.753
504411907457186,4,-0.134475,1.1254375,1.6102625
504411916937515,1,0.22095,5.046,10.024051
504411926417898,4,-0.001375,1.3099625,1.5540249
504411935898436,1,0.324,4.9960504,9.40905
504411939112205,2,-33.16875,-1.1812501,-17.85
504411945378744,4,-0.034375,1.4663,1.4672625
504411954859134,1,0.132,4.87395,8.425051
504411964339672,4,-0.2897125,1.3429625,1.455025
504411973819972,1,0.40995002,5.0010004,8.616
504411983300278,4,-0.56705,1.1108625,1.37445
504411989052544,2,-32.081253,1.3687501,-19.9125
504411992780633,1,0.89595,5.013,9.84195
504412002261153,4,-0.6793875,1.0228626,1.1691625
504412011741462,1,0.62295,4.8360004,10.77795
504412021222076,4,-0.625625,1.1658624,1.0043
504412030702155,1,-0.17595,4.4479504,10.78995
504412039214775,2,-30.712502,4.0687504,-21.9375
504412040182691,4,-0.5473875,1.374725,0.990825
504412049663297,1,-0.846,4.314,10.479
504412059143604,4,-0.4741,1.4993,1.0714
504412068623678,1,-0.97305006,4.27995,10.41195
504412078104292,4,-0.332475,1.4540625,1.10935
504412087584601,1,-0.85095006,4.2400503,10.38105
504412088897879,2,-28.968752,6.7500005,-23.925001
504412097064898,4,-0.1309,1.286725,1.089825
504412106545437,1,-0.89205,4.17705,10.01895
504412116025816,4,0.04015,1.1559625,1.0775875
504412125506122,1,-0.95895004,4.1410503,9.528001
504412134986658,4,0.1428625,1.0423875,1.0396374
504412139194010,2,-26.6625,9.1875,-25.706251
504412144466958,1,-1.12605,4.137,8.99505
504412153947327,4,0.1464375,0.910525,1.001825
504412163427865,1,-1.18605,4.10295,8.80305
504412172908149,4,0.0939125,0.8811,0.9505375
504412182388534,1,-1.2870001,4.05795,8.745001
504412189136627,2,-24.375002,11.25,-27.225
504412191868850,4,-1.375E-4,0.9213875,0.8980125
504412201349365,1,-1.5810001,4.03905,8.76
504412210829673,4,-0.117425,0.9911,0.8735375
504412220310043,1,-1.7539501,3.9280503,8.877001
504412229790582,4,-0.22495,1.0558625,0.86625
504412239270973,1,-1.95,3.8760002,9.19305
504412239228317,2,-22.050001,12.8625,-28.556252
504412248751279,4,-0.2762375,1.0924375,0.8685875
504412258231598,1,-2.1750002,3.8370001,9.50205
504412267712134,4,-0.242,1.037575,0.8845375
504412277192435,1,-2.39805,3.8130002,9.73005
504412286672818,4,-0.1467125,0.9801,0.9200125
504412288758436,2,-19.5375,14.137501,-29.6625
504412296153360,1,-2.57505,3.801,9.574051
504412305633659,4,-0.064899996,0.982575,0.9761125
504412315114043,1,-2.7850502,3.7849503,9.19995
504412324594341,4,-0.0221375,0.90805,1.034825
504412334074880,1,-3.0220501,3.8920503,8.986951
504412339198560,2,-17.25,15.093751,-30.54375
504412343555182,4,0.0083875,0.855525,1.1044
504412353035562,1,-3.01095,3.8230503,8.70495
504412362516100,4,0.0121,0.877525,1.17645
504412371996396,1,-2.9839501,3.8520002,8.38605
504412381476702,4,-0.0196625,0.8823375,1.2474
504412389090153,2,-15.150001,15.843751,-31.237501
504412390957082,1,-2.8960502,3.8830502,8.254951
504412400437572,4,-0.0196625,0.839575,1.28645
504412409917882,1,-2.60595,3.8779502,8.427
504412419398480,4,0.0499125,0.748,1.2937375
504412428878790,1,-2.5530002,3.9120002,8.439
504412438359096,4,0.1379125,0.6417125,1.27545
504412439082792,2,-13.293751,16.518751,-31.9125
504412447839405,1,-2.93895,3.8490002,8.05395
504412457319759,4,0.15619999,0.5867125,1.3024
504412466800297,1,-3.4300501,3.6550503,7.6320004
504412476280605,4,0.086625,0.651475,1.4392124
504412485760990,1,-3.35295,3.3940501,7.42395
504412489086079,2,-11.512501,17.23125,-32.41875
504412495241297,4,-0.013612499,0.7662875,1.6248375
504412504721835,1,-3.1009502,3.3940501,7.3900504
504412514202211,4,-0.086899996,0.7943375,1.775125
504412523682520,1,-2.592,3.5689502,7.5529504
504412533162802,4,-0.101475,0.7112875,1.847175
504412539160411,2,-9.50625,18.0375,-32.850002
504412542643340,1,-1.9909501,3.7489502,7.7899504
504412552123725,4,-0.068475,0.6232875,1.830125
504412561604264,1,-1.4809501,3.8830502,7.8169503
504412571084571,4,-0.051425,0.61242497,1.7433625
504412580564881,1,-1.3060501,4.00995,7.7490005
504412589239926,2,-7.2375,18.7875,-33.3375
504412590045254,4,-0.089237496,0.712525,1.6700749
504412599525797,1,-1.3230001,4.149,7.5769506
504412609006105,4,-0.187,0.8212875,1.6383125
504412618486499,1,-1.2720001,4.36905,7.83795
504412627967037,4,-0.2481875,0.9153375,1.6248375
504412637447352,1,-1.0860001,4.5870004,8.19705
504412638885609,2,-4.55625,19.331251,-33.675003
504412646927657,4,-0.25795,1.0069125,1.6102625
504412656408080,1,-1.0180501,4.8570004,8.370001
504412665888619,4,-0.233475,1.1034375,1.604075
504412675368957,1,-0.82695,5.2380004,8.41695
504412684849340,4,-0.2017125,1.1046749,1.5577375
504412689201546,2,-1.66875,19.425001,-33.80625
504412694329650,1,-0.609,5.5590005,8.394
504412703810202,4,-0.189475,0.960575,1.4892625
504412713290589,1,-0.18300001,5.7379503,8.511001
504412722770908,4,-0.184525,0.72105,1.3952125
504412732251447,1,0.29505002,5.82495,9.0379505
504412739133070,2,1.2750001,19.181252,-33.693752
504412741731765,4,-0.1051875,0.517,1.26445
504412751212153,1,0.70005006,5.616,9.63105
504412760692461,4,0.0548625,0.541475,1.1666875
504412770173004,1,0.73305005,5.37195,9.612
504412779653389,4,0.202675,0.602525,1.150875
504412789133938,1,0.79305005,5.48505,9.354
504412789237837,2,3.6375,18.581251,-33.35625
504412798614029,4,0.3029125,0.590425,1.1631125
504412808094567,1,1.02795,5.8170004,9.088051
504412817574952,4,0.3444375,0.5647125,1.1655875
504412827055490,1,1.6000501,6.13605,8.841001
504412836535798,4,0.3064875,0.535425,1.1105875
504412839076655,2,6.20625,17.475,-33.037502
504412846016183,1,2.0359502,6.387,8.82705
504412855496495,4,0.2209625,0.4791875,1.0201125
504412864976805,1,2.028,6.3349504,9.00405
504412874457341,4,0.1709125,0.4389,0.957825
504412883937636,1,1.9759501,6.0930004,9.162001
504412889165149,2,8.3625,16.050001,-32.8125
504412893418019,4,0.1599125,0.47547498,0.9505375
504412902898567,1,2.01405,5.8939505,9.00195
504412912378875,4,0.1538625,0.4987125,0.94435
504412921859265,1,1.99995,5.7499504,8.844001
504412931339803,4,0.158675,0.452375,0.9273
504412939204610,2,9.50625,14.587501,-32.25
504412940820103,1,2.19405,5.616,8.63805
504412950300409,4,0.15015,0.314325,0.8575875
504412959781024,1,2.2800002,5.5279503,8.877001
504412969261321,4,0.2063875,0.23485,0.7502
504412978741683,1,2.127,5.3170505,8.92695
504412988221989,4,0.2784375,0.2800875,0.659725
504412989063400,2,10.40625,13.218751,-31.95
504412997702285,1,1.69095,5.1540003,8.488951
504413007182806,4,0.29315,0.38995,0.6219125
504413016663116,1,1.4970001,5.025,8.06295
504413026143485,4,0.296725,0.51094997,0.6084375
504413035624023,1,1.24995,4.97205,7.6390505
504413039093674,2,11.400001,11.85,-31.837502
504413045104321,4,0.3212,0.5256625,0.6169625
504413054584700,1,1.3080001,4.9890003,7.2229505
504413064065239,4,0.3444375,0.469425,0.5974375
504413073545535,1,1.26495,5.013,6.7870502
504413083025840,4,0.33825,0.37895,0.587675
504413089119753,2,12.76875,10.481251,-31.85625
504413092506220,1,1.3369501,5.13,6.2770505
504413101986533,4,0.27115,0.265375,0.5669125
504413111467071,1,1.6309501,5.28105,5.9680505
504413120947441,4,0.1538625,0.166375,0.493625
504413130427751,1,1.983,5.4630003,5.8440003
504413139232869,2,13.6125,9.243751,-31.706251
504413139908302,4,-0.0061875,0.13585,0.37015
504413149388689,1,1.9780501,5.4750004,5.65395
504413158868989,4,-0.231,0.138325,0.2492875
504413168349299,1,1.8870001,5.379,6.0040503
504413177829841,4,-0.40205,0.21285,0.190575
504413187310231,1,1.7869501,5.2909503,6.5599504
504413188878551,2,14.400001,8.175,-31.3875
504413196790537,4,-0.47905,0.2605625,0.157575
504413206271085,1,1.7119501,5.334,7.0339503
504413215751393,4,-0.470525,0.2275625,0.124575
504413225231789,1,1.79595,5.418,7.419
504413234712096,4,-0.4142875,0.1871375,0.0622875
504413239199912,2,15.093751,7.3125005,-31.143751
504413244192634,1,1.8079501,5.5680003,7.5510006
504413253672971,4,-0.38005,0.14685,-0.0072875
504413263153355,1,1.4269501,5.6860504,7.7419505
504413272633914,4,-0.3458125,0.14685,-0.047575
504413282114300,1,1.3939501,5.7120004,7.9939504
504413289121932,2,15.937501,6.675,-30.900002
504413291594620,4,-0.30305,0.1225125,-0.061049998
504413301075159,1,1.7200501,5.89905,8.51295
504413310555466,4,-0.216425,0.0930875,-0.1307625
504413320035836,1,2.18895,5.9110503,8.911051
504413329516144,4,-0.1186625,0.0565125,-0.267575
504413338996701,1,2.25105,5.8699503,9.064051
504413339239038,2,16.44375,6.2625003,-30.6375
504413348477009,4,-0.0477125,0.1115125,-0.416625
504413357957409,1,1.9470001,5.6929502,8.93505
504413367437947,4,-0.029424999,0.21285,-0.5143875
504413376918247,1,1.35105,5.44605,8.94705
504413386398629,4,-0.012375,0.3020875,-0.5484875
504413389052030,2,16.800001,6.1125,-30.393751
504413395878939,1,0.90795004,5.4490504,8.877001
504413405359466,4,-0.0026125,0.3936625,-0.5339125
504413414839775,1,0.47895002,5.664,8.382
504413424320394,4,-0.046475,0.3471875,-0.51919997
504413433800473,1,0.14205001,5.92005,7.9750504
504413439158345,2,16.743752,6.2250004,-30.093752
504413443281014,4,-0.156475,0.1335125,-0.5033875
504413452761329,1,0.28800002,6.0070505,7.7899504
504413462241711,4,-0.363,-0.2110625,-0.543675
504413471722226,1,0.66405004,5.8440003,8.51805
504413481202611,4,-0.5022875,-0.4456375,-0.6414375
504413489192684,2,16.6875,6.5625005,-29.587502
504413490682909,1,0.61800003,5.1060004,9.8880005
504413500163456,4,-0.4668125,-0.429825,-0.6622
504413509643842,1,0.53205,4.584,10.548
504413519124124,4,-0.3348125,-0.198825,-0.643775
504413528604663,1,0.14895001,4.2010503,10.73295
504413538084720,4,-0.0941875,0.1005125,-0.5779125
504413539024729,2,17.025002,6.95625,-29.5125
504413547565258,1,-0.61395,4.1940002,10.036051
504413557045629,4,0.1403875,0.1335125,-0.49115
504413566526167,1,-1.3579501,4.23705,9.045
504413576006489,4,0.2809125,-0.0682,-0.345675
504413585486874,1,-1.4899501,4.395,8.326051
504413589097626,2,16.85625,7.425,-29.343752
504413594967181,4,0.33467498,-0.2563,-0.2431
504413604447496,1,-1.27005,4.4929504,7.55805
504413613928032,4,0.2209625,-0.419925,-0.229625
504413623408419,1,-0.67395,4.51695,7.2300005
504413632888725,4,-0.018424999,-0.501875,-0.2541
504413639097573,2,16.800001,7.8187504,-29.175001
504413642369263,1,0.16605,4.30905,7.7370005
504413651849658,4,-0.2212375,-0.4664,-0.3249125
504413661329968,1,0.78795004,4.21605,8.580001
504413670810513,4,-0.297,-0.3980625,-0.4764375
504413680290823,1,0.77400005,4.0360503,9.232051
504413689235201,2,16.78125,8.212501,-29.175001
504413689771436,4,-0.24695,-0.3491125,-0.6034875
504413699251746,1,0.18,3.8089502,9.43305
504413708732052,4,-0.154,-0.3125375,-0.6254875
504413718212356,1,-0.372,3.6550503,8.956051
504413727692739,4,-0.1296625,-0.330825,-0.571725
504413737173301,1,-0.56595004,3.9210002,8.628
504413739007435,2,16.743752,8.64375,-29.2875
504413746653609,4,-0.112475,-0.3185875,-0.4764375
504413756134005,1,-0.21405001,3.9570003,8.83905
504413765614313,4,0.00715,-0.441925,-0.43614998
504413775094851,1,0.0010500001,4.137,8.72595
504413784575236,4,0.1599125,-0.6741625,-0.43614998
504413789221921,2,16.575,9.0,-29.587502
504413794055554,1,0.25005,4.2180004,8.36205
504413803536086,4,0.2539625,-0.916025,-0.4679125
504413813016396,1,0.72795004,4.3159504,8.037001
504413822496778,4,0.246675,-1.0308375,-0.5632
504413831977088,1,1.164,4.386,7.79505
504413839177892,2,16.181252,9.1875,-29.737501
504413841457610,4,0.1318625,-1.043075,-0.6975375
504413850938011,1,1.50405,4.5100503,7.80705
504413860418317,4,-0.0367125,-0.977075,-0.85635
504413869898855,1,1.69095,4.53405,8.323951
504413879379163,4,-0.132,-0.8487875,-1.007875
504413888859548,1,1.22595,4.3879504,9.00405
504413889234000,2,15.675,9.31875,-30.112501
504413898339855,4,-0.100237496,-0.689975,-1.02135
504413907820394,1,1.0849501,4.1200504,9.47805
504413917300702,4,0.0561,-0.5726875,-0.9455875
504413926781086,1,1.095,3.8920503,9.36795
504413936261625,4,0.2234375,-0.5116375,-0.836825
504413939004713,2,14.625001,9.637501,-30.393751
504413945741934,1,1.4830501,3.8040001,8.700001
504413955222230,4,0.2699125,-0.5971625,-0.7623
504413964702615,1,2.02395,4.1940002,8.64
504413974183139,4,0.2894375,-0.86707497,-0.792825
504413983663449,1,2.4739501,4.3500004,9.05895
504413989108825,2,13.406251,9.918751,-30.656252
504413993143822,4,0.3762,-1.1628375,-0.9260625
504414002624131,1,3.0559502,4.3900504,9.399
504414012104668,4,0.4714875,-1.2629375,-1.1154
504414021585044,1,3.00795,4.4220004,9.0379505
504414031065350,4,0.4384875,-1.143175,-1.316975
504414039224761,2,12.056251,10.05,-31.0125
504414040545874,1,2.22705,4.60605,8.4199505
504414050026172,4,0.2833875,-0.799975,-1.3952125
504414059506557,1,1.8919501,4.671,7.4689503
504414068986869,4,-0.0771375,-0.7632625,-1.42945
504414078467407,1,2.42805,4.8169503,7.5049505
504414087947792,4,-0.4802875,-1.11265,-1.5992625
504414089001550,2,10.5,10.1625,-31.500002
504414097428102,1,3.1270502,4.9510503,8.98005
504414106908638,4,-0.6941,-1.6135625,-1.9168875
504414116388939,1,2.6749501,4.44105,10.861951
504414125869321,4,-0.625625,-1.7760875,-2.134275
504414135349631,1,1.35105,3.6750002,11.712001
504414139094156,2,8.587501,10.425,-31.893751
504414144830168,4,-0.388575,-1.5622749,-2.02675
504414154310467,1,0.16995001,3.0690002,11.446051
504414163790850,4,-0.09295,-1.12365,-1.65055
504414173271170,1,-0.252,2.9659503,10.125001
504414182751706,4,0.04015,-0.9318375,-1.2082125
504414189075799,2,6.3,10.856251,-32.175003
504414192232083,1,0.261,3.7560003,9.366
504414201712388,4,0.13915,-1.1408376,-0.9590625
504414211192927,1,1.18095,4.2130504,8.832001
504414220673249,4,0.1672,-1.457225,-0.9736375
504414230153633,1,1.557,4.5529504,8.17095
504414239634182,4,0.0488125,-1.617275,-1.0604
504414239229463,2,3.825,11.118751,-32.325
504414249114568,1,1.6290001,4.50495,7.79505
504414258594797,4,-0.1381875,-1.4755125,-1.13245
504414268075182,1,1.899,4.3380003,7.6510506
504414277555715,4,-0.360525,-1.2299374,-1.189925
504414287036025,1,2.0670002,4.42395,8.094001
504414289010277,2,1.1437501,11.306251,-32.325
504414296516418,4,-0.46928748,-1.120075,-1.244925
504414305996976,1,2.3800502,4.4620504,8.91495
504414315477284,4,-0.382525,-1.1994125,-1.3267375
504414324957669,1,2.56695,4.53405,9.097051
504414334437976,4,-0.264,-1.325225,-1.448975
504414339219975,2,-1.8000001,11.55,-32.0625
504414343918285,1,2.6149502,4.51695,8.784
504414353398821,4,-0.2762375,-1.4914625,-1.5455
504414362879131,1,2.565,4.563,8.973001
504414372359760,4,-0.2762375,-1.54275,-1.6077875
504414381839838,1,2.8159502,4.4290504,9.1050005
504414389163585,2,-5.0625,11.75625,-31.368752
504414391320452,4,-0.266475,-1.3594625,-1.6748875
504414400800752,1,3.00795,4.4380503,8.79105
504414410281288,4,-0.3117125,-1.115125,-1.7336
504414419761685,1,2.9890501,4.50105,8.35305
504414429241990,4,-0.3862375,-0.922075,-1.80565
504414438722300,1,2.7130501,4.6200004,8.00595
504414439226957,2,-8.71875,11.681251,-30.393751
504414448202606,4,-0.4717625,-0.85855,-1.8777
504414457683144,1,2.4379501,4.4380503,8.406
504414467163529,4,-0.4631,-0.7877375,-1.896125
504414476644067,1,2.163,4.4050503,8.805
504414486124437,4,-0.363,-0.762025,-1.8533624
504414489138023,2,-11.981251,11.306251,-29.156252
504414495604661,1,2.09805,4.431,9.13095
504414505085044,4,-0.194425,-0.678975,-1.7824125
504414514565591,1,1.9710001,4.4290504,8.81505
504414524045899,4,-0.0831875,-0.5311625,-1.665125
504414533526203,1,1.8919501,4.6320004,8.281051
504414539062825,2,-14.925,10.668751,-27.7875
504414543006586,4,-0.0526625,-0.3650625,-1.5357375
504414552487121,1,1.9300501,4.86,7.8190503
504414561967505,4,-0.0759,-0.3235375,-1.44045
504414571447815,1,2.0640001,5.16405,7.6540504
504414580928121,4,-0.112475,-0.37235,-1.3902625
504414589213829,2,-17.8125,9.825001,-26.343752
504414590408744,1,2.2030501,5.31195,7.80495
504414599889067,4,-0.13695,-0.441925,-1.393975
504414609369605,1,2.2080002,5.439,8.191951
504414618849913,4,-0.123475,-0.4921125,-1.415975
504414628330223,1,2.0070002,5.4079504,8.607
504414637810577,4,-0.0697125,-0.468875,-1.4122624
504414638939665,2,-19.875,8.681251,-25.25625
504414647291116,1,1.6140001,5.2600503,8.974951
504414656771433,4,0.0193875,-0.3980625,-1.343925
504414666251817,1,1.14495,5.28795,9.102
504414675732134,4,0.124437496,-0.4456375,-1.2387375
504414685212672,1,0.97005004,5.3629503,9.141001
504414689161613,2,-21.768751,7.3500004,-24.300001
504414694692980,4,0.2369125,-0.5141125,-1.167925
504414704173342,1,1.128,5.35305,8.82705
504414713653649,4,0.26015,-0.4774,-1.156925
504414723134197,1,0.762,5.2930503,8.415
504414732614505,4,0.185625,-0.5226375,-1.1044
504414739169474,2,-23.118752,5.8500004,-23.550001
504414742094880,1,0.67305005,5.1880503,8.49195
504414751575433,4,0.1098625,-0.5372125,-1.051875
504414761055742,1,0.71595,5.14905,8.476951
504414770536138,4,0.009625,-0.556875,-1.057925
504414780016448,1,0.72105,5.10195,8.578051
504414789496984,4,-0.10395,-0.5421625,-1.073875
504414789229283,2,-24.150002,4.2375,-22.96875
504414798977294,1,0.26595002,4.9560003,8.769
504414808457677,4,-0.1442375,-0.5592125,-1.0140625
504414817937982,1,-0.34605002,4.716,8.985001
504414827418519,4,-0.07095,-0.6424,-0.8795875
504414836898814,1,-0.72405005,4.61805,9.109051
504414839111230,2,-25.63125,2.68125,-22.1625
504414846379196,4,0.08415,-0.7095,-0.73425
504414855859725,1,-0.492,4.7070003,8.83605
504414865340028,4,0.207625,-0.64845,-0.6939625
504414874820413,1,-0.09195001,4.8499503,8.109
504414884300730,4,0.1758625,-0.5091625,-0.7733
504414889186773,2,-26.718752,1.1812501,-21.431252
504414893781039,1,-0.30495003,4.821,7.2180004
504414903261600,4,-0.0099,-0.4481125,-0.85635
504414912741987,1,-0.80805004,4.6200004,6.9280505
504414922222292,4,-0.217525,-0.5201625,-0.869825
504414931702831,1,-0.91305006,4.374,7.32105
504414939237639,2,-27.900002,-0.24375,-20.550001
504414941183215,4,-0.3653375,-0.7302625,-0.847825
504414950663515,1,-0.726,4.30905,8.3890505
504414960144052,4,-0.3458125,-0.9013125,-0.8295375
504414969624385,1,-0.453,4.23495,9.198001
504414979104768,4,-0.195525,-0.8988375,-0.8685875
504414988585078,1,-0.54,4.1389503,9.174001
504414989174914,2,-28.85625,-1.6125001,-19.6875
504414998065407,4,-0.079475,-0.7877375,-0.896775
504415007545946,1,-0.528,3.9790502,8.616
504415017026269,4,-0.0746625,-0.6411625,-0.9175375
504415026506884,1,-0.58695,3.83295,8.15205
504415035987196,4,-0.167475,-0.54945,-0.9505375
504415038953871,2,-30.000002,-2.8312502,-18.50625
504415045467505,1,-0.86505,3.82995,8.07495
504415054947879,4,-0.25905,-0.4431625,-0.9675875
504415064428418,1,-1.2889501,3.8899503,8.214001
504415073908734,4,-0.294525,-0.286825,-0.918775
504415083389044,1,-1.7029501,4.0339503,8.34105
504415089008151,2,-31.2,-4.03125,-17.25
504415092869442,4,-0.261525,-0.115775,-0.78925
504415102349761,1,-1.7850001,4.23495,8.25195
504415111830298,4,-0.20295,-0.0815375,-0.6512
504415121310622,1,-1.5499501,4.79505,8.00595
504415130791235,4,-0.1821875,-0.2270125,-0.5534375
504415139221201,2,-31.650002,-5.2312503,-16.462502
504415140271305,1,-0.777,5.17605,8.290951
504415149751918,4,-0.1271875,-0.4114,-0.5742
504415159232457,1,-0.22095,5.56605,8.31705
504415168712534,4,-0.1552375,-0.4921125,-0.6829625
504415178193072,1,0.01995,5.77005,8.18295
504415187673370,4,-0.2712875,-0.45168748,-0.841775
504415188930238,2,-32.193752,-6.39375,-15.69375
504415197153760,1,-0.303,5.8770003,8.36505
504415206634067,4,-0.40205,-0.2721125,-0.91135
504415216114620,1,-0.67395,5.65005,8.853001
504415225594928,4,-0.4521,-0.1010625,-0.8980125
504415235075534,1,-1.09305,5.5609503,9.150001
504415239148562,2,-32.53125,-7.55625,-14.981251
504415244555842,4,-0.421575,0.0418,-0.8025875
504415254036146,1,-1.18095,5.4370503,9.48495
504415263516500,4,-0.27995,0.08085,-0.7062
504415272996810,1,-1.4970001,5.53695,9.46905
504415282477317,4,-0.0991375,-0.0265375,-0.5999125
504415289124052,2,-32.53125,-8.7375,-14.437501
504415291957627,1,-1.7700001,5.5680003,9.294001
504415301437991,4,0.058575,-0.1645875,-0.4642
504415310918300,1,-1.88505,5.5680003,9.217051
504415320398837,4,0.1843875,-0.2745875,-0.31515
504415329879223,1,-1.6480501,5.4970503,9.13605
504415339359529,4,0.2723875,-0.3540625,-0.240625
504415339248508,2,-32.23125,-9.8625,-14.118751
504415348840068,1,-1.5520501,5.29995,8.94705
504415358320370,4,0.2954875,-0.4175875,-0.196625
504415367800755,1,-1.7299501,5.15205,8.809951
504415377281053,4,0.23567499,-0.49568748,-0.085525
504415386761591,1,-1.54005,5.1139503,9.31095
504415388961445,2,-32.268753,-10.78125,-13.63125
504415396241895,4,0.257675,-0.5421625,0.055
504415405722303,1,-0.98505,5.2050004,10.026
504415415202842,4,0.345675,-0.501875,0.179575
504415424683152,1,0.10305001,5.19705,10.09095
504415434163538,4,0.4202,-0.18535,0.154
504415439222847,2,-32.5875,-11.45625,-12.900001
504415443643848,1,0.45795003,5.181,10.587001
504415453124385,4,0.6815875,0.08085,0.061049998
504415462604694,1,-0.39795002,5.1660004,9.864
504415472085077,4,0.9846375,0.1188,0.0342375
504415481565387,1,-1.1719501,4.9750504,8.20905
504415489210253,2,-32.737503,-12.056251,-12.281251
504415491045678,4,1.0591625,-0.220825,0.122237496
504415500526217,1,-1.1550001,5.1780005,6.1380005
504415510006601,4,0.6840625,-0.6337375,0.223575
504415519486916,1,-0.37695003,5.7499504,6.0090003
504415528967453,4,0.1904375,-0.5922125,0.217525
504415538447843,1,0.59205,5.748,7.4880004
504415539117261,2,-33.375,-12.4125,-11.325001
504415547928149,4,-0.0782375,-0.0620125,0.0952875
504415557408697,1,0.573,5.499,8.7960005
504415566889005,4,-0.068475,0.5121875,0.0537625
504415576369324,1,0.096,5.3310003,8.877001
504415585849707,4,0.0548625,0.6832375,0.162525
504415589105084,2,-34.256252,-12.525001,-10.181251
504415595330245,1,-0.12105001,5.394,8.18505
504415604810553,4,0.130625,0.55,0.2858625
504415614290937,1,0.051000003,5.3430004,7.82595
504415623771235,4,0.1623875,0.2531375,0.3359125
504415633251774,1,0.381,5.3170505,7.8310504
504415639024806,2,-34.893753,-12.4875,-9.543751
504415642732090,4,0.163625,0.02475,0.2761
504415652212475,1,0.052950002,5.22795,7.6699505
504415661692783,4,0.0658625,0.0015125,0.3078625
504415671173283,1,0.0010500001,4.8840003,8.001
504415680653591,4,-0.0441375,0.1628,0.383625
504415689216980,2,-35.100002,-12.3,-9.168751
504415690133975,1,-0.08895,4.75005,8.535001
504415699614268,4,-0.10395,0.40713748,0.510675
504415709094884,1,0.04605,4.66095,8.68095
504415718575201,4,-0.1357125,0.5696625,0.6219125
504415728055511,1,0.41205,4.788,8.89605
504415737535817,4,-0.0881375,0.6452875,0.6524375
504415738934147,2,-35.287502,-11.94375,-9.09375
504415747016355,1,0.73995006,4.848,8.99895
504415756496677,4,0.05115,0.6221875,0.59015
504415765977062,1,0.513,4.8019505,8.877001
504415775457369,4,0.2209625,0.49995,0.5522
504415784937985,1,0.22305001,4.6590004,8.27595
504415789190318,2,-35.662502,-11.25,-9.243751
504415794418220,4,0.296725,0.4486625,0.5632
504415803898619,1,-0.09900001,4.5079503,7.4740505
504415813379158,4,0.22715,0.49995,0.631675
504415822859544,1,0.024,4.42605,7.1250005
504415832339850,4,0.0988625,0.6527125,0.675675
504415839129016,2,-36.0,-10.387501,-9.69375
504415841820150,1,0.20205002,4.41195,7.0069504
504415851300686,4,-0.0391875,0.8688625,0.6964375
504415860780996,1,0.010050001,4.4430003,6.76095
504415870261370,4,-0.17847499,1.0509125,0.7440125
504415879741908,1,-0.04605,4.44105,6.5620503
504415889222226,4,-0.30305,1.1242,0.8075375
504415889232704,2,-36.075,-9.39375,-10.556251
504415898702526,1,-0.042000003,4.5799503,6.66195
504415908182909,4,-0.3812875,1.0533875,0.8625375
504415917663452,1,-0.03195,4.6849504,7.1389503
504415927143759,4,-0.3862375,0.91162497,0.8870125
504415936624173,1,-0.08895,4.716,7.7539506
504415939083218,2,-36.05625,-8.15625,-11.512501
504415946104481,4,-0.3117125,0.8603375,0.9175375
504415955585010,1,-0.44400004,4.695,7.9579506
504415965065318,4,-0.2627625,0.828575,0.984775
504415974545637,1,-0.63495004,4.7520003,8.08695
504415984026019,4,-0.2602875,0.82981247,1.0494
504415989228182,2,-36.16875,-6.6562505,-12.58125
504415993506544,1,-0.52500004,4.7640004,8.628
504416002986851,4,-0.24695,0.87505,1.0910625
504416012467236,1,-0.564,4.6920004,9.1050005
504416021947529,4,-0.217525,0.8261,1.13135
504416031428067,1,-0.48195,4.61805,9.706051
504416039189571,2,-36.16875,-4.93125,-13.875001
504416040908375,4,-0.1271875,0.77605,1.1521125
504416050388755,1,-0.39405003,4.4430003,10.27995
504416059869293,4,0.0268125,0.7992875,1.1704
504416069349603,1,-0.48705003,4.2010503,10.35
504416078829923,4,0.17215,1.0179125,1.2461625
504416088310308,1,-0.94200003,4.2010503,9.42105
504416089068095,2,-35.831253,-3.1312501,-15.375001
504416097790625,4,0.1208625,1.286725,1.3927375
504416107271173,1,-1.416,4.479,8.37405
504416116751481,4,-0.1027125,1.2109625,1.5357375
504416126231875,1,-1.34595,4.4359503,8.700001
504416135712182,4,-0.2237125,0.861575,1.65055
504416139117276,2,-35.268753,-1.0500001,-16.96875
504416145192721,1,-0.303,4.03905,9.70995
504416154673039,4,-0.19195,0.528,1.6383125
504416164153423,1,0.384,3.9430501,10.168051
504416173633716,4,-0.108899996,0.3986125,1.5087875
504416183114254,1,0.44805002,3.7129502,10.05
504416189155611,2,-34.518753,1.29375,-18.581251
504416192594625,4,-0.062425,0.51094997,1.360975
504416202074945,1,-0.36195,3.6390002,9.43995
504416211555481,4,-0.139425,0.68076247,1.2901624
504416221035781,1,-0.82905006,3.3780003,9.18795
504416230516164,4,-0.2272875,0.814,1.2852125
504416239229027,2,-33.6375,3.7687502,-20.15625
504416239996473,1,-0.85800004,3.2269502,9.62205
504416249477010,4,-0.20295,0.90805,1.3036375
504416258957305,1,-0.87705004,3.2080503,10.089001
504416268437610,4,-0.046475,0.9763875,1.294975
504416277918000,1,-1.0639501,3.114,9.8560505
504416287398538,4,0.102575,0.8933375,1.3024
504416288843289,2,-32.381252,6.2250004,-22.0125
504416296878858,1,-1.263,3.1549501,9.375
504416306359231,4,0.1892,0.737,1.30845
504416315839540,1,-1.03005,3.2239501,9.00405
504416325320072,4,0.2063875,0.616,1.2474
504416334800382,1,-0.68595004,3.2680502,8.7289505
504416339190967,2,-30.768751,8.606251,-23.550001
504416344280663,4,0.119625,0.605,1.1471624
504416353761039,1,-0.61605,3.3630002,8.58705
504416363241577,4,-0.0501875,0.7088125,1.0396374
504416372721954,1,-0.82500005,3.45195,8.734051
504416382202260,4,-0.231,0.8652875,0.957825
504416389234480,2,-28.968752,10.8,-24.88125
504416391682560,1,-1.131,3.5809503,9.13095
504416401163096,4,-0.374,1.0253375,0.9065375
504416410643406,1,-1.5840001,3.5479503,9.583051
504416420123793,4,-0.443575,1.175625,0.9175375
504416429604103,1,-2.0029502,3.4830003,9.813001
504416439084650,4,-0.4521,1.2574375,0.996875
504416439238241,2,-26.962502,12.712501,-26.081251
504416448564959,1,-2.21805,3.5640001,9.945001
504416458045361,4,-0.393525,1.1939125,1.0701625
504416467525889,1,-2.32095,3.663,10.134001
504416477005966,4,-0.261525,1.0423875,1.1191125
504416486486582,1,-2.4379501,3.6030002,9.99495
504416488933410,2,-24.843752,14.306251,-27.16875
504416495966903,4,-0.1491875,0.9323875,1.1826375
504416505447213,1,-2.5200002,3.52905,9.792001
504416514927765,4,-0.07095,0.877525,1.2742125
504416524408074,1,-2.3830502,3.4780502,9.538051
504416533888452,4,-0.0306625,0.8628125,1.3536875
504416539167781,2,-22.5,15.543751,-28.087502
504416543368990,1,-2.3400002,3.52905,9.196051
504416552849057,4,-0.0441375,0.839575,1.422025
504416562329596,1,-2.1340501,3.59805,9.20505
504416571809991,4,-0.051425,0.8603375,1.4697375
504416581290300,1,-1.7179501,3.6409502,9.21
504416589202731,2,-19.987501,16.5375,-28.781252
504416590770822,4,-0.057475,0.91781247,1.4612125
504416600251218,1,-1.64295,3.7420502,9.109051
504416609731755,4,-0.0746625,0.9263375,1.4392124
504416619212074,1,-1.8250501,3.68895,9.19995
504416628692389,4,-0.045375,0.91162497,1.4502125
504416638172699,1,-1.9159501,3.63105,9.232051
504416639049936,2,-17.79375,17.4375,-29.400002
504416647653092,4,0.020624999,0.95205,1.4685
504416657133619,1,-2.1340501,3.66,8.89395
504416666613927,4,0.0708125,0.9323875,1.5052125
504416676094232,1,-2.2080002,3.7009501,8.535001
504416685574614,4,0.0743875,0.872575,1.55155
504416689097955,2,-15.468751,18.300001,-30.0375
504416695054924,1,-2.12205,3.8419502,8.437051
504416704535441,4,0.0598125,0.7723375,1.59555
504416714015751,1,-2.02605,3.9550502,8.76
504416723496148,4,0.130625,0.6477625,1.6225
504416732976457,1,-1.8370501,4.03095,8.932051
504416739109840,2,-13.293751,19.29375,-30.6
504416742456999,4,0.24419999,0.572,1.5992625
504416751937386,1,-1.7850001,3.9790502,8.710051
504416761417691,4,0.3029125,0.5451875,1.5808375
504416770897996,1,-1.65795,3.9120002,8.451
504416780378533,4,0.274725,0.5732375,1.587025
504416789225926,2,-10.8,20.118752,-31.125002
504416789858852,1,-1.3420501,3.9589503,8.39805
504416799339244,4,0.2112,0.618475,1.5662625
504416808819554,1,-1.0639501,4.02705,8.604
504416818300081,4,0.1819125,0.690525,1.51855
504416827780391,1,-0.80295,4.065,8.69295
504416837260778,4,0.1709125,0.77605,1.444025
504416838846391,2,-8.231251,20.681252,-31.63125
504416846741317,1,-0.68805003,4.10295,8.69295
504416856221629,4,0.1782,0.8408125,1.3682625
504416865702013,1,-0.79800004,4.158,8.595
504416875182321,4,0.1978625,0.9092875,1.3134
504416884662850,1,-0.966,4.20795,8.22105
504416889151381,2,-5.64375,20.868752,-31.875002
504416894143158,4,0.19167499,0.9483375,1.3047374
504416903623463,1,-1.0020001,4.431,7.8210006
504416913103846,4,0.14533749,0.9202875,1.3182125
504416922584409,1,-0.573,4.7520003,7.635
504416932064717,4,0.0683375,0.8578625,1.2694
504416939206380,2,-2.5875,20.493752,-32.1375
504416941545040,1,0.024,4.9819503,7.5390005
504416951025433,4,-0.068475,0.811525,1.1826375
504416960505972,1,0.513,5.1210003,7.6420503
504416969986279,4,-0.2237125,0.8151,1.101925
504416979466664,1,0.98700005,5.1709504,8.073
504416988946962,4,-0.3202375,0.8408125,1.0274
504416989240881,2,0.075,19.7625,-32.193752
504416998427286,1,1.044,5.3029504,8.805
504417007907823,4,-0.253,0.90805,1.007875
504417017388123,1,1.1400001,5.6449504,8.973001
504417026868505,4,-0.15895,0.9593375,0.974875
504417036349044,1,1.2930001,5.97795,8.511001
504417039014921,2,3.075,18.5625,-32.30625
504417045829351,4,-0.1736625,0.883575,0.9565875
504417055309726,1,1.7839501,6.16905,8.47995
504417064790034,4,-0.2261875,0.6722375,0.8833
504417074270562,1,2.31795,6.2749505,8.49195
504417083750870,4,-0.34705,0.359425,0.6854375
504417089134435,2,5.68125,17.212502,-32.30625
504417093231195,1,2.163,6.03105,9.366
504417102711586,4,-0.3702875,0.2250875,0.5509625
504417112191896,1,1.88505,5.355,10.14105
504417121672427,4,-0.2932875,0.36795,0.5449125
504417131152814,1,1.5589501,4.9890003,10.01895
504417139200563,2,7.74375,15.993751,-31.987501
504417140633096,4,-0.22,0.6172375,0.6329125
504417150113644,1,1.21695,4.7860503,9.607051
504417159593952,4,-0.14795,0.781,0.7623
504417169074342,1,1.26195,4.932,9.27495
504417178554624,4,-0.0026125,0.6562875,0.81125
504417188034934,1,1.3750501,4.98705,9.01395
504417189048956,2,9.168751,15.0375,-31.593752
504417197515456,4,0.20019999,0.3289,0.786775
504417206995833,1,1.4080501,5.0539503,8.451
504417216476139,4,0.340725,0.0380875,0.7110125
504417225956686,1,1.48695,5.10195,7.8360004
504417235436763,4,0.36025,-0.0705375,0.62425
504417239168836,2,10.275001,14.250001,-31.087502
504417244917384,1,1.48695,5.10405,7.2679505
504417254397686,4,0.2564375,-0.010725,0.565675
504417263878225,1,1.65495,5.1160502,6.95205
504417273358543,4,0.0708125,0.1370875,0.5009125
504417282838852,1,1.7340001,5.13,6.91095
504417289050426,2,11.71875,13.462501,-31.031252
504417292319244,4,-0.1186625,0.2825625,0.449625
504417301799798,1,1.7890501,5.1730504,7.1010003
504417311280105,4,-0.2542375,0.270325,0.3823875
504417320760415,1,1.863,5.22795,7.60305
504417330240798,4,-0.2737625,0.15785,0.2748625
504417339235774,2,12.69375,12.7875,-30.656252
504417339721331,1,1.59,5.1400504,8.037001
504417349201716,4,-0.195525,0.044275,0.1942875
504417358681939,1,0.94095004,5.00295,7.9630504
504417368162321,4,-0.121,-0.0180125,0.1991
504417377642631,1,0.324,4.9240503,7.8310504
504417387123191,4,-0.035475,-0.0595375,0.30305
504417389024944,2,13.406251,12.225,-30.375002
504417396603501,1,0.08205,4.96995,7.86705
504417406083807,4,0.097625,-0.1353,0.4263875
504417415564422,1,0.147,5.1280503,7.7830505
504417425044730,4,0.2479125,-0.2635875,0.4959625
504417434525040,1,0.34500003,5.2840505,7.5270004
504417439222774,2,14.19375,11.587501,-30.393751
504417444005422,4,0.3309625,-0.3466375,0.499675
504417453485722,1,0.55395,5.511,7.2420006
504417462966258,4,0.3102,-0.3576375,0.438625
504417472446568,1,0.67305005,5.60895,7.08405
504417481926951,4,0.2088625,-0.2440625,0.3568125
504417489169311,2,14.962501,10.8,-30.6375
504417491407252,1,0.71895003,5.8050003,6.95205
504417500887792,4,0.0389125,-0.1010625,0.2541
504417510368102,1,0.67305005,5.964,7.2559505
504417519848470,4,-0.1137125,-0.0229625,0.1612875
504417529328780,1,0.81900007,5.9989505,7.93905
504417538809317,4,-0.1772375,0.0528,0.0622875
504417539237954,2,15.468751,10.14375,-31.031252
504417548289626,1,1.13505,5.94705,8.55195
504417557769990,4,-0.1821875,0.1005125,-0.07205
504417567250300,1,1.4250001,5.82705,9.009001
504417576730831,4,-0.176,0.1480875,-0.2162875
504417586211218,1,1.542,5.62095,9.427951
504417589047843,2,15.58125,9.618751,-31.031252
504417595691523,4,-0.1406625,0.2726625,-0.3421
504417605171823,1,1.416,5.3029504,9.67905
504417614652360,4,-0.0856625,0.4316125,-0.4043875
504417624132669,1,1.1710501,5.0080504,9.732
504417633613052,4,0.009625,0.6197125,-0.3982
504417639082949,2,15.58125,9.225,-31.087502
504417643093367,1,0.89100003,4.86,9.17895
504417652573903,4,0.081675,0.5757125,-0.37867498
504417662054213,1,0.52995,5.0490003,8.487
504417671534596,4,0.0768625,0.293425,-0.3603875
504417681014905,1,0.49905002,5.037,8.20395
504417689225736,2,15.750001,8.85,-31.031252
504417690495432,4,0.01815,-0.104775,-0.3641
504417699975752,1,0.80505,4.7299504,8.20395
504417709456135,4,-0.0991375,-0.463925,-0.3763375
504417718936454,1,1.3920001,4.347,8.89605
504417728416990,4,-0.1931875,-0.59345,-0.4043875
504417737897305,1,1.6999501,4.08405,9.804001
504417738960729,2,15.88125,8.625,-30.937502
504417747377688,4,-0.1442375,-0.4371125,-0.4569125
504417756857997,1,1.66005,3.7420502,10.45005
504417766338303,4,0.0561,-0.2135375,-0.4874375
504417775818852,1,1.2360001,3.66,9.78495
504417785299236,4,0.1868625,-0.054725,-0.48014998
504417789149949,2,15.656251,8.700001,-30.6
504417794779560,1,0.75495005,3.9090002,8.01
504417804259856,4,0.06215,0.0650375,-0.4422
504417813740394,1,0.67605,3.9790502,8.06295
504417823220789,4,0.0268125,0.1126125,-0.4214375
504417832701098,1,0.40995002,4.11,7.9600506
504417839211778,2,15.7875,8.75625,-30.487501
504417842181625,4,0.0243375,0.016224999,-0.3751
504417851661950,1,0.34500003,4.2520504,7.7470503
504417861142332,4,-0.057475,-0.264825,-0.3713875
504417870622642,1,0.62505,4.40205,7.4430003
504417880103179,4,-0.261525,-0.5764,-0.4214375
504417889583487,1,1.116,4.242,8.46105
504417889238334,2,15.806251,8.868751,-30.393751
504417899063856,4,-0.3422375,-0.784025,-0.4849625
504417908544166,1,1.66005,3.936,9.52095
504417918024692,4,-0.2677125,-0.799975,-0.5729625
504417927505002,1,1.54005,3.9190502,9.777
504417936985375,4,-0.16995,-0.7156875,-0.6634375
504417938826520,2,15.675,9.075001,-30.50625
504417946465685,1,0.85305005,3.9450002,8.86995
504417955945991,4,-0.242,-0.5006375,-0.6584875
504417965426529,1,0.36,3.8130002,8.590051
504417974906837,4,-0.3152875,-0.30153748,-0.5669125
504417984387222,1,0.15900001,3.8520002,8.734051
504417989188181,2,15.093751,9.4125,-30.50625
504417993867764,4,-0.3067625,-0.2305875,-0.460625
504418003348069,1,0.10605001,4.00995,8.94705
504418012828452,4,-0.231,-0.2685375,-0.389675
504418022308761,1,0.30900002,4.1269503,8.96805
504418031789274,4,-0.1271875,-0.391875,-0.3774375
504418039164861,2,14.475,9.731251,-30.50625
504418041269583,1,0.63495004,4.1200504,8.961
504418050749889,4,-0.018424999,-0.56045,-0.4068625
504418060230274,1,1.0489501,4.1290503,8.911051
504418069710812,4,0.0598125,-0.70345,-0.4849625
504418079191190,1,1.3050001,4.17,8.712001
504418088671496,4,0.0609125,-0.7975,-0.6230125
504418089210830,2,14.043751,9.993751,-30.712502
504418098151814,1,1.34595,4.22295,8.511001
504418107632346,4,-0.013612499,-0.8342125,-0.7525375
504418117112656,1,1.45095,4.1850004,8.7310505
504418126593038,4,-0.0782375,-0.79873747,-0.8760125
504418136073348,1,1.7479501,4.1010003,9.271951
504418139126575,2,12.993751,10.368751,-30.750002
504418145553899,4,-0.062425,-0.6314,-1.0066375
504418155034214,1,1.8610501,4.07205,9.4810505
504418164514520,4,-0.0171875,-0.4505875,-1.09835
504418173994918,1,1.7629501,3.9019501,9.61005
504418183475457,4,0.108625,-0.3564,-1.1166375
504418189058521,2,11.681251,10.856251,-30.825
504418192955777,1,1.4970001,3.6079502,9.47805
504418202436173,4,0.2844875,-0.4406875,-1.0641125
504418211916483,1,1.65495,3.6649501,9.363001
504418221396778,4,0.4690125,-0.6032125,-1.023825
504418230877316,1,2.21805,3.9160502,8.908051
504418239208258,2,10.106251,11.25,-30.750002
504418240357696,4,0.5154875,-0.817025,-1.1215875
504418249838006,1,2.25795,4.44105,8.925
504418259318542,4,0.5020125,-0.9722625,-1.305975
504418268798877,1,1.50195,4.872,9.0709505
504418278279182,4,0.4934875,-0.8793125,-1.400025
504418287759581,1,1.33905,4.93905,8.2240505
504418288932209,2,8.8125,11.4375,-31.031252
504418297239889,4,0.2844875,-0.6411625,-1.4587375
504418306720427,1,2.19105,5.0730004,7.29195
504418316200735,4,-0.172425,-0.7156875,-1.5895
504418325681120,1,2.7589502,5.7049503,8.269051
504418335161427,4,-0.454575,-1.2593625,-1.8459375
504418339103958,2,7.14375,11.587501,-31.312502
504418344641956,1,2.46705,5.7840004,10.73295
504418354122255,4,-0.266475,-1.7810374,-2.139225
504418363602639,1,1.2600001,5.0539503,11.590051
504418373083177,4,0.0488125,-1.8543249,-2.167275
504418382563486,1,-0.054,4.36695,10.776001
504418389167663,2,4.9875,11.775001,-31.406252
504418392043788,4,0.2283875,-1.5268,-1.8459375
504418401524177,1,-0.19695,4.1389503,9.68595
504418411004484,4,0.2319625,-1.0894125,-1.40745
504418420485023,1,0.30495003,4.3900504,9.282001
504418429965331,4,0.2479125,-0.86955,-1.0896875
504418439445715,1,1.131,4.9219503,8.84805
504418439245489,2,2.8875,11.83125,-31.575
504418448926023,4,0.3064875,-0.999075,-1.0604
504418458406548,1,1.4299501,5.20695,8.3890505
504418467886942,4,0.3064875,-1.203125,-1.1336875
504418477367252,1,1.4059501,5.0490003,7.8450003
504418486847549,4,0.196625,-1.2384624,-1.156925
504418488937237,2,0.69375,11.71875,-31.63125
504418496328087,1,1.3099501,4.78305,8.04195
504418505808472,4,0.11715,-1.2629375,-1.0995874
504418515288766,1,1.47105,4.671,8.748
504418524769072,4,0.2222,-1.3349875,-1.0604
504418534249597,1,1.779,4.6009502,8.69505
504418539210432,2,-1.575,11.45625,-31.593752
504418543729904,4,0.3432,-1.43275,-1.02135
504418553210289,1,2.05995,4.5700502,7.8690004
504418562690597,4,0.3334375,-1.5170375,-1.0066375
504418572171134,1,2.60805,4.74195,6.9739504
504418581651519,4,0.1574375,-1.5915625,-1.0665874
504418589228195,2,-4.40625,11.1,-31.275002
504418591131829,1,3.38595,4.7970004,6.83505
504418600612134,4,-0.0441375,-1.7675625,-1.19845
504418610092673,1,3.8460002,4.8570004,7.24695
504418619572976,4,-0.1882375,-1.8286124,-1.4172125
504418629053375,1,3.9079502,4.656,7.6369505
504418638533683,4,-0.294525,-1.7015625,-1.6113625
504418639156720,2,-7.36875,10.668751,-30.843752
504418648014221,1,3.4939501,4.49595,7.8570004
504418657494529,4,-0.377575,-1.47675,-1.68355
504418666974904,1,3.1750503,4.3780503,7.9099503
504418676455211,4,-0.45581248,-1.2617,-1.681075
504418685935736,1,2.97405,4.302,7.9549503
504418689025624,2,-9.9375,9.9375,-30.16875
504418695416049,4,-0.51205,-0.983125,-1.6383125
504418704896433,1,2.67,4.3549504,7.8859506
504418714376736,4,-0.55605,-0.77055,-1.587025
504418723857274,1,2.196,4.50495,8.283
504418733337582,4,-0.498575,-0.6936875,-1.5087875
504418739036552,2,-12.69375,9.168751,-29.175001
504418742817976,1,1.94895,4.51305,8.80305
504418752298274,4,-0.327525,-0.656975,-1.3585
504418761778813,1,1.9849501,4.6080003,8.82195
504418771259121,4,-0.1419,-0.6301625,-1.1936375
504418780739505,1,2.2680001,4.8910503,8.298
504418789216052,2,-15.262501,8.26875,-28.125002
504418790219813,4,-0.0441375,-0.672925,-1.0836375
504418799700346,1,2.77095,5.2429504,7.761
504418809180731,4,-0.04895,-0.7132125,-1.0714
504418818661041,1,3.0630002,5.5470004,7.4119506
504418828141347,4,-0.13695,-0.7486875,-1.1336875
504418837621894,1,3.1230001,5.6070004,7.69395
504418838914880,2,-17.681252,7.2937503,-27.000002
504418847102202,4,-0.1931875,-0.7095,-1.19845
504418856582586,1,2.8879502,5.5090504,7.9669504
504418866062899,4,-0.217525,-0.58245,-1.194875
504418875543438,1,2.42805,5.6260505,8.23995
504418885023735,4,-0.1821875,-0.49568748,-1.1276375
504418889152235,2,-19.66875,6.3,-25.85625
504418894504111,1,2.1790502,5.7499504,8.476951
504418903984419,4,-0.0782375,-0.4871625,-1.057925
504418913464728,1,2.11905,5.925,8.475
504418922945265,4,0.0463375,-0.5336375,-1.0164
504418932425651,1,2.29905,6.0330005,8.25
504418939153602,2,-21.31875,5.1937504,-24.6
504418941905957,4,0.1123375,-0.56045,-1.0250624
504418951386481,1,2.24895,6.0760503,7.8190503
504418960866788,4,0.07315,-0.5141125,-1.0555875
504418970347192,1,2.0400002,5.98005,7.2750006
504418979827500,4,-0.0831875,-0.4101625,-1.068925
504418989308043,1,1.5810001,5.7289505,7.1940002
504418989234092,2,-22.81875,3.99375,-23.6625
504418998788342,4,-0.2481875,-0.385825,-1.0261625
504419008268652,1,1.45395,5.50395,7.3900504
504419017749029,4,-0.3727625,-0.474925,-1.0164
504419027229645,1,1.33905,5.48505,7.8550506
504419036709866,4,-0.44233748,-0.683925,-1.0641125
504419039066869,2,-24.225,2.775,-22.6875
504419046190175,1,0.795,5.274,8.532001
504419055670568,4,-0.41799998,-0.8768375,-1.0616375
504419065151106,1,0.28500003,4.8169503,8.985001
504419074631404,4,-0.3262875,-1.043075,-0.9761125
504419084111714,1,0.16995001,4.623,9.6
504419089230682,2,-25.48125,1.5187501,-21.65625
504419093592105,4,-0.150425,-1.120075,-0.896775
504419103072635,1,0.50595003,4.5409503,10.182
504419112552943,4,0.078099996,-1.027125,-0.91987497
504419122033252,1,0.75495005,4.6750503,10.10295
504419131513635,4,0.218625,-0.7522625,-1.0531125
504419139201210,2,-26.625002,0.26250002,-20.681252
504419140993954,1,0.32595003,4.704,9.153001
504419150474485,4,0.1318625,-0.496925,-1.1521125
504419159954795,1,-0.25905,4.695,8.367001
504419169435188,4,-0.079475,-0.297825,-1.167925
504419178915497,1,-0.777,4.92,7.9750504
504419188396044,4,-0.29947498,-0.159775,-1.0995874
504419189101275,2,-27.91875,-1.06875,-19.5
504419197876362,1,-0.79800004,5.2210503,7.82595
504419207356668,4,-0.492525,-0.1780625,-1.0653499
504419216837082,1,-0.55395,5.7379503,8.20695
504419226317390,4,-0.603625,-0.3344,-1.0934
504419235797933,1,-0.43905002,5.9490004,9.09
504419239091738,2,-29.156252,-2.4750001,-18.4125
504419245278318,4,-0.5583875,-0.56787497,-1.1521125
504419254758622,1,-0.43695003,6.0139503,10.113001
504419264239164,4,-0.3702875,-0.6692125,-1.1752125
504419273719474,1,-0.55905,5.997,10.552951
504419283199861,4,-0.1309,-0.6667375,-1.1484
504419289142490,2,-30.431252,-3.7687502,-17.00625
504419292680171,1,-0.76500005,5.853,10.453051
504419302160716,4,0.075625,-0.5006375,-1.0811625
504419311641026,1,-1.1050501,5.6860504,9.780001
504419321121414,4,0.202675,-0.30635,-0.97735
504419330601723,1,-1.4569501,5.54895,8.901
504419339247944,2,-31.3875,-5.2125,-15.69375
504419340082270,4,0.23815,-0.1463,-0.830775
504419349562575,1,-1.62195,5.418,8.2879505
504419359042957,4,0.2539625,-0.0290125,-0.6694875
504419368523276,1,-1.50705,5.35305,7.872
504419378003582,4,0.279675,0.0320375,-0.5289625
504419387484120,1,-1.33905,5.3190002,7.5870004
504419388903678,2,-32.175003,-6.7125,-14.56875
504419396964496,4,0.3394875,-0.0363,-0.4373875
504419406444806,1,-1.143,5.346,7.2559505
504419415925120,4,0.384725,-0.1890625,-0.3823875
504419425405736,1,-0.84105,5.3430004,6.8179502
504419434886034,4,0.368775,-0.3491125,-0.372625
504419439194536,2,-32.475002,-8.231251,-13.81875
504419444366344,1,-0.68295,5.3890505,6.4999504
504419453846640,4,0.2844875,-0.4651625,-0.394625
504419463327178,1,-0.56100005,5.4820504,6.61005
504419472807486,4,0.1771,-0.5201625,-0.43614998
504419482287871,1,-0.45105,5.59005,6.8710504
504419489148428,2,-32.41875,-9.6,-13.1625
504419491768159,4,0.0683375,-0.4371125,-0.477675
504419501248678,1,-0.60705,5.5300503,7.1839504
504419510729062,4,-0.00495,-0.341825,-0.483725
504419520209300,1,-0.633,5.6590505,7.4790006
504419529689914,4,-0.0429,-0.303875,-0.4544375
504419539170295,1,-0.597,5.82,7.6780505
504419539226594,2,-32.30625,-10.8,-12.58125
504419548650524,4,-0.057475,-0.2893,-0.4312
504419558130924,1,-0.66705,5.9370003,8.133
504419567611231,4,0.0023375,-0.269775,-0.40315
504419577091770,1,-0.81705004,5.952,8.133
504419586572155,4,0.047575,-0.20625,-0.356675
504419588887446,2,-31.95,-11.94375,-12.187501
504419596052464,1,-0.92505,6.0070505,8.13
504419605532760,4,0.0903375,-0.1255375,-0.2943875
504419615013299,1,-1.023,6.0880504,7.9069505
504419624493615,4,0.103675,-0.1230625,-0.223575
504419633973925,1,-0.99705005,6.2080503,7.8499503
504419639197977,2,-31.66875,-12.8625,-11.868751
504419643454308,4,0.100099996,-0.165825,-0.1563375
504419652934846,1,-0.68100005,6.2100005,8.10105
504419662415154,4,0.12815,-0.2721125,-0.107525
504419671895473,1,-0.47505003,6.2359505,8.367001
504419681375856,4,0.1782,-0.3991625,-0.0793375
504419689209547,2,-31.331251,-13.575001,-11.56875
504419690856385,1,-0.48495004,6.0930004,8.67105
504419700336692,4,0.28215,-0.4626875,-0.030524999
504419709817002,1,-0.38895002,5.9370003,9.009001
504419719297395,4,0.472725,-0.3906375,0.046475
504419728777704,1,-0.28095,5.9869504,8.941951
504419738258231,4,0.6925875,-0.26235,0.1282875
504419739062789,2,-31.406252,-14.1,-10.81875
504419747738541,1,-0.034050003,6.3349504,7.9339504
504419757218913,4,0.7695875,-0.1340625,0.140525
504419766699223,1,0.33105,6.09,6.1260004
504419776179769,4,0.544775,-0.126775,0.113575
504419785660079,1,0.75495005,6.1930504,4.8499503
504419789094903,2,-31.687502,-14.45625,-10.03125
504419795140446,4,0.0768625,-0.2795375,0.019524999
504419804620756,1,1.13505,6.6480002,5.01795
504419814101292,4,-0.3862375,-0.4406875,-0.2198625
504419823581665,1,1.2409501,6.5190005,6.7770004
504419833061893,4,-0.56581247,-0.3443,-0.4324375
504419839128011,2,-32.04375,-14.700001,-9.225
504419842542278,1,0.67095006,6.1189504,8.17095
504419852022581,4,-0.531575,-0.16225,-0.438625
504419861503119,1,0.22800002,5.7790504,9.255
504419870983514,4,-0.27995,0.02475,-0.278575
504419880463824,1,0.16095,5.6980505,9.6
504419889233270,2,-32.362503,-14.906251,-8.606251
504419889944114,4,0.080575,0.215325,-0.088
504419899424653,1,0.07005,5.8939505,8.70705
504419908904961,4,0.3469125,0.1958,0.01705
504419918385345,1,0.051000003,5.98005,7.48605
504419927865653,4,0.4250125,0.0625625,0.0647625
504419937346182,1,0.079950005,5.93205,6.708
504419938809652,2,-32.456253,-15.01875,-8.0625
504419946826490,4,0.3542,-0.0339625,0.1062875
504419956306809,1,0.16995001,5.7910504,6.4279504
504419965787191,4,0.2112,-0.0510125,0.16005
504419975267730,1,0.31905,5.703,6.7870502
504419984748115,4,0.10615,0.0185625,0.2138125
504419989180952,2,-32.775,-15.075001,-7.4437504
504419994228424,1,0.61800003,5.5999503,7.3710003
504420003708754,4,0.0793375,0.1640375,0.2553375
504420013189064,1,0.80505,5.57595,7.4719505
504420022669600,4,0.0633875,0.2910875,0.2688125
504420032149987,1,0.71895003,5.5800004,7.32105
504420039124577,2,-33.0,-15.01875,-7.14375
504420041630293,4,0.036575,0.36313748,0.278575
504420051110602,1,0.67305005,5.5729504,7.24695
504420060591149,4,0.0158125,0.4241875,0.3078625
504420070071458,1,0.67605,5.5609503,7.2660003
504420079551841,4,0.014575,0.4731375,0.3311
504420089032380,1,0.53895,5.6280003,7.0720506
504420089240040,2,-33.112503,-14.887501,-7.2375
504420098512677,4,-0.012375,0.4791875,0.3628625
504420107992987,1,0.44295,5.655,7.0620003
504420117473293,4,-0.0391875,0.535425,0.3971
504420126953667,1,0.34800002,5.54505,7.0909505
504420136434206,4,-0.0477125,0.5952375,0.4521
504420139058343,2,-33.15,-14.6625,-7.51875
504420145914526,1,0.17295001,5.51595,7.2559505
504420155394821,4,-0.0246125,0.602525,0.521675
504420164875206,1,0.01695,5.3629503,7.4599504
504420174355744,4,0.0451,0.6367625,0.6219125
504420183836054,1,-0.078,5.28795,7.3180504
504420189168574,2,-33.300003,-14.19375,-7.9125004
504420193316447,4,0.1013375,0.6967125,0.731775
504420202796746,1,-0.20400001,5.2600503,7.0309505
504420212277052,4,0.1098625,0.7297125,0.8295375
504420221757591,1,-0.42195,5.2429504,7.2370505
504420231237898,4,0.1428625,0.817575,0.94682497
504420239190283,2,-33.5625,-13.44375,-8.512501
504420240718283,1,-0.37005,5.1780005,7.5409503
504420250198806,4,0.2063875,0.93857497,1.0531125
504420259679193,1,-0.31905,5.2759504,7.2420006
504420269159485,4,0.19167499,1.0069125,1.1105875
504420278639795,1,-0.35805002,5.3580003,6.9760504
504420288120105,4,0.092675,1.0351,1.1496375
504420289032770,2,-33.693752,-12.4125,-9.4875
504420297600644,1,-0.19005,5.32905,7.1370006
504420307080951,4,-0.0209,1.05215,1.194875
504420316561251,1,-0.075,5.2840505,7.7140503
504420326041634,4,-0.0746625,1.071675,1.2376375
504420335521954,1,-0.00795,5.22405,8.334001
504420339164495,2,-34.256252,-10.9875,-10.40625
504420345002490,4,-0.0746625,1.1279125,1.2876875
504420354482809,1,0.02205,5.27895,8.781
504420363963114,4,-0.0331375,1.2414875,1.360975
504420373443490,1,-0.15405001,5.3910003,8.86995
504420382924029,4,0.031625,1.3319625,1.4465
504420389097522,2,-34.48125,-9.262501,-11.606251
504420392404347,1,-0.39105,5.367,8.18505
504420401884644,4,0.00715,1.1548625,1.5235
504420411365259,1,-0.075,5.06295,7.86705
504420420845552,4,-0.0881375,0.8468625,1.558975
504420430325862,1,0.41505003,4.8790503,8.20905
504420439226638,2,-34.537502,-7.2375,-13.06875
504420439806254,4,-0.2041875,0.740575,1.4892625
504420449286487,1,0.42705002,4.8240004,8.724
504420458766865,4,-0.3152875,0.7943375,1.3805
504420468247403,1,0.156,4.551,9.198001
504420477727720,4,-0.3653375,0.9422875,1.332925
504420487208105,1,-0.549,4.149,9.63105
504420489032603,2,-34.537502,-4.875,-14.625001
504420496688422,4,-0.31405,1.1121,1.4317875
504420506168951,1,-1.014,3.9589503,9.59805
504420515649259,4,-0.2542375,1.2549624,1.5565
504420525129643,1,-1.0540501,4.125,9.16695
504420534609951,4,-0.2567125,1.297725,1.6017375
504420539213295,2,-34.2,-2.4,-16.181252
504420544090285,1,-0.93900007,4.1509504,9.02595
504420553570816,4,-0.266475,1.302675,1.5723125
504420563051126,1,-0.85095006,4.1130004,8.932051
504420572531524,4,-0.294525,1.2122,1.455025
504420582011833,1,-0.94905007,3.9930003,9.18105
504420589176831,2,-33.54375,0.31875002,-17.90625
504420591492370,4,-0.2982375,1.0839125,1.3047374
504420600972684,1,-1.53795,3.7009501,9.46905
504420610453067,4,-0.2737625,0.993575,1.25345
504420619933377,1,-2.1340501,3.41805,9.583051
504420629413990,4,-0.2542375,1.049675,1.3354
504420638894218,1,-2.3089502,3.4090502,9.526051
504420639233764,2,-32.0625,2.9250002,-19.85625
504420648374524,4,-0.2602875,1.197625,1.48555
504420657854899,1,-2.02905,3.34695,9.61695
504420667335438,4,-0.2737625,1.3882,1.6456
504420676815748,1,-1.8229501,3.5689502,9.564
504420686296130,4,-0.286,1.468775,1.7983625
504420689025268,2,-30.487501,5.49375,-21.69375
504420695776454,1,-1.3780501,3.90405,9.58605
504420705256750,4,-0.2492875,1.3270125,1.8533624
504420714737288,1,-0.966,4.197,9.712951
504420724217606,4,-0.189475,1.098625,1.8460749
504420733697990,1,-0.42195,4.2319503,9.78705
504420739119429,2,-28.893751,8.043751,-23.15625
504420743178288,4,-0.1687125,0.9898625,1.8191249
504420752658818,1,-0.010050001,4.26795,9.99495
504420762139125,4,-0.15895,1.0399125,1.7593125
504420771619435,1,0.10305001,4.29705,10.10505
504420781099818,4,-0.1296625,1.1963875,1.6896
504420789223984,2,-26.493752,10.368751,-24.843752
504420790580356,1,-0.03705,4.27605,9.913951
504420800060418,4,-0.0966625,1.3380125,1.648075
504420809540957,1,-0.22800002,4.25595,9.411
504420819021341,4,-0.0881375,1.35025,1.6077875
504420828501651,1,-0.33795002,4.3039503,8.997001
504420837982188,4,-0.112475,1.2782,1.5577375
504420839024646,2,-24.16875,12.562501,-26.23125
504420847462497,1,-0.384,4.2829504,8.93505
504420856942803,4,-0.1309,1.231725,1.5125
504420866423174,1,-0.52995,4.326,8.844001
504420875903481,4,-0.1527625,1.1438625,1.47345
504420885384020,1,-0.74805003,4.3639503,8.748
504420889100575,2,-21.300001,14.437501,-27.6375
504420894864331,4,-0.2127125,0.9458625,1.4502125
504420904344716,1,-0.702,4.30905,9.085051
504420913825034,4,-0.253,0.7748125,1.4427875
504420923305572,1,-0.47700003,4.25595,9.912001
504420932785880,4,-0.2017125,0.7088125,1.42945
504420939079428,2,-18.487501,16.143751,-28.706251
504420942266190,1,-0.14895001,4.1680503,10.54395
504420951746572,4,-0.05995,0.701525,1.3732125
504420961226882,1,-0.01995,4.086,10.552951
504420970707197,4,0.0768625,0.7712375,1.3145
504420980187735,1,-0.079950005,4.1130004,10.09305
504420989668116,4,0.1672,0.8151,1.2559249
504420989228080,2,-16.06875,17.7,-29.475
504420999148668,1,-0.26895002,4.2990003,9.397051
504421008628986,4,0.1709125,0.740575,1.1911625
504421018109296,1,-0.48195,4.359,9.238951
504421027589602,4,0.1782,0.6967125,1.15335
504421037069986,1,-0.65895003,4.23,9.306001
504421038983496,2,-13.125001,18.900002,-30.337502
504421046550308,4,0.2589125,0.7247625,1.1496375
504421056030851,1,-0.80505,4.1389503,8.98995
504421065511159,4,0.33825,0.750475,1.1655875
504421074991469,1,-0.72405005,4.10295,8.2879505
504421084471851,4,0.32615,0.7272375,1.1826375
504421089213255,2,-10.21875,19.7625,-30.975
504421093952156,1,-0.57105005,4.21605,7.73505
504421103432693,4,0.2393875,0.701525,1.1666875
504421112913002,1,-0.36495003,4.314,7.3830004
504421122393399,4,0.0891,0.679525,1.1191125
504421131873709,1,-0.21195,4.4220004,7.6440005
504421139171622,2,-7.5000005,20.19375,-31.44375
504421141354236,4,-0.0086624995,0.638,1.0483
504421150834555,1,-0.066,4.39305,8.27595
504421160314861,4,0.02915,0.6232875,0.9785875
504421169795235,1,-0.19005,4.431,8.470051
504421179275774,4,0.1098625,0.629475,0.9163
504421188756083,1,-0.34800002,4.51305,8.0460005
504421189238570,2,-5.025,20.268751,-31.706251
504421198236399,4,0.1013375,0.68076247,0.8833
504421207716709,1,-0.231,4.6800003,7.27995
504421217197082,4,-0.073425,0.739475,0.8625375
504421226677391,1,0.09900001,4.872,6.9859505
504421236157928,4,-0.319,0.723525,0.808775
504421239035866,2,-2.71875,19.931252,-31.95
504421245638237,1,0.453,5.09205,7.7110505
504421255118601,4,-0.4398625,0.530475,0.6975375
504421264598916,1,0.83100003,5.1060004,8.829
504421274079222,4,-0.3873375,0.40094998,0.5583875
504421283559769,1,0.88395005,4.9840503,9.555
504421289030923,2,-0.50625,19.35,-31.85625
504421293040077,4,-0.26895,0.44494998,0.4959625
504421302520447,1,0.85305005,4.9219503,9.694051
504421312000986,4,-0.1662375,0.591525,0.5229125
504421321481305,1,0.91305006,5.0389504,9.5449505
504421330961610,4,-0.062425,0.662475,0.5693875
504421339228507,2,1.6875001,18.525002,-31.95
504421340441986,1,0.906,5.24805,9.4810505
504421349922294,4,0.0891,0.4291375,0.60115
504421359402832,1,1.044,5.394,9.29895
504421368883149,4,0.20515,0.0405625,0.6182
504421378363459,1,1.2739501,5.4250503,9.085051
504421387843759,4,0.2234375,-0.2343,0.6304375
504421388955861,2,2.9437501,17.681252,-31.66875
504421397324154,1,1.8750001,5.38605,8.96805
504421406804682,4,0.1159125,-0.17325,0.5889125
504421416284992,1,2.3110502,5.2210503,8.923051
504421425765298,4,-0.0526625,0.1236125,0.5363875
504421435245682,1,2.29395,4.96995,9.17205
504421439099194,2,4.0687504,16.837502,-31.575
504421444725990,4,-0.1577125,0.4059,0.537625
504421454206529,1,1.9900501,4.86,9.306001
504421463686836,4,-0.1442375,0.5402375,0.571725
504421473167156,1,1.6500001,4.833,9.23595
504421482647462,4,-0.034375,0.4706625,0.6169625
504421489146255,2,4.6125,16.181252,-31.1625
504421492127846,1,1.6309501,4.848,8.905951
504421501608399,4,0.1013375,0.3276625,0.62796247
504421511088695,1,1.58595,4.8310504,8.415
504421520569077,4,0.1978625,0.1945625,0.6219125
504421530049387,1,1.4299501,4.80705,7.9549503
504421539529693,4,0.23815,0.1225125,0.63525
504421539246570,2,5.4187503,15.525001,-31.050001
504421549010236,1,1.30305,4.7569504,7.5150003
504421558490544,4,0.224675,0.088275,0.6609625
504421567970858,1,1.3990501,4.776,7.1509504
504421577451240,4,0.14533749,0.083325,0.659725
504421586931550,1,1.6840501,4.9360504,6.94005
504421588975411,2,6.39375,14.793751,-31.312502
504421596412086,4,0.0268125,0.0968,0.6194375
504421605892473,1,2.0670002,4.9510503,7.2829504
504421615372779,4,-0.0477125,0.0955625,0.5302
504421624853317,1,2.1390002,4.95795,7.5649505
504421634333616,4,-0.073425,0.0930875,0.438625
504421639218075,2,6.675,14.137501,-31.1625
504421643813926,1,1.88505,4.92705,7.8019505
504421653294221,4,-0.062425,0.066275,0.4043875
504421662774606,1,1.72695,4.905,7.79505
504421672254914,4,-0.0539,0.066275,0.4068625
504421681735452,1,1.79595,4.96005,7.9150505
504421689173091,2,7.0875,13.556251,-31.10625
504421691215760,4,-0.02695,0.072325,0.400675
504421700696065,1,2.15805,5.085,7.8840003
504421710176447,4,-0.012375,0.0845625,0.333575
504421719656991,1,2.184,5.18505,7.8499503
504421729137375,4,-0.0111375,0.050325,0.2528625
504421738617613,1,2.184,5.22405,8.049001
504421739188652,2,7.8,12.993751,-31.2
504421748097996,4,0.0133375,0.005225,0.1918125
504421757578311,1,2.292,5.1930003,8.38395
504421767058847,4,0.058575,0.04675,0.122237496
504421776539156,1,2.3110502,5.274,8.290951
504421786019462,4,0.0719125,0.0760375,0.02805
504421789016124,2,8.26875,12.468751,-31.25625
504421795499846,1,2.28495,5.2860003,8.238
504421804980154,4,0.053625,0.1115125,-0.066
504421814460464,1,2.3059502,5.31195,8.31
504421823940986,4,0.0341,0.1175625,-0.196625
504421833421296,1,2.1649501,5.31195,8.42205
504421839049093,2,8.325001,12.0375,-30.956251
504421842901597,4,0.0303875,0.0955625,-0.3213375
504421852381981,1,1.72395,5.1469502,8.64
504421861862289,4,0.06215,0.0820875,-0.3873375
504421871342816,1,1.5109501,5.0610003,8.596951
504421880823201,4,0.0743875,0.0955625,-0.4544375
504421889223093,2,8.7375,11.681251,-30.88125
504421890303511,1,1.2739501,5.0560503,8.700001
504421899784057,4,0.069575,0.11385,-0.499675
504421909264367,1,1.26195,4.9099503,8.95905
504421918744682,4,0.064625,0.1640375,-0.5363875
504421928224991,1,1.34595,4.83795,9.33405
504421937705307,4,0.1111,0.3056625,-0.5839625
504421938932533,2,8.887501,11.45625,-30.69375
504421947185692,1,1.19505,4.833,9.45405
504421956665999,4,0.202675,0.5341875,-0.64625
504421966146538,1,0.47700003,4.9630504,8.446051
504421975626937,4,0.1599125,0.5121875,-0.6780125
504421985107475,1,-0.22095,5.19705,7.6990504
504421989099823,2,9.356251,11.212501,-30.825
504421994587552,4,-0.01595,0.293425,-0.6744375
504422004068071,1,-0.27405003,5.274,7.8169503
504422013548379,4,-0.20047499,0.0380875,-0.71596247
504422023028684,1,0.079950005,5.013,8.269051
504422032509067,4,-0.360525,-0.1230625,-0.8025875
504422039154740,2,9.543751,11.137501,-30.73125
504422041989376,1,0.23505001,4.6249504,9.097051
504422051469692,4,-0.4411,-0.16225,-0.84534997
504422060950230,1,-0.02205,4.32105,10.01895
504422070430615,4,-0.34705,-0.113299996,-0.8075375
504422079910934,1,-0.29805002,4.0069504,10.564951
504422089391470,4,-0.0917125,-0.00825,-0.69025
504422089239052,2,10.05,11.15625,-30.806252
504422098871766,1,-0.56595004,3.9949503,10.219951
504422108352072,4,0.1672,0.0405625,-0.554675
504422117832381,1,-0.71400005,4.2780004,9.250951
504422127312764,4,0.3114375,-0.11825,-0.4459125
504422136793074,1,-0.64995,4.61595,8.676001
504422138956480,2,10.14375,11.3625,-30.7875
504422146273610,4,0.373725,-0.3576375,-0.4092
504422155753915,1,-0.39795002,4.83795,8.20395
504422165234221,4,0.351725,-0.5434,-0.4263875
504422174714605,1,-0.21405001,4.86495,7.8499503
504422184194918,4,0.2112,-0.6545,-0.4618625
504422189232986,2,9.712501,11.587501,-30.562502
504422193675228,1,0.29505002,4.635,7.9410005
504422203155754,4,0.014575,-0.568975,-0.5119125
504422212636141,1,0.63495004,4.596,8.290951
504422222116456,4,-0.161425,-0.429825,-0.58025
504422231596994,1,0.77400005,4.51305,8.58495
504422239214925,2,9.712501,11.7375,-30.73125
504422241077071,4,-0.327525,-0.2440625,-0.6524375
504422250557595,1,0.642,4.21995,9.042001
504422260037903,4,-0.305525,-0.071775,-0.7000125
504422269518307,1,0.048,4.017,9.44205
504422278998615,4,-0.090475,-0.2343,-0.6732
504422288479153,1,-0.43395,3.9259503,9.01095
504422289138701,2,8.94375,12.0,-30.487501
504422297959452,4,0.081675,-0.5201625,-0.582725
504422307439761,1,-0.51795,3.9709501,7.9429502
504422316920067,4,0.064625,-0.628925,-0.483725
504422326400452,1,-0.07005,3.9400501,8.155951
504422335880764,4,0.1123375,-0.6472125,-0.4263875
504422339016526,2,8.34375,12.225,-30.6375
504422345361302,1,0.32595003,3.9379501,8.149051
504422354841596,4,0.1758625,-0.744975,-0.3884375
504422364321980,1,0.89595,4.03095,8.367001
504422373802293,4,0.279675,-0.9196,-0.3884375
504422383282603,1,1.5109501,4.26105,8.311951
504422389043983,2,7.33125,12.356251,-30.6375
504422392763139,4,0.3322,-1.082125,-0.471625
504422402243459,1,1.81305,4.359,8.3550005
504422411723842,4,0.329725,-1.1103125,-0.5704875
504422421204375,1,1.815,4.41195,8.290951
504422430684452,4,0.3089625,-1.0186,-0.6292
504422439227524,2,6.7312503,12.3,-31.0125
504422440164991,1,1.6000501,4.374,8.179951
504422449645375,4,0.2833875,-0.856075,-0.59125
504422459125666,1,1.794,4.45305,8.149051
504422468605972,4,0.252725,-0.7645,-0.5424375
504422478086510,1,2.601,4.611,8.688001
504422487566818,4,0.2882,-0.773025,-0.5742
504422488948152,2,5.71875,12.243751,-31.29375
504422497047118,1,2.8470001,4.5199504,8.904
504422506527423,4,0.373725,-0.8952625,-0.6535375
504422516007808,1,2.301,4.4359503,8.81295
504422525488356,4,0.4629625,-1.0308375,-0.6694875
504422534968666,1,1.8900001,4.30905,8.500951
504422539190785,2,4.21875,12.13125,-31.48125
504422544448967,4,0.483725,-1.0883125,-0.6072
504422553929277,1,1.8940501,4.6129503,8.523001
504422563409659,4,0.4824875,-1.015025,-0.516725
504422572889969,1,2.4880502,4.88805,8.34795
504422582370275,4,0.46048748,-0.9013125,-0.5302
504422589132086,2,3.075,11.8125,-31.837502
504422591850803,1,2.7130501,5.01105,7.1010003
504422601331107,4,0.2099625,-1.1103125,-0.6609625
504422610811491,1,2.9479501,5.2930503,6.5070004
504422620291813,4,-0.17847499,-1.5390375,-0.79048747
504422629772352,1,3.9769502,5.80095,7.7760005
504422639252736,4,-0.4313375,-1.8591375,-1.067825
504422639089262,2,1.48125,11.400001,-31.95
504422648732969,1,4.38705,5.7790504,9.93795
504422658213347,4,-0.36781248,-1.700325,-1.3817375
504422667693656,1,3.6060002,5.046,10.419001
504422677173951,4,-0.2261875,-1.1908875,-1.4562625
504422686654490,1,2.424,4.5940504,9.696
504422689075460,2,-0.58125,11.00625,-31.95
504422696134812,4,-0.1442375,-0.716925,-1.23145
504422705615197,1,2.09805,4.6540504,8.596951
504422715095505,4,-0.1552375,-0.5812125,-1.0153
504422724576062,1,2.538,5.2000504,8.145
504422734056370,4,-0.1626625,-0.7902125,-0.9736375
504422739238693,2,-2.7562501,10.650001,-31.85625
504422743536685,1,2.9650502,5.54505,8.20905
504422753017081,4,-0.1199,-1.071125,-1.0995874
504422762497391,1,3.20895,5.4559503,8.06295
504422771977697,4,-0.134475,-1.1798875,-1.28645
504422781458235,1,3.0199502,5.1709504,7.7569504
504422789205011,2,-4.96875,10.40625,-31.650002
504422790938533,4,-0.2382875,-1.1103125,-1.3805
504422800418834,1,2.835,4.8310504,7.6009502
504422809899216,4,-0.3653375,-0.9587875,-1.426975
504422819379516,1,2.6490002,4.7569504,7.6470003
504422828860052,4,-0.45705,-1.0027875,-1.426975
504422838340362,1,2.7130501,4.79505,8.11305
504422839080850,2,-7.2937503,10.125,-31.050001
504422847820668,4,-0.4533375,-1.1994125,-1.433025
504422857301061,1,2.7280502,4.671,8.712001
504422866781360,4,-0.360525,-1.3497,-1.4257375
504422876261670,1,2.90505,4.6540504,8.84595
504422885742191,4,-0.3018125,-1.4084125,-1.4207875
504422889113864,2,-9.6,9.88125,-30.54375
504422895222496,1,3.1609502,4.75005,8.755051
504422904702879,4,-0.2908125,-1.319175,-1.455025
504422914183203,1,3.4410002,4.8,8.319
504422923663509,4,-0.363,-1.1176,-1.5588375
504422933144048,1,3.3960001,4.9360504,7.6699505
504422939174488,2,-12.01875,9.5625,-29.6625
504422942624355,4,-0.548625,-0.9538375,-1.67255
504422952104725,1,3.20895,4.965,7.8210006
504422961585033,4,-0.691625,-0.8487875,-1.78365
504422971065342,1,2.6869502,4.8019505,8.334001
504422980545648,4,-0.686675,-0.77055,-1.8228375
504422989231265,2,-14.475,9.09375,-28.556252
504422990026173,1,2.06205,4.71105,8.62605
504422999506475,4,-0.57805,-0.74745,-1.75065
504423008986785,1,1.5880501,4.6540504,8.929951
504423018467153,4,-0.4032875,-0.72421247,-1.5992625
504423027947462,1,1.167,4.58895,9.073951
504423037427985,4,-0.1907125,-0.6032125,-1.3512125
504423038859379,2,-17.025002,8.493751,-27.225
504423046908295,1,0.99405,4.7470503,8.619
504423056388687,4,-0.0551375,-0.518925,-1.1116875
504423065868997,1,1.2019501,5.1610503,7.8169503
504423075349312,4,-0.0441375,-0.639925,-0.9761125
504423084829621,1,1.50195,5.4870005,7.5150003
504423089194567,2,-19.3875,7.6875005,-25.800001
504423094310168,4,-0.0782375,-0.8402625,-0.908875
504423103790487,1,1.9810501,5.7049503,7.7760005
504423113270869,4,-0.10395,-0.9282625,-0.924825
504423122751179,1,2.36595,5.7769504,8.128051
504423132231715,4,-0.123475,-0.8512625,-0.9920625
504423139137028,2,-21.150002,6.7500005,-24.7875
504423141712035,1,2.2750502,5.7769504,7.9339504
504423151192355,4,-0.2102375,-0.6301625,-1.0286375
504423160672665,1,1.7700001,5.67105,7.3380003
504423170153038,4,-0.3898125,-0.452925,-0.9736375
504423179633348,1,1.1899501,5.6260505,7.11705
504423189113874,4,-0.54614997,-0.4114,-0.8760125
504423189236719,2,-23.38125,5.7562504,-23.41875
504423198594184,1,0.87405,5.5420504,7.3710003
504423208074567,4,-0.6293375,-0.49335,-0.7720625
504423217554876,1,1.1520001,5.5279503,8.25195
504423227035413,4,-0.5951,-0.6081625,-0.7464875
504423236515482,1,1.674,5.8099504,9.715051
504423239051221,2,-24.993752,4.78125,-22.40625
504423245996018,4,-0.4203375,-0.6972625,-0.81125
504423255476338,1,1.8079501,5.72205,10.55595
504423264956644,4,-0.176,-0.6802125,-0.87229997
504423274437028,1,1.7890501,5.4700503,10.587001
504423283917336,4,0.0303875,-0.6094,-0.9235875
504423289149592,2,-25.95,3.80625,-21.768751
504423293397875,1,1.7869501,5.1259503,10.08195
504423302878196,4,0.1159125,-0.4065875,-0.94435
504423312358506,1,1.6500001,5.02995,9.672001
504423321838889,4,0.125675,-0.2355375,-0.97735
504423331319189,1,1.18305,4.92705,9.65295
504423339205630,2,-27.243752,2.8875,-20.775002
504423340799495,4,0.1819125,-0.1535875,-0.957825
504423350280034,1,0.78105,4.6750503,9.556951
504423359760418,4,0.285725,-0.15125,-0.8771125
504423369240718,1,0.546,4.5870004,9.33195
504423378721014,4,0.38225,-0.2355375,-0.808775
504423388201323,1,0.261,4.55595,9.066
504423389061932,2,-27.993752,1.8375001,-20.0625
504423397681846,4,0.45319998,-0.30153748,-0.7489625
504423407162156,1,0.07005,4.55805,8.590051
504423416642528,4,0.4690125,-0.3185875,-0.731775
504423426122838,1,-0.0010500001,4.76205,7.93095
504423435603158,4,0.36025,-0.269775,-0.7403
504423439099151,2,-28.85625,0.75,-19.3875
504423445083467,1,-0.41295,4.93905,7.55595
504423454564004,4,0.196625,-0.1645875,-0.6780125
504423464044314,1,-0.59505004,4.9290004,7.5270004
504423473524707,4,0.0853875,-0.0400125,-0.5864375
504423483005017,1,-0.46995002,5.0490003,7.49805
504423489109887,2,-29.493752,-0.39375,-18.73125
504423492485337,4,0.020624999,-0.0620125,-0.5559125
504423501965651,1,-0.36,5.2639503,7.42395
504423511446188,4,-0.01595,-0.30153748,-0.59125
504423520926488,1,-0.48705003,5.14905,7.7040005
504423530406870,4,0.0133375,-0.4761625,-0.615725
504423539225641,2,-30.581251,-1.5,-17.75625
504423539887190,1,-0.75495005,4.86,7.8640504
504423549367496,4,0.0658625,-0.4406875,-0.5949625
504423558848034,1,-0.99195004,4.6920004,7.728
504423568328342,4,0.086625,-0.2795375,-0.56925
504423577808642,1,-1.02795,4.53405,7.6320004
504423587289024,4,0.0903375,-0.0790625,-0.5522
504423588902606,2,-31.5375,-2.71875,-16.893751
504423596769349,1,-1.059,4.51305,7.3230004
504423606249885,4,0.025575,0.1188,-0.538725
504423615730195,1,-1.03995,4.4430003,7.1340003
504423625210491,4,-0.045375,0.20185,-0.5374875
504423634690875,1,-1.00605,4.4479504,7.2250504
504423639200843,2,-31.875002,-3.99375,-16.462502
504423644171183,4,-0.0771375,0.215325,-0.5399625
504423653651507,1,-0.777,4.5799503,7.431
504423663131813,4,-0.0771375,0.210375,-0.5619625
504423672612366,1,-0.75495005,4.77405,7.4290504
504423682092751,4,-0.090475,0.1518,-0.5779125
504423689197701,2,-32.0625,-5.1000004,-16.25625
504423691573060,1,-0.95595,5.01105,7.1080503
504423701053366,4,-0.1687125,0.10175,-0.5644375
504423710533905,1,-1.11405,5.214,7.1509504
504423720014221,4,-0.2481875,0.0369875,-0.5082
504423729494531,1,-1.2889501,5.60895,7.1320505
504423738974924,4,-0.355575,-0.0094875,-0.405625
504423739231659,2,-32.4375,-6.0375004,-15.7875
504423748455233,1,-1.1050501,5.9010005,7.3810506
504423757935534,4,-0.4313375,-0.043725,-0.3139125
504423767415844,1,-0.64005005,6.2200503,7.9270506
504423776896375,4,-0.4398625,-0.038775,-0.25905
504423786376762,1,-0.13695,6.5809503,8.11095
504423789026286,2,-32.325,-6.9,-15.731251
504423795857001,4,-0.404525,0.0479875,-0.284625
504423805337385,1,0.00795,6.8490005,8.39805
504423814817693,4,-0.310475,0.0515625,-0.356675
504423824298309,1,-0.21405001,6.94995,8.02005
504423833778548,4,-0.2908125,0.055275,-0.3971
504423839145140,2,-31.987501,-7.5937505,-15.806251
504423843258858,1,-0.58305,6.8950505,7.8960004
504423852739150,4,-0.294525,0.0479875,-0.3909125
504423862219765,1,-0.9799501,6.74595,8.01
504423871700083,4,-0.2897125,0.0308,-0.3201
504423881180393,1,-1.08105,6.6769505,8.434051
504423889190077,2,-31.500002,-8.212501,-15.95625
504423890660707,4,-0.231,-0.0204875,-0.23705
504423900141092,1,-1.0639501,6.6480002,8.95905
504423909621400,4,-0.1137125,-0.0864875,-0.173525
504423919101938,1,-1.03005,6.564,9.259951
504423928582015,4,0.0158125,-0.1755875,-0.0952875
504423938062554,1,-0.94200003,6.4279504,9.579
504423939061182,2,-31.312502,-8.6625,-16.03125
504423947542861,4,0.1782,-0.3125375,0.0012375
504423957023251,1,-0.528,6.3630004,9.94005
504423966503559,4,0.3749625,-0.3991625,0.0367125
504423975983868,1,-0.31005,6.2749505,9.76095
504423985464472,4,0.50325,-0.40039998,0.0292875
504423989163007,2,-31.331251,-8.981251,-15.975
504423994944685,1,-0.23295002,6.13605,9.330001
504424004425067,4,0.5435375,-0.2745875,0.0257125
504424013905367,1,-0.29505002,5.913,8.937
504424023385673,4,0.5495875,-0.0559625,0.0402875
504424032866225,1,-0.432,5.676,8.437051
504424039082875,2,-31.25625,-9.243751,-15.843751
504424042346533,4,0.555775,0.0565125,0.080575
504424051826834,1,-0.633,5.68305,8.20005
504424061307220,4,0.621775,0.02475,0.118525
504424070787530,1,-0.74595004,5.8290005,7.9360504
504424080267851,4,0.699875,-0.0229625,0.1588125
504424089219348,2,-31.312502,-9.431251,-15.58125
504424089748389,1,-0.65205,6.1000504,7.6200004
504424099228769,4,0.7475875,0.027224999,0.157575
504424108709016,1,-0.16605,6.04995,6.5160003
504424118189321,4,0.5753,-0.109725,0.079475
504424127669706,1,0.264,6.2839503,5.6659503
504424137150014,4,0.158675,-0.3185875,-0.0317625
504424138824598,2,-31.312502,-9.637501,-15.356251
504424146630323,1,0.59895,6.4950004,6.2119503
504424156110870,4,-0.2127125,-0.341825,-0.190575
504424165591180,1,0.48405004,6.31995,7.6920004
504424175071470,4,-0.3422375,-0.1670625,-0.3128125
504424184551855,1,-0.32700002,5.95905,8.853001
504424189195451,2,-31.66875,-9.75,-14.981251
504424194032154,4,-0.2567125,0.0405625,-0.23333749
504424203512697,1,-0.75495005,5.56395,9.663
504424212993005,4,0.01815,0.2360875,0.0
504424222473323,1,-0.68805003,5.4370503,9.9210005
504424231953706,4,0.428725,0.3471875,0.206525
504424239181850,2,-32.006252,-9.825001,-14.606251
504424241434026,1,-0.549,5.6260505,8.89605
504424250914342,4,0.7536375,0.26785,0.31515
504424260394651,1,-0.36495003,5.6280003,7.149
504424269875202,4,0.77935,0.105325,0.3653375
504424279355511,1,-0.12495001,5.6980505,5.853
504424288835894,4,0.5545375,-0.0034375,0.3713875
504424289244236,2,-32.456253,-9.8625,-14.212501
504424298316213,1,0.17505,5.8630505,5.499
504424307796749,4,0.2503875,-0.049775,0.3078625
504424317276815,1,0.42705002,5.841,6.057
504424326757347,4,0.020624999,0.0259875,0.2308625
504424336237656,1,0.41505003,5.6929502,6.88005
504424338908857,2,-32.7,-9.825001,-14.1
504424345718034,4,-0.09295,0.2140875,0.2003375
504424355198320,1,0.23505001,5.66895,7.3159504
504424364678626,4,-0.1271875,0.370425,0.2088625
504424374159154,1,-0.13005,5.7769504,7.5360003
504424383639462,4,-0.095425,0.4681875,0.240625
504424389058042,2,-33.037502,-9.675,-14.00625
504424393119822,1,-0.35805002,5.7379503,7.39305
504424402600135,4,-0.04895,0.5146625,0.306625
504424412080445,1,-0.54405004,5.703,7.0980005
504424421560746,4,-0.013612499,0.5097125,0.388575
504424431041055,1,-0.51105005,5.6020503,6.8950505
504424439246103,2,-33.16875,-9.375,-14.137501
504424440521679,4,0.01705,0.45595,0.4679125
504424450001915,1,-0.51795,5.4540005,6.7890005
504424459482298,4,0.053625,0.3961375,0.565675
504424468962608,1,-0.41295,5.31195,6.73005
504424478443144,4,0.103675,0.37661248,0.659725
504424487923454,1,-0.30705002,5.2330503,6.354
504424488977944,2,-33.225002,-8.887501,-14.531251
504424497403750,4,0.0988625,0.364375,0.7392
504424506884059,1,-0.22395001,5.10405,5.90595
504424516364360,4,0.0303875,0.36685,0.797775
504424525844745,1,-0.042000003,4.9890003,5.7289505
504424535325278,4,-0.07095,0.3509,0.8234875
504424539145086,2,-33.0,-8.175,-15.187501
504424544805588,1,-0.018000001,5.013,5.9419503
504424554285884,4,-0.1662375,0.35585,0.8160625
504424563766268,1,0.03195,4.9170003,6.294
504424573246581,4,-0.2762375,0.4816625,0.7929625
504424582726891,1,0.048,5.04195,6.8610005
504424589219018,2,-32.90625,-7.1625004,-15.825001
504424592207172,4,-0.4032875,0.7088125,0.7525375
504424601687711,1,-0.35805002,5.07,7.6129503
504424611168019,4,-0.4912875,0.7932375,0.7392
504424620648413,1,-0.94395006,4.9819503,8.86005
504424630128721,4,-0.4362875,0.7272375,0.8185375
504424639609031,1,-1.0020001,4.5750003,10.014001
504424639238962,2,-33.0,-5.8500004,-16.425001
504424649089567,4,-0.2322375,0.6747125,0.9211125
504424658569877,1,-0.92505,4.3230004,10.441051
504424668050183,4,-0.04895,0.789525,1.0494
504424677530562,1,-0.93900007,4.36695,10.46205
504424687010870,4,0.0499125,1.1633875,1.194875
504424689002380,2,-33.075,-4.275,-16.987501
504424696491185,1,-1.2270001,4.467,9.603001
504424705971711,4,0.00605,1.5775375,1.3671625
504424715452021,1,-1.3780501,4.80495,8.34795
504424724932312,4,-0.216425,1.46025,1.47455
504424734412621,1,-1.2409501,4.9170003,8.401051
504424739209680,2,-32.850002,-2.4750001,-17.98125
504424743893004,4,-0.3898125,1.1011,1.558975
504424753373305,1,-0.51105005,4.656,8.98005
504424762853610,4,-0.498575,0.894575,1.582075
504424772334154,1,0.26895002,4.5150003,9.66495
504424781814462,4,-0.5278625,0.8701,1.514975
504424789167534,2,-32.456253,-0.35625002,-19.1625
504424791294762,1,0.40500003,4.386,10.189051
504424800775145,4,-0.4582875,1.004575,1.4232625
504424810255455,1,0.094050005,4.30905,9.922951
504424819735986,4,-0.429,1.2232,1.365925
504424829216373,1,-0.31905,4.45305,9.411
504424838696597,4,-0.4508625,1.4015375,1.3231624
504424839211155,2,-31.875002,1.9875001,-20.362501
504424848176904,1,-0.58695,4.51695,9.00405
504424857657318,4,-0.4753375,1.40525,1.2706375
504424867137637,1,-1.014,4.6800003,8.956051
504424876617942,4,-0.4533375,1.2464375,1.2254
504424886098472,1,-1.215,4.67805,9.31095
504424889126055,2,-30.900002,4.5,-21.88125
504424895578780,4,-0.355575,1.087625,1.1851125
504424905059164,1,-1.335,4.53405,9.42105
504424914539486,4,-0.25547498,0.99715,1.1704
504424924019796,1,-1.41795,4.3710003,9.34605
504424933500101,4,-0.1882375,0.8713375,1.1716375
504424939023674,2,-29.175001,6.9750004,-23.681252
504424942980640,1,-1.26495,4.26105,9.556951
504424952460948,4,-0.101475,0.806575,1.15335
504424961941257,1,-1.1359501,4.11795,9.53295
504424971421650,4,-0.0391875,0.81633747,1.1251625
504424980901960,1,-1.0710001,4.13205,9.117001
504424989217993,2,-27.13125,9.375,-25.706251
504424990382496,4,-0.07095,0.8383375,1.084875
504424999862796,1,-0.93495005,4.13205,9.118951
504425009343102,4,-0.112475,0.792,1.0335875
504425018823421,1,-0.55200005,4.07205,9.588
504425028303804,4,-0.0807125,0.73205,0.94435
504425037784118,1,-0.52005005,4.06995,9.79395
504425038942800,2,-25.275002,11.587501,-27.187502
504425047264423,4,-0.0306625,0.6892875,0.85153747
504425056744962,1,-0.79095006,4.0480504,9.712951
504425066225270,4,-0.0111375,0.68694997,0.8100125
504425075705570,1,-0.99195004,4.0150504,9.636001
504425085185876,4,-0.0037125,0.73205,0.8063
504425089163589,2,-23.23125,13.44375,-28.406252
504425094666275,1,-1.0999501,4.0290003,9.31995
504425104146592,4,-0.040425,0.8127625,0.78429997
504425113627131,1,-1.3560001,4.11,8.877001
504425123107423,4,-0.132,0.825,0.7709625
504425132587733,1,-1.6099501,4.10295,8.887051
504425139167966,2,-20.85,14.868751,-29.643751
504425142068111,4,-0.1907125,0.825,0.7794875
504425151548421,1,-1.9020001,4.1130004,9.01395
504425161028726,4,-0.194425,0.7882875,0.808775
504425170509046,1,-2.22495,4.19205,9.174001
504425179989582,4,-0.14795,0.75405,0.8503
504425189469901,1,-2.5800002,4.23495,9.066
504425189237832,2,-18.525002,15.900001,-30.45
504425198950279,4,-0.11495,0.7222875,0.918775
504425208430512,1,-2.88105,4.2319503,8.87205
504425217910904,4,-0.1186625,0.723525,1.0335875
504425227391443,1,-2.9290502,4.1989503,8.688001
504425236871740,4,-0.1527625,0.7027625,1.1666875
504425238948371,2,-16.40625,16.650002,-31.143751
504425246352050,1,-2.766,4.2400503,8.80095
504425255832356,4,-0.1442375,0.601425,1.24245
504425265312685,1,-2.60295,4.19205,9.088051
504425274793067,4,-0.056375,0.5097125,1.2694
504425284273606,1,-2.6869502,4.0480504,9.1380005
504425289168171,2,-14.400001,17.2875,-31.650002
504425293753683,4,0.031625,0.5036625,1.316975
504425303234000,1,-2.8860002,3.9019501,8.88195
504425312714539,4,0.0891,0.6172375,1.4135
504425322194936,1,-3.0199502,3.7510502,8.283
504425331675241,4,0.0793375,0.7357625,1.5345
504425339245395,2,-12.337501,17.8125,-32.193752
504425341155779,1,-2.841,3.8059502,7.70205
504425350635852,4,0.00605,0.78705,1.6102625
504425360116380,1,-2.5480502,3.9619503,7.48395
504425369596765,4,-0.067375,0.7712375,1.6236
504425379077079,1,-2.19195,4.0339503,7.7260504
504425388557385,4,-0.0771375,0.77605,1.5675
504425389174051,2,-10.2375,18.35625,-32.625
504425398037700,1,-2.08605,4.0480504,7.8910503
504425407518006,4,-0.056375,0.8261,1.5063125
504425416998544,1,-2.163,4.00005,7.9429502
504425426478929,4,-0.0319,0.8578625,1.4832125
504425435959152,1,-2.36595,3.9210002,7.82805
504425439119522,2,-8.15625,18.956251,-32.850002
504425445439457,4,-0.0281875,0.7992875,1.5162125
504425454919832,1,-2.29905,3.9450002,7.90005
504425464400140,4,-0.051425,0.7247625,1.5577375
504425473880444,1,-1.9159501,3.9930003,8.11095
504425483360981,4,-0.0941875,0.68694997,1.5808375
504425489022743,2,-6.0937505,19.518751,-33.037502
504425492841291,1,-1.38495,4.0669503,8.51805
504425502321683,4,-0.12595,0.75528747,1.5577375
504425511801916,1,-1.08105,4.089,8.66895
504425521282308,4,-0.15895,0.751575,1.5307875
504425530762846,1,-0.80295,4.17705,9.19305
504425539203960,2,-3.6937501,19.875,-33.225002
504425540243145,4,-0.106425,0.726,1.503975
504425549723533,1,-0.64995,4.22505,9.29895
504425559203841,4,-0.040425,0.7137625,1.4782625
504425568684142,1,-0.29295,4.347,9.094951
504425578164448,4,-0.051425,0.7382375,1.466025
504425587644747,1,0.33600003,4.4220004,8.83605
504425588912229,2,-1.10625,19.81875,-33.28125
504425597125053,4,-0.15895,0.814,1.4147375
504425606605591,1,0.75495005,4.5870004,8.949
504425616085894,4,-0.25905,0.8603375,1.3561625
504425625566204,1,1.008,4.572,9.47595
504425635046592,4,-0.228525,0.933625,1.343925
504425639153228,2,1.06875,19.5375,-32.943752
504425644526901,1,1.22895,4.683,9.876
504425654007217,4,-0.0771375,1.00815,1.3426875
504425663487755,1,1.0680001,4.77405,9.562051
504425672968063,4,0.0378125,1.00815,1.448975
504425682448382,1,1.29795,4.99095,9.32295
504425689115614,2,3.16875,18.956251,-32.53125
504425691928765,4,0.1013375,0.8493375,1.5345
504425701409074,1,1.88205,5.26905,9.217051
504425710889380,4,0.11715,0.5781875,1.499025
504425720369918,1,2.3490002,5.54895,9.093
504425729850226,4,0.0671,0.2641375,1.360975
504425739330536,1,2.6560502,5.5420504,9.39
504425739242348,2,5.3250003,17.962502,-32.23125
504425748810924,4,0.0523875,0.1445125,1.2291125
504425758291233,1,2.6170502,5.13705,9.67905
504425767771554,4,0.091575,0.26785,1.1776875
504425777252092,1,2.26305,4.8769503,9.495001
504425786732395,4,0.1293875,0.4279,1.211925
504425788970572,2,7.5750003,16.706251,-31.931252
504425796212695,1,2.148,4.9120502,9.01605
504425805693001,4,0.1551,0.4376625,1.2216874
504425815173380,1,2.08605,4.9669504,8.81295
504425824653688,4,0.21367499,0.3839,1.1886874
504425834133998,1,2.052,4.953,8.299951
504425839224570,2,9.075001,15.39375,-31.462502
504425843614303,4,0.2332,0.3240875,1.13135
504425853094852,1,1.9399501,4.9960504,7.8499503
504425862575160,4,0.196625,0.26785,1.062875
504425872055558,1,1.8349501,4.9630504,7.7830505
504425881535866,4,0.1794375,0.221375,1.0066375
504425889213501,2,10.40625,14.118751,-31.125002
504425891016176,1,1.983,4.8910503,8.00595
504425900496476,4,0.202675,0.2641375,0.9493
504425909977015,1,2.2459502,4.93905,7.728
504425919457309,4,0.1709125,0.3496625,0.8735375
504425928937618,1,2.32305,5.0539503,7.4719505
504425938418001,4,0.1049125,0.3521375,0.775775
504425939115210,2,12.0,12.76875,-30.975
504425947898311,1,2.4139502,5.0659504,7.32105
504425957378832,4,0.02805,0.359425,0.6804875
504425966859142,1,2.5819502,5.0539503,7.3159504
504425976339217,4,-0.03795,0.36795,0.5742
504425985819755,1,2.493,5.07,7.3110003
504425989088444,2,13.125001,11.418751,-30.825
504425995300063,4,-0.089237496,0.3399,0.46915
504426004780448,1,2.196,4.9360504,7.4290504
504426014260755,4,-0.106425,0.342375,0.4214375
504426023741065,1,2.055,4.8240004,7.5319505
504426033221347,4,-0.095425,0.3619,0.4104375
504426039194315,2,14.1,10.181251,-30.7875
504426042701885,1,2.02095,4.88805,7.70205
504426052182203,4,-0.0331375,0.2946625,0.3971
504426061662513,1,2.0380502,4.9750504,7.6920004
504426071142895,4,0.0389125,0.1920875,0.3628625
504426080623209,1,2.091,5.04405,7.6080003
504426089242196,2,14.868751,9.13125,-30.675001
504426090103745,4,0.0891,0.1445125,0.31515
504426099584045,1,2.2750502,5.1109505,7.4329505
504426109064428,4,0.102575,0.155375,0.234575
504426118544661,1,2.32305,5.202,7.4089503
504426128025043,4,0.100099996,0.1236125,0.135575
504426137505348,1,2.4160502,5.181,7.58895
504426138912053,2,15.6,8.175,-30.581251
504426146985654,4,0.097625,0.1530375,0.030524999
504426156466201,1,2.36805,5.1450005,7.79505
504426165946509,4,0.081675,0.3179,-0.055
504426175426853,1,2.1390002,4.6969504,8.01795
504426184907235,4,0.0413875,0.55495,-0.069575
504426189193669,2,16.143751,7.425,-30.337502
504426194387555,1,2.256,4.54395,8.2240505
504426203867851,4,0.0083875,0.557425,-0.1172875
504426213348389,1,2.5740001,4.38105,8.487
504426222828711,4,0.014575,0.32285,-0.207625
504426232309021,1,2.871,4.563,8.89395
504426239119390,2,16.78125,6.7875004,-30.31875
504426241789336,4,0.06215,0.07975,-0.4301
504426251269716,1,2.62695,4.64895,9.150001
504426260750024,4,0.11715,0.1346125,-0.6854375
504426270230342,1,2.0359502,4.6990504,8.578051
504426279710879,4,0.0378125,0.45595,-0.8575875
504426289191262,1,1.13505,4.7689505,7.623
504426289226198,2,17.38125,6.3562503,-30.075
504426298671499,4,-0.2542375,0.6832375,-0.9101125
504426308151807,1,0.273,5.19705,7.5220504
504426317632187,4,-0.57805,0.541475,-0.8943
504426327112496,1,0.38805002,5.307,8.358001
504426336592802,4,-0.7734375,0.1615625,-0.9651125
504426338924403,2,17.831251,6.20625,-29.625002
504426346073327,1,0.582,4.9890003,10.038
504426355553634,4,-0.70015,-0.22453749,-1.0531125
504426365033954,1,0.59895,4.3830004,11.191951
504426374514337,4,-0.465575,-0.4065875,-1.0934
504426383994646,1,0.24195,3.9310503,11.226001
504426389122201,2,18.28125,6.3562503,-29.250002
504426393474952,4,-0.2457125,-0.35035,-1.0751125
504426402955262,1,-0.15900001,3.663,10.527
504426412435798,4,-0.1577125,-0.0730125,-0.996875
504426421916176,1,-0.669,3.5400002,9.67395
504426431396405,4,-0.161425,0.1420375,-0.84425
504426439224879,2,18.4125,6.8625,-28.931252
504426440876765,1,-0.82500005,3.6720002,9.35595
504426450357073,4,-0.1051875,0.138325,-0.71225
504426459837296,1,-0.77895004,3.801,9.24405
504426469317678,4,0.020624999,-0.0229625,-0.632775
504426478798217,1,-0.78405005,3.9210002,8.93505
504426488278525,4,0.136675,-0.247775,-0.565675
504426489080617,2,18.525002,7.5375004,-28.743752
504426497758834,1,-0.64500004,3.9880502,8.544001
504426507239217,4,0.1879625,-0.529925,-0.5339125
504426516719532,1,-0.26700002,3.8230503,8.3220005
504426526199837,4,0.16115,-0.8977375,-0.5509625
504426535680390,1,0.14400001,3.8130002,8.295
504426539112322,2,18.431252,8.34375,-28.500002
504426545160698,4,0.0499125,-1.159125,-0.5999125
504426554640998,1,0.43095002,3.79695,8.65005
504426564121304,4,-0.0759,-1.2214125,-0.6854375
504426573601614,1,0.609,3.6529503,9.11205
504426583081996,4,-0.167475,-0.9978375,-0.791725
504426589134359,2,18.243752,9.20625,-28.725
504426592562306,1,0.67305005,3.4950001,9.424951
504426602042611,4,-0.22247499,-0.56045,-0.8930625
504426611522921,1,0.53895,3.45405,9.14505
504426621003457,4,-0.286,-0.181775,-0.9675875
504426630483767,1,0.10605001,3.4780502,8.91495
504426639222952,2,17.587502,10.087501,-28.987501
504426639964082,4,-0.2982375,-0.0375375,-0.9895875
504426649444456,1,-0.13005,3.38505,8.908051
504426658924764,4,-0.2457125,-0.0485375,-0.9785875
504426668405079,1,-0.252,3.4300501,8.953951
504426677885615,4,-0.156475,-0.236775,-0.963875
504426687365925,1,-0.15195,3.48495,8.962951
504426688812504,2,16.725,10.837501,-29.2875
504426696846244,4,-0.0759,-0.51645,-0.9615375
504426706326554,1,0.09105001,3.49005,9.258
504426715806928,4,0.031625,-0.8072625,-0.9700625
504426725287238,1,0.58905005,3.4300501,9.64305
504426734767543,4,0.1771,-1.0186,-1.023825
504426739181412,2,15.937501,11.493751,-29.550001
504426744248082,1,0.92700005,3.34695,9.58605
504426753728398,4,0.268675,-1.187175,-1.1116875
504426763208708,1,1.0540501,3.28695,9.436951
504426772689014,4,0.29425,-1.3118875,-1.172875
504426782169399,1,1.31295,3.1960502,9.64095
504426789144110,2,14.418751,12.1125,-29.643751
504426791649697,4,0.30415,-1.37775,-1.222925
504426801129997,1,1.6500001,3.15,9.76305
504426810610533,4,0.30525,-1.3484625,-1.2925
504426820090843,1,1.9090501,3.141,9.897
504426829571149,4,0.3249125,-1.352175,-1.367025
504426839051510,1,1.8900001,3.14295,10.009951
504426839240968,2,12.825001,12.69375,-30.000002
504426848531817,4,0.3749625,-1.4095125,-1.4342625
504426858012117,1,1.8270001,2.9629502,9.864
504426867492409,4,0.3944875,-1.44375,-1.477025
504426876972718,1,1.4419501,3.0259502,9.65295
504426886453024,4,0.367675,-1.4755125,-1.46355
504426888960685,2,11.043751,13.2375,-30.281252
504426895933553,1,0.95295006,3.28905,9.576
504426905413860,4,0.368775,-1.4938,-1.433025
504426914894256,1,0.65205,3.6100502,9.052051
504426924374564,4,0.312675,-1.341175,-1.415975
504426933854868,1,1.281,3.8160002,7.7970004
504426939160371,2,8.85,13.575001,-30.768751
504426943335405,4,0.0108624995,-1.2654124,-1.5063125
504426952815705,1,1.5780001,4.29705,7.21605
504426962296010,4,-0.421575,-1.50975,-1.6383125
504426971776306,1,1.3099501,4.42605,8.094001
504426981256689,4,-0.6989125,-1.9311875,-1.6883625
504426989197729,2,6.15,13.781251,-31.06875
504426990737012,1,0.915,4.28805,9.98805
504427000217318,4,-0.6683875,-2.097425,-1.6748875
504427009697857,1,0.795,3.9829502,11.39805
504427019178241,4,-0.399575,-1.84085,-1.6248375
504427028658474,1,0.441,3.5140502,11.370001
504427038138780,4,-0.090475,-1.2641749,-1.4257375
504427039044414,2,3.05625,13.950001,-31.312502
504427047619087,1,0.58005005,3.6169503,10.078951
504427057099462,4,0.0378125,-0.8525,-1.1862125
504427066579772,1,1.008,4.3450503,8.62605
504427076060082,4,0.009625,-0.7975,-1.1446875
504427085540392,1,1.6309501,4.64895,8.025001
504427089169463,2,0.16875,13.9125,-31.406252
504427095020929,4,-0.064899996,-0.7902125,-1.27545
504427104501262,1,1.6810501,4.7380505,7.4209504
504427113981645,4,-0.2382875,-0.733975,-1.44045
504427123461955,1,1.3050001,4.5919504,7.42605
504427132942260,4,-0.4203375,-0.5971625,-1.4892625
504427139102994,2,-3.0187502,13.781251,-31.10625
504427142422575,1,1.0180501,4.4430003,7.9549503
504427151903121,4,-0.5022875,-0.45168748,-1.4612125
504427161383430,1,0.58905005,4.431,8.44095
504427170863751,4,-0.481525,-0.435875,-1.3915
504427180344061,1,0.36195,4.33995,8.748
504427189225849,2,-6.0937505,13.6125,-30.618752
504427189824375,4,-0.393525,-0.5396875,-1.2486374
504427199304685,1,0.06795,4.60395,8.868
504427208785068,4,-0.283525,-0.7682125,-1.090925
504427218265388,1,0.19905001,4.6969504,8.80305
504427227745924,4,-0.2347125,-0.99055,-0.9713
504427237226244,1,0.30705002,4.76595,8.853001
504427238832757,2,-8.925,13.35,-29.60625
504427246706549,4,-0.2371875,-1.060125,-0.8710625
504427256186854,1,0.74295,4.8360004,9.291
504427265667237,4,-0.2127125,-0.8927875,-0.8503
504427275147547,1,0.9990001,4.809,9.423
504427284628068,4,-0.2017125,-0.56787497,-0.8234875
504427289143816,2,-11.400001,12.993751,-28.725
504427294108378,1,1.15005,4.9030504,9.267
504427303588674,4,-0.2077625,-0.3051125,-0.8075375
504427313068984,1,1.02495,4.91505,9.0060005
504427322549304,4,-0.217525,-0.148775,-0.77825
504427332029689,1,0.63705003,4.8910503,8.950951
504427339196182,2,-13.387501,12.468751,-27.806252
504427341510001,4,-0.1772375,-0.1560625,-0.68901247
504427350990311,1,0.56295,4.716,9.054001
504427360470617,4,-0.07095,-0.1450625,-0.54614997
504427369950925,1,0.70395005,4.6200004,8.86995
504427379431539,4,0.0193875,-0.0974875,-0.3848625
504427388911782,1,0.92205006,4.7569504,8.611051
504427389246648,2,-14.981251,11.94375,-27.13125
504427398392087,4,0.0633875,-0.071775,-0.273625
504427407872472,1,1.1040001,4.8769503,8.338051
504427417352780,4,0.0413875,-0.0864875,-0.2162875
504427426833318,1,1.2600001,4.98705,8.42895
504427436313621,4,0.020624999,-0.09625,-0.196625
504427439017816,2,-16.21875,11.475,-26.550001
504427445793931,1,1.2379501,4.9890003,8.6640005
504427455274221,4,0.0303875,-0.0400125,-0.19305
504427464754606,1,0.96795005,4.8360004,8.76
504427474234827,4,0.0719125,0.08085,-0.1808125
504427483715211,1,0.81195,4.57695,8.68995
504427489051321,2,-17.1375,10.9875,-25.987501
504427493195519,4,0.1159125,0.293425,-0.132
504427502675829,1,0.65895003,4.3429503,8.037001
504427512156365,4,0.0193875,0.36313748,-0.0402875
504427521636665,1,0.39795002,4.55805,7.7059503
504427531116971,4,-0.17847499,0.094325,0.0598125
504427539233063,2,-17.71875,10.575001,-25.706251
504427540597365,1,0.56595004,4.7070003,8.602051
504427550077615,4,-0.2542375,-0.1280125,0.0952875
504427559558000,1,0.75900006,4.584,9.45705
504427569038307,4,-0.2017125,-0.2085875,0.0818125
504427578518617,1,0.81000006,4.20405,9.892051
504427587999154,4,-0.057475,-0.0363,0.1123375
504427589041463,2,-18.150002,10.33125,-25.312502
504427597479468,1,0.88605005,3.90405,9.6
504427606959774,4,0.0438625,0.292325,0.16499999
504427616440168,1,0.56805,4.149,8.643001
504427625920399,4,0.0083875,0.414425,0.201575
504427635400783,1,0.46500003,4.4550004,8.31705
504427639105348,2,-18.337502,10.200001,-25.143751
504427644881091,4,-0.0221375,0.35585,0.2003375
504427654361401,1,0.49905002,4.42605,8.4529505
504427663841947,4,0.01815,0.254375,0.2077625
504427673322257,1,0.69495004,4.4599504,8.614051
504427682802563,4,0.09515,0.1310375,0.1808125
504427689041989,2,-18.50625,10.2375,-24.900002
504427692282872,1,0.85995007,4.4550004,8.69295
504427701763259,4,0.1684375,0.05775,0.132
504427711243569,1,1.0639501,4.395,8.51295
504427720723870,4,0.15619999,0.0968,0.052525
504427730204180,1,1.143,4.374,8.18805
504427739684716,4,0.0413875,0.193325,-0.033
504427739236501,2,-18.487501,10.293751,-24.862501
504427749165103,1,1.00605,4.26105,8.070001
504427758645332,4,-0.095425,0.2849,-0.080575
504427768125640,1,0.86505,4.1940002,8.323951
504427777606014,4,-0.1736625,0.31913748,-0.1038125
504427787086324,1,0.71205,4.08405,8.745001
504427788995107,2,-18.75,10.44375,-24.825
504427796566630,4,-0.1626625,0.31185,-0.100237496
504427806047168,1,0.67995006,4.0150504,9.094951
504427815527476,4,-0.089237496,0.30085,-0.08305
504427825007786,1,0.58005005,4.0030503,9.021001
504427834488091,4,-0.0306625,0.265375,-0.044
504427839213864,2,-18.88125,10.6125,-24.73125
504427843968476,1,0.40995002,4.0669503,8.89395
504427853448779,4,0.0083875,0.21285,0.014712499
504427862929088,1,0.56805,4.0459504,8.877001
504427872409403,4,0.0451,0.1700875,0.0562375
504427881889713,1,0.81000006,4.18905,8.72595
504427889171019,2,-18.6,10.725,-25.087502
504427891370264,4,0.0633875,0.138325,0.0452375
504427900850564,1,0.91005003,4.2709503,8.437051
504427910330870,4,0.01815,0.1126125,0.002475
504427919811170,1,0.94095004,4.32795,8.367001
504427929291553,4,-0.0501875,0.1408,-0.0402875
504427938771853,1,0.975,4.3380003,8.427
504427939238104,2,-18.300001,10.81875,-25.29375
504427948252159,4,-0.1161875,0.1725625,-0.088
504427957732468,1,0.90300006,4.3500004,8.635051
504427967213005,4,-0.1442375,0.17985,-0.1282875
504427976693299,1,0.87900007,4.31895,8.83605
504427986173682,4,-0.1419,0.19813749,-0.1722875
504427989024408,2,-17.8875,10.81875,-25.556252
504427995653926,1,0.51495004,4.25895,8.83395
504428005134318,4,-0.1442375,0.16885,-0.157575
504428014614627,1,0.34305,4.1850004,9.01395
504428024094929,4,-0.1161875,0.138325,-0.1013375
504428033575248,1,0.38805002,4.22295,9.11205
504428039073865,2,-17.53125,10.8,-25.81875
504428043055784,4,-0.067375,0.0895125,-0.057475
504428052536094,1,0.53400004,4.3110003,9.069
504428062016400,4,-0.0281875,0.0320375,-0.046475
504428071496709,1,0.50100005,4.3429503,8.98005
504428080977078,4,-0.007425,2.75E-4,-0.0317625
504428089226586,2,-16.85625,10.78125,-26.1
504428090457616,1,0.52995,4.3429503,8.91495
504428099937693,4,-0.0086624995,-0.0045375,-0.035475
504428109418232,1,0.55095005,4.3710003,8.925
504428118898544,4,-0.014712499,0.0235125,-0.0512875
504428128378853,1,0.609,4.3429503,8.913
504428137859145,4,-0.01595,0.0699875,-0.0782375
504428138949282,2,-16.3125,10.762501,-26.400002
504428147339455,1,0.56805,4.362,8.793
504428156819736,4,-0.0331375,0.1005125,-0.102575
504428166300121,1,0.46005002,4.3309503,8.740951
504428175780361,4,-0.04895,0.0955625,-0.1123375
504428185260745,1,0.29505002,4.24695,8.79105
504428189152024,2,-16.1625,10.78125,-26.531252
504428194741053,4,-0.0416625,0.0845625,-0.099
504428204221578,1,0.23505001,4.18695,8.767051
504428213701885,4,-0.0331375,0.066275,-0.080575
504428223182200,1,0.21105,4.20795,8.7310505
504428232662506,4,-0.0306625,0.0295625,-0.069575
504428239201488,2,-16.3125,10.81875,-26.493752
504428242142816,1,0.22305001,4.21605,8.73795
504428251623187,4,-0.0306625,0.0210375,-0.069575
504428261103497,1,0.18705001,4.24905,8.80305
504428270584033,4,-0.029424999,0.0405625,-0.0732875
504428280064343,1,0.15105,4.24695,8.80095
504428289544644,4,-0.034375,0.08085,-0.0672375
504428289243359,2,-16.1625,10.81875,-26.75625
504428299024930,1,0.064950004,4.2520504,8.70495
504428308505235,4,-0.0477125,0.0820875,-0.0512875
504428317985531,1,0.01695,4.2660003,8.740951
504428327465837,4,-0.045375,0.03575,-0.0342375
504428336946211,1,0.04095,4.2709503,8.925
504428338804647,2,-16.181252,10.81875,-26.625002
504428346426519,4,-0.0111375,-0.0144375,-0.0207625
504428355906843,1,0.064950004,4.2400503,8.938951
504428365387379,4,0.0158125,-0.027775,-0.0097624995
504428374867689,1,0.096,4.25595,8.84805
504428384347995,4,0.014575,-0.0180125,-0.0012375
504428389193098,2,-16.59375,10.837501,-26.531252
504428393828290,1,0.15900001,4.2829504,8.80305
504428403308678,4,0.0023375,-0.00825,-0.00605
504428412788988,1,0.19905001,4.3309503,8.785951
504428422269292,4,-0.013612499,-0.0094875,-0.0182875
504428431749602,1,0.19695,4.35195,8.844001
504428439189980,2,-16.59375,10.81875,-26.643751
504428441230130,4,-0.0246125,-9.625E-4,-0.033
504428450710448,1,0.17805001,4.3330503,8.875051
504428460190754,4,-0.034375,0.0430375,-0.0402875
504428469671164,1,0.076950006,4.27995,8.817
504428479151471,4,-0.0441375,0.066275,-0.0292875
504428488631766,1,0.048,4.2709503,8.81295
504428489195673,2,-16.556252,10.78125,-26.681252
504428498112082,4,-0.0429,0.0308,-0.0158125
504428507592392,1,0.094050005,4.30695,8.91495
504428517072707,4,-0.0209,-0.01925,-0.019524999
504428526553246,1,0.08895,4.2730503,8.98005
504428536033544,4,-0.0061875,-0.038775,-0.0257125
504428539025977,2,-16.35,10.725,-26.94375
504428545513854,1,0.03195,4.2439504,8.99205
504428554994155,4,-0.0111375,-0.0094875,-0.014712499
504428564474465,1,-0.027,4.2109504,8.99205
504428573954861,4,-0.0209,0.039325,0.011
504428583435171,1,0.072000004,4.21605,9.082951
504428589049822,2,-16.425001,10.725,-26.8875
504428592915501,4,-0.0037125,0.066275,0.0207625
504428602395805,1,0.07005,4.2439504,9.057
504428611876111,4,0.0218625,0.066275,0.014712499
504428621356646,1,0.048,4.2010503,8.911051
504428630836962,4,0.0303875,0.0515625,0.0232375
504428639222369,2,-16.368752,10.743751,-27.112501
504428640317272,1,0.02205,4.23,8.79105
504428649797669,4,0.025575,0.0210375,0.0317625
504428659278207,1,0.072000004,4.2109504,8.785951
504428668758280,4,0.0218625,2.75E-4,0.0378125
504428678238588,1,0.10605001,4.22295,8.83905
504428687718905,4,0.0243375,0.006325,0.041525
504428688930188,2,-15.937501,10.70625,-27.45
504428697199443,1,0.15900001,4.22295,8.82195
504428706679751,4,0.0158125,0.0039875,0.039049998
504428716160126,1,0.19395001,4.2709503,8.88195
504428725640357,4,0.0133375,0.00275,0.0402875
504428735120732,1,0.30195,4.25895,8.932051
504428739205966,2,-15.937501,10.725,-27.375002
504428744601040,4,0.014575,-0.0022,0.022
504428754081358,1,0.28800002,4.2319503,9.00405
504428763561664,4,0.0218625,0.0039875,0.0097624995
504428773042198,1,0.25695002,4.21605,8.974951
504428782522275,4,0.0231,0.0125124995,0.00605
504428789155880,2,-15.937501,10.70625,-27.375002
504428792002803,1,0.25005,4.22805,8.944051
504428801483111,4,0.0231,0.0088,0.002475
504428810963420,1,0.26895002,4.23705,8.87205
504428820443731,4,0.020624999,-0.0070125,-0.0072875
504428829924116,1,0.30495003,4.25595,8.899051
504428839404663,4,0.0268125,-0.0180125,-0.0257125
504428839248868,2,-16.050001,10.743751,-27.225
504428848884742,1,0.31395,4.2400503,8.973001
504428858365270,4,0.0499125,0.0015125,-0.0342375
504428867845583,1,0.264,4.22295,8.88405
504428877325889,4,0.0633875,0.017324999,-0.0378125
504428886806199,1,0.29505002,4.26405,8.710051
504428888912796,2,-16.06875,10.725,-27.150002
504428896286495,4,0.0573375,-0.0022,-0.050049998
504428905766805,1,0.252,4.3159504,8.58705
504428915247188,4,0.04015,-0.054725,-0.061049998
504428924727497,1,0.28995,4.3159504,8.66205
504428934207788,4,0.0413875,-0.0620125,-0.0732875
504428939216534,2,-16.125,10.743751,-27.225
504428943688327,1,0.36,4.2900004,8.65905
504428953168404,4,0.036575,-0.0462,-0.0952875
504428962648942,1,0.35505003,4.3380003,8.623051
504428972129264,4,0.020624999,-0.0449625,-0.1197625
504428981609574,1,0.30705002,4.2829504,8.71395
504428989218863,2,-16.518751,10.743751,-26.962502
504428991089879,4,0.0193875,-0.038775,-0.1258125
504429000570189,1,0.312,4.254,8.772
504429010050572,4,0.02915,-0.0669625,-0.1258125
504429019530872,1,0.39600003,4.32105,8.87205
504429029011178,4,0.053625,-0.1194875,-0.1428625
504429038491721,1,0.44805002,4.3309503,8.889001
504429039139944,2,-16.518751,10.650001,-27.093752
504429047972028,4,0.0708125,-0.1060125,-0.1722875
504429057452334,1,0.34800002,4.30695,8.73795
504429066932640,4,0.0548625,-0.069299996,-0.1783375
504429076412963,1,0.33600003,4.3759503,8.620951
504429085893346,4,0.0243375,-0.06325,-0.1783375
504429089123242,2,-16.44375,10.556251,-27.150002
504429095373656,1,0.372,4.419,8.67405
504429104853961,4,0.0193875,-0.1060125,-0.19305
504429114334271,1,0.30195,4.4689503,8.865001
504429123814577,4,0.042625,-0.1500125,-0.190575
504429133295115,1,0.3,4.458,8.911051
504429139052441,2,-16.425001,10.368751,-27.225
504429142775423,4,0.069575,-0.1475375,-0.1747625
504429152255723,1,0.29505002,4.61595,8.82495
504429161736029,4,0.080575,-0.1573,-0.1612875
504429171216348,1,0.37605003,4.74195,8.769
504429180696731,4,0.0903375,-0.16225,-0.1563375
504429189217764,2,-16.800001,10.2375,-27.075
504429190177045,1,0.549,4.809,8.724
504429199657586,4,0.1013375,-0.181775,-0.1502875
504429209137896,1,0.726,4.8769503,8.700001
504429218618201,4,0.113437496,-0.20625,-0.16005
504429228098511,1,0.92205006,4.91505,8.710051
504429237578803,4,0.12815,-0.1780625,-0.190575
504429238901466,2,-16.96875,10.012501,-26.962502
504429247059113,1,1.143,4.9410005,8.50395
504429256539427,4,0.103675,-0.109725,-0.2468125
504429266019737,1,1.2379501,4.88595,8.158951
504429275500043,4,0.025575,0.0039875,-0.3078625
504429284980442,1,1.1590501,4.821,7.82805
504429289155334,2,-16.85625,9.76875,-27.075
504429294460750,4,-0.09295,0.061325,-0.361625
504429303941036,1,1.0680001,4.72305,7.8859506
504429313421572,4,-0.20047499,0.0858,-0.3971
504429322901655,1,0.90300006,4.5799503,8.26395
504429332382192,4,-0.2481875,0.1236125,-0.3971
504429339146268,2,-17.175001,9.5625,-26.79375
504429341862496,1,0.65400004,4.45305,8.752951
504429351342812,4,-0.21395,0.204325,-0.35915
504429360823122,1,0.39105,4.3429503,8.911051
504429370303505,4,-0.143,0.2385625,-0.262625
504429379784043,1,0.30900002,4.4380503,8.911051
504429389264361,4,-0.057475,0.2226125,-0.146575
504429389239789,2,-17.53125,9.356251,-26.6625
504429398744444,1,0.64500004,4.551,8.853001
504429408224749,4,0.0341,0.21285,-0.077
504429417705298,1,0.96495,4.671,8.51805
504429427185606,4,0.0671,0.199375,-0.055
504429436665915,1,1.16205,4.7779503,8.20905
504429439072156,2,-17.681252,9.168751,-26.587502
504429446146221,4,0.014575,0.1676125,-0.0562375
504429455626516,1,1.3579501,4.86705,8.19705
504429465106898,4,-0.0831875,0.20185,-0.0903375
504429474587223,1,1.404,4.881,8.451
504429484067529,4,-0.176,0.325325,-0.1551
504429489182490,2,-17.362501,8.981251,-26.925001
504429493547829,1,1.22895,4.79295,8.628
504429503028365,4,-0.2517625,0.4156625,-0.212575
504429512508675,1,0.76695,4.6540504,8.911051
504429521988970,4,-0.29205,0.3716625,-0.1722875
504429531469280,1,0.67995006,4.49595,9.579
504429539199244,2,-17.400002,8.887501,-26.94375
504429540949596,4,-0.228525,0.281325,-0.0757625
504429550429901,1,1.11405,4.48605,10.036051
504429559910206,4,-0.10395,0.2165625,-0.0537625
504429569390605,1,1.4970001,4.44105,10.030951
504429578870913,4,-0.0061875,0.2508,-0.0977625
504429588351462,1,1.41795,4.42605,9.50205
504429589097948,2,-17.19375,8.887501,-27.056252
504429597831529,4,-0.0086624995,0.298375,-0.1538625
504429607312068,1,0.91800004,4.4220004,9.052051
504429616792375,4,-0.0551375,0.3130875,-0.14905
504429626272760,1,0.633,4.3759503,8.929951
504429635752982,4,-0.073425,0.2556125,-0.102575
504429639122502,2,-17.025002,8.94375,-27.337502
504429645233289,1,0.52695,4.4430003,9.04695
504429654713679,4,-0.014712499,0.120037496,-0.0647625
504429664193993,1,0.70395005,4.52505,8.974951
504429673674298,4,0.069575,-0.091299996,-0.0952875
504429683154608,1,0.882,4.64895,8.949
504429688966994,2,-16.800001,9.0375,-27.54375
504429692634914,4,0.1441,-0.2745875,-0.1832875
504429702115452,1,0.89100003,4.6080003,8.793
504429711595760,4,0.169675,-0.3003,-0.2833875
504429721076080,1,0.58905005,4.49805,8.44095
504429730556386,4,0.1159125,-0.242825,-0.3359125
504429739214394,2,-16.650002,9.09375,-27.937502
504429740036690,1,0.30495003,4.3879504,8.149051
504429749517005,4,0.0389125,-0.2000625,-0.3531
504429758997315,1,0.156,4.347,7.9189506
504429768477707,4,-0.0306625,-0.3430625,-0.3751
504429777958017,1,0.24495001,4.3549504,8.125051
504429787438333,4,-0.056375,-0.5702125,-0.4068625
504429788883785,2,-16.9125,9.168751,-27.956251
504429796918646,1,0.58905005,4.26105,8.455951
504429806399183,4,-0.057475,-0.751025,-0.49115
504429815879258,1,0.73800004,4.1800504,8.620951
504429825359871,4,-0.0941875,-0.7962625,-0.5962
504429834840104,1,0.69495004,4.10295,8.83605
504429839199013,2,-17.118752,9.168751,-28.050001
504429844320410,4,-0.14795,-0.71802497,-0.6829625
504429853800783,1,0.43605003,4.0480504,9.14505
504429863281014,4,-0.156475,-0.595925,-0.742775
504429872761409,1,0.14205001,3.9280503,9.318001
504429882241717,4,-0.0991375,-0.490875,-0.7733
504429889137356,2,-17.98125,9.056251,-27.937502
504429891722016,1,-0.22800002,3.8830502,9.18105
504429901202327,4,-0.0281875,-0.4346375,-0.7745375
504429910682866,1,-0.41295,3.9210002,8.785951
504429920162927,4,0.0108624995,-0.4346375,-0.7660125
504429929643543,1,-0.52500004,4.08195,8.50395
504429939123842,4,0.0193875,-0.507925,-0.76353747
504429939236448,2,-19.40625,8.868751,-27.431252
504429948604074,1,-0.57795,4.10295,8.55405
504429958084370,4,0.0389125,-0.5654,-0.77825
504429967564755,1,-0.58005005,4.137,8.65905
504429977045062,4,0.0389125,-0.5764,-0.8135875
504429986525601,1,-0.66705,4.20795,8.724
504429989051100,2,-20.98125,8.55,-26.737501
504429996005909,4,-0.007425,-0.5434,-0.8540125
504430005486218,1,-0.78900003,4.24905,8.868
504430014966524,4,-0.0771375,-0.3955875,-0.874775
504430024446834,1,-0.85800004,4.17,9.174001
504430033927140,4,-0.1271875,-0.14025,-0.8881125
504430039156740,2,-22.5,8.118751,-25.9125
504430043407449,1,-1.11405,4.1800504,9.435
504430052887755,4,-0.1381875,0.1518,-0.8760125
504430062368060,1,-1.41795,4.1610003,9.591001
504430071848442,4,-0.086899996,0.370425,-0.8135875
504430081328756,1,-1.5979501,4.3759503,9.37005
504430089201972,2,-23.775002,7.55625,-25.312502
504430090809062,4,-0.0209,0.4742375,-0.747725
504430100289381,1,-1.6840501,4.53405,9.066
504430109769918,4,0.031625,0.561,-0.7049625
504430119250239,1,-1.8610501,4.52895,8.745001
504430128730534,4,0.081675,0.4841375,-0.632775
504430138210844,1,-2.0029502,4.5700502,8.496
504430139059554,2,-25.29375,6.9,-24.656252
504430147691150,4,0.113437496,0.226325,-0.5314375
504430157171454,1,-2.05995,4.656,8.644951
504430166651760,4,0.1953875,-0.093775,-0.433675
504430176132080,1,-1.96695,4.695,9.174001
504430185612463,4,0.384725,-0.396825,-0.3641
504430189174116,2,-26.081251,6.1312504,-24.16875
504430195092781,1,-1.914,4.7569504,8.85105
504430204573097,4,0.48125,-0.54821247,-0.2833875
504430214053407,1,-1.7220001,4.72095,8.655001
504430223533943,4,0.4800125,-0.5702125,-0.21133749
504430233014253,1,-1.47105,4.809,8.58495
504430239112089,2,-26.268751,5.30625,-24.056252
504430242494559,4,0.4225375,-0.5702125,-0.1698125
504430251974873,1,-1.1190001,4.8910503,8.769
504430261455179,4,0.368775,-0.6142125,-0.1758625
504430270935489,1,-0.97305006,4.848,9.294001
504430280415794,4,0.379775,-0.6985,-0.1991
504430289216785,2,-26.75625,4.5375004,-23.831251
504430289896179,1,-0.89205,4.75005,9.696
504430299376487,4,0.4189625,-0.744975,-0.2003375
504430308856797,1,-0.91305006,4.683,10.000051
504430318337092,4,0.48125,-0.6472125,-0.1428625
504430327817402,1,-0.94200003,4.4500504,10.41195
504430337297698,4,0.649825,-0.5372125,-0.036575
504430338879517,2,-27.31875,3.80625,-23.475
504430346778236,1,-0.85995007,4.7449503,8.949
504430356258535,4,0.610775,-0.297825,0.0622875
504430365738845,1,-0.25500003,4.9170003,8.08005
504430375219150,4,0.517825,-0.1243,0.014712499
504430384699535,1,-0.00795,5.07495,7.2040505
504430389198207,2,-27.993752,3.1312501,-22.81875
504430394179780,4,0.3322,-0.1780625,-0.1062875
504430403660164,1,0.08895,5.2759504,6.7819505
504430413140472,4,0.0658625,-0.4151125,-0.3078625
504430422621020,1,-0.34605002,5.2860003,6.89895
504430432101097,4,-0.23595,-0.5372125,-0.44715
504430439199299,2,-28.5375,2.5500002,-22.237501
504430441581404,1,-1.0900501,4.6990504,7.8910503
504430451061703,4,-0.4142875,-0.446875,-0.3689125
504430460542241,1,-1.7389501,4.2400503,9.14805
504430470022539,4,-0.319,-0.512875,-0.124575
504430479502849,1,-1.69395,3.9090002,10.48095
504430488983160,4,0.0499125,-0.656975,0.157575
504430489232337,2,-29.41875,2.1375,-21.487501
504430498463544,1,-1.2409501,4.10295,10.6390505
504430507943760,4,0.3982,-0.61545,0.350625
504430517424145,1,-0.669,4.26795,9.712951
504430526904452,4,0.5410625,-0.45787498,0.4019125
504430536384762,1,-0.22395001,4.39995,8.50395
504430539041538,2,-30.243752,1.8750001,-20.6625
504430545865059,4,0.4543,-0.18053749,0.377575
504430555345368,1,-0.030000001,4.3500004,7.668
504430564825673,4,0.2332,0.088275,0.32381248
504430574305998,1,0.05595,4.32795,7.491
504430583786534,4,0.0243375,0.2470875,0.267575
504430589145654,2,-30.768751,1.7437501,-20.081251
504430593266844,1,0.024,4.2780004,7.79295
504430602747145,4,-0.0759,0.25685,0.2321
504430612227455,1,0.11505,4.1940002,8.271001
504430621707750,4,-0.046475,0.16885,0.2088625
504430631188135,1,0.072000004,4.017,8.70705
504430639188771,2,-31.44375,1.85625,-19.575
504430640668428,4,0.0413875,0.0675125,0.2187625
504430650148747,1,0.11805001,3.8830502,8.740951
504430659629053,4,0.108625,0.07975,0.245575
504430669109577,1,0.06795,3.99795,8.259001
504430678589654,4,0.080575,0.1505625,0.2443375
504430688070192,1,0.01995,4.0410004,7.7689505
504430689026315,2,-31.725,2.11875,-19.44375
504430697550500,4,-0.0539,0.27513748,0.2272875
504430707030579,1,-0.13005,3.9739501,7.7880006
504430716511115,4,-0.1882375,0.4096125,0.229625
504430725991425,1,-0.46305,3.8689501,8.09895
504430735471726,4,-0.2481875,0.5269,0.2723875
504430739112471,2,-31.837502,2.5125,-19.331251
504430744952110,1,-0.83400005,3.7729502,8.37705
504430754432418,4,-0.228525,0.607475,0.361625
504430763912728,1,-1.1740501,3.7420502,8.54895
504430773393033,4,-0.132,0.5927625,0.4849625
504430782873572,1,-1.2889501,3.7420502,8.36205
504430789100277,2,-31.800001,3.0937502,-19.462502
504430792353640,4,-0.05995,0.574475,0.6499625
504430801833956,1,-1.3369501,3.8250003,8.00595
504430811314495,4,-0.0501875,0.5159,0.78429997
504430820794873,1,-1.24395,4.0150504,8.026951
504430830275096,4,-0.0477125,0.45595,0.86501247
504430839233955,2,-31.743752,3.8437502,-19.7625
504430839755481,1,-1.0020001,4.149,8.295
504430849235803,4,-0.068475,0.39985,0.87725
504430858716036,1,-1.1380501,4.2850504,8.908051
504430868196341,4,-0.0539,0.364375,0.87229997
504430877676726,1,-1.3270501,4.1340003,9.78705
504430887157034,4,0.0243375,0.403425,0.935825
504430888826903,2,-31.3875,4.78125,-20.400002
504430896637343,1,-1.4490001,3.8880002,10.407001
504430906117639,4,0.1648625,0.4841375,1.0946375
504430915598178,1,-1.23405,3.6169503,10.62705
504430925078490,4,0.3114375,0.572,1.2926375
504430934558569,1,-0.77895004,3.52905,10.548
504430939194436,2,-30.768751,5.8500004,-21.1875
504430944039096,4,0.4005375,0.63195,1.4647875
504430953519415,1,-0.52305,3.72705,10.564951
504430962999721,4,0.50325,0.773575,1.5808375
504430972480031,1,0.192,3.7489502,10.231951
504430981960337,4,0.577775,1.0289125,1.5552624
504430989181062,2,-30.618752,7.18125,-21.88125
504430991440711,1,0.45105,3.8569503,9.126
504431000921019,4,0.4800125,1.1121,1.466025
504431010401329,1,0.32895002,4.21995,7.9750504
504431019881644,4,0.2124375,0.9728125,1.382975
504431029361954,1,0.522,4.5370502,7.8450003
504431038842260,4,-0.0881375,0.778525,1.2376375
504431039232677,2,-29.7,8.64375,-23.025002
504431048322559,1,0.633,4.55805,8.4199505
504431057803096,4,-0.2872375,0.7052375,1.0383999
504431067283416,1,0.19005,4.2660003,9.14505
504431076763721,4,-0.3507625,0.7723375,0.9420125
504431086244106,1,-0.25695002,4.02705,9.684
504431089040899,2,-28.687502,10.275001,-24.206251
504431095724337,4,-0.30305,0.8908625,0.9590625
504431105204725,1,-0.47295,3.9550502,9.658051
504431114684956,4,-0.20899999,0.8872875,1.0153
504431124165357,1,-0.38595003,4.158,9.37005
504431133645665,4,-0.0979,0.68805,1.0383999
504431139102475,2,-27.225,11.94375,-25.500002
504431143125974,1,0.072000004,4.2109504,9.20505
504431152606280,4,0.0328625,0.44494998,1.001825
504431162086590,1,0.75705004,4.3759503,9.0060005
504431171566904,4,0.11715,0.31185,0.8833
504431181047214,1,1.131,4.6800003,8.592
504431189228447,2,-25.593752,13.575001,-26.75625
504431190527838,4,0.1183875,0.3509,0.6694875
504431200008075,1,1.26705,4.82595,8.0130005
504431209488381,4,-0.0037125,0.464475,0.39833748
504431218968700,1,0.84795004,4.7779503,7.635
504431228449006,4,-0.19195,0.6087125,0.20405
504431237929330,1,0.25905,4.5270004,7.82595
504431238968575,2,-23.8125,15.075001,-27.900002
504431247409636,4,-0.3092375,0.701525,0.1417625
504431256890021,1,-0.15405001,4.3450503,8.14005
504431266370318,4,-0.3348125,0.6612375,0.13805
504431275850628,1,-0.28305,4.35195,8.511001
504431285330929,4,-0.2872375,0.539,0.146575
504431289143693,2,-21.618752,16.331251,-28.968752
504431294811238,1,-0.39405003,4.30905,8.74995
504431304291789,4,-0.1772375,0.463375,0.1588125
504431313771868,1,-0.56805,4.27605,8.496
504431323252404,4,-0.11,0.441375,0.179575
504431332732714,1,-0.72405005,4.47195,7.9219503
504431339226022,2,-20.04375,17.400002,-29.737501
504431342213020,4,-0.15895,0.3986125,0.206525
504431351693315,1,-0.76005006,4.623,7.6819506
504431361173621,4,-0.2542375,0.2190375,0.2308625
504431370653945,1,-0.64305,4.70205,8.214001
504431380134251,4,-0.2677125,0.0075625,0.2468125
504431389614555,1,-0.42195,4.64895,8.908051
504431389239451,2,-18.525002,18.243752,-30.337502
504431399095184,4,-0.195525,-0.1170125,0.24805
504431408575272,1,-0.34605002,4.644,9.247951
504431418055500,4,-0.101475,-0.1243,0.25905
504431427535876,1,-0.14895001,4.656,9.262951
504431437016184,4,-0.0319,-0.0803,0.2578125
504431438879462,2,-17.681252,18.9375,-30.525002
504431446496484,1,-0.0010500001,4.83795,9.222
504431455977005,4,0.036575,0.0710875,0.223575
504431465457315,1,0.20400001,4.8190503,8.434051
504431474937620,4,-0.0111375,0.1225125,0.1282875
504431484417930,1,0.34500003,4.7779503,7.55595
504431489193109,2,-16.81875,19.40625,-30.6375
504431493898208,4,-0.2371875,-0.0375375,0.011
504431503378503,1,0.34995002,4.7590504,7.9069505
504431512858808,4,-0.46928748,-0.2415875,-0.0842875
504431522339118,1,0.31905,4.4550004,9.47295
504431531819516,4,-0.4838625,-0.1573,-0.1428625
504431539163791,2,-16.143751,19.78125,-30.618752
504431541299825,1,-0.00795,4.0960503,10.407001
504431550780116,4,-0.338525,0.17985,-0.1172875
504431560260426,1,-0.504,3.7680001,10.27095
504431569740962,4,-0.154,0.48894998,0.0378125
504431579221272,1,-0.61905,3.8899503,9.3490505
504431588701352,4,-0.034375,0.5011875,0.168575
504431589213662,2,-15.76875,20.19375,-30.6
504431598181900,1,-0.46095002,4.21605,8.55405
504431607662208,4,0.0193875,0.30085,0.217525
504431617142503,1,-0.28305,4.467,8.125051
504431626622886,4,0.025575,0.03575,0.195525
504431636103108,1,-0.24795002,4.50495,8.05395
504431639127025,2,-15.39375,20.53125,-30.375002
504431645583414,4,-0.02695,-0.1414875,0.1502875
504431655063722,1,-0.30705002,4.4620504,8.326051
504431664544004,4,-0.09295,-0.1280125,0.1442375
504431674024312,1,-0.31695002,4.2780004,8.712001
504431683504707,4,-0.1332375,-0.0265375,0.1747625
504431689023795,2,-15.000001,20.8125,-30.206251
504431692985017,1,-0.22095,4.254,9.02805
504431702465322,4,-0.1309,0.027224999,0.2077625
504431711945632,1,0.028950002,4.27605,9.265051
504431721425938,4,-0.079475,0.0088,0.2003375
504431730906476,1,0.39105,4.3780503,9.39
504431739217862,2,-14.7375,21.09375,-30.018751
504431740386784,4,-0.0026125,-0.0290125,0.1307625
504431749866877,1,0.43905002,4.4100003,9.238951
504431759347413,4,0.0499125,-0.0229625,0.0512875
504431768827738,1,0.26895002,4.3380003,8.856
504431778308044,4,0.0303875,0.050325,0.00605
504431787788353,1,0.036000002,4.2990003,8.475
504431788942967,2,-14.55,21.35625,-29.868752
504431797268668,4,-0.0441375,0.1175625,0.0072875
504431806749053,1,-0.003,4.25595,8.346001
504431816229371,4,-0.112475,0.121275,0.00605
504431825709909,1,-0.025050001,4.21605,8.451
504431835189976,4,-0.134475,0.0650375,-0.008525
504431839161731,2,-14.306251,21.54375,-29.812502
504431844670284,1,-0.054,4.1080503,8.566051
504431854150562,4,-0.1332375,0.0259875,-0.0182875
504431863630870,1,-0.12105001,4.089,8.55405
504431873111178,4,-0.150425,0.0295625,-0.0207625
504431882591486,1,-0.08505,4.0939503,8.607
504431889167124,2,-14.26875,21.712502,-29.587502
504431892072024,4,-0.1772375,0.0149875,-0.036575
504431901552334,1,-0.13305001,4.086,8.784
504431911032619,4,-0.1907125,-0.0119624995,-0.0537625
504431920512929,1,-0.19995001,4.0740004,8.941951
504431929993250,4,-0.206525,0.0100375,-0.066
504431939473560,1,-0.312,4.0219502,8.938951
504431939237614,2,-14.137501,21.862501,-29.531252
504431948953865,4,-0.24695,0.072325,-0.0598125
504431958434175,1,-0.48900002,3.9910502,8.950951
504431967914490,4,-0.27995,0.0675125,-0.0342375
504431977394874,1,-0.62100005,3.9739501,9.21195
504431986875115,4,-0.253,-0.0242,0.008525
504431988935128,2,-14.08125,22.050001,-29.437502
504431996355500,1,-0.65205,3.8250003,9.579
504432005835808,4,-0.1637625,-0.0840125,0.0757625
504432015316117,1,-0.513,3.7150502,9.567
504432024796654,4,-0.086899996,-0.0595375,0.1392875
504432034276953,1,-0.36195,3.7800002,9.246
504432039209334,2,-14.19375,22.25625,-29.306252
504432043757259,4,-0.05995,-0.010725,0.176
504432053237569,1,-0.21405001,3.7870502,8.71905
504432062717866,4,-0.108899996,-0.0094875,0.1857625
504432072198165,1,-0.26895002,3.8419502,8.51595
504432081678471,4,-0.16995,-0.0950125,0.1868625
504432089236041,2,-14.75625,22.518751,-28.875002
504432091158791,1,-0.09705,3.8490002,8.772
504432100639120,4,-0.176,-0.1353,0.157575
504432110119505,1,0.036000002,3.8040001,8.820001
504432119599813,4,-0.1882375,-0.09625,0.107525
504432129080123,1,-0.09195001,3.73005,8.652
504432138560428,4,-0.2602875,-0.0290125,0.0977625
504432139166296,2,-15.0375,22.800001,-28.5375
504432148040738,1,-0.22605,3.6910503,8.844001
504432157521044,4,-0.3018125,-0.0034375,0.0952875
504432167001353,1,-0.25500003,3.6840003,9.1050005
504432176481673,4,-0.286,0.0015125,0.08305
504432185961981,1,-0.52500004,3.8179502,9.528001
504432189118116,2,-15.093751,23.15625,-28.3875
504432195442529,4,-0.211475,-0.082775,0.0977625
504432204922829,1,-0.492,3.6840003,9.660001
504432214403135,4,-0.1161875,-0.1120625,0.111237496
504432223883434,1,-0.34095,3.6480002,9.660001
504432233363726,4,-0.0416625,-0.0180125,0.1392875
504432239023047,2,-15.000001,23.475,-28.275002
504432242844036,1,-0.21900001,3.6750002,9.283951
504432252324342,4,-0.0441375,0.0858,0.1612875
504432261804651,1,-0.22095,3.7099502,9.030001
504432271284957,4,-0.09295,0.2068,0.173525
504432280765265,1,-0.33600003,3.7459502,9.061951
504432289204182,2,-14.775001,23.775002,-28.237501
504432290245572,4,-0.1381875,0.2971375,0.195525
504432299726202,1,-0.48195,3.6820502,9.315001
504432309206510,4,-0.128425,0.419375,0.2248125
504432318686588,1,-0.30495003,3.7560003,9.162001
504432328166894,4,-0.1419,0.2825625,0.2162875
504432337647216,1,-0.28800002,3.72495,9.09
504432338912233,2,-14.250001,24.0375,-28.237501
504432347127524,4,-0.1309,0.215325,0.1771
504432356607831,1,-0.36705002,3.6360002,8.96805
504432366088139,4,-0.1357125,0.182325,0.1637625
504432375568452,1,-0.43695003,3.52095,8.722051
504432385048990,4,-0.19195,0.2311375,0.1612875
504432389153184,2,-13.425,24.281252,-28.275002
504432394529069,1,-0.61095005,3.4399502,8.611051
504432404009616,4,-0.25547498,0.2190375,0.184525
504432413489925,1,-0.762,3.3300002,8.740951
504432422970241,4,-0.294525,0.1408,0.234575
504432432450551,1,-0.76005006,3.14295,8.962951
504432439157938,2,-12.6,24.54375,-28.48125
504432441930857,4,-0.3018125,0.006325,0.2908125
504432451411156,1,-0.52005005,3.14295,9.402
504432460891462,4,-0.2407625,-0.032725,0.3163875
504432470371857,1,-0.37005,3.10695,9.592951
504432479852164,4,-0.1637625,0.0088,0.31033748
504432489332407,1,-0.29805002,2.9629502,9.423
504432489233552,2,-11.71875,24.69375,-28.462502
504432498812804,4,-0.1309,0.0405625,0.295625
504432508293113,1,-0.36,2.94195,9.45405
504432517773419,4,-0.11495,0.044275,0.30305
504432527253729,1,-0.37695003,2.868,9.49005
504432536734030,4,-0.0966625,0.0565125,0.3273875
504432538956244,2,-11.08125,24.937502,-28.275002
504432546214339,1,-0.18300001,2.8609502,9.459001
504432555694886,4,-0.0881375,0.0858,0.32615
504432565174965,1,-0.087000005,2.8530002,9.40905
504432574655255,4,-0.0941875,0.0699875,0.306625
504432584135794,1,-0.15405001,2.8560002,9.399
504432589224083,2,-10.575001,25.2,-28.06875
504432593616093,4,-0.1051875,0.022275,0.2943875
504432603096397,1,-0.22395001,2.80995,9.504001
504432612576703,4,-0.106425,-0.0022,0.306625
504432622057003,1,-0.20895001,2.8170002,9.682051
504432631537309,4,-0.0831875,-9.625E-4,0.33715
504432639217465,2,-9.75,25.35,-27.956251
504432641017613,1,0.01695,2.87505,9.78495
504432650497982,4,-0.04895,-0.0229625,0.3458125
504432659978215,1,0.24195,2.9950502,9.861
504432669458525,4,0.0023375,0.0185625,0.32505
504432678938910,1,0.44595003,3.07605,9.67905
504432688419222,4,0.025575,0.083325,0.2688125
504432689121315,2,-9.056251,25.593752,-27.7875
504432697899522,1,0.38595003,3.1360502,9.34395
504432707379828,4,-0.0026125,0.1065625,0.2211
504432716860376,1,0.18,3.22005,9.153001
504432726340453,4,-0.056375,0.0748,0.206525
504432735820755,1,0.120000005,3.2050502,9.222
504432739087928,2,-8.606251,25.81875,-27.31875
504432745301063,4,-0.0831875,0.0418,0.2003375
504432754781593,1,0.076950006,3.1690502,9.3820505
504432764261900,4,-0.086899996,0.0039875,0.1918125
504432773742210,1,0.034050003,3.1690502,9.5449505
504432783222516,4,-0.0746625,0.0088,0.1967625
504432789193663,2,-8.231251,25.987501,-27.225
504432792702830,1,0.04605,3.1189501,9.66495
504432802183150,4,-0.0501875,-9.625E-4,0.201575
504432811663460,1,0.063,3.10695,9.74895
504432821143771,4,-0.0086624995,-0.0070125,0.1967625
504432830624080,1,0.14400001,3.0259502,9.7890005
504432839235924,2,-7.89375,26.118752,-27.0375
504432840104395,4,0.0353375,0.0075625,0.1942875
504432849584790,1,0.17505,2.98005,9.682051
504432859065097,4,0.0598125,0.0320375,0.18933749
504432868545397,1,0.20595,2.9970002,9.53295
504432878025703,4,0.0658625,0.0345125,0.1771
504432887506022,1,0.28305,3.00705,9.363001
504432888909574,2,-7.5750003,26.23125,-26.906252
504432896986304,4,0.05115,0.0418,0.14905
504432906466614,1,0.27105,2.9989502,9.279
504432915946934,4,0.0328625,0.0515625,0.124575
504432925427243,1,0.25395,2.97495,9.217051
504432934907766,4,0.0193875,0.0589875,0.101475
504432939200264,2,-7.2937503,26.325,-26.8875
504432944388076,1,0.264,2.973,9.16695
504432953868145,4,0.0121,0.0540375,0.0708125
504432963348684,1,0.132,2.98305,9.153001
504432972829001,4,0.009625,0.0198,0.0488125
504432982309310,1,0.01995,2.937,9.16005
504432989120001,2,-7.05,26.362501,-27.000002
504432991789616,4,0.0011,0.027224999,0.0452375
504433001269921,1,-0.087000005,2.9179502,9.118951
504433010750227,4,-0.0196625,0.0515625,0.0512875
504433020230522,1,-0.087000005,2.9160001,9.141001
504433029710905,4,-0.045375,0.0650375,0.0587125
504433039191215,1,-0.14205001,2.8990502,9.238951
504433039225759,2,-6.8437505,26.343752,-27.150002
504433048671443,4,-0.0526625,0.0625625,0.077
504433058151813,1,-0.123,2.9299502,9.34605
504433067632121,4,-0.0367125,0.0760375,0.096525
504433077112430,1,-0.049050003,2.9869502,9.31995
504433086592736,4,-0.0221375,0.0760375,0.0952875
504433089056826,2,-6.6375003,26.362501,-27.150002
504433096073032,1,-0.03705,3.0280502,9.22395
504433105553323,4,-0.0221375,0.033275,0.0867625
504433115033632,1,-0.03195,3.0640502,9.255
504433124513924,4,-0.029424999,-0.0375375,0.079475
504433133994232,1,-0.043950003,3.0540001,9.430051
504433139232809,2,-6.4500003,26.362501,-27.206251
504433143474770,4,-0.0209,-0.0473,0.080575
504433152955090,1,0.02205,3.03795,9.504001
504433162435396,4,-0.012375,-0.0155375,0.074525
504433171915733,1,0.028950002,3.03795,9.538051
504433181396039,4,-0.001375,0.0308,0.07205
504433189201135,2,-6.3187504,26.38125,-27.112501
504433190876424,1,-0.006,3.01095,9.52095
504433200356665,4,0.0108624995,0.0515625,0.0697125
504433209836972,1,-0.06795,3.0190501,9.448951
504433219317285,4,0.0158125,0.0490875,0.0672375
504433228797670,1,-0.079950005,2.98305,9.31995
504433238277900,4,0.0023375,0.0345125,0.07205
504433239073790,2,-6.1875005,26.41875,-27.075
504433247758208,1,-0.075,2.98005,9.33705
504433257238597,4,-0.0099,0.017324999,0.0757625
504433266718916,1,-0.09900001,2.9610002,9.45195
504433276199222,4,0.0023375,0.01375,0.090475
504433285679556,1,-0.042000003,2.9200501,9.46395
504433289022776,2,-6.0937505,26.437502,-27.075
504433295159862,4,0.0121,0.022275,0.0928125
504433304640171,1,-0.043950003,2.9629502,9.4140005
504433314120713,4,0.0193875,0.03575,0.09405
504433323600792,1,-0.051000003,2.9560502,9.36795
504433333081087,4,0.0218625,0.0320375,0.0952875
504433339137207,2,-6.0,26.456251,-27.093752
504433342561626,1,-0.07005,2.9490001,9.339001
504433352041944,4,0.0218625,0.01375,0.10505
504433361522253,1,-0.03195,2.97495,9.342
504433371002573,4,0.0218625,-0.0034375,0.1123375
504433380482883,1,0.07005,3.0259502,9.385051
504433389241484,2,-5.8875003,26.493752,-27.056252
504433389963194,4,0.0268125,-0.00825,0.100237496
504433399443503,1,0.12705001,3.0540001,9.403951
504433408923799,4,0.0328625,-0.0094875,0.079475
504433418404095,1,0.08895,3.0499501,9.411
504433427884400,4,0.0353375,-0.010725,0.0647625
504433437364699,1,0.034050003,3.045,9.403951
504433438813515,2,-5.7562504,26.493752,-27.112501
504433446845006,4,0.0328625,0.005225,0.063525
504433456325304,1,0.028950002,3.04695,9.391951
504433465805688,4,0.0341,0.0235125,0.0622875
504433475285917,1,0.076950006,3.0690002,9.35595
504433484766300,4,0.0389125,0.0528,0.0537625
504433489149443,2,-5.625,26.475,-27.281252
504433494246599,1,0.087000005,3.0979502,9.184051
504433503726890,4,0.0231,0.044275,0.033
504433513207200,1,0.003,3.141,9.085051
504433522687510,4,-0.0026125,-9.625E-4,0.0182875
504433532167820,1,-0.043950003,3.1050003,9.18105
504433539143741,2,-5.55,26.475,-27.300001
504433541648117,4,-0.018424999,-0.0314875,0.013475
504433551128427,1,-0.087000005,3.045,9.363001
504433560608732,4,-0.0171875,-0.01925,0.0182875
504433570089036,1,-0.112950005,3.0589502,9.48495
504433579569343,4,-0.012375,0.0088,0.0207625
504433589049876,1,-0.12795001,3.114,9.574051
504433589245391,2,-5.45625,26.456251,-27.2625
504433598529953,4,-1.375E-4,0.028324999,0.01595
504433608010261,1,-0.25905,3.1570501,9.612
504433617490559,4,0.0121,0.055275,0.0122375
504433626971097,1,-0.46305,3.2359502,9.63105
504433636451415,4,0.0108624995,0.0858,0.0097624995
504433639062179,2,-5.7000003,26.475,-26.906252
504433645931725,1,-0.66195005,3.2719502,9.627001
504433655412044,4,0.0048125,0.1615625,0.002475
504433664892330,1,-0.81000006,3.25305,9.519
504433674372636,4,-0.018424999,0.24213749,-0.01705
504433683852955,1,-1.2049501,3.1650002,9.49005
504433689124819,2,-6.4125004,26.5125,-26.475
504433693333261,4,-0.0331375,0.2715625,-0.014712499
504433702813580,1,-1.6339501,2.9920502,9.50895
504433712293886,4,-0.0281875,0.2470875,0.01595
504433721774205,1,-2.091,2.8489501,9.531
504433731254511,4,0.0133375,0.204325,0.079475
504433739207182,2,-7.0875,26.587502,-26.00625
504433740734896,1,-2.6130002,2.6790001,9.516001
504433750215126,4,0.0561,0.1175625,0.1771
504433759695511,1,-3.0900002,2.56605,9.580951
504433769175828,4,0.113437496,0.1065625,0.333575
504433778656061,1,-3.38895,2.38905,9.603001
504433788136429,4,0.1648625,0.1835625,0.5229125
504433789046544,2,-7.6125,26.7,-25.650002
504433797616671,1,-3.4750502,2.29305,9.4810505
504433807097054,4,0.1989625,0.3081375,0.7074375
504433816577296,1,-3.1690502,2.2690501,9.16905
504433826057602,4,0.1661,0.4461875,0.824725
504433835537934,1,-3.17805,2.35095,8.83905
504433839173591,2,-8.08125,26.812502,-25.462502
504433845018318,4,0.078099996,0.4877125,0.907775
504433854498662,1,-3.255,2.403,8.655001
504433863978968,4,-0.0477125,0.4169,0.9895875
504433873459291,1,-3.3720002,2.4130502,8.96595
504433882939596,4,-0.1357125,0.27513748,1.100825
504433889101921,2,-8.25,26.925001,-25.275002
504433892419940,1,-3.147,2.3460002,9.77505
504433901900265,4,-0.089237496,0.1395625,1.2192125
504433911380574,1,-2.7540002,2.2740002,10.338
504433920860889,4,0.05115,0.0638,1.2962124
504433930341428,1,-2.21295,2.3860502,10.35
504433939225264,2,-7.5000005,26.962502,-25.575
504433939821755,4,0.158675,0.0710875,1.3096875
504433949301834,1,-1.8280501,2.5830002,10.12905
504433958782390,4,0.1989625,0.1750375,1.2852125
504433968262700,1,-1.5160501,2.736,9.883051
504433977743005,4,0.196625,0.32285,1.2351625
504433987223084,1,-1.3060501,2.8579502,9.733951
504433988863215,2,-6.1125,26.98125,-25.987501
504433996703611,4,0.185625,0.4657125,1.167925
504434006183910,1,-1.1910001,2.913,9.45195
504434015664216,4,0.1599125,0.5732375,1.1081125
504434025144526,1,-1.33905,3.01605,9.13095
504434034624606,4,0.1233375,0.5891875,1.08735
504434039148249,2,-4.2375,26.906252,-26.456251
504434044105144,1,-1.35105,3.1240501,9.073951
504434053585462,4,0.113437496,0.5427125,1.073875
504434063065762,1,-1.212,3.18405,9.052051
504434072546067,4,0.1379125,0.4841375,1.0494
504434082026358,1,-1.0999501,3.28905,9.04695
504434089200880,2,-2.325,26.718752,-26.906252
504434091506664,4,0.1819125,0.42295,1.023825
504434100986964,1,-0.71205,3.37995,9.02295
504434110467269,4,0.230725,0.4046625,0.979825
504434119947554,1,-0.513,3.4639502,8.6980505
504434129427938,4,0.2344375,0.36313748,0.952875
504434138908165,1,-0.36705002,3.61995,8.42205
504434139245719,2,-0.20625001,26.437502,-27.2625
504434148388548,4,0.1989625,0.254375,0.93953747
504434157868849,1,0.003,3.8059502,8.68995
504434167349078,4,0.229625,0.166375,0.9040625
504434176829375,1,0.42900002,3.9550502,8.85795
504434186309760,4,0.3212,0.166375,0.8210125
504434189017177,2,1.8937501,26.025002,-27.675001
504434195790075,1,0.62100005,4.16295,8.69505
504434205270380,4,0.389675,0.1970375,0.7294375
504434214750690,1,0.70005006,4.3759503,8.24505
504434224230996,4,0.3884375,0.2409,0.62796247
504434233711305,1,0.87000006,4.563,7.97205
504434239126812,2,3.54375,25.44375,-28.143751
504434243191630,4,0.312675,0.099275,0.48014998
504434252671969,1,0.97305006,4.8690004,8.15205
504434262152275,4,0.230725,-0.126775,0.2932875
504434271632604,1,1.18095,4.7860503,8.632951
504434281112910,4,0.1574375,-0.18425,0.1123375
504434289227880,2,5.1375003,24.581251,-28.66875
504434290593247,1,0.95100003,4.5370502,9.078
504434300073568,4,0.069575,-0.0925375,0.0367125
504434309553876,1,0.78795004,4.4050503,9.540001
504434319034438,4,0.0158125,0.02475,0.074525
504434328514517,1,0.75000006,4.23,9.889951
504434337994846,4,0.0231,0.1175625,0.162525
504434339017690,2,6.1312504,23.625,-29.212502
504434347475154,1,0.93405,4.1269503,9.871051
504434356955477,4,0.0341,0.1420375,0.2443375
504434366435784,1,1.35105,4.04295,9.607051
504434375916101,4,-0.00495,0.127325,0.2822875
504434385396640,1,1.6189501,3.8800502,9.241051
504434389158633,2,6.9750004,22.59375,-29.6625
504434394876727,4,-0.0917125,0.09185,0.2908125
504434404357048,1,1.4470501,3.7080002,9.255
504434413837356,4,-0.1419,0.0968,0.32381248
504434423317966,1,1.2529501,3.5760002,9.507001
504434432798197,4,-0.12595,0.1480875,0.389675
504434439081057,2,7.6687503,21.50625,-30.13125
504434442278272,1,0.975,3.5359502,9.79695
504434451758568,4,0.00605,0.1920875,0.5143875
504434461239106,1,0.90300006,3.6169503,9.47805
504434470719202,4,0.147675,0.10175,0.6084375
504434480199741,1,1.11405,3.8569503,8.961
504434489680039,4,0.2369125,-0.0265375,0.63525
504434489221096,2,8.0625,20.550001,-30.31875
504434499160334,1,1.5160501,3.9859502,8.52495
504434508640640,4,0.2589125,-0.0999625,0.5814875
504434518120719,1,1.6860001,4.0740004,8.22105
504434527601025,4,0.2063875,-0.132825,0.48014998
504434537081548,1,1.54005,4.03905,8.2240505
504434538985668,2,8.325001,19.66875,-30.2625
504434546561856,4,0.130625,-0.0572,0.4068625
504434556042166,1,1.3770001,3.9880502,8.274
504434565522471,4,0.0488125,0.087037496,0.366575
504434575002786,1,1.19295,3.9760501,8.41695
504434584483092,4,-1.375E-4,0.182325,0.3493875
504434589219547,2,8.34375,18.956251,-30.2625
504434593963382,1,1.23105,3.9210002,8.52795
504434603443683,4,0.0048125,0.193325,0.3201
504434612923993,1,1.2529501,3.9550502,8.46105
504434622404380,4,0.020624999,0.1505625,0.2723875
504434631884613,1,1.1400001,3.99795,8.18295
504434639171793,2,8.6625,18.35625,-30.225
504434641364914,4,-0.007425,0.1065625,0.21505
504434650845241,1,0.93195003,4.0030503,7.9669504
504434660325548,4,-0.0941875,0.11385,0.1978625
504434669805841,1,0.72795004,4.0030503,7.9870505
504434679286226,4,-0.195525,0.1676125,0.201575
504434688766454,1,0.642,4.0219502,8.413051
504434689237921,2,9.0,17.831251,-30.0375
504434698246764,4,-0.2261875,0.2739,0.2028125
504434707727072,1,0.64005005,4.0360503,8.785951
504434717207375,4,-0.17847499,0.3521375,0.201575
504434726687682,1,0.47205,4.13205,8.7310505
504434736167990,4,-0.1199,0.3386625,0.201575
504434739129782,2,9.431251,17.400002,-29.868752
504434745648298,1,0.30495003,4.15605,8.566051
504434755128597,4,-0.0636625,0.2446125,0.2101
504434764608905,1,0.21405001,4.1610003,8.54205
504434774089197,4,-0.012375,0.1285625,0.22605
504434783569506,1,0.264,4.16295,8.614051
504434789019275,2,9.9375,16.931252,-29.94375
504434793049807,4,0.020624999,0.110275,0.228525
504434802530127,1,0.48195,4.2439504,8.677951
504434812010433,4,0.0353375,0.166375,0.20405
504434821490714,1,0.61305004,4.3759503,8.743051
504434830971019,4,0.04015,0.215325,0.146575
504434839221054,2,10.556251,16.5,-30.093752
504434840451370,1,0.73095006,4.4689503,8.79105
504434849931587,4,0.0378125,0.270325,0.0842875
504434859411971,1,0.72105,4.47405,8.700001
504434868892261,4,-0.001375,0.2726625,0.022
504434878372494,1,0.64695,4.5150003,8.899051
504434887852842,4,-0.0441375,0.2726625,-0.02805
504434888953057,2,11.19375,16.1625,-29.98125
504434897333056,1,0.56595004,4.41195,9.342
504434906813439,4,-0.0429,0.3216125,-0.058575
504434916293725,1,0.50595003,4.3159504,9.71805
504434925773953,4,0.00715,0.3851375,-0.0732875
504434935254251,1,0.50295,4.32795,10.110001
504434939078561,2,11.71875,15.825001,-29.737501
504434944734636,4,0.1293875,0.42295,-0.096525
504434954214940,1,0.48705003,4.242,10.065001
504434963695246,4,0.2503875,0.4731375,-0.121
504434973175537,1,0.34995002,4.1940002,9.63405
504434982655843,4,0.285725,0.5182375,-0.1197625
504434989181724,2,12.375001,15.468751,-29.6625
504434992136138,1,0.35700002,4.23,9.37005
504435001616434,4,0.2979625,0.557425,-0.1307625
504435011096744,1,0.29700002,4.27605,9.121051
504435020577054,4,0.3174875,0.6087125,-0.1661
504435030057363,1,0.23805001,4.3309503,8.547
504435039537679,4,0.2589125,0.530475,-0.234575
504435039237400,2,12.937501,15.056251,-29.531252
504435049017987,1,0.03195,4.4100003,8.17305
504435058498270,4,0.124437496,0.3509,-0.3018125
504435067978579,1,-0.21195,4.4170504,8.238
504435077458881,4,-0.0441375,0.19085,-0.3433375
504435086939190,1,-0.34605002,4.17495,8.781
504435088973340,2,13.425,14.718751,-29.343752
504435096419506,4,-0.1552375,0.12485,-0.350625
504435105899821,1,-0.36,3.9829502,9.5140505
504435115380127,4,-0.1637625,0.07975,-0.355575
504435124860445,1,-0.53505003,3.8899503,9.991051
504435134340751,4,-0.0697125,0.0320375,-0.3469125
504435139216685,2,13.875001,14.437501,-29.062502
504435143820994,1,-0.52005005,3.5839503,10.192051
504435153301390,4,0.0793375,0.027224999,-0.317625
504435162781700,1,-0.47505003,3.5070002,9.7890005
504435172262011,4,0.136675,0.0210375,-0.2943875
504435181742321,1,-0.537,3.62895,9.387
504435189175735,2,14.437501,14.26875,-28.85625
504435191222616,4,0.1331,0.0088,-0.2773375
504435200702917,1,-0.63105005,3.5479503,9.29895
504435210183223,4,0.1403875,0.072325,-0.251625
504435219663765,1,-0.82500005,3.6390002,9.085051
504435229144073,4,0.1489125,0.09075,-0.223575
504435238624162,1,-1.0570501,3.75795,8.71905
504435239188162,2,14.625001,14.156251,-28.687502
504435248104468,4,0.130625,0.0295625,-0.18205
504435257584775,1,-1.0860001,3.72495,8.50605
504435267065068,4,0.091575,-0.0815375,-0.14533749
504435276545376,1,-0.73800004,3.7420502,8.391001
504435286025669,4,0.0121,-0.2160125,-0.1588125
504435289015690,2,14.400001,14.137501,-28.35
504435295505977,1,-0.34095,3.69405,8.55195
504435304986285,4,-0.0661375,-0.3796375,-0.2223375
504435314466593,1,-0.042000003,3.59805,9.085051
504435323947131,4,-0.09295,-0.496925,-0.317625
504435333427199,1,-0.030000001,3.42105,9.63105
504435339049122,2,14.343751,14.156251,-28.181252
504435342907505,4,-0.068475,-0.4736875,-0.411675
504435352387803,1,-0.252,3.18105,9.708
504435361868342,4,-0.0526625,-0.270875,-0.4642
504435371348425,1,-0.70695,3.0640502,9.363001
504435380828731,4,-0.068475,-0.0314875,-0.4324375
504435389223228,2,14.231251,14.306251,-28.143751
504435390309038,1,-1.11405,3.0660002,9.05895
504435399789582,4,-0.0441375,0.033275,-0.35915
504435409269968,1,-1.0570501,3.28905,8.82705
504435418749976,4,0.020624999,-0.0583,-0.35433748
504435428230284,1,-0.95895004,3.45195,8.571
504435437710832,4,0.0829125,-0.2195875,-0.37867498
504435438932821,2,14.156251,14.45625,-28.331251
504435447191141,1,-0.80505,3.5839503,8.4529505
504435456671457,4,0.124437496,-0.4175875,-0.4349125
504435466151767,1,-0.70695,3.6529503,8.39595
504435475632087,4,0.119625,-0.5897375,-0.4972
504435485112396,1,-0.48900002,3.6790502,8.42205
504435489146762,2,13.5375,14.64375,-28.29375
504435494592697,4,0.0683375,-0.694925,-0.5864375
504435504072767,1,-0.20205002,3.7440002,8.745001
504435513553303,4,0.0023375,-0.716925,-0.7134875
504435523033387,1,-0.20700002,3.68895,9.255
504435532513924,4,-0.03795,-0.6716875,-0.819775
504435539150769,2,13.218751,14.793751,-28.5375
504435541994243,1,-0.27105,3.5119503,9.84195
504435551474333,4,-0.0209,-0.5751625,-0.8760125
504435560954871,1,-0.32700002,3.4140003,10.27305
504435570435169,4,0.0573375,-0.468875,-0.9175375
504435579915478,1,-0.34095,3.3700502,10.398001
504435589395861,4,0.1623875,-0.418825,-0.963875
504435589239508,2,12.7875,15.1125,-28.95
504435598876094,1,-0.32700002,3.3750002,10.1959505
504435608356400,4,0.251625,-0.468875,-1.0115875
504435617836716,1,-0.49905002,3.354,9.946951
504435627317101,4,0.3394875,-0.5812125,-1.0274
504435636797334,1,-0.45600003,3.3270001,9.639001
504435638946105,2,11.681251,15.468751,-29.1375
504435646277639,4,0.3872,-0.64845,-1.0421125
504435655757938,1,-0.41295,3.34695,9.282001
504435665238241,4,0.3982,-0.683925,-1.045825
504435674718549,1,-0.40095,3.4140003,9.102
504435684198870,4,0.4079625,-0.707025,-1.0360625
504435689178149,2,10.63125,15.675,-29.2875
504435693679178,1,-0.44895002,3.5089502,8.889001
504435703159496,4,0.42625,-0.73645,-1.012825
504435712639880,1,-0.37905002,3.6840003,8.475
504435722120101,4,0.4092,-0.8232125,-1.012825
504435731600486,1,-0.03195,3.9190502,8.00805
504435739223383,2,9.075001,15.7875,-29.475
504435741080712,4,0.3174875,-1.0173625,-1.0591625
504435750561010,1,0.63000005,4.07205,7.84005
504435760041318,4,0.147675,-1.220175,-1.20945
504435769521626,1,1.128,4.17705,7.9530005
504435779002010,4,-0.089237496,-1.231175,-1.4257375
504435788482242,1,0.88605005,4.0360503,8.643001
504435789146607,2,7.7812505,15.731251,-30.093752
504435797962645,4,-0.272525,-0.9783125,-1.532025
504435807442878,1,0.43605003,3.7819502,9.47295
504435816923260,4,-0.305525,-0.5702125,-1.521025
504435826403570,1,-0.22395001,3.6409502,9.77295
504435835883885,4,-0.2102375,-0.2770625,-1.4049749
504435839110212,2,5.925,15.8625,-30.337502
504435845364194,1,-0.50100005,3.8490002,9.559951
504435854844524,4,-0.084425,-0.3553,-1.266925
504435864324834,1,-0.43395,4.125,9.495001
504435873805165,4,0.064625,-0.5971625,-1.1691625
504435883285474,1,-0.231,4.17495,9.402
504435889041619,2,4.05,15.88125,-30.431252
504435892765799,4,0.18315,-0.7902125,-1.1056376
504435902246107,1,-0.31695002,4.1850004,9.042001
504435911726414,4,0.19415,-0.8842625,-1.0066375
504435921206717,1,-0.36195,4.242,8.841001
504435930687025,4,0.103675,-0.8707875,-0.8905875
504435939217850,2,2.0062501,15.76875,-30.50625
504435940167338,1,-0.078,4.2730503,9.030001
504435949647645,4,0.0353375,-0.71802497,-0.82225
504435959128170,1,0.14400001,4.3330503,9.238951
504435968608477,4,0.0341,-0.556875,-0.8124875
504435978088531,1,0.20400001,4.302,9.13605
504435987568837,4,0.0598125,-0.48235,-0.7855375
504435988947409,2,-0.41250002,15.656251,-30.35625
504435997049160,1,0.46995002,4.31895,8.889001
504436006529698,4,0.081675,-0.4811125,-0.78429997
504436016009777,1,0.66405004,4.3759503,8.476951
504436025490314,4,0.086625,-0.48839998,-0.8295375
504436034970632,1,0.58500004,4.31895,8.082001
504436039201787,2,-2.5125,15.543751,-30.0375
504436044450938,4,0.06215,-0.507925,-0.85153747
504436053931258,1,0.61605,4.29705,7.6990504
504436063411545,4,-0.023375,-0.6081625,-0.8613
504436072891854,1,0.81705004,4.347,7.977
504436082372150,4,-0.086899996,-0.65945,-0.87229997
504436089099323,2,-4.3875003,15.431251,-29.85
504436091852460,1,0.85005003,4.22295,8.36505
504436101332765,4,-0.100237496,-0.67045,-0.87229997
504436110813150,1,0.786,4.0740004,8.745001
504436120293376,4,-0.05995,-0.6007375,-0.8124875
504436129773761,1,0.94605005,4.1130004,8.722051
504436139254073,4,-0.0196625,-0.49335,-0.7599625
504436139238728,2,-6.3,15.093751,-29.643751
504436148734277,1,1.2859501,4.2180004,8.31705
504436158214583,4,-0.0441375,-0.4175875,-0.7513
504436167694881,1,1.554,4.41195,7.9189506
504436177175266,4,-0.11495,-0.40039998,-0.7880125
504436186655508,1,1.6380001,4.4929504,7.7830505
504436188940046,2,-7.7812505,14.6625,-29.6625
504436196135877,4,-0.1992375,-0.41635,-0.841775
504436205616186,1,1.49205,4.47195,8.073
504436215096482,4,-0.2407625,-0.363825,-0.8503
504436224577020,1,1.4470501,4.36695,8.443951
504436234057107,4,-0.231,-0.286825,-0.83325
504436239217566,2,-8.868751,14.306251,-29.531252
504436243537415,1,1.3630501,4.395,8.511001
504436253017718,4,-0.216425,-0.2415875,-0.8025875
504436262498026,1,1.4269501,4.434,8.54895
504436271978323,4,-0.2077625,-0.2305875,-0.7720625
504436281458631,1,1.5520501,4.44105,8.70705
504436289212333,2,-9.8625,13.931251,-29.493752
504436290938939,4,-0.183425,-0.22453749,-0.75625
504436300419233,1,1.5970501,4.431,8.785951
504436309899540,4,-0.15895,-0.2110625,-0.7415375
504436319380064,1,1.5949501,4.4599504,8.86005
504436328860141,4,-0.1332375,-0.19525,-0.7293
504436338340670,1,1.60905,4.42605,8.86005
504436339078747,2,-10.875,13.6125,-29.343752
504436347820978,4,-0.112475,-0.15853749,-0.7134875
504436357301282,1,1.69095,4.4689503,8.81505
504436366781357,4,-0.100237496,-0.1145375,-0.72325
504436376261896,1,1.57605,4.49805,8.66895
504436385742204,4,-0.11,-0.0889625,-0.7244875
504436389102188,2,-11.981251,13.275001,-28.931252
504436395222493,1,1.36995,4.4689503,8.614051
504436404702780,4,-0.1296625,-0.0889625,-0.698775
504436414183090,1,1.2360001,4.4550004,8.604
504436423663424,4,-0.1527625,-0.0974875,-0.6645375
504436433143809,1,1.0540501,4.49805,8.6310005
504436439176490,2,-12.76875,12.937501,-28.462502
504436442624117,4,-0.161425,-0.1230625,-0.6304375
504436452104345,1,0.86700004,4.4359503,8.773951
504436461584650,4,-0.1381875,-0.1145375,-0.5924875
504436471065035,1,0.59400004,4.39305,8.655001
504436480545343,4,-0.1309,-0.0864875,-0.5339125
504436489235667,2,-13.593751,12.6,-27.88125
504436490025652,1,0.17805001,4.347,8.4199505
504436499505958,4,-0.1552375,-0.1280125,-0.4508625
504436508986268,1,-0.22605,4.29195,8.326051
504436518466564,4,-0.184525,-0.242825,-0.345675
504436527946873,1,-0.54405004,4.1730003,8.36205
504436537427189,4,-0.2127125,-0.3821125,-0.2272875
504436538859245,2,-14.38125,12.262501,-27.525002
504436546907497,1,-0.822,4.01205,8.53005
504436556388040,4,-0.2382875,-0.56045,-0.1062875
504436565868119,1,-0.46095002,3.9930003,9.3490505
504436575348670,4,-0.1797125,-0.66316247,-0.061049998
504436584828749,1,0.06795,3.7540503,10.266001
504436589196837,2,-15.000001,12.056251,-27.187502
504436594309294,4,-0.0281875,-0.606925,-0.121
504436603789614,1,-0.003,3.38505,10.57005
504436613269689,4,0.1098625,-0.38334998,-0.1783375
504436622750227,1,-0.75000006,3.2749503,10.206
504436632230535,4,0.147675,-0.0864875,-0.162525
504436639136235,2,-15.675,11.868751,-26.75625
504436641710845,1,-1.42305,3.0930002,9.651
504436651191150,4,0.0988625,0.1750375,-0.091575
504436660671460,1,-1.9879501,2.9850001,9.214951
504436670151755,4,0.0303875,0.2116125,0.0182875
504436679632139,1,-2.32605,2.9299502,9.018001
504436689112428,4,-0.001375,0.09185,0.135575
504436689236299,2,-16.706251,11.8125,-26.19375
504436698592671,1,-2.28495,2.94405,8.95905
504436708072991,4,-0.0037125,-0.0803,0.2187625
504436717553298,1,-2.2420502,3.0690002,8.767051
504436727033693,4,-0.035475,-0.30153748,0.2553375
504436736514003,1,-2.25195,3.2320502,8.722051
504436738918904,2,-17.550001,11.83125,-25.9125
504436745994317,4,-0.09295,-0.5666375,0.2723875
504436755474627,1,-2.0070002,3.2599502,9.0060005
504436764954933,4,-0.154,-0.72545,0.2638625
504436774435252,1,-1.69395,3.14295,9.34395
504436783915789,4,-0.233475,-0.689975,0.262625
504436789146056,2,-18.13125,11.981251,-25.800001
504436793395877,1,-1.54305,3.07095,9.691051
504436802876178,4,-0.305525,-0.50435,0.2833875
504436812356716,1,-1.3990501,3.009,10.11495
504436821837024,4,-0.3177625,-0.236775,0.3201
504436831317334,1,-1.1719501,3.0859501,10.479
504436839208509,2,-18.806252,12.31875,-25.5375
504436840797716,4,-0.2272875,0.0015125,0.361625
504436850277954,1,-0.95895004,3.22005,10.398001
504436859758337,4,-0.073425,0.116325,0.366575
504436869238661,1,-0.78405005,3.28005,9.94005
504436878718962,4,0.0548625,0.1370875,0.34814999
504436888199272,1,-0.82500005,3.246,9.363001
504436889056518,2,-19.462502,12.76875,-25.29375
504436897679586,4,0.102575,0.1445125,0.35915
504436907159912,1,-0.64500004,3.3730502,9.17595
504436916640208,4,0.1331,0.11385,0.32615
504436926120518,1,-0.49395,3.4330502,8.779051
504436935600813,4,0.0671,0.127325,0.2773375
504436939093646,2,-19.837502,13.275001,-25.29375
504436945081122,1,-0.47295,3.4950001,8.856
504436954561660,4,0.0121,0.10285,0.2382875
504436964041969,1,-0.324,3.426,9.15495
504436973522275,4,-0.01595,0.0589875,0.20405
504436983002585,1,-0.12105001,3.4020002,9.568951
504436989104496,2,-19.650002,13.781251,-25.44375
504436992482646,4,0.0328625,0.0430375,0.16733749
504437001963189,1,0.16095,3.2340002,9.8209505
504437011443497,4,0.1111,0.0198,0.1172875
504437020923880,1,0.14400001,3.2629502,9.47595
504437030404092,4,0.0903375,0.0785125,0.10505
504437039235815,2,-19.44375,14.2875,-25.29375
504437039884400,1,0.096,3.2239501,9.411
504437049364708,4,0.02915,0.1566125,0.11605
504437058845015,1,0.13905,3.2910001,9.571951
504437068325400,4,0.00605,0.1628,0.107525
504437077805710,1,0.17805001,3.3390002,9.739051
504437087286005,4,0.0121,0.17379999,0.091575
504437088856655,2,-19.518751,14.75625,-25.181252
504437096766311,1,0.079950005,3.2580001,9.780001
504437106246617,4,0.0268125,0.2165625,0.11
504437115726907,1,0.03195,3.2749503,9.67695
504437125207443,4,0.053625,0.265375,0.13805
504437134687518,1,0.43095002,3.28695,9.547951
504437139193922,2,-19.35,15.093751,-25.2
504437144168055,4,0.0878625,0.298375,0.1123375
504437153648354,1,0.63705003,3.459,9.28695
504437163128655,4,0.114675,0.2849,0.074525
504437172608965,1,0.49605003,3.6079502,9.02595
504437182089280,4,0.1098625,0.30085,0.035475
504437189200259,2,-18.993752,15.3,-25.368752
504437191569590,1,0.28995,3.6790502,8.81295
504437201049896,4,0.1354375,0.0699875,0.066
504437210530206,1,0.40005,3.55695,8.665951
504437220010506,4,0.219725,-0.1780625,0.080575
504437229490815,1,0.65400004,3.3940501,8.08005
504437238971127,4,0.2393875,-0.452925,0.0977625
504437239233078,2,-18.75,15.4875,-25.48125
504437248451511,1,1.07295,3.5860503,7.326
504437257931833,4,0.064625,-0.70345,0.050049998
504437267412138,1,1.0540501,3.90405,7.2970505
504437276892443,4,-0.1577125,-0.9185,0.0587125
504437286372758,1,1.0350001,3.8950503,8.283
504437289026381,2,-18.675001,15.618751,-25.425001
504437295853064,4,-0.2371875,-0.96236247,0.1197625
504437305333374,1,0.92700005,3.9,9.279
504437314813919,4,-0.231,-0.590975,0.21133749
504437324294234,1,1.0489501,3.8449502,9.574051
504437333774540,4,-0.09295,-0.198825,0.3078625
504437339145081,2,-18.73125,15.76875,-25.312502
504437343254859,1,1.57395,3.7459502,8.71695
504437352735155,4,-0.0281875,0.0930875,0.3128125
504437362215540,1,1.8900001,3.7560003,7.2630005
504437371695852,4,-0.143,0.0625625,0.2688125
504437381176085,1,1.2019501,4.0459504,6.88005
504437389190120,2,-19.03125,16.03125,-24.975
504437390656400,4,-0.341,-0.1755875,0.2981
504437400136784,1,2.3710501,3.5089502,7.27995
504437409617092,4,-0.526625,-0.6435,0.176
504437419097621,1,2.4790502,3.153,8.808001
504437428577698,4,-0.5413375,-0.88673747,-0.0072875
504437438058005,1,1.7700001,3.315,9.837001
504437439061168,2,-19.2,16.3875,-24.712502
504437447538544,4,-0.45581248,-0.799975,0.0708125
504437457018868,1,1.176,3.354,10.398001
504437466499173,4,-0.2847625,-0.5104,0.2908125
504437475979488,1,1.71,3.04005,10.374001
504437485459871,4,-0.106425,-0.20253749,0.4104375
504437489162564,2,-19.6875,16.837502,-23.98125
504437494940088,1,1.9450501,3.1380002,9.580951
504437504420399,4,-0.0221375,-0.06325,0.4631
504437513900707,1,1.8919501,3.318,8.99205
504437523381006,4,0.0158125,-0.041249998,0.4789125
504437532861390,1,2.02395,3.3370502,8.66895
504437539076930,2,-20.118752,17.400002,-23.15625
504437542341693,4,0.0158125,-0.1194875,0.46667498
504437551822012,1,2.28195,3.28905,8.532001
504437561302317,4,-0.0086624995,-0.2220625,0.3873375
504437570782627,1,2.18205,3.4060502,8.580001
504437580262933,4,-0.0526625,-0.2135375,0.322575
504437589225922,2,-20.41875,18.0375,-22.556252
504437589743467,1,2.043,3.3919501,8.757
504437599223774,4,-0.0771375,-0.1255375,0.29205
504437608704084,1,1.863,3.1890001,8.917951
504437618184404,4,-0.0759,0.027224999,0.31033748
504437627664714,1,1.542,3.0280502,8.89395
504437637145029,4,-0.029424999,0.1370875,0.3958625
504437638826723,2,-20.56875,18.69375,-22.050001
504437646625339,1,1.5690001,2.91105,8.58705
504437656105712,4,0.00605,0.1896125,0.4862
504437665586031,1,1.69605,2.9610002,8.523001
504437675066337,4,0.0231,0.1408,0.51919997
504437684546657,1,1.47105,2.98305,8.856
504437689152466,2,-20.456251,19.35,-21.46875
504437694026963,4,0.078099996,0.110275,0.521675
504437703507273,1,1.1020501,2.87205,8.961
504437712987578,4,0.12815,0.1970375,0.5949625
504437722468102,1,1.023,2.7580502,8.856
504437731948179,4,0.15619999,0.3361875,0.7330125
504437739190312,2,-20.34375,19.96875,-20.868752
504437741428713,1,1.10895,2.7930002,8.64
504437750909021,4,0.1733875,0.4962375,0.91135
504437760389326,1,1.6330501,2.7480001,8.39595
504437769869631,4,0.19167499,0.68076247,0.996875
504437779350011,1,2.05695,3.0280502,7.9150505
504437788830242,4,0.158675,0.7858125,0.9933
504437789239997,2,-19.893751,20.56875,-20.737501
504437798310627,1,2.4880502,3.2680502,7.4809504
504437807790934,4,0.06215,0.7968125,0.902825
504437817271239,1,2.7439501,3.3130503,7.2780004
504437826751775,4,-0.1051875,0.572,0.7660125
504437836231849,1,2.6220002,3.2910001,7.7470503
504437839055547,2,-19.21875,21.206251,-20.681252
504437845712155,4,-0.266475,0.3350875,0.6634375
504437855192684,1,2.2060502,3.2080503,8.892
504437864672991,4,-0.2787125,0.2519,0.62796247
504437874153292,1,1.8730501,2.9950502,10.222951
504437883633598,4,-0.084425,0.3546125,0.6439125
504437889102187,2,-18.5625,21.9375,-20.625
504437893113902,1,1.69305,2.7,10.57695
504437902594198,4,0.1819125,0.436425,0.6364875
504437912074583,1,3.1630502,1.70895,11.02005
504437921554824,4,0.5630625,0.54395,0.322575
504437931035208,1,2.3400002,2.29095,10.824
504437939226842,2,-17.60625,22.612501,-20.71875
504437940515747,4,0.8551125,0.4681875,0.1442375
504437949995815,1,0.82905006,2.86995,9.8560505
504437959476120,4,0.853875,-0.0620125,0.2638625
504437968956650,1,0.043950003,3.1309502,8.63805
504437978436727,4,0.5973,-0.45168748,0.62796247
504437987917274,1,0.12495001,2.6569502,7.3660502
504437988968015,2,-16.462502,23.118752,-21.206251
504437997397582,4,0.1331,-0.347875,0.8575875
504438006877892,1,0.73995006,2.1060002,7.6150503
504438016358207,4,-0.23595,-0.0070125,0.819775
504438025838592,1,0.0010500001,1.7539501,8.51595
504438035318895,4,-0.4411,0.442475,0.852775
504438039141204,2,-15.543751,23.625,-21.487501
504438044799205,1,-1.00905,1.6200001,8.49405
504438054279447,4,-0.548625,0.58795,0.985875
504438063759823,1,-1.38195,1.67505,8.41005
504438073240131,4,-0.6098125,0.52195,1.0360625
504438082720435,1,-1.43505,1.4809501,8.772
504438089178109,2,-14.94375,24.243752,-21.35625
504438092200741,4,-0.59015,0.2800875,1.0665874
504438101681046,1,-1.6459501,1.4770501,9.02805
504438111161582,4,-0.5608625,0.23485,1.1581625
504438120641892,1,-1.5480001,1.21605,9.77295
504438130122198,4,-0.4032875,0.33385,1.2021625
504438139602507,1,-1.368,1.1730001,10.40205
504438139248919,2,-14.19375,24.88125,-21.075
504438149082890,4,-0.1967625,0.166375,1.2364
504438158563190,1,-1.30095,1.40505,9.68595
504438168043496,4,-0.216425,0.0125124995,1.23145
504438177523805,1,-0.49905002,1.36905,8.734051
504438187004101,4,-0.4057625,0.10285,1.0811625
504438189005168,2,-12.900001,25.500002,-20.85
504438196484416,1,0.657,1.3230001,8.37405
504438205964721,4,-0.7013875,0.138325,0.8295375
504438215445260,1,1.1880001,1.43805,8.4199505
504438224925568,4,-1.0544875,0.2140875,0.52415
504438234405877,1,1.0879501,1.4260501,9.459001
504438239219905,2,-11.587501,26.19375,-20.60625
504438243886183,4,-1.2365375,0.5341875,0.2761
504438253366483,1,0.77400005,1.026,10.648951
504438262846865,4,-1.1875875,0.8078125,0.157575
504438272327089,1,-0.01305,0.66705,10.2300005
504438281807472,4,-1.127775,1.0509125,0.21133749
504438289168516,2,-10.556251,27.206251,-19.66875
504438291287786,1,-0.23805001,0.040050004,9.73005
504438300768087,4,-0.9224875,1.54825,0.25905
504438310248397,1,-0.24000001,-0.21000001,9.71805
504438319728933,4,-0.82115,0.7002875,0.2908125
504438329209243,1,1.4110501,0.46395,10.306951
504438338689327,4,-0.7269625,-0.799975,0.4178625
504438339210240,2,-9.150001,28.25625,-18.75
504438348169866,1,1.437,1.9390501,10.149
504438357650188,4,-0.6098125,-0.18053749,0.6059625
504438367130498,1,2.18895,0.90000004,10.323001
504438376610804,4,-0.6183375,-0.3125375,0.5473875
504438386091113,1,3.2950501,-0.26295,9.922951
504438389022181,2,-7.55625,29.250002,-17.85
504438395571419,4,-0.730675,-0.1780625,0.284625
504438405051818,1,3.5659502,-0.96900004,9.96195
504438414532125,4,-0.8602,-0.42734998,0.019524999
504438424012664,1,3.039,-0.684,11.299951
504438433492736,4,-0.6928625,-0.7217375,-0.058575
504438439066300,2,-6.43125,30.337502,-16.85625
504438442973274,1,2.9910002,-0.03795,13.2640505
504438452453592,4,-0.20295,-1.0063624,-0.1747625
504438461933666,1,3.6400502,0.30795002,14.439001
504438471414203,4,0.37867498,-1.2238874,-0.3653375
504438480894512,1,3.5659502,-0.117000006,13.524
504438489219215,2,-6.0937505,31.368752,-15.750001
504438490374895,4,0.7940625,-0.6314,-0.58025
504438499855138,1,2.6530502,-1.09605,12.53295
504438509335443,4,1.046925,0.237325,-0.78429997
504438518815760,1,3.82905,-1.58895,11.6980505
504438528296145,4,1.1507375,0.37895,-0.786775
504438537776454,1,2.6940002,-0.29205,10.45005
504438538938832,2,-6.4687505,32.25,-14.718751
504438547256760,4,1.002925,0.1750375,-0.2248125
504438556737065,1,1.2360001,1.16505,6.4759502
504438566217601,4,-0.122237496,0.0198,0.582725
504438575697921,1,2.25405,-0.19095,7.872
504438585178227,4,-0.82115,0.2726625,0.5473875
504438589154497,2,-6.9750004,32.831253,-14.250001
504438594658527,1,2.45895,0.0,10.192051
504438604138823,4,-0.7869125,0.1346125,0.2358125
504438613619208,1,1.8510001,0.38700002,10.72095
504438623099746,4,-0.443575,-0.1023,0.0292875
504438632579748,1,1.65495,-0.0019500001,9.73005
504438639169748,2,-7.4812503,33.375,-13.837501
504438642060140,4,-0.388575,-0.3075875,-0.099
504438651540458,1,1.4250001,-0.46905002,8.997001
504438661020765,4,-0.658625,-0.1255375,-0.2101
504438670501299,1,0.76395005,-0.41895002,10.699051
504438679981607,4,-0.5291,0.1835625,-0.2003375
504438689461925,1,0.89100003,-0.22995001,11.901001
504438689239214,2,-8.19375,33.9375,-13.63125
504438698942246,4,-0.1747625,-0.1035375,-0.002475
504438708422556,1,1.9930501,-0.46695003,11.21205
504438717902862,4,-0.20047499,-0.1414875,0.12705
504438727383246,1,3.2899501,-0.40695003,11.71395
504438736863554,4,-0.2847625,0.2519,0.273625
504438738931424,2,-9.225,34.3125,-13.33125
504438746343864,1,3.348,-0.57405,11.4529505
504438755824179,4,-0.1161875,0.7992875,0.052525
504438765304489,1,1.8610501,0.26505002,10.61295
504438774784771,4,0.0499125,0.9458625,-0.2101
504438784265080,1,1.7989501,-0.081,9.05895
504438789220823,2,-9.88125,34.59375,-13.2375
504438793745603,4,0.0609125,0.93128747,-0.4349125
504438803225927,1,1.6380001,-0.35895002,8.22105
504438812706232,4,-0.1467125,0.34485,-0.3091
504438822186532,1,1.7479501,-0.081,8.254951
504438831666838,4,-0.2481875,-0.3466375,-0.1392875
504438839236217,2,-10.125,34.95,-13.106251
504438841147227,1,1.3219501,-0.37800002,9.543
504438850627549,4,-0.2237125,-0.7437375,-0.035475
504438860107859,1,1.0320001,-0.186,9.913951
504438869588180,4,-0.1711875,-1.071125,0.002475
504438879068718,1,1.6840501,0.18105,10.407001
504438888548780,4,0.0011,-1.8640875,-0.1428625
504438889167453,2,-10.425,35.4,-12.656251
504438898029088,1,2.5429502,0.54300004,10.125001
504438907509626,4,0.1843875,-2.9134874,-0.344575
504438916989936,1,2.9239502,-1.4100001,21.466051
504438926470242,4,1.224025,-1.3594625,-0.3848625
504438935950631,1,-1.3750501,-0.51405,9.330001
504438939115819,2,-11.325001,35.662502,-12.0375
504438945430939,4,1.0847375,-0.45168748,-0.35433748
504438954911162,1,3.7879503,-2.43,7.7040005
504438964391544,4,1.1006875,0.8188125,-0.5289625
504438973871854,1,0.63705003,-0.42795002,2.3119502
504438983352160,4,-0.377575,1.5505875,-0.100237496
504438989044592,2,-12.056251,35.625,-11.85
504438992832475,1,7.4280005,0.47295,13.46205
504439002313006,4,-0.2627625,1.9329749,-0.3641
504439011793085,1,0.28800002,1.35,15.67905
504439021273610,4,0.0658625,0.5476625,0.074525
504439030753944,1,0.79095006,0.28395,10.73295
504439039207529,2,-12.168751,35.4375,-12.225
504439040234250,4,0.0548625,0.4987125,0.1747625
504439049714640,1,1.8319501,0.028050002,9.0709505
504439059194947,4,-0.0221375,0.82981247,-0.0512875
504439068675252,1,1.7560501,0.17895001,9.828
504439078155558,4,-0.0367125,0.8762875,-0.140525
504439087635867,1,1.7700001,0.058950003,9.378
504439088911355,2,-12.450001,35.193752,-12.4125
504439097116169,4,-0.0551375,1.0253375,-0.27981248
504439106596708,1,1.284,0.20295002,9.79395
504439116076780,4,-0.0587125,0.92509997,-0.3469125
504439125557318,1,0.87195003,0.54,9.8560505
504439135037611,4,-0.035475,0.800525,-0.1747625
504439139152501,2,-12.656251,34.95,-12.6
504439144517920,1,0.59205,0.78705,9.47595
504439153998241,4,-0.0281875,0.93005,0.085525
504439163478551,1,0.513,0.402,10.611
504439172958924,4,-0.0416625,0.5671875,0.2077625
504439182439233,1,0.71400005,0.028050002,10.693951
504439189153428,2,-12.356251,34.612503,-13.312501
504439191919544,4,-0.0721875,0.149325,0.0488125
504439201399854,1,0.95100003,-0.0139500005,9.66705
504439210880159,4,-0.106425,0.2140875,-0.08305
504439220360464,1,0.74295,0.27495003,9.34395
504439229841001,4,-0.198,0.4437125,-0.0598125
504439239321300,1,0.68805003,0.27705002,8.96805
504439239234080,2,-11.90625,34.3875,-14.00625
504439248801592,4,-0.385,0.8578625,-0.0598125
504439258281902,1,0.76905006,0.31995,8.085
504439267762202,4,-0.75515,1.4955875,-0.0782375
504439277242512,1,-0.46995002,0.25095,11.58495
504439286722895,4,-0.443575,0.60995,0.068475
504439288938116,2,-11.45625,34.331253,-14.325001
504439296203195,1,-0.55905,-0.73905003,11.83695
504439305683500,4,0.246675,-0.28435,-0.063525
504439315163810,1,0.08895,0.20505,9.17205
504439324644116,4,0.0193875,-0.0119624995,0.014712499
504439334124425,1,0.21405001,-0.009000001,9.415951
504439339154439,2,-10.96875,34.425003,-14.55
504439343604977,4,-0.062425,0.0785125,0.011
504439353085277,1,0.04095,-0.14295001,10.275001
504439362565582,4,0.04015,-0.0620125,-0.014712499
504439372045897,1,0.11505,0.042000003,9.49995
504439381526203,4,-0.02695,0.0528,0.0122375
504439389221879,2,-10.5375,34.5,-14.868751
504439391006596,1,0.01995,-0.064050004,10.125001
504439400486822,4,0.014575,-0.0314875,-0.0048125
504439409967207,1,0.10605001,-0.00705,9.70995
504439419447514,4,-0.0086624995,0.022275,0.00495
504439428928053,1,0.064950004,-0.057000004,9.97095
504439438408125,4,0.00605,-0.0132,-0.0048125
504439439113468,2,-10.181251,34.59375,-15.0375
504439447888433,1,0.079950005,-0.012,9.80595
504439457368967,4,-0.001375,0.006325,0.0
504439466849277,1,0.052950002,-0.043050002,9.89505
504439476329587,4,0.0023375,-0.0022,0.0
504439485809896,1,0.07005,-0.024,9.877951
504439489088830,2,-10.03125,34.725002,-14.868751
504439495290294,4,-0.001375,2.75E-4,0.0012375
504439504770551,1,0.060000002,-0.045,9.876
504439514250933,4,-1.375E-4,0.00275,0.0012375
504439523731252,1,0.05595,-0.03795,9.885
504439533211569,4,0.0011,-9.625E-4,-0.0012375
504439539183491,2,-9.637501,34.78125,-14.962501
504439542692107,1,0.06795,-0.048,9.864
504439552172184,4,-1.375E-4,2.75E-4,0.0
504439561652723,1,0.052950002,-0.012,9.885
504439571133030,4,0.0011,-9.625E-4,0.0
504439580613340,1,0.08400001,-0.01905,9.864
504439589240806,2,-9.375,34.85625,-15.168751
504439590093646,4,-0.0026125,0.00275,0.0012375
504439599573951,1,0.072000004,-0.033,9.885
504439609054333,4,0.0011,2.75E-4,0.0
504439618534576,1,0.07005,-0.024,9.868051
504439628014959,4,-0.001375,0.0015125,0.0
504439637495268,1,0.072000004,-0.028050002,9.873
504439638901538,2,-9.375,34.85625,-15.31875
504439646975574,4,-1.375E-4,-0.0022,-0.0012375
504439656455888,1,0.063,-0.025950002,9.864
504439665936415,4,-0.001375,-9.625E-4,0.0
504439675416494,1,0.075,-0.033,9.871051
504439684897117,4,-1.375E-4,-9.625E-4,0.0
504439689089240,2,-9.46875,34.893753,-15.056251
504439694377349,1,0.06795,-0.028050002,9.877951
504439703857655,4,-1.375E-4,2.75E-4,0.0
504439713337965,1,0.06795,-0.031050002,9.885
504439722818338,4,0.0011,-9.625E-4,0.0
504439732298648,1,0.063,-0.036000002,9.865951
504439739146951,2,-9.825001,34.93125,-14.868751
504439741778891,4,0.0011,2.75E-4,0.0
504439751259262,1,0.072000004,-0.036000002,9.871051
504439760739569,4,-1.375E-4,2.75E-4,-0.0012375
504439770219855,1,0.076950006,-0.033,9.883051
504439779700392,4,-1.375E-4,2.75E-4,0.0
504439789180701,1,0.064950004,-0.025950002,9.873
504439789245889,2,-9.75,34.93125,-15.01875
504439798661007,4,0.0011,2.75E-4,0.0
504439808141317,1,0.063,-0.024,9.883051
504439817621622,4,0.0011,2.75E-4,0.0
504439827102007,1,0.058050003,-0.033,9.876
504439836582252,4,0.0011,2.75E-4,0.0
504439838746678,2,-9.825001,34.93125,-14.94375
504439846062636,1,0.064950004,-0.021000002,9.865951
504439855542934,4,0.0011,-9.625E-4,0.0
504439865023244,1,0.06795,-0.024,9.877951
504439874503541,4,-1.375E-4,2.75E-4,-0.0012375
504439883983850,1,0.060000002,-0.021000002,9.871051
504439889152030,2,-9.993751,34.95,-14.906251
504439893464160,4,-1.375E-4,2.75E-4,0.0
504439902944684,1,0.06795,-0.033,9.873
504439912424761,4,-1.375E-4,2.75E-4,-0.0012375
504439921905285,1,0.072000004,-0.040050004,9.868051
504439931385593,4,0.0011,2.75E-4,0.0
504439939234387,2,-10.293751,34.95,-14.587501
504439940865912,1,0.06795,-0.028050002,9.880051
504439950346208,4,0.0011,2.75E-4,0.0
504439959826593,1,0.052950002,-0.025950002,9.873
504439969306890,4,-1.375E-4,2.75E-4,0.0012375
504439978787210,1,0.08205,-0.028050002,9.876
504439988267747,4,-1.375E-4,2.75E-4,0.0
504439989105096,2,-10.087501,34.912502,-14.868751
504439997747821,1,0.076950006,-0.036000002,9.883051
504440007228126,4,-1.375E-4,2.75E-4,0.0
504440016708444,1,0.058050003,-0.040050004,9.876
504440026188752,4,-1.375E-4,-9.625E-4,0.0
504440035669290,1,0.060000002,-0.024,9.864
504440038874791,2,-10.03125,34.912502,-14.94375
504440045149598,4,-1.375E-4,2.75E-4,0.0
504440054629917,1,0.058050003,-0.025950002,9.873
504440064110212,4,-1.375E-4,2.75E-4,0.0
504440073590597,1,0.064950004,-0.045,9.873
504440083070905,4,0.0011,2.75E-4,-0.0012375
504440088976005,2,-10.63125,34.96875,-14.606251
504440092551214,1,0.058050003,-0.025950002,9.877951
504440102031505,4,-1.375E-4,-9.625E-4,0.0
504440111511815,1,0.064950004,-0.031050002,9.873
504440120992365,4,0.0011,-9.625E-4,-0.0012375
504440130472675,1,0.08400001,-0.031050002,9.880051
504440139261343,2,-10.743751,34.96875,-14.7375
504440139952981,4,-0.001375,0.0015125,0.0
504440149433290,1,0.07005,-0.036000002,9.883051
504440158913591,4,0.0011,2.75E-4,0.0
504440168393901,1,0.063,-0.043050002,9.873
504440177874222,4,-1.375E-4,2.75E-4,0.0
504440187354536,1,0.064950004,-0.048,9.877951
504440188835576,2,-11.0625,35.006252,-14.55
504440196834919,4,-1.375E-4,-9.625E-4,-0.0012375
504440206315152,1,0.07005,-0.031050002,9.876
504440215795534,4,0.0023375,2.75E-4,-0.0012375
504440225275844,1,0.072000004,-0.021000002,9.873
504440234756150,4,0.0011,2.75E-4,0.0
504440238956452,2,-11.26875,35.11875,-14.3625
504440244236702,1,0.06795,-0.025950002,9.877951
504440253716784,4,-0.001375,2.75E-4,0.0
504440263197323,1,0.058050003,-0.036000002,9.873
504440272677615,4,-0.001375,2.75E-4,0.0012375
504440282157925,1,0.064950004,-0.03795,9.871051
504440289132294,2,-11.71875,35.193752,-14.118751
504440291638231,4,-1.375E-4,-9.625E-4,0.0
504440301118541,1,0.058050003,-0.016050002,9.868051
504440310598923,4,-0.001375,-9.625E-4,-0.0012375
504440320079224,1,0.06795,-0.021000002,9.873
504440329559530,4,-1.375E-4,2.75E-4,0.0
504440339039854,1,0.052950002,-0.031050002,9.876
504440339263274,2,-11.56875,35.100002,-14.137501
504440348520160,4,-1.375E-4,2.75E-4,0.0
504440358000479,1,0.060000002,-0.040050004,9.883051
504440367481015,4,-1.375E-4,2.75E-4,0.0
504440376961335,1,0.075,-0.028050002,9.876
504440386441410,4,-0.001375,2.75E-4,0.0
504440388798732,2,-11.15625,35.025,-14.343751
504440395921948,1,0.05595,-0.031050002,9.876
504440405402256,4,-1.375E-4,2.75E-4,0.0
504440414882566,1,0.07005,-0.03795,9.873
504440424362872,4,0.0011,-9.625E-4,0.0
504440433843256,1,0.072000004,-0.033,9.876
504440438983075,2,-11.118751,35.006252,-14.306251
504440443323574,4,-1.375E-4,0.0015125,0.0
504440452803879,1,0.05595,-0.025950002,9.868051
504440462284184,4,-1.375E-4,-9.625E-4,0.0
504440471764484,1,0.072000004,-0.024,9.876
504440481244790,4,0.0011,2.75E-4,0.0
504440489211523,2,-10.931251,34.96875,-14.38125
504440490725115,1,0.064950004,-0.033,9.873
504440500205646,4,0.0011,2.75E-4,0.0
504440509685956,1,0.063,-0.028050002,9.868051
504440519166256,4,-1.375E-4,-9.625E-4,0.0
504440528646566,1,0.064950004,-0.025950002,9.871051
504440538126891,4,-1.375E-4,2.75E-4,-0.0012375
504440539061120,2,-10.78125,34.912502,-14.587501
504440547607201,1,0.079950005,-0.033,9.877951
504440557087583,4,-1.375E-4,2.75E-4,0.0012375
504440566567893,1,0.064950004,-0.028050002,9.876
504440576048213,4,-1.375E-4,-9.625E-4,0.0
504440585528522,1,0.072000004,-0.028050002,9.877951
504440589002524,2,-10.743751,34.875,-14.606251
504440595008833,4,0.0011,2.75E-4,0.0
504440604489148,1,0.08400001,-0.03795,9.877951
504440613969454,4,-1.375E-4,-9.625E-4,0.0
504440623449997,1,0.064950004,-0.012,9.883051
504440632930305,4,-1.375E-4,-9.625E-4,0.0
504440639103125,2,-11.08125,35.006252,-14.45625
504440642410408,1,0.072000004,-0.036000002,9.883051
504440651890944,4,-1.375E-4,2.75E-4,0.0
504440661371254,1,0.076950006,-0.028050002,9.873
504440670851545,4,-1.375E-4,2.75E-4,0.0
504440680331929,1,0.063,-0.025950002,9.873
504440689250703,2,-11.25,35.0625,-14.325001
504440689812227,4,-1.375E-4,2.75E-4,0.0
504440699292528,1,0.064950004,-0.045,9.873
504440708772833,4,-1.375E-4,2.75E-4,0.0012375
504440718253143,1,0.06795,-0.028050002,9.880051
504440727733458,4,-1.375E-4,-9.625E-4,0.0
504440737213767,1,0.06795,-0.033,9.873
504440738828399,2,-11.19375,35.100002,-14.137501
504440746694299,4,-1.375E-4,-9.625E-4,0.0
504440756174595,1,0.06795,-0.025950002,9.877951
504440765654900,4,0.0011,-9.625E-4,-0.0012375
504440775135210,1,0.064950004,-0.036000002,9.871051
504440784615593,4,-1.375E-4,-9.625E-4,-0.0012375
504440789088181,2,-10.931251,35.0625,-14.2875
504440794095811,1,0.058050003,-0.028050002,9.868051
504440803576121,4,0.0011,2.75E-4,0.0
504440813056429,1,0.06795,-0.028050002,9.873
504440822536800,4,-1.375E-4,2.75E-4,0.0
504440832017109,1,0.063,-0.028050002,9.880051
504440839068504,2,-10.762501,35.04375,-14.306251
504440841497415,4,0.0011,2.75E-4,-0.0012375
504440879418638,4,-1.375E-4,-9.625E-4,-0.0012375
504440894847582,2,-10.275001,34.875,-15.281251
504440898379444,1,0.064950004,-0.031050002,9.876
504440898379446,4,-1.375E-4,2.75E-4,0.0
504440917340055,1,0.060000002,-0.025950002,9.877951
504440917340055,4,-1.375E-4,2.75E-4,0.0
504440936300790,1,0.06795,-0.03795,9.871051
504440936300790,4,0.0011,2.75E-4,0.0
504440944865297,2,-11.775001,35.100002,-14.343751
504440955261415,1,0.07005,-0.031050002,9.873
504440955261415,4,-1.375E-4,-9.625E-4,0.0
504440974222016,1,0.072000004,-0.025950002,9.880051
504440974222016,4,-0.001375,2.75E-4,0.0
504440993182641,1,0.07005,-0.028050002,9.873
504440993182641,4,0.0011,2.75E-4,0.0
504440994884027,2,-11.7375,35.100002,-14.3625
504441012143477,1,0.064950004,-0.036000002,9.871051
504441012143477,4,-1.375E-4,-9.625E-4,0.0
504441031104105,1,0.063,-0.03795,9.873
504441031104103,4,-1.375E-4,-9.625E-4,0.0
504441044971500,2,-11.681251,35.081253,-14.38125
504441050064710,1,0.063,-0.033,9.876
504441050064708,4,-1.375E-4,2.75E-4,0.0
504441069025401,1,0.06795,-0.025950002,9.877951
504441069025401,4,-1.375E-4,2.75E-4,0.0
504441087986013,1,0.063,-0.021000002,9.873
504441087986011,4,-1.375E-4,-9.625E-4,0.0
504441095106629,2,-11.6625,35.0625,-14.400001
504441106946628,1,0.060000002,-0.028050002,9.868051
504441106946626,4,-0.001375,2.75E-4,-0.0012375
504441125907239,1,0.07005,-0.031050002,9.871051
504441125907237,4,-0.001375,2.75E-4,0.0
504441144868072,1,0.07005,-0.031050002,9.877951
504441144868072,4,0.0011,2.75E-4,0.0
504441145222714,2,-11.6625,35.04375,-14.400001
504441163828676,1,0.063,-0.033,9.873
504441163828674,4,0.0011,2.75E-4,0.0
504441182789371,1,0.063,-0.03795,9.871051
504441182789371,4,0.0011,-9.625E-4,-0.0012375
504441195352856,2,-11.587501,35.025,-14.437501
504441201749978,1,0.072000004,-0.03795,9.876
504441201749976,4,-1.375E-4,2.75E-4,0.0012375
504441220710488,1,0.07005,-0.028050002,9.876
504441220710486,4,-1.375E-4,-9.625E-4,0.0
504441239671183,1,0.064950004,-0.025950002,9.876
504441239671183,4,0.0011,2.75E-4,-0.0012375
504441245276519,2,-11.512501,35.025,-14.418751
504441258632039,1,0.072000004,-0.033,9.880051
504441258632039,4,-1.375E-4,-9.625E-4,0.0
504441277592425,1,0.060000002,-0.031050002,9.876
504441277592423,4,0.0011,-9.625E-4,0.0
504441295366696,2,-11.493751,35.025,-14.418751
504441296553269,1,0.06795,-0.021000002,9.871051
504441296553269,4,-1.375E-4,2.75E-4,0.0
504441315513883,1,0.079950005,-0.033,9.873
504441315513881,4,0.0011,2.75E-4,0.0
504441334474478,1,0.06795,-0.025950002,9.876
504441334474476,4,-1.375E-4,-9.625E-4,0.0
504441345436048,2,-11.38125,35.006252,-14.475
504441353435168,1,0.07005,-0.025950002,9.876
504441353435168,4,-1.375E-4,-9.625E-4,0.0
504441372395801,1,0.06795,-0.021000002,9.880051
504441372395799,4,-1.375E-4,2.75E-4,0.0
504441391356421,1,0.064950004,-0.031050002,9.868051
504441391356419,4,0.0011,-9.625E-4,0.0012375
504441395476876,2,-11.26875,34.987503,-14.55
504441410317046,1,0.07005,-0.028050002,9.877951
504441410317044,4,-1.375E-4,2.75E-4,0.0
504441429277661,1,0.064950004,-0.033,9.876
504441429277659,4,-1.375E-4,-9.625E-4,0.0
504441445506377,2,-11.175,34.96875,-14.625001
504441448238515,1,0.07005,-0.028050002,9.876
504441448238515,4,-1.375E-4,2.75E-4,-0.0012375
504441467199219,1,0.063,-0.033,9.873
504441467199217,4,0.0011,2.75E-4,0.0
504441486159849,1,0.075,-0.031050002,9.876
504441486159847,4,-1.375E-4,2.75E-4,0.0012375
504441495516819,2,-11.1,34.95,-14.6625
504441505120464,1,0.076950006,-0.033,9.868051
504441505120462,4,0.0011,-9.625E-4,-0.0012375
504441524081075,1,0.06795,-0.040050004,9.877951
504441524081073,4,0.0011,2.75E-4,0.0
504441543041680,1,0.06795,-0.01905,9.877951
504441543041678,4,0.0011,2.75E-4,-0.0012375
504441545513145,2,-11.00625,34.93125,-14.700001
504441562002511,1,0.07005,-0.024,9.873
504441562002511,4,0.0011,-9.625E-4,0.0
504441580963118,1,0.058050003,-0.036000002,9.873
504441580963116,4,0.0011,2.75E-4,0.0
504441595511113,2,-11.043751,34.93125,-14.64375
504441599923738,1,0.06795,-0.033,9.876
504441599923736,4,0.0011,-9.625E-4,0.0
504441618884443,1,0.058050003,-0.024,9.871051
504441618884443,4,-0.001375,2.75E-4,0.0
504441637845060,1,0.060000002,-0.033,9.868051
504441637845058,4,0.0011,-9.625E-4,0.0
504441645500506,2,-11.043751,34.93125,-14.625001
504441656805662,1,0.072000004,-0.021000002,9.876
504441656805660,4,-0.001375,2.75E-4,0.0012375
504441675766248,1,0.063,-0.021000002,9.868051
504441675766246,4,-1.375E-4,-9.625E-4,-0.0012375
504441694727092,1,0.064950004,-0.033,9.871051
504441694727092,4,-1.375E-4,2.75E-4,-0.0012375
504441695394475,2,-11.00625,34.912502,-14.625001
504441713687700,1,0.079950005,-0.025950002,9.880051
504441713687698,4,-1.375E-4,-9.625E-4,0.0
504441732648325,1,0.064950004,-0.028050002,9.876
504441732648323,4,-1.375E-4,2.75E-4,0.0012375
504441745407149,2,-11.025001,34.912502,-14.625001
504441751608932,1,0.076950006,-0.024,9.873
504441751608930,4,0.0011,-9.625E-4,0.0012375
504441770569622,1,0.075,-0.028050002,9.877951
504441770569622,4,-1.375E-4,2.75E-4,0.0
504441789530234,1,0.06795,-0.021000002,9.876
504441789530232,4,0.0011,2.75E-4,0.0
504441795282662,2,-10.89375,34.893753,-14.681251
504441808491088,1,0.060000002,-0.036000002,9.877951
504441808491088,4,-1.375E-4,-9.625E-4,-0.0012375
504441827451720,1,0.060000002,-0.025950002,9.877951
504441827451718,4,0.0011,2.75E-4,0.0
504441845325394,2,-10.89375,34.875,-14.681251
504441846412349,1,0.064950004,-0.033,9.876
504441846412347,4,-1.375E-4,2.75E-4,0.0012375
504441865372951,1,0.060000002,-0.036000002,9.871051
504441865372949,4,0.0011,-9.625E-4,0.0
504441884333566,1,0.07005,-0.031050002,9.876
504441884333564,4,-0.001375,-9.625E-4,0.0
504441895357744,2,-10.9125,34.893753,-14.6625
504441903294191,1,0.07005,-0.031050002,9.873
504441903294189,4,-1.375E-4,2.75E-4,0.0012375
504441922254891,1,0.07005,-0.031050002,9.873
504441922254891,4,-1.375E-4,-9.625E-4,0.0
504441941215523,1,0.072000004,-0.031050002,9.871051
504441941215521,4,0.0011,2.75E-4,0.0
504441945391373,2,-10.8,34.875,-14.700001
504441960176167,1,0.06795,-0.021000002,9.883051
504441960176165,4,-1.375E-4,-9.625E-4,0.0012375
504441979136787,1,0.06795,-0.036000002,9.876
504441979136785,4,-1.375E-4,2.75E-4,0.0
504441995413288,2,-10.762501,34.875,-14.700001
504441998097641,1,0.06795,-0.025950002,9.876
504441998097641,4,-1.375E-4,-9.625E-4,0.0
504442017058248,1,0.063,-0.028050002,9.877951
504442017058246,4,-1.375E-4,2.75E-4,-0.0012375
504442036018872,1,0.064950004,-0.024,9.873
504442036018870,4,-1.375E-4,2.75E-4,0.0
504442045424984,2,-10.668751,34.85625,-14.7375
504442054979563,1,0.060000002,-0.031050002,9.883051
504442054979563,4,-1.375E-4,-9.625E-4,0.0
504442073940170,1,0.075,-0.025950002,9.873
504442073940168,4,-1.375E-4,2.75E-4,0.0
504442092900786,1,0.06795,-0.033,9.877951
504442092900784,4,0.0011,-9.625E-4,-0.0012375
504442095439611,2,-10.650001,34.85625,-14.718751
504442111861377,1,0.052950002,-0.028050002,9.873
504442111861375,4,0.0011,2.75E-4,0.0
504442130822212,1,0.072000004,-0.031050002,9.877951
504442130822212,4,-1.375E-4,2.75E-4,0.0
504442145445232,2,-10.556251,34.8375,-14.775001
504442149782854,1,0.072000004,-0.028050002,9.865951
504442149782852,4,0.0011,2.75E-4,0.0
504442168743469,1,0.06795,-0.025950002,9.873
504442168743467,4,0.0011,-9.625E-4,0.0
504442187704084,1,0.064950004,-0.025950002,9.876
504442187704082,4,0.0011,2.75E-4,0.0
504442195454912,2,-10.481251,34.818752,-14.83125
504442206664685,1,0.063,-0.025950002,9.877951
504442206664683,4,-1.375E-4,2.75E-4,-0.0012375
504442225625596,1,0.060000002,-0.036000002,9.876
504442225625596,4,-1.375E-4,2.75E-4,0.0012375
504442244585969,1,0.06795,-0.028050002,9.873
504442244585967,4,0.0011,2.75E-4,0.0
504442245310421,2,-10.44375,34.818752,-14.85
504442263546803,1,0.06795,-0.021000002,9.876
504442263546803,4,-1.375E-4,-9.625E-4,0.0
504442282507431,1,0.07005,-0.028050002,9.876
504442282507429,4,0.0011,2.75E-4,0.0
504442295340131,2,-10.462501,34.8375,-14.812501
504442301468052,1,0.079950005,-0.036000002,9.871051
504442301468050,4,-1.375E-4,2.75E-4,0.0
504442320428657,1,0.072000004,-0.025950002,9.873
504442320428655,4,0.0011,2.75E-4,0.0
504442339389283,1,0.07005,-0.024,9.871051
504442339389281,4,0.0011,2.75E-4,0.0
504442345372794,2,-10.425,34.818752,-14.83125
504442358349977,1,0.063,-0.031050002,9.877951
504442358349977,4,-1.375E-4,2.75E-4,0.0
504442377310589,1,0.07005,-0.028050002,9.871051
504442377310587,4,-1.375E-4,2.75E-4,0.0
504442395395090,2,-10.44375,34.818752,-14.812501
504442396271201,1,0.058050003,-0.031050002,9.871051
504442396271199,4,-1.375E-4,2.75E-4,-0.0012375
504442415231825,1,0.07005,-0.031050002,9.877951
504442415231823,4,-0.001375,-9.625E-4,0.0
504442434192670,1,0.060000002,-0.043050002,9.873
504442434192670,4,-1.375E-4,2.75E-4,0.0
504442445419266,2,-10.35,34.800003,-14.868751
504442453153282,1,0.064950004,-0.021000002,9.871051
504442453153280,4,-1.375E-4,2.75E-4,0.0
504442472113897,1,0.06795,-0.031050002,9.865951
504442472113895,4,-1.375E-4,2.75E-4,0.0
504442491074528,1,0.072000004,-0.031050002,9.877951
504442491074526,4,0.0011,2.75E-4,0.0
504442495433058,2,-10.33125,34.800003,-14.887501
504442510035138,1,0.063,-0.031050002,9.871051
504442510035136,4,-1.375E-4,-9.625E-4,0.0
504442528995839,1,0.064950004,-0.025950002,9.876
504442528995839,4,-1.375E-4,-9.625E-4,0.0
504442545438213,2,-10.293751,34.800003,-14.925
504442547956465,1,0.060000002,-0.025950002,9.873
504442547956463,4,-1.375E-4,2.75E-4,0.0
504442566917080,1,0.064950004,-0.03795,9.876
504442566917078,4,-0.001375,2.75E-4,0.0
504442585877691,1,0.07005,-0.036000002,9.871051
504442585877689,4,0.0011,2.75E-4,0.0
504442595447568,2,-10.275001,34.800003,-14.925
504442604838535,1,0.07005,-0.024,9.871051
504442604838535,4,-1.375E-4,2.75E-4,0.0
504442623799220,1,0.079950005,-0.021000002,9.868051
504442623799218,4,0.0011,2.75E-4,0.0
504442642759730,1,0.072000004,-0.024,9.871051
504442642759728,4,0.0011,-9.625E-4,0.0
504442645449180,2,-10.21875,34.800003,-14.925
504442661720424,1,0.064950004,-0.033,9.865951
504442661720424,4,0.0011,-9.625E-4,0.0
504442680680980,1,0.064950004,-0.033,9.873
504442680680978,4,-1.375E-4,2.75E-4,0.0
504442695422349,2,-10.25625,34.800003,-14.94375
504442699641674,1,0.06795,-0.01905,9.871051
504442699641674,4,-1.375E-4,2.75E-4,0.0
504442718602511,1,0.072000004,-0.033,9.876
504442718602511,4,-1.375E-4,2.75E-4,0.0
504442737562912,1,0.07005,-0.016050002,9.873
504442737562910,4,-1.375E-4,2.75E-4,0.0
504442745430114,2,-10.181251,34.800003,-15.01875
504442756523746,1,0.060000002,-0.025950002,9.871051
504442756523746,4,-1.375E-4,2.75E-4,-0.0012375
504442775484360,1,0.064950004,-0.033,9.876
504442775484358,4,-1.375E-4,2.75E-4,0.0
504442794444984,1,0.072000004,-0.025950002,9.876
504442794444982,4,-1.375E-4,2.75E-4,0.0
504442795255949,2,-10.125,34.78125,-15.13125
504442813405600,1,0.076950006,-0.033,9.877951
504442813405598,4,-1.375E-4,2.75E-4,0.0
504442832366295,1,0.075,-0.028050002,9.873
504442832366295,4,0.0011,-9.625E-4,0.0
504442845304446,2,-10.200001,34.800003,-15.093751
504442851326902,1,0.060000002,-0.028050002,9.876
504442851326900,4,-1.375E-4,2.75E-4,-0.0012375
504442870287508,1,0.064950004,-0.01905,9.871051
504442870287506,4,-0.001375,-9.625E-4,0.0
504442889248123,1,0.064950004,-0.021000002,9.871051
504442889248121,4,0.0011,2.75E-4,0.0
504442895342204,2,-10.25625,34.818752,-15.01875
504442908208748,1,0.07005,-0.025950002,9.871051
504442908208746,4,0.0011,-9.625E-4,-0.0012375
504442927169616,1,0.06795,-0.033,9.877951
504442927169616,4,-1.375E-4,-9.625E-4,0.0
504442945380449,2,-10.21875,34.800003,-15.000001
504442946130228,1,0.07005,-0.028050002,9.876
504442946130226,4,0.0011,-9.625E-4,0.0
504442965090835,1,0.06795,-0.025950002,9.871051
504442965090833,4,-1.375E-4,2.75E-4,0.0
504442984051435,1,0.063,-0.024,9.873
504442984051433,4,-0.001375,2.75E-4,0.0
504442995406062,2,-10.1625,34.800003,-15.0375
504443003012135,1,0.063,-0.028050002,9.873
504443003012135,4,-1.375E-4,2.75E-4,0.0
504443021972753,1,0.07005,-0.028050002,9.877951
504443021972751,4,-1.375E-4,-9.625E-4,0.0
504443040933353,1,0.064950004,-0.021000002,9.883051
504443040933351,4,0.0011,2.75E-4,0.0
504443045420736,2,-10.21875,34.800003,-15.000001
504443059893969,1,0.060000002,-0.025950002,9.876
504443059893967,4,-1.375E-4,-9.625E-4,0.0
504443078854575,1,0.06795,-0.024,9.883051
504443078854573,4,-1.375E-4,2.75E-4,0.0012375
504443095437692,2,-10.14375,34.800003,-15.056251
504443097815196,1,0.075,-0.024,9.877951
504443097815194,4,-1.375E-4,2.75E-4,0.0
504443116776025,1,0.072000004,-0.033,9.873
504443116776025,4,0.0011,-9.625E-4,0.0
504443135736647,1,0.075,-0.031050002,9.868051
504443135736645,4,0.0011,-9.625E-4,0.0
504443145444852,2,-10.03125,34.78125,-15.13125
504443154697273,1,0.07005,-0.033,9.877951
504443154697271,4,0.0011,2.75E-4,-0.0012375
504443173657954,1,0.072000004,-0.03795,9.876
504443173657954,4,-1.375E-4,2.75E-4,0.0
504443192618571,1,0.052950002,-0.033,9.873
504443192618569,4,0.0011,2.75E-4,0.0
504443195455608,2,-9.9375,34.78125,-15.20625
504443211579187,1,0.063,-0.028050002,9.868051
504443211579185,4,0.0011,2.75E-4,-0.0012375
504443230539816,1,0.063,-0.021000002,9.871051
504443230539814,4,-1.375E-4,2.75E-4,0.0
504443245379205,2,-9.8625,34.7625,-15.20625
504443249500660,1,0.076950006,-0.028050002,9.877951
504443249500660,4,-1.375E-4,-9.625E-4,0.0
504443268461288,1,0.064950004,-0.036000002,9.876
504443268461286,4,-1.375E-4,-9.625E-4,0.0
504443287421903,1,0.072000004,-0.024,9.871051
504443287421901,4,-1.375E-4,2.75E-4,-0.0012375
504443295393352,2,-9.9375,34.74375,-15.187501
504443306382547,1,0.07005,-0.031050002,9.873
504443306382545,4,-1.375E-4,2.75E-4,0.0
504443325343237,1,0.07005,-0.024,9.877951
504443325343237,4,-1.375E-4,2.75E-4,0.0
504443344303870,1,0.06795,-0.025950002,9.885
504443344303868,4,-1.375E-4,2.75E-4,0.0
504443345236450,2,-9.825001,34.74375,-15.20625
504443363264470,1,0.06795,-0.025950002,9.873
504443363264468,4,-1.375E-4,2.75E-4,0.0
504443382225085,1,0.060000002,-0.031050002,9.873
504443382225083,4,-1.375E-4,2.75E-4,0.0
504443395287691,2,-9.69375,34.725002,-15.262501
504443401185706,1,0.072000004,-0.025950002,9.871051
504443401185704,4,-1.375E-4,2.75E-4,0.0
504443420146539,1,0.075,-0.031050002,9.873
504443420146539,4,-1.375E-4,2.75E-4,-0.0012375
504443439107156,1,0.075,-0.031050002,9.877951
504443439107154,4,-1.375E-4,2.75E-4,0.0
504443445338757,2,-9.75,34.725002,-15.243751
504443458067758,1,0.076950006,-0.036000002,9.873
504443458067756,4,-1.375E-4,2.75E-4,0.0
504443477028373,1,0.064950004,-0.028050002,9.876
504443477028371,4,0.0011,-9.625E-4,0.0
504443495375830,2,-9.731251,34.725002,-15.243751
504443495989068,1,0.06795,-0.031050002,9.880051
504443495989068,4,0.0011,2.75E-4,0.0
504443514949685,1,0.064950004,-0.031050002,9.877951
504443514949683,4,-1.375E-4,-9.625E-4,0.0
504443533910316,1,0.07005,-0.028050002,9.877951
504443533910314,4,-1.375E-4,2.75E-4,0.0
504443545400122,2,-9.712501,34.706253,-15.281251
504443552870935,1,0.064950004,-0.031050002,9.871051
504443552870933,4,0.0011,2.75E-4,-0.0012375
504443571831550,1,0.06795,-0.031050002,9.871051
504443571831548,4,0.0011,2.75E-4,0.0012375
504443590792161,1,0.075,-0.025950002,9.876
504443590792159,4,-1.375E-4,2.75E-4,0.0
504443595424791,2,-9.6,34.706253,-15.337501
504443609752767,1,0.064950004,-0.025950002,9.873
504443609752765,4,0.0011,2.75E-4,-0.0012375
504443628713606,1,0.064950004,-0.025950002,9.880051
504443628713606,4,-1.375E-4,2.75E-4,0.0
504443645437853,2,-9.637501,34.706253,-15.262501
504443647674233,1,0.07005,-0.025950002,9.873
504443647674231,4,-1.375E-4,2.75E-4,0.0
504443666634863,1,0.060000002,-0.01905,9.873
504443666634861,4,0.0011,2.75E-4,0.0
504443685595544,1,0.079950005,-0.025950002,9.873
504443685595544,4,0.0011,2.75E-4,0.0
504443695452812,2,-9.675,34.725002,-15.243751
504443704556161,1,0.076950006,-0.025950002,9.873
504443704556159,4,-1.375E-4,2.75E-4,-0.0012375
504443723516787,1,0.072000004,-0.024,9.868051
504443723516785,4,-1.375E-4,4.125E-4,1.375E-4
504443742477416,1,0.072000004,-0.028050002,9.873
504443742477414,4,0.0011,-8.25E-4,1.375E-4
504443745458090,2,-9.6,34.706253,-15.225
504443761438041,1,0.063,-0.025950002,9.877951
504443761438039,4,-1.375E-4,4.125E-4,1.375E-4
504443780398642,1,0.058050003,-0.028050002,9.876
504443780398640,4,-1.375E-4,4.125E-4,1.375E-4
504443795332108,2,-9.46875,34.6875,-15.337501
504443799359262,1,0.075,-0.028050002,9.873
504443799359260,4,-1.375E-4,-8.25E-4,1.375E-4
504443818320101,1,0.07005,-0.024,9.868051
504443818320101,4,-1.375E-4,-8.25E-4,0.001375
504443837280714,1,0.063,-0.024,9.876
504443837280712,4,0.0011,4.125E-4,1.375E-4
504443845364181,2,-9.4875,34.6875,-15.31875
504443856241334,1,0.060000002,-0.031050002,9.883051
504443856241332,4,0.0011,-8.25E-4,-0.0011
504443875201955,1,0.072000004,-0.028050002,9.880051
504443875201953,4,-1.375E-4,4.125E-4,1.375E-4
504443894162645,1,0.072000004,-0.028050002,9.871051
504443894162645,4,-1.375E-4,4.125E-4,1.375E-4
504443895233575,2,-9.46875,34.6875,-15.337501
504443913123277,1,0.064950004,-0.025950002,9.880051
504443913123275,4,-1.375E-4,-8.25E-4,1.375E-4
504443932083883,1,0.06795,-0.01905,9.868051
504443932083881,4,0.0011,-8.25E-4,1.375E-4
504443945294312,2,-9.431251,34.6875,-15.356251
504443951044498,1,0.07005,-0.024,9.871051
504443951044496,4,0.0011,-8.25E-4,1.375E-4
504443970005099,1,0.08205,-0.024,9.876
504443970005097,4,-1.375E-4,4.125E-4,-0.0011
504443988965729,1,0.04605,-0.031050002,9.877951
504443988965727,4,0.0011,-8.25E-4,1.375E-4
504443995341090,2,-9.39375,34.6875,-15.375001
504444007926573,1,0.072000004,-0.024,9.877951
504444007926573,4,-1.375E-4,-8.25E-4,1.375E-4
504444026887181,1,0.064950004,-0.031050002,9.877951
504444026887179,4,0.0011,4.125E-4,0.001375
504444045847786,1,0.07005,-0.0139500005,9.876
504444045847784,4,-0.001375,4.125E-4,-0.0011
504444045374341,2,-9.50625,34.706253,-15.281251
504444064808487,1,0.064950004,-0.031050002,9.873
504444064808487,4,-1.375E-4,4.125E-4,-0.0011
504444083769104,1,0.063,-0.025950002,9.871051
504444083769102,4,-1.375E-4,4.125E-4,1.375E-4
504444095406551,2,-9.543751,34.706253,-15.356251
504444102729643,1,0.063,-0.028050002,9.873
504444102729641,4,-1.375E-4,4.125E-4,1.375E-4
504444121690333,1,0.072000004,-0.028050002,9.873
504444121690333,4,-1.375E-4,-8.25E-4,1.375E-4
504444140650935,1,0.072000004,-0.01905,9.877951
504444140650933,4,-1.375E-4,-8.25E-4,1.375E-4
504444145425866,2,-9.450001,34.706253,-15.431251
504444159611546,1,0.06795,-0.031050002,9.876
504444159611544,4,0.0011,4.125E-4,0.001375
504444178572161,1,0.07005,-0.033,9.873
504444178572159,4,0.0011,4.125E-4,1.375E-4
504444195445853,2,-9.4125,34.6875,-15.4125
504444197533000,1,0.064950004,-0.031050002,9.873
504444197533000,4,0.0011,-8.25E-4,1.375E-4
504444216493618,1,0.06795,-0.033,9.871051
504444216493616,4,-1.375E-4,-8.25E-4,1.375E-4
504444235454233,1,0.06795,-0.028050002,9.873
504444235454231,4,0.0011,-8.25E-4,0.001375
504444245443552,2,-9.4875,34.6875,-15.356251
504444254414859,1,0.07005,-0.021000002,9.877951
504444254414857,4,-1.375E-4,4.125E-4,1.375E-4
504444273375469,1,0.07005,-0.025950002,9.873
504444273375467,4,-1.375E-4,4.125E-4,-0.0011
504444292336105,1,0.07005,-0.025950002,9.876
504444292336103,4,0.0011,4.125E-4,1.375E-4
504444295446451,2,-9.543751,34.706253,-15.225
504444311296809,1,0.072000004,-0.025950002,9.871051
504444311296809,4,0.0011,4.125E-4,1.375E-4
504444330257436,1,0.075,-0.025950002,9.877951
504444330257434,4,-0.001375,4.125E-4,1.375E-4
504444345278222,2,-9.46875,34.6875,-15.243751
504444349218066,1,0.075,-0.031050002,9.876
504444349218064,4,-0.001375,4.125E-4,1.375E-4
504444368178676,1,0.05595,-0.031050002,9.877951
504444368178674,4,-1.375E-4,4.125E-4,1.375E-4
504444387139525,1,0.07005,-0.025950002,9.873
504444387139525,4,-1.375E-4,4.125E-4,1.375E-4
504444395319064,2,-9.543751,34.6875,-15.262501
504444406100143,1,0.06795,-0.024,9.871051
504444406100141,4,0.0011,4.125E-4,-0.0011
504444425060744,1,0.06795,-0.03795,9.873
504444425060742,4,-1.375E-4,4.125E-4,1.375E-4
504444444021360,1,0.075,-0.028050002,9.877951
504444444021358,4,-1.375E-4,-8.25E-4,1.375E-4
504444445186797,2,-9.65625,34.725002,-15.187501
504444462981975,1,0.06795,-0.033,9.876
504444462981973,4,-1.375E-4,4.125E-4,0.001375
504444481942600,1,0.064950004,-0.025950002,9.877951
504444481942598,4,0.0011,4.125E-4,0.001375
504444495256771,2,-9.731251,34.74375,-15.13125
504444500903281,1,0.06795,-0.021000002,9.865951
504444500903281,4,-1.375E-4,4.125E-4,1.375E-4
504444519863898,1,0.06795,-0.021000002,9.871051
504444519863896,4,-1.375E-4,4.125E-4,1.375E-4
504444538824514,1,0.06795,-0.028050002,9.877951
504444538824512,4,-1.375E-4,4.125E-4,1.375E-4
504444545311476,2,-9.637501,34.74375,-15.187501
504444557785108,1,0.079950005,-0.033,9.880051
504444557785106,4,-1.375E-4,4.125E-4,-0.0011
504444576745710,1,0.07005,-0.028050002,9.885
504444576745708,4,-1.375E-4,4.125E-4,1.375E-4
504444595706330,1,0.072000004,-0.033,9.871051
504444595706328,4,-1.375E-4,0.00165,0.001375
504444595362261,2,-9.5625,34.725002,-15.243751
504444614667164,1,0.06795,-0.021000002,9.876
504444614667164,4,0.0011,-8.25E-4,0.001375
504444633627758,1,0.07005,-0.024,9.877951
504444633627756,4,-1.375E-4,4.125E-4,1.375E-4
504444645396751,2,-9.637501,34.74375,-15.20625
504444652588363,1,0.06795,-0.025950002,9.873
504444652588361,4,-1.375E-4,4.125E-4,1.375E-4
504444671548970,1,0.07005,-0.021000002,9.873
504444671548968,4,0.0011,-8.25E-4,-0.0011
504444690509590,1,0.076950006,-0.028050002,9.876
504444690509588,4,-1.375E-4,-8.25E-4,1.375E-4
504444695428624,2,-9.712501,34.74375,-15.168751
504444709470219,1,0.075,-0.021000002,9.877951
504444709470217,4,-1.375E-4,-8.25E-4,1.375E-4
504444728430910,1,0.07005,-0.024,9.868051
504444728430910,4,-1.375E-4,4.125E-4,1.375E-4
504444745446334,2,-9.637501,34.7625,-15.187501
504444747391440,1,0.06795,-0.028050002,9.876
504444747391438,4,-1.375E-4,4.125E-4,-0.0011
504444766352045,1,0.063,-0.024,9.873
504444766352045,4,-1.375E-4,4.125E-4,1.375E-4
504444785312674,1,0.060000002,-0.021000002,9.873
504444785312674,4,-1.375E-4,4.125E-4,1.375E-4
504444795385358,2,-9.5625,34.7625,-15.20625
504444804273356,1,0.06795,-0.025950002,9.873
504444804273356,4,-1.375E-4,4.125E-4,1.375E-4
504444823233964,1,0.075,-0.036000002,9.873
504444823233962,4,0.0011,-8.25E-4,1.375E-4
504444842194565,1,0.07005,-0.028050002,9.876
504444842194563,4,-1.375E-4,-8.25E-4,1.375E-4
504444845410171,2,-9.637501,34.7625,-15.20625
504444861155190,1,0.06795,-0.025950002,9.871051
504444861155188,4,-1.375E-4,-8.25E-4,-0.0011
504444880116020,1,0.06795,-0.031050002,9.880051
504444880116020,4,0.0011,4.125E-4,1.375E-4
504444895248770,2,-9.69375,34.78125,-15.187501
504444899076637,1,0.07005,-0.021000002,9.877951
504444899076635,4,-1.375E-4,-8.25E-4,1.375E-4
504444918037032,1,0.06795,-0.031050002,9.873
504444918037030,4,0.0011,-8.25E-4,-0.0023375
504444936997885,1,0.07005,-0.033,9.877951
504444936997885,4,-1.375E-4,-8.25E-4,1.375E-4
504444945306647,2,-9.637501,34.7625,-15.243751
504444955958513,1,0.06795,-0.024,9.876
504444955958511,4,-1.375E-4,4.125E-4,-0.0011
504444974919132,1,0.064950004,-0.028050002,9.871051
504444974919130,4,-1.375E-4,-8.25E-4,0.001375
504444993879813,1,0.06795,-0.021000002,9.876
504444993879813,4,-1.375E-4,4.125E-4,1.375E-4
504444995176431,2,-9.58125,34.7625,-15.31875
504445012840431,1,0.072000004,-0.024,9.873
504445012840429,4,-1.375E-4,4.125E-4,1.375E-4
504445031801036,1,0.064950004,-0.033,9.873
504445031801034,4,-1.375E-4,4.125E-4,1.375E-4
504445045247548,2,-9.675,34.7625,-15.3
504445050761652,1,0.075,-0.021000002,9.871051
504445050761650,4,0.0011,4.125E-4,-0.0011
504445069722267,1,0.07005,-0.031050002,9.877951
504445069722265,4,-1.375E-4,-8.25E-4,-0.0011
504445088682869,1,0.064950004,-0.025950002,9.876
504445088682867,4,-1.375E-4,4.125E-4,1.375E-4
504445095313855,2,-9.75,34.7625,-15.3
504445107643722,1,0.063,-0.033,9.880051
504445107643722,4,-1.375E-4,-8.25E-4,1.375E-4
504445126604108,1,0.06795,-0.033,9.877951
504445126604106,4,-1.375E-4,4.125E-4,1.375E-4
504445145564973,1,0.060000002,-0.031050002,9.880051
504445145564973,4,-1.375E-4,-8.25E-4,1.375E-4
504445145362075,2,-9.69375,34.74375,-15.356251
504445164525350,1,0.051000003,-0.021000002,9.883051
504445164525348,4,-1.375E-4,4.125E-4,0.001375
504445183486195,1,0.063,-0.028050002,9.877951
504445183486195,4,0.0011,4.125E-4,1.375E-4
504445195405321,2,-9.618751,34.74375,-15.4125
504445202446807,1,0.07005,-0.036000002,9.876
504445202446805,4,0.0011,4.125E-4,-0.0011
504445221407497,1,0.06795,-0.024,9.873
504445221407497,4,0.0011,-8.25E-4,-0.0011
504445240368038,1,0.072000004,-0.025950002,9.877951
504445240368036,4,-1.375E-4,-8.25E-4,1.375E-4
504445245432041,2,-9.69375,34.7625,-15.39375
504445259328646,1,0.063,-0.025950002,9.876
504445259328646,4,0.0011,-8.25E-4,1.375E-4
504445278289329,1,0.063,-0.031050002,9.871051
504445278289329,4,0.0011,4.125E-4,-0.0011
504445295445377,2,-9.76875,34.7625,-15.356251
504445297249869,1,0.063,-0.024,9.877951
504445297249867,4,0.0011,-8.25E-4,1.375E-4
504445316210559,1,0.063,-0.031050002,9.880051
504445316210559,4,0.0011,-8.25E-4,1.375E-4
504445335171191,1,0.075,-0.03795,9.880051
504445335171189,4,0.0011,-8.25E-4,1.375E-4
504445345335776,2,-9.69375,34.74375,-15.4125
504445354131816,1,0.063,-0.028050002,9.877951
504445354131814,4,-1.375E-4,4.125E-4,1.375E-4
504445373092661,1,0.072000004,-0.033,9.877951
504445373092661,4,-1.375E-4,-8.25E-4,1.375E-4
504445392053047,1,0.07005,-0.025950002,9.877951
504445392053045,4,0.0011,4.125E-4,1.375E-4
504445395368248,2,-9.618751,34.74375,-15.431251
504445411013891,1,0.064950004,-0.025950002,9.873
504445411013891,4,0.0011,4.125E-4,1.375E-4
504445429974283,1,0.075,-0.028050002,9.885
504445429974281,4,0.0011,4.125E-4,-0.0011
504445445423465,2,-9.731251,34.7625,-15.31875
504445448935136,1,0.063,-0.024,9.873
504445448935136,4,-0.001375,4.125E-4,1.375E-4
504445467895754,1,0.064950004,-0.028050002,9.876
504445467895752,4,-1.375E-4,4.125E-4,0.001375
504445486856383,1,0.060000002,-0.025950002,9.883051
504445486856381,4,-1.375E-4,4.125E-4,1.375E-4
504445495438761,2,-9.76875,34.7625,-15.243751
504445505816990,1,0.072000004,-0.025950002,9.873
504445505816988,4,0.0011,4.125E-4,1.375E-4
504445524777605,1,0.064950004,-0.021000002,9.877951
504445524777603,4,0.0011,4.125E-4,-0.0011
504445543738229,1,0.075,-0.025950002,9.880051
504445543738227,4,-1.375E-4,4.125E-4,1.375E-4
504445545270227,2,-9.618751,34.74375,-15.31875
504445562698850,1,0.072000004,-0.025950002,9.873
504445562698848,4,-1.375E-4,-8.25E-4,1.375E-4
504445581659540,1,0.063,-0.028050002,9.873
504445581659540,4,-1.375E-4,-8.25E-4,-0.0011
504445595320081,2,-9.525001,34.74375,-15.281251
504445600620158,1,0.075,-0.031050002,9.880051
504445600620156,4,-1.375E-4,4.125E-4,0.001375
504445619580759,1,0.06795,-0.025950002,9.883051
504445619580757,4,-1.375E-4,-8.25E-4,1.375E-4
504445638541373,1,0.064950004,-0.03795,9.876
504445638541371,4,-1.375E-4,-8.25E-4,0.001375
504445645357368,2,-9.6,34.7625,-15.20625
504445657501999,1,0.06795,-0.028050002,9.865951
504445657501997,4,-2.75E-4,4.125E-4,0.0
504445676462629,1,0.072000004,-0.024,9.877951
504445676462627,4,-2.75E-4,-8.25E-4,0.0
504445695423464,1,0.07005,-0.016050002,9.873
504445695423464,4,-2.75E-4,4.125E-4,0.0
504445695394144,2,-9.637501,34.7625,-15.150001
504445714383839,1,0.07005,-0.03795,9.873
504445714383837,4,-0.0015125,4.125E-4,0.0
504445733344444,1,0.072000004,-0.031050002,9.877951
504445733344444,4,-2.75E-4,4.125E-4,0.0012375
504445745417632,2,-9.58125,34.7625,-15.225
504445752305059,1,0.07005,-0.036000002,9.871051
504445752305059,4,9.625E-4,4.125E-4,0.0
504445771265664,1,0.064950004,-0.028050002,9.877951
504445771265664,4,-2.75E-4,4.125E-4,0.0
504445790226270,1,0.076950006,-0.025950002,9.877951
504445790226270,4,-2.75E-4,4.125E-4,0.0
504445795430120,2,-9.50625,34.74375,-15.31875
504445809187116,1,0.060000002,-0.028050002,9.873
504445809187116,4,-2.75E-4,-8.25E-4,-0.0012375
504445828147734,1,0.07005,-0.036000002,9.877951
504445828147732,4,9.625E-4,4.125E-4,0.0
504445845444837,2,-9.58125,34.7625,-15.262501
504445847108359,1,0.07005,-0.024,9.876
504445847108357,4,-2.75E-4,4.125E-4,0.0
504445866068964,1,0.07005,-0.03795,9.873
504445866068962,4,-2.75E-4,4.125E-4,0.0
504445885029641,1,0.06795,-0.024,9.883051
504445885029641,4,9.625E-4,4.125E-4,0.0
504445895281301,2,-9.525001,34.74375,-15.262501
504445903990272,1,0.07005,-0.024,9.880051
504445903990270,4,-2.75E-4,-8.25E-4,0.0
504445922950821,1,0.07005,-0.024,9.876
504445922950819,4,-2.75E-4,4.125E-4,0.0
504445941911438,1,0.07005,-0.031050002,9.883051
504445941911438,4,9.625E-4,-8.25E-4,0.0
504445945329728,2,-9.431251,34.725002,-15.337501
504445960872116,1,0.07005,-0.028050002,9.871051
504445960872116,4,-2.75E-4,4.125E-4,0.0
504445979832657,1,0.08205,-0.025950002,9.877951
504445979832655,4,-2.75E-4,4.125E-4,-0.0012375
504445995376947,2,-9.356251,34.725002,-15.375001
504445998793347,1,0.079950005,-0.021000002,9.871051
504445998793347,4,-2.75E-4,4.125E-4,0.0012375
504446017753965,1,0.06795,-0.01905,9.876
504446017753963,4,-2.75E-4,4.125E-4,0.0
504446036714580,1,0.064950004,-0.024,9.873
504446036714578,4,-2.75E-4,4.125E-4,0.0
504446045398815,2,-9.46875,34.74375,-15.3
504446055675224,1,0.064950004,-0.021000002,9.880051
504446055675222,4,-2.75E-4,-8.25E-4,0.0
504446074635839,1,0.06795,-0.028050002,9.873
504446074635837,4,-0.0015125,-8.25E-4,0.0
504446093596688,1,0.06795,-0.033,9.871051
504446093596688,4,9.625E-4,4.125E-4,0.0
504446095226644,2,-9.618751,34.7625,-15.187501
504446112557065,1,0.060000002,-0.031050002,9.873
504446112557063,4,-2.75E-4,4.125E-4,0.0
504446131517895,1,0.072000004,-0.01905,9.876
504446131517895,4,-2.75E-4,4.125E-4,0.0
504446145284474,2,-9.58125,34.7625,-15.20625
504446150478282,1,0.07005,-0.036000002,9.873
504446150478280,4,-2.75E-4,4.125E-4,0.0
504446169438904,1,0.063,-0.025950002,9.880051
504446169438904,4,-2.75E-4,-8.25E-4,0.0
504446188399750,1,0.064950004,-0.024,9.873
504446188399750,4,9.625E-4,4.125E-4,0.0012375
504446195339887,2,-9.50625,34.7625,-15.243751
504446207360364,1,0.064950004,-0.01905,9.876
504446207360362,4,-2.75E-4,4.125E-4,0.0
504446226321054,1,0.064950004,-0.031050002,9.876
504446226321054,4,9.625E-4,4.125E-4,-0.0012375
504446245281671,1,0.07005,-0.016050002,9.876
504446245281669,4,-2.75E-4,4.125E-4,0.0
504446245379685,2,-9.6,34.7625,-15.225
504446264242220,1,0.072000004,-0.024,9.873
504446264242218,4,-2.75E-4,4.125E-4,0.0
504446283202844,1,0.063,-0.028050002,9.873
504446283202844,4,-2.75E-4,4.125E-4,0.0
504446295405425,2,-9.675,34.78125,-15.225
504446302163473,1,0.072000004,-0.021000002,9.873
504446302163473,4,-0.0015125,4.125E-4,0.0
504446321124074,1,0.06795,-0.028050002,9.876
504446321124074,4,9.625E-4,4.125E-4,0.0
504446340084699,1,0.07005,-0.024,9.876
504446340084699,4,9.625E-4,4.125E-4,0.0
504446345374175,2,-9.637501,34.78125,-15.243751
504446359045309,1,0.06795,-0.0139500005,9.876
504446359045309,4,-2.75E-4,-8.25E-4,0.0
504446378005925,1,0.064950004,-0.024,9.871051
504446378005925,4,-2.75E-4,4.125E-4,0.0
504446395400186,2,-9.5625,34.78125,-15.281251
504446396966617,1,0.064950004,-0.028050002,9.880051
504446396966617,4,-2.75E-4,4.125E-4,0.0
504446415927249,1,0.064950004,-0.01905,9.871051
504446415927247,4,9.625E-4,4.125E-4,0.0
504446434887884,1,0.063,-0.021000002,9.873
504446434887882,4,-2.75E-4,4.125E-4,-0.0012375
504446445250480,2,-9.6,34.800003,-15.225
504446453848499,1,0.072000004,-0.025950002,9.868051
504446453848497,4,-2.75E-4,-8.25E-4,0.0
504446472809119,1,0.07005,-0.021000002,9.876
504446472809117,4,-2.75E-4,-8.25E-4,0.0
504446491769744,1,0.07005,-0.021000002,9.873
504446491769742,4,-2.75E-4,-8.25E-4,0.0
504446495305844,2,-9.712501,34.818752,-15.13125
504446510730364,1,0.072000004,-0.025950002,9.873
504446510730362,4,-2.75E-4,4.125E-4,0.0012375
504446529690993,1,0.06795,-0.024,9.876
504446529690991,4,-2.75E-4,4.125E-4,0.0
504446545347276,2,-9.7875,34.85625,-15.093751
504446548651624,1,0.06795,-0.036000002,9.883051
504446548651622,4,-2.75E-4,-8.25E-4,0.0
504446567612459,1,0.07005,-0.036000002,9.876
504446567612459,4,9.625E-4,-8.25E-4,0.0
504446586572845,1,0.06795,-0.028050002,9.883051
504446586572843,4,-2.75E-4,-8.25E-4,0.0
504446595386919,2,-9.84375,34.875,-15.056251
504446605533435,1,0.06795,-0.031050002,9.871051
504446605533435,4,-2.75E-4,4.125E-4,0.0
504446624494045,1,0.07005,-0.028050002,9.873
504446624494045,4,-2.75E-4,4.125E-4,0.0
504446643454661,1,0.063,-0.024,9.873
504446643454661,4,9.625E-4,4.125E-4,0.0
504446645245665,2,-9.918751,34.893753,-15.000001
504446662415516,1,0.063,-0.0139500005,9.880051
504446662415516,4,-2.75E-4,4.125E-4,0.0
504446681376119,1,0.076950006,-0.021000002,9.877951
504446681376117,4,-2.75E-4,4.125E-4,-0.0012375
504446695309379,2,-9.993751,34.893753,-14.906251
504446700336715,1,0.063,-0.028050002,9.871051
504446700336713,4,-2.75E-4,4.125E-4,0.0
504446719297330,1,0.06795,-0.028050002,9.871051
504446719297328,4,-0.0015125,4.125E-4,0.0
504446738257932,1,0.058050003,-0.024,9.873
504446738257930,4,9.625E-4,4.125E-4,0.0
504446745356664,2,-9.900001,34.893753,-14.981251
504446757218547,1,0.064950004,-0.031050002,9.873
504446757218545,4,-2.75E-4,4.125E-4,0.0
504446776179162,1,0.064950004,-0.028050002,9.877951
504446776179160,4,-2.75E-4,4.125E-4,0.0
504446795139782,1,0.07005,-0.028050002,9.876
504446795139781,4,-2.75E-4,4.125E-4,0.0
504446795389004,2,-9.825001,34.875,-15.000001
504446814100382,1,0.06795,-0.033,9.873
504446814100381,4,-0.0015125,4.125E-4,0.0
504446833060983,1,0.07005,-0.025950002,9.877951
504446833060983,4,9.625E-4,-8.25E-4,0.0
504446845419636,2,-9.900001,34.875,-14.94375
504446852021612,1,0.07005,-0.024,9.877951
504446852021612,4,-0.0015125,4.125E-4,0.0
504446870982223,1,0.06795,-0.021000002,9.880051
504446870982223,4,9.625E-4,0.00165,0.0
504446889942925,1,0.064950004,-0.031050002,9.877951
504446889942925,4,-2.75E-4,4.125E-4,0.0
504446895335679,2,-9.975,34.893753,-14.868751
504446908903470,1,0.06795,-0.028050002,9.871051
504446908903468,4,-2.75E-4,-8.25E-4,0.0
504446927864098,1,0.06795,-0.033,9.865951
504446927864098,4,-2.75E-4,4.125E-4,0.0
504446945376877,2,-9.88125,34.875,-14.925
504446946824790,1,0.064950004,-0.024,9.877951
504446946824790,4,-2.75E-4,4.125E-4,0.0
504446965785341,1,0.08205,-0.031050002,9.8880005
504446965785339,4,9.625E-4,4.125E-4,0.0012375
504446984746040,1,0.058050003,-0.01905,9.873
504446984746040,4,-2.75E-4,-8.25E-4,0.0
504446995438574,2,-9.825001,34.875,-14.94375
504447003706658,1,0.064950004,-0.031050002,9.873
504447003706656,4,9.625E-4,-8.25E-4,0.0
504447022667287,1,0.072000004,-0.031050002,9.877951
504447022667285,4,-2.75E-4,4.125E-4,0.0
504447041627902,1,0.079950005,-0.024,9.873
504447041627900,4,9.625E-4,4.125E-4,0.0
504447045447023,2,-9.8625,34.893753,-14.906251
504447060588504,1,0.072000004,-0.021000002,9.873
504447060588502,4,-0.0015125,4.125E-4,0.0
504447079549109,1,0.064950004,-0.031050002,9.880051
504447079549107,4,9.625E-4,-8.25E-4,0.0012375
504447095457834,2,-9.9375,34.893753,-14.906251
504447098509648,1,0.07005,-0.031050002,9.877951
504447098509646,4,-2.75E-4,-8.25E-4,-0.0012375
504447117470328,1,0.063,-0.025950002,9.877951
504447117470328,4,9.625E-4,-8.25E-4,0.0
504447136430936,1,0.064950004,-0.031050002,9.871051
504447136430934,4,9.625E-4,4.125E-4,0.0
504447145459544,2,-9.88125,34.893753,-14.94375
504447155391542,1,0.072000004,-0.025950002,9.873
504447155391540,4,-2.75E-4,-8.25E-4,0.0
504447174352161,1,0.064950004,-0.021000002,9.876
504447174352159,4,-2.75E-4,4.125E-4,0.0
504447193312768,1,0.072000004,-0.033,9.868051
504447193312766,4,9.625E-4,-8.25E-4,0.0
504447195291230,2,-9.7875,34.893753,-15.000001
504447212273382,1,0.05595,-0.031050002,9.868051
504447212273380,4,-2.75E-4,4.125E-4,0.0012375
504447231233997,1,0.060000002,-0.021000002,9.871051
504447231233996,4,-2.75E-4,4.125E-4,0.0
504447245330325,2,-9.900001,34.912502,-14.94375
504447250194608,1,0.07005,-0.025950002,9.868051
504447250194607,4,-2.75E-4,4.125E-4,0.0
504447269155457,1,0.06795,-0.0139500005,9.876
504447269155457,4,-2.75E-4,4.125E-4,0.0
504447288115859,1,0.06795,-0.031050002,9.876
504447288115857,4,9.625E-4,-8.25E-4,0.0
504447295359594,2,-9.993751,34.93125,-14.868751
504447307076452,1,0.08400001,-0.028050002,9.871051
504447307076452,4,-2.75E-4,4.125E-4,0.0
504447326037064,1,0.07005,-0.021000002,9.864
504447326037064,4,9.625E-4,4.125E-4,0.0
504447344997703,1,0.072000004,-0.024,9.873
504447344997703,4,9.625E-4,-8.25E-4,0.0
504447345390617,2,-9.900001,34.95,-14.962501
504447363958328,1,0.07005,-0.024,9.871051
504447363958328,4,9.625E-4,-8.25E-4,0.0
504447382919189,1,0.064950004,-0.031050002,9.877951
504447382919189,4,9.625E-4,-8.25E-4,0.0
504447395410339,2,-9.806251,34.95,-15.000001
504447401879811,1,0.072000004,-0.031050002,9.868051
504447401879809,4,9.625E-4,4.125E-4,0.0
504447420840516,1,0.06795,-0.025950002,9.876
504447420840516,4,-2.75E-4,4.125E-4,0.0012375
504447439801042,1,0.07005,-0.025950002,9.876
504447439801040,4,9.625E-4,4.125E-4,-0.0012375
504447445263039,2,-9.8625,34.95,-14.94375
504447458761437,1,0.05595,-0.028050002,9.876
504447458761435,4,-2.75E-4,-8.25E-4,0.0
504447477722281,1,0.07005,-0.031050002,9.877951
504447477722281,4,-2.75E-4,4.125E-4,0.0
504447495313231,2,-9.9375,34.96875,-14.906251
504447496682984,1,0.075,-0.025950002,9.871051
504447496682982,4,9.625E-4,-8.25E-4,0.0
504447515643514,1,0.060000002,-0.021000002,9.871051
504447515643512,4,-2.75E-4,-8.25E-4,-0.0012375
504447534604122,1,0.063,-0.025950002,9.868051
504447534604122,4,9.625E-4,-8.25E-4,-0.0012375
504447545350846,2,-9.84375,34.93125,-14.981251
504447553564733,1,0.072000004,-0.033,9.871051
504447553564733,4,-2.75E-4,4.125E-4,0.0
504447572525338,1,0.072000004,-0.03795,9.871051
504447572525338,4,-2.75E-4,4.125E-4,0.0
504447591485964,1,0.072000004,-0.03795,9.871051
504447591485964,4,-0.0015125,4.125E-4,0.001375
504447595387864,2,-9.712501,34.912502,-15.093751
504447610446603,1,0.076950006,-0.028050002,9.871051
504447610446603,4,-2.75E-4,4.125E-4,-0.0011
504447629407208,1,0.06795,-0.033,9.873
504447629407208,4,9.625E-4,4.125E-4,1.375E-4
504447645411776,2,-9.731251,34.912502,-15.1125
504447648367834,1,0.064950004,-0.031050002,9.873
504447648367834,4,-0.0015125,4.125E-4,1.375E-4
504447667328434,1,0.07005,-0.031050002,9.871051
504447667328433,4,-2.75E-4,-6.875E-4,1.375E-4
504447686289126,1,0.075,-0.03795,9.868051
504447686289126,4,-2.75E-4,4.125E-4,1.375E-4
504447695435627,2,-9.806251,34.93125,-15.075001
504447705249743,1,0.06795,-0.033,9.865951
504447705249741,4,-0.0015125,-6.875E-4,-0.0011
504447724210359,1,0.064950004,-0.028050002,9.876
504447724210357,4,9.625E-4,-6.875E-4,-0.0011
504447743170960,1,0.07005,-0.033,9.873
504447743170958,4,-2.75E-4,-6.875E-4,1.375E-4
504447745447826,2,-9.731251,34.912502,-15.13125
504447762131570,1,0.07005,-0.031050002,9.868051
504447762131568,4,-2.75E-4,-6.875E-4,1.375E-4
504447781092099,1,0.063,-0.033,9.871051
504447781092097,4,-2.75E-4,4.125E-4,-0.0011
504447795450818,2,-9.65625,34.912502,-15.13125
504447800052722,1,0.07005,-0.021000002,9.868051
504447800052722,4,-2.75E-4,4.125E-4,1.375E-4
504447819013429,1,0.08205,-0.028050002,9.865951
504447819013429,4,9.625E-4,4.125E-4,1.375E-4
504447837974037,1,0.076950006,-0.024,9.871051
504447837974035,4,-2.75E-4,-6.875E-4,1.375E-4
504447845457928,2,-9.69375,34.912502,-15.056251
504447856934648,1,0.076950006,-0.025950002,9.871051
504447856934646,4,-2.75E-4,-6.875E-4,1.375E-4
504447875895272,1,0.072000004,-0.028050002,9.864
504447875895270,4,-2.75E-4,4.125E-4,1.375E-4
504447894855873,1,0.072000004,-0.025950002,9.877951
504447894855871,4,-2.75E-4,4.125E-4,-0.0011
504447895412312,2,-9.806251,34.912502,-14.925
504447913816479,1,0.075,-0.028050002,9.873
504447913816477,4,9.625E-4,-6.875E-4,1.375E-4
504447932777080,1,0.075,-0.028050002,9.871051
504447932777078,4,-2.75E-4,-6.875E-4,-0.0011
504447945427674,2,-9.88125,34.912502,-14.868751
504447951737675,1,0.064950004,-0.031050002,9.873
504447951737674,4,-2.75E-4,4.125E-4,1.375E-4
504447970698276,1,0.072000004,-0.025950002,9.876
504447970698275,4,-2.75E-4,4.125E-4,1.375E-4
504447989658881,1,0.05595,-0.024,9.868051
504447989658881,4,-2.75E-4,4.125E-4,1.375E-4
504447995259303,2,-9.88125,34.912502,-14.868751
504448008619491,1,0.072000004,-0.028050002,9.868051
504448008619491,4,-0.0015125,4.125E-4,-0.0011
504448027580111,1,0.06795,-0.028050002,9.871051
504448027580111,4,-2.75E-4,4.125E-4,1.375E-4
504448045301164,2,-9.8625,34.893753,-14.83125
504448046540727,1,0.064950004,-0.031050002,9.871051
504448046540727,4,9.625E-4,0.00165,1.375E-4
504448065501573,1,0.064950004,-0.028050002,9.871051
504448065501573,4,9.625E-4,4.125E-4,-0.0011
504448084462180,1,0.060000002,-0.025950002,9.873
504448084462178,4,9.625E-4,4.125E-4,1.375E-4
504448095344761,2,-9.88125,34.875,-14.812501
504448103422796,1,0.07005,-0.028050002,9.868051
504448103422794,4,-2.75E-4,-6.875E-4,1.375E-4
504448122383411,1,0.064950004,-0.033,9.871051
504448122383409,4,-2.75E-4,4.125E-4,1.375E-4
504448141343796,1,0.072000004,-0.036000002,9.873
504448141343794,4,-2.75E-4,-6.875E-4,1.375E-4
504448145376068,2,-9.900001,34.875,-14.775001
504448160304631,1,0.064950004,-0.025950002,9.871051
504448160304631,4,-2.75E-4,4.125E-4,1.375E-4
504448179265258,1,0.07005,-0.025950002,9.865951
504448179265256,4,-2.75E-4,4.125E-4,1.375E-4
504448195407538,2,-9.825001,34.85625,-14.83125
504448198225883,1,0.06795,-0.036000002,9.876
504448198225881,4,-2.75E-4,4.125E-4,1.375E-4
504448217186507,1,0.064950004,-0.031050002,9.873
504448217186505,4,-2.75E-4,4.125E-4,-0.0011
504448236147123,1,0.060000002,-0.031050002,9.868051
504448236147121,4,-2.75E-4,4.125E-4,1.375E-4
504448245426748,2,-9.95625,34.875,-14.75625
504448255107763,1,0.07005,-0.031050002,9.865951
504448255107761,4,-2.75E-4,4.125E-4,1.375E-4
504448274068394,1,0.060000002,-0.033,9.861
504448274068392,4,-2.75E-4,4.125E-4,1.375E-4
504448293029089,1,0.058050003,-0.024,9.865951
504448293029089,4,-2.75E-4,4.125E-4,1.375E-4
504448295447123,2,-10.03125,34.893753,-14.718751
504448311989630,1,0.079950005,-0.025950002,9.865951
504448311989628,4,-2.75E-4,4.125E-4,1.375E-4
504448330950257,1,0.064950004,-0.03795,9.868051
504448330950257,4,9.625E-4,-6.875E-4,1.375E-4
504448345456672,2,-9.9375,34.875,-14.793751
504448349910877,1,0.063,-0.031050002,9.871051
504448349910877,4,-2.75E-4,-6.875E-4,-0.0011
504448368871584,1,0.072000004,-0.025950002,9.865951
504448368871584,4,-2.75E-4,4.125E-4,1.375E-4
504448387832214,1,0.064950004,-0.024,9.864
504448387832212,4,-2.75E-4,-6.875E-4,1.375E-4
504448395457662,2,-9.8625,34.85625,-14.83125
504448406792826,1,0.075,-0.025950002,9.868051
504448406792824,4,-2.75E-4,4.125E-4,1.375E-4
504448425753432,1,0.064950004,-0.036000002,9.871051
504448425753430,4,-2.75E-4,4.125E-4,1.375E-4
504448444714048,1,0.064950004,-0.028050002,9.864
504448444714046,4,-2.75E-4,4.125E-4,-0.0011
504448445362110,2,-9.9375,34.893753,-14.812501
504448463674667,1,0.06795,-0.024,9.864
504448463674665,4,-2.75E-4,4.125E-4,0.001375
504448482635286,1,0.076950006,-0.024,9.868051
504448482635284,4,-2.75E-4,4.125E-4,1.375E-4
504448495384304,2,-9.993751,34.912502,-14.83125
504448501595916,1,0.075,-0.025950002,9.873
504448501595915,4,-0.0015125,4.125E-4,1.375E-4
504448520556531,1,0.08205,-0.024,9.865951
504448520556530,4,9.625E-4,4.125E-4,1.375E-4
504448539517146,1,0.072000004,-0.033,9.864
504448539517146,4,-2.75E-4,4.125E-4,1.375E-4
504448545266586,2,-9.9375,34.912502,-14.887501
504448558477746,1,0.06795,-0.021000002,9.868051
504448558477746,4,9.625E-4,-6.875E-4,1.375E-4
504448577438592,1,0.07005,-0.024,9.864
504448577438592,4,-2.75E-4,4.125E-4,1.375E-4
504448595315817,2,-9.88125,34.912502,-14.925
504448596399224,1,0.075,-0.025950002,9.865951
504448596399222,4,-2.75E-4,4.125E-4,1.375E-4
504448615359835,1,0.063,-0.031050002,9.871051
504448615359833,4,-2.75E-4,4.125E-4,1.375E-4
504448634320215,1,0.063,-0.031050002,9.871051
504448634320213,4,-2.75E-4,-6.875E-4,1.375E-4
504448645352976,2,-10.012501,34.93125,-14.868751
504448653280828,1,0.075,-0.031050002,9.868051
504448653280828,4,9.625E-4,4.125E-4,1.375E-4
504448672241669,1,0.064950004,-0.031050002,9.865951
504448672241669,4,-2.75E-4,4.125E-4,-0.0011
504448691202301,1,0.079950005,-0.028050002,9.873
504448691202299,4,-2.75E-4,-6.875E-4,1.375E-4
504448695390008,2,-10.087501,34.93125,-14.85
504448710162921,1,0.072000004,-0.012,9.865951
504448710162919,4,-0.0015125,-6.875E-4,1.375E-4
504448729123523,1,0.072000004,-0.033,9.865951
504448729123521,4,-2.75E-4,4.125E-4,1.375E-4
504448745414132,2,-9.975,34.93125,-14.85
504448748084212,1,0.075,-0.024,9.876
504448748084212,4,-2.75E-4,4.125E-4,1.375E-4
504448767044740,1,0.063,-0.028050002,9.865951
504448767044738,4,-0.0015125,4.125E-4,-0.0011
504448786005420,1,0.063,-0.031050002,9.864
504448786005420,4,-2.75E-4,4.125E-4,1.375E-4
504448795427310,2,-9.88125,34.912502,-14.925
504448804966070,1,0.064950004,-0.028050002,9.871051
504448804966068,4,9.625E-4,-6.875E-4,1.375E-4
504448823926686,1,0.063,-0.021000002,9.865951
504448823926684,4,-2.75E-4,4.125E-4,1.375E-4
504448842887311,1,0.072000004,-0.031050002,9.865951
504448842887309,4,-2.75E-4,4.125E-4,-0.0011
504448845442823,2,-10.03125,34.93125,-14.85
504448861847926,1,0.06795,-0.024,9.868051
504448861847924,4,-0.0015125,4.125E-4,1.375E-4
504448880808527,1,0.064950004,-0.028050002,9.871051
504448880808525,4,-2.75E-4,-6.875E-4,-0.0011
504448895448696,2,-10.087501,34.93125,-14.83125
504448899769132,1,0.063,-0.033,9.861
504448899769131,4,-2.75E-4,4.125E-4,1.375E-4
504448918729747,1,0.063,-0.028050002,9.865951
504448918729746,4,-2.75E-4,4.125E-4,1.375E-4
504448937690358,1,0.07005,-0.033,9.868051
504448937690357,4,9.625E-4,4.125E-4,-0.0011
504448945458288,2,-9.993751,34.912502,-14.887501
504448956651204,1,0.07005,-0.021000002,9.871051
504448956651204,4,9.625E-4,4.125E-4,1.375E-4
504448975611576,1,0.07005,-0.024,9.871051
504448975611574,4,9.625E-4,-6.875E-4,1.375E-4
504448994572429,1,0.064950004,-0.028050002,9.873
504448994572429,4,-2.75E-4,-6.875E-4,-0.0011
504448995313521,2,-9.918751,34.893753,-14.94375
504449013533033,1,0.060000002,-0.031050002,9.868051
504449013533031,4,-2.75E-4,4.125E-4,1.375E-4
504449032493657,1,0.064950004,-0.033,9.873
504449032493655,4,-2.75E-4,0.00165,1.375E-4
504449045342698,2,-9.993751,34.893753,-14.887501
504449051454268,1,0.07005,-0.031050002,9.877951
504449051454266,4,-2.75E-4,4.125E-4,1.375E-4
504449070414898,1,0.063,-0.028050002,9.876
504449070414896,4,-2.75E-4,4.125E-4,0.001375
504449089375499,1,0.06795,-0.031050002,9.871051
504449089375497,4,-2.75E-4,4.125E-4,1.375E-4
504449095375011,2,-10.06875,34.893753,-14.83125
504449108336090,1,0.07005,-0.033,9.871051
504449108336088,4,9.625E-4,-6.875E-4,1.375E-4
504449127296780,1,0.06795,-0.033,9.871051
504449127296780,4,-0.0015125,4.125E-4,1.375E-4
504449145396762,2,-10.125,34.893753,-14.793751
504449146257307,1,0.06795,-0.024,9.868051
504449146257305,4,-2.75E-4,4.125E-4,1.375E-4
504449165218006,1,0.06795,-0.036000002,9.871051
504449165218006,4,-2.75E-4,-6.875E-4,1.375E-4
504449184178634,1,0.06795,-0.033,9.865951
504449184178632,4,-2.75E-4,4.125E-4,1.375E-4
504449195420712,2,-10.06875,34.875,-14.812501
504449203139249,1,0.076950006,-0.028050002,9.868051
504449203139247,4,-2.75E-4,4.125E-4,0.001375
504449222100093,1,0.072000004,-0.024,9.871051
504449222100093,4,-2.75E-4,-6.875E-4,1.375E-4
504449241060480,1,0.064950004,-0.036000002,9.868051
504449241060478,4,-2.75E-4,-6.875E-4,1.375E-4
504449245434142,2,-10.14375,34.893753,-14.75625
504449260021079,1,0.076950006,-0.031050002,9.868051
504449260021079,4,-2.75E-4,4.125E-4,1.375E-4
504449278981925,1,0.07005,-0.028050002,9.868051
504449278981925,4,-2.75E-4,4.125E-4,1.375E-4
504449295438912,2,-10.21875,34.893753,-14.75625
504449297942311,1,0.06795,-0.028050002,9.868051
504449297942309,4,-2.75E-4,4.125E-4,1.375E-4
504449316903156,1,0.052950002,-0.031050002,9.868051
504449316903156,4,-2.75E-4,-6.875E-4,1.375E-4
504449335863764,1,0.072000004,-0.024,9.871051
504449335863762,4,9.625E-4,-6.875E-4,1.375E-4
504449345448080,2,-10.14375,34.875,-14.83125
504449354824374,1,0.076950006,-0.033,9.868051
504449354824372,4,9.625E-4,-6.875E-4,1.375E-4
504449373784990,1,0.06795,-0.021000002,9.876
504449373784988,4,-2.75E-4,-6.875E-4,1.375E-4
504449392745605,1,0.075,-0.028050002,9.871051
504449392745603,4,-2.75E-4,-6.875E-4,1.375E-4
504449395449582,2,-9.993751,34.85625,-15.01875
504449411706201,1,0.072000004,-0.021000002,9.871051
504449411706199,4,-2.75E-4,4.125E-4,1.375E-4
504449430666816,1,0.063,-0.021000002,9.876
504449430666814,4,-2.75E-4,4.125E-4,1.375E-4
504449445422657,2,-9.95625,34.85625,-15.075001
504449449627506,1,0.063,-0.021000002,9.871051
504449449627506,4,9.625E-4,-6.875E-4,0.001375
504449468588046,1,0.06795,-0.033,9.868051
504449468588044,4,-2.75E-4,4.125E-4,1.375E-4
504449487548650,1,0.058050003,-0.031050002,9.871051
504449487548650,4,-2.75E-4,4.125E-4,-0.0011
504449495430316,2,-9.918751,34.8375,-15.075001
504449506509333,1,0.06795,-0.033,9.873
504449506509333,4,-2.75E-4,-6.875E-4,1.375E-4
504449525469979,1,0.072000004,-0.033,9.868051
504449525469977,4,-1.375E-4,-8.25E-4,-0.0011
504449544430595,1,0.06795,-0.025950002,9.868051
504449544430593,4,-1.375E-4,4.125E-4,0.001375
504449545256033,2,-9.7875,34.818752,-15.187501
504449563391448,1,0.075,-0.025950002,9.871051
504449563391448,4,-1.375E-4,4.125E-4,1.375E-4
504449582351834,1,0.072000004,-0.031050002,9.868051
504449582351832,4,-0.001375,0.0015125,1.375E-4
504449595304647,2,-9.618751,34.800003,-15.281251
504449601312448,1,0.064950004,-0.033,9.871051
504449601312448,4,-1.375E-4,-8.25E-4,-0.0011
504449620273068,1,0.06795,-0.028050002,9.873
504449620273068,4,-1.375E-4,4.125E-4,1.375E-4
504449639233924,1,0.064950004,-0.031050002,9.873
504449639233924,4,9.625E-4,-8.25E-4,1.375E-4
504449645342399,2,-9.58125,34.800003,-15.31875
504449658194532,1,0.060000002,-0.024,9.873
504449658194530,4,-0.001375,0.0015125,-0.0011
504449677155158,1,0.072000004,-0.025950002,9.873
504449677155156,4,-1.375E-4,-8.25E-4,1.375E-4
504449695380540,2,-9.65625,34.800003,-15.281251
504449696115783,1,0.072000004,-0.025950002,9.871051
504449696115781,4,-1.375E-4,-8.25E-4,1.375E-4
504449715076398,1,0.06795,-0.01905,9.871051
504449715076396,4,-1.375E-4,-8.25E-4,1.375E-4
504449734037005,1,0.063,-0.028050002,9.876
504449734037003,4,-1.375E-4,4.125E-4,1.375E-4
504449745406207,2,-9.5625,34.800003,-15.31875
504449752997620,1,0.060000002,-0.028050002,9.871051
504449752997618,4,-1.375E-4,-8.25E-4,-0.0011
504449771958309,1,0.06795,-0.028050002,9.864
504449771958309,4,9.625E-4,-8.25E-4,1.375E-4
504449790918927,1,0.063,-0.025950002,9.868051
504449790918925,4,-1.375E-4,-8.25E-4,0.001375
504449795420950,2,-9.46875,34.78125,-15.356251
504449809879547,1,0.063,-0.021000002,9.871051
504449809879545,4,-1.375E-4,4.125E-4,1.375E-4
504449828840163,1,0.063,-0.028050002,9.876
504449828840161,4,9.625E-4,4.125E-4,1.375E-4
504449845437905,2,-9.5625,34.78125,-15.281251
504449847800768,1,0.06795,-0.028050002,9.876
504449847800766,4,-1.375E-4,4.125E-4,0.001375
504449866761389,1,0.064950004,-0.031050002,9.871051
504449866761387,4,-0.001375,4.125E-4,-0.0011
504449885722243,1,0.064950004,-0.024,9.871051
504449885722243,4,-1.375E-4,4.125E-4,1.375E-4
504449895445000,2,-9.637501,34.800003,-15.3
504449904682845,1,0.058050003,-0.024,9.871051
504449904682843,4,-1.375E-4,4.125E-4,1.375E-4
504449923643461,1,0.07005,-0.043050002,9.868051
504449923643459,4,-1.375E-4,4.125E-4,1.375E-4
504449942604076,1,0.063,-0.031050002,9.873
504449942604074,4,9.625E-4,4.125E-4,1.375E-4
504449945455701,2,-9.58125,34.7625,-15.3
504449961564691,1,0.072000004,-0.01905,9.873
504449961564689,4,9.625E-4,-8.25E-4,1.375E-4
504449980525307,1,0.06795,-0.031050002,9.871051
504449980525305,4,9.625E-4,-8.25E-4,1.375E-4
504449995368052,2,-9.4875,34.725002,-15.31875
504449999485932,1,0.06795,-0.033,9.865951
504449999485930,4,-1.375E-4,4.125E-4,1.375E-4
504450018446557,1,0.06795,-0.0139500005,9.871051
504450018446555,4,-1.375E-4,4.125E-4,-0.0011
504450037407172,1,0.07005,-0.025950002,9.876
504450037407170,4,-1.375E-4,4.125E-4,-0.0011
504450045384915,2,-9.543751,34.725002,-15.3
504450056367863,1,0.06795,-0.031050002,9.873
504450056367863,4,-1.375E-4,4.125E-4,1.375E-4
504450075328480,1,0.064950004,-0.033,9.871051
504450075328478,4,9.625E-4,-8.25E-4,-0.0011
504450094289095,1,0.06795,-0.021000002,9.873
504450094289093,4,-1.375E-4,4.125E-4,0.001375
504450095287911,2,-9.618751,34.725002,-15.243751
504450113249711,1,0.064950004,-0.025950002,9.871051
504450113249709,4,-1.375E-4,4.125E-4,1.375E-4
504450132210326,1,0.058050003,-0.028050002,9.871051
504450132210324,4,-1.375E-4,4.125E-4,-0.0011
504450145327771,2,-9.46875,34.6875,-15.3
504450151170947,1,0.072000004,-0.031050002,9.873
504450151170945,4,-0.001375,4.125E-4,1.375E-4
504450170131557,1,0.06795,-0.028050002,9.868051
504450170131555,4,-1.375E-4,4.125E-4,1.375E-4
504450189092401,1,0.07005,-0.021000002,9.876
504450189092401,4,-1.375E-4,-8.25E-4,1.375E-4
504450195368511,2,-9.50625,34.66875,-15.243751
504450208053019,1,0.072000004,-0.028050002,9.873
504450208053017,4,-1.375E-4,4.125E-4,1.375E-4
504450227013709,1,0.072000004,-0.021000002,9.871051
504450227013709,4,-0.001375,4.125E-4,1.375E-4
504450245396594,2,-9.618751,34.66875,-15.225
504450245974302,1,0.072000004,-0.025950002,9.871051
504450245974300,4,-0.001375,4.125E-4,-0.0011
504450264934839,1,0.07005,-0.024,9.871051
504450264934837,4,9.625E-4,4.125E-4,-0.0011
504450283895452,1,0.075,-0.028050002,9.873
504450283895452,4,-1.375E-4,-8.25E-4,1.375E-4
504450295413663,2,-9.69375,34.66875,-15.150001
504450302856068,1,0.07005,-0.025950002,9.873
504450302856068,4,-1.375E-4,-8.25E-4,0.001375
504450321816674,1,0.07005,-0.031050002,9.865951
504450321816674,4,-1.375E-4,4.125E-4,1.375E-4
504450340777376,1,0.06795,-0.024,9.868051
504450340777376,4,9.625E-4,4.125E-4,1.375E-4
504450345432709,2,-9.58125,34.631252,-15.243751
504450359737907,1,0.06795,-0.024,9.871051
504450359737905,4,9.625E-4,-8.25E-4,1.375E-4
504450378698588,1,0.063,-0.033,9.876
504450378698588,4,-0.001375,4.125E-4,1.375E-4
504450395441508,2,-9.525001,34.612503,-15.243751
504450397659205,1,0.072000004,-0.021000002,9.873
504450397659203,4,9.625E-4,4.125E-4,1.375E-4
504450416619820,1,0.076950006,-0.033,9.873
504450416619818,4,-1.375E-4,4.125E-4,1.375E-4
504450435580660,1,0.058050003,-0.024,9.880051
504450435580660,4,-1.375E-4,-8.25E-4,1.375E-4
504450445453595,2,-9.58125,34.612503,-15.225
504450454541051,1,0.063,-0.028050002,9.876
504450454541049,4,-1.375E-4,-8.25E-4,1.375E-4
504450473501885,1,0.064950004,-0.025950002,9.873
504450473501885,4,9.625E-4,4.125E-4,1.375E-4
504450492462503,1,0.072000004,-0.025950002,9.873
504450492462501,4,-1.375E-4,4.125E-4,1.375E-4
504450495456987,2,-9.731251,34.612503,-15.168751
504450511423123,1,0.060000002,-0.025950002,9.877951
504450511423121,4,-1.375E-4,-8.25E-4,1.375E-4
504450530383764,1,0.060000002,-0.025950002,9.871051
504450530383762,4,9.625E-4,4.125E-4,1.375E-4
504450545318511,2,-9.65625,34.612503,-15.168751
504450549344364,1,0.07005,-0.024,9.876
504450549344362,4,-1.375E-4,-8.25E-4,-0.0011
504450568304971,1,0.06795,-0.021000002,9.876
504450568304969,4,-1.375E-4,4.125E-4,1.375E-4
504450587265590,1,0.07005,-0.028050002,9.876
504450587265588,4,-1.375E-4,4.125E-4,1.375E-4
504450595352803,2,-9.6,34.612503,-15.20625
504450606226205,1,0.064950004,-0.028050002,9.876
504450606226203,4,-1.375E-4,4.125E-4,0.001375
504450625186835,1,0.07005,-0.021000002,9.883051
504450625186834,4,-1.375E-4,4.125E-4,1.375E-4
504450644147535,1,0.076950006,-0.025950002,9.876
504450644147535,4,-1.375E-4,-8.25E-4,-0.0011
504450645214643,2,-9.5625,34.612503,-15.20625
504450663108076,1,0.06795,-0.021000002,9.868051
504450663108074,4,9.625E-4,-8.25E-4,1.375E-4
504450682068766,1,0.064950004,-0.025950002,9.873
504450682068766,4,-1.375E-4,4.125E-4,1.375E-4
504450695279960,2,-9.618751,34.612503,-15.20625
504450701029394,1,0.05595,-0.036000002,9.876
504450701029392,4,-1.375E-4,-8.25E-4,1.375E-4
504450719989994,1,0.07005,-0.025950002,9.876
504450719989992,4,-1.375E-4,-8.25E-4,0.001375
504450738950619,1,0.06795,-0.028050002,9.873
504450738950617,4,9.625E-4,4.125E-4,0.001375
504450745330604,2,-9.58125,34.631252,-15.168751
504450757911235,1,0.075,-0.021000002,9.871051
504450757911233,4,9.625E-4,4.125E-4,-0.0011
504450776871845,1,0.064950004,-0.031050002,9.877951
504450776871843,4,9.625E-4,-8.25E-4,-0.0011
504450795832455,1,0.072000004,-0.031050002,9.876
504450795832454,4,9.625E-4,4.125E-4,1.375E-4
504450795367054,2,-9.6,34.631252,-15.093751
504450814793045,1,0.07005,-0.024,9.873
504450814793044,4,-1.375E-4,4.125E-4,1.375E-4
504450833753895,1,0.07005,-0.025950002,9.873
504450833753895,4,-1.375E-4,-8.25E-4,1.375E-4
504450845402015,2,-9.75,34.631252,-15.000001
504450852714523,1,0.06795,-0.025950002,9.876
504450852714521,4,9.625E-4,4.125E-4,-0.0011
504450871675137,1,0.07005,-0.033,9.876
504450871675135,4,9.625E-4,-8.25E-4,1.375E-4
504450890635763,1,0.064950004,-0.025950002,9.876
504450890635761,4,9.625E-4,-8.25E-4,1.375E-4
504450895423399,2,-9.806251,34.65,-14.887501
504450909596359,1,0.06795,-0.025950002,9.871051
504450909596357,4,-1.375E-4,-8.25E-4,1.375E-4
504450928556974,1,0.064950004,-0.024,9.877951
504450928556972,4,-1.375E-4,4.125E-4,1.375E-4
504450945444840,2,-9.712501,34.631252,-14.94375
504450947517590,1,0.063,-0.031050002,9.871051
504450947517588,4,-0.001375,-8.25E-4,1.375E-4
504450966478270,1,0.06795,-0.028050002,9.873
504450966478270,4,-1.375E-4,4.125E-4,1.375E-4
504450985438888,1,0.063,-0.025950002,9.883051
504450985438886,4,9.625E-4,4.125E-4,1.375E-4
504450995432283,2,-9.637501,34.612503,-14.981251
504451004399436,1,0.063,-0.028050002,9.873
504451004399434,4,9.625E-4,-8.25E-4,1.375E-4
504451023360131,1,0.072000004,-0.036000002,9.876
504451023360131,4,-1.375E-4,4.125E-4,1.375E-4
504451042320748,1,0.064950004,-0.021000002,9.877951
504451042320746,4,-1.375E-4,-8.25E-4,-0.0011
504451045438407,2,-9.675,34.631252,-14.94375
504451061281378,1,0.058050003,-0.025950002,9.876
504451061281376,4,-0.001375,4.125E-4,1.375E-4
504451080241970,1,0.06795,-0.028050002,9.876
504451080241968,4,-1.375E-4,-8.25E-4,1.375E-4
504451095272848,2,-9.75,34.631252,-14.906251
504451099202610,1,0.064950004,-0.031050002,9.865951
504451099202608,4,-1.375E-4,-8.25E-4,1.375E-4
504451118163235,1,0.064950004,-0.031050002,9.868051
504451118163233,4,-1.375E-4,4.125E-4,1.375E-4
504451137123850,1,0.06795,-0.025950002,9.873
504451137123848,4,-1.375E-4,-8.25E-4,-0.0011
504451145315741,2,-9.675,34.631252,-14.94375
504451156084465,1,0.072000004,-0.028050002,9.880051
504451156084464,4,9.625E-4,4.125E-4,-0.0011
504451175045070,1,0.063,-0.028050002,9.873
504451175045069,4,-1.375E-4,4.125E-4,1.375E-4
504451194005685,1,0.064950004,-0.024,9.876
504451194005684,4,-1.375E-4,-8.25E-4,1.375E-4
504451195185051,2,-9.69375,34.631252,-14.925
504451212966305,1,0.075,-0.021000002,9.873
504451212966305,4,-0.001375,4.125E-4,0.001375
504451231926910,1,0.064950004,-0.028050002,9.877951
504451231926910,4,-1.375E-4,-8.25E-4,1.375E-4
504451245256403,2,-9.7875,34.65,-14.85
504451250887756,1,0.072000004,-0.021000002,9.880051
504451250887756,4,-1.375E-4,4.125E-4,1.375E-4
504451269848374,1,0.07005,-0.016050002,9.873
504451269848372,4,-0.001375,4.125E-4,1.375E-4
504451288808994,1,0.063,-0.025950002,9.880051
504451288808992,4,-1.375E-4,4.125E-4,1.375E-4
504451295311850,2,-9.900001,34.65,-14.812501
504451307769586,1,0.072000004,-0.031050002,9.876
504451307769584,4,9.625E-4,-8.25E-4,1.375E-4
504451326730201,1,0.06795,-0.024,9.873
504451326730199,4,-0.001375,4.125E-4,1.375E-4
504451345690817,1,0.07005,-0.03795,9.877951
504451345690815,4,-0.001375,-8.25E-4,1.375E-4
504451345363178,2,-9.7875,34.65,-14.906251
504451364651456,1,0.075,-0.024,9.883051
504451364651454,4,9.625E-4,4.125E-4,-0.0011
504451383612060,1,0.07005,-0.024,9.876
504451383612058,4,-1.375E-4,4.125E-4,1.375E-4
504451395398024,2,-9.69375,34.631252,-14.925
504451402572666,1,0.064950004,-0.024,9.873
504451402572665,4,-1.375E-4,4.125E-4,1.375E-4
504451421533271,1,0.07005,-0.028050002,9.876
504451421533270,4,-1.375E-4,4.125E-4,0.001375
504451440493881,1,0.07005,-0.024,9.880051
504451440493881,4,9.625E-4,4.125E-4,0.001375
504451445429868,2,-9.806251,34.631252,-14.868751
504451459454573,1,0.075,-0.024,9.880051
504451459454573,4,-2.75E-4,2.75E-4,1.375E-4
504451478415114,1,0.05595,-0.025950002,9.877951
504451478415112,4,-2.75E-4,-9.625E-4,1.375E-4
504451495447586,2,-9.88125,34.65,-14.85
504451497375814,1,0.063,-0.033,9.873
504451497375814,4,-2.75E-4,2.75E-4,1.375E-4
504451516336426,1,0.064950004,-0.025950002,9.876
504451516336424,4,-2.75E-4,-9.625E-4,1.375E-4
504451535296965,1,0.07005,-0.028050002,9.880051
504451535296963,4,-2.75E-4,2.75E-4,1.375E-4
504451545386450,2,-9.806251,34.631252,-14.887501
504451554257655,1,0.06795,-0.01905,9.873
504451554257655,4,-2.75E-4,2.75E-4,1.375E-4
504451573218268,1,0.075,-0.01905,9.873
504451573218266,4,-0.0015125,2.75E-4,1.375E-4
504451592178897,1,0.07005,-0.016050002,9.880051
504451592178895,4,9.625E-4,-9.625E-4,1.375E-4
504451595411323,2,-9.731251,34.631252,-14.925
504451611139533,1,0.07005,-0.024,9.873
504451611139531,4,-2.75E-4,2.75E-4,-0.0011
504451630100377,1,0.063,-0.0139500005,9.885
504451630100377,4,-2.75E-4,2.75E-4,1.375E-4
504451645249652,2,-9.7875,34.65,-14.887501
504451649060762,1,0.064950004,-0.025950002,9.873
504451649060760,4,-2.75E-4,2.75E-4,1.375E-4
504451668021387,1,0.063,-0.028050002,9.877951
504451668021387,4,-2.75E-4,2.75E-4,0.001375
504451686982012,1,0.072000004,-0.031050002,9.883051
504451686982012,4,9.625E-4,2.75E-4,-0.0011
504451695307308,2,-9.731251,34.65,-14.925
504451705942628,1,0.07005,-0.031050002,9.883051
504451705942628,4,9.625E-4,-9.625E-4,1.375E-4
504451724903243,1,0.07005,-0.021000002,9.877951
504451724903243,4,9.625E-4,2.75E-4,1.375E-4
504451743864098,1,0.076950006,-0.028050002,9.880051
504451743864098,4,9.625E-4,-9.625E-4,0.001375
504451745176793,2,-9.675,34.65,-14.925
504451762824706,1,0.06795,-0.028050002,9.885
504451762824704,4,-2.75E-4,2.75E-4,1.375E-4
504451781785297,1,0.06795,-0.024,9.883051
504451781785295,4,-2.75E-4,-9.625E-4,1.375E-4
504451795247859,2,-9.5625,34.631252,-15.000001
504451800745697,1,0.072000004,-0.025950002,9.8880005
504451800745695,4,-2.75E-4,2.75E-4,0.001375
504451819706541,1,0.07005,-0.025950002,9.877951
504451819706541,4,-0.0015125,2.75E-4,1.375E-4
504451838666937,1,0.07005,-0.024,9.877951
504451838666935,4,-2.75E-4,2.75E-4,1.375E-4
504451845314103,2,-9.65625,34.65,-14.906251
504451857627550,1,0.07005,-0.024,9.880051
504451857627550,4,-2.75E-4,-9.625E-4,1.375E-4
504451876588382,1,0.064950004,-0.021000002,9.883051
504451876588382,4,0.0020625,2.75E-4,1.375E-4
504451895548759,1,0.060000002,-0.028050002,9.877951
504451895548757,4,9.625E-4,-9.625E-4,1.375E-4
504451895362293,2,-9.76875,34.66875,-14.83125
504451914509593,1,0.06795,-0.031050002,9.877951
504451914509593,4,-0.0015125,-9.625E-4,1.375E-4
504451933469971,1,0.08205,-0.024,9.873
504451933469969,4,-2.75E-4,2.75E-4,0.001375
504451945405406,2,-9.712501,34.66875,-14.887501
504451952430805,1,0.064950004,-0.024,9.876
504451952430805,4,9.625E-4,-9.625E-4,1.375E-4
504451971391181,1,0.06795,-0.025950002,9.876
504451971391179,4,-2.75E-4,2.75E-4,1.375E-4
504451990352025,1,0.07005,-0.024,9.876
504451990352025,4,9.625E-4,2.75E-4,1.375E-4
504451995432269,2,-9.5625,34.66875,-14.925
504452009312647,1,0.076950006,-0.024,9.876
504452009312645,4,-2.75E-4,2.75E-4,1.375E-4
504452028273022,1,0.06795,-0.028050002,9.880051
504452028273020,4,-2.75E-4,2.75E-4,1.375E-4
504452045445657,2,-9.6,34.65,-14.906251
504452047233635,1,0.072000004,-0.025950002,9.877951
504452047233635,4,9.625E-4,-9.625E-4,1.375E-4
504452066194497,1,0.058050003,-0.028050002,9.880051
504452066194497,4,-2.75E-4,2.75E-4,1.375E-4
504452085155099,1,0.06795,-0.028050002,9.877951
504452085155097,4,-0.00275,2.75E-4,1.375E-4
504452095335963,2,-9.637501,34.65,-14.925
504452104115706,1,0.064950004,-0.033,9.8880005
504452104115704,4,-2.75E-4,2.75E-4,-0.0011
504452123076321,1,0.07005,-0.036000002,9.877951
504452123076319,4,-2.75E-4,2.75E-4,-0.0011
504452142036696,1,0.072000004,-0.031050002,9.883051
504452142036694,4,-2.75E-4,-9.625E-4,-0.0011
504452145368427,2,-9.543751,34.631252,-14.962501
504452160997549,1,0.07005,-0.024,9.883051
504452160997549,4,-2.75E-4,-9.625E-4,1.375E-4
504452179958176,1,0.07005,-0.031050002,9.877951
504452179958174,4,-2.75E-4,2.75E-4,1.375E-4
504452195412519,2,-9.46875,34.631252,-14.981251
504452198918787,1,0.07005,-0.036000002,9.880051
504452198918785,4,-2.75E-4,2.75E-4,1.375E-4
504452217879402,1,0.07005,-0.028050002,9.877951
504452217879400,4,-2.75E-4,2.75E-4,1.375E-4
504452236840033,1,0.07005,-0.031050002,9.880051
504452236840031,4,9.625E-4,2.75E-4,1.375E-4
504452245430433,2,-9.4875,34.612503,-15.000001
504452255800658,1,0.07005,-0.021000002,9.877951
504452255800656,4,-0.0015125,2.75E-4,1.375E-4
504452274761263,1,0.072000004,-0.024,9.876
504452274761261,4,-2.75E-4,-9.625E-4,-0.0011
504452293721878,1,0.06795,-0.028050002,9.880051
504452293721877,4,-2.75E-4,2.75E-4,1.375E-4
504452295264234,2,-9.431251,34.612503,-15.056251
504452312682493,1,0.060000002,-0.024,9.880051
504452312682492,4,-2.75E-4,2.75E-4,-0.0011
504452331642879,1,0.064950004,-0.024,9.885
504452331642877,4,-2.75E-4,2.75E-4,1.375E-4
504452345316050,2,-9.262501,34.612503,-15.168751
504452350603718,1,0.064950004,-0.021000002,9.885
504452350603718,4,-2.75E-4,-9.625E-4,1.375E-4
504452369564346,1,0.064950004,-0.031050002,9.880051
504452369564344,4,9.625E-4,-9.625E-4,1.375E-4
504452388524966,1,0.064950004,-0.03795,9.877951
504452388524964,4,-2.75E-4,2.75E-4,1.375E-4
504452395354961,2,-9.1875,34.612503,-15.243751
504452407485346,1,0.063,-0.028050002,9.8880005
504452407485344,4,-2.75E-4,-9.625E-4,1.375E-4
504452426446190,1,0.076950006,-0.024,9.871051
504452426446190,4,9.625E-4,2.75E-4,1.375E-4
504452445406874,1,0.07005,-0.025950002,9.877951
504452445406872,4,-2.75E-4,2.75E-4,1.375E-4
504452445392800,2,-9.262501,34.612503,-15.150001
504452464367173,1,0.06795,-0.025950002,9.876
504452464367171,4,-2.75E-4,2.75E-4,1.375E-4
504452483327800,1,0.06795,-0.025950002,9.883051
504452483327800,4,-2.75E-4,-9.625E-4,-0.0011
504452495417310,2,-9.31875,34.612503,-15.150001
504452502288647,1,0.07005,-0.016050002,9.880051
504452502288647,4,9.625E-4,-9.625E-4,1.375E-4
504452521249028,1,0.07005,-0.025950002,9.880051
504452521249026,4,-2.75E-4,-9.625E-4,1.375E-4
504452540209631,1,0.06795,-0.025950002,9.883051
504452540209631,4,-2.75E-4,2.75E-4,0.001375
504452545430288,2,-9.243751,34.612503,-15.150001
504452559170256,1,0.064950004,-0.021000002,9.880051
504452559170256,4,9.625E-4,2.75E-4,1.375E-4
504452578130871,1,0.060000002,-0.01905,9.876
504452578130871,4,-2.75E-4,2.75E-4,1.375E-4
504452595445427,2,-9.168751,34.59375,-15.20625
504452597091487,1,0.06795,-0.024,9.880051
504452597091487,4,-2.75E-4,-9.625E-4,-0.0011
504452616052102,1,0.06795,-0.025950002,9.883051
504452616052102,4,-2.75E-4,-9.625E-4,-0.0011
504452635012732,1,0.07005,-0.021000002,9.8880005
504452635012732,4,9.625E-4,2.75E-4,1.375E-4
504452645276365,2,-9.225,34.59375,-15.187501
504452653973348,1,0.072000004,-0.016050002,9.877951
504452653973347,4,9.625E-4,2.75E-4,1.375E-4
504452672933974,1,0.063,-0.028050002,9.885
504452672933973,4,-2.75E-4,2.75E-4,-0.0011
504452691894580,1,0.07005,-0.031050002,9.8880005
504452691894578,4,-2.75E-4,2.75E-4,1.375E-4
504452695326244,2,-9.1875,34.59375,-15.20625
504452710855209,1,0.076950006,-0.033,9.883051
504452710855207,4,-2.75E-4,2.75E-4,1.375E-4
504452729815820,1,0.072000004,-0.031050002,9.876
504452729815819,4,-0.0015125,2.75E-4,1.375E-4
504452745363459,2,-9.0375,34.575,-15.3
504452748776435,1,0.060000002,-0.025950002,9.877951
504452748776434,4,-0.0015125,2.75E-4,1.375E-4
504452767737054,1,0.07005,-0.021000002,9.883051
504452767737054,4,-2.75E-4,-9.625E-4,1.375E-4
504452786697679,1,0.06795,-0.016050002,9.877951
504452786697679,4,9.625E-4,-9.625E-4,0.001375
504452795388945,2,-8.962501,34.55625,-15.31875
504452805658296,1,0.060000002,-0.021000002,9.883051
504452805658296,4,-2.75E-4,-9.625E-4,1.375E-4
504452824618888,1,0.063,-0.025950002,9.885
504452824618887,4,-2.75E-4,2.75E-4,1.375E-4
504452843579428,1,0.06795,-0.025950002,9.885
504452843579426,4,-2.75E-4,2.75E-4,1.375E-4
504452845208227,2,-9.0375,34.55625,-15.262501
504452862540046,1,0.075,-0.025950002,9.880051
504452862540046,4,-2.75E-4,-9.625E-4,1.375E-4
504452881500661,1,0.072000004,-0.028050002,9.883051
504452881500661,4,-2.75E-4,-9.625E-4,1.375E-4
504452895271173,2,-9.150001,34.575,-15.187501
504452900461281,1,0.063,-0.025950002,9.883051
504452900461281,4,-2.75E-4,-9.625E-4,0.001375
504452919421887,1,0.060000002,-0.021000002,9.885
504452919421887,4,-2.75E-4,2.75E-4,1.375E-4
504452938382493,1,0.075,-0.025950002,9.877951
504452938382493,4,9.625E-4,0.0015125,1.375E-4
504452945330918,2,-9.056251,34.575,-15.3
504452957342889,1,0.064950004,-0.025950002,9.877951
504452957342887,4,-2.75E-4,-9.625E-4,1.375E-4
504452976303734,1,0.07005,-0.025950002,9.880051
504452976303734,4,-2.75E-4,2.75E-4,1.375E-4
504452995264351,1,0.07005,-0.025950002,9.885
504452995264349,4,9.625E-4,-9.625E-4,1.375E-4
504452995374228,2,-9.01875,34.55625,-15.3
504453014224970,1,0.072000004,-0.028050002,9.865951
504453014224968,4,-0.0015125,2.75E-4,1.375E-4
504453033185355,1,0.07005,-0.03795,9.877951
504453033185353,4,9.625E-4,-0.0020625,1.375E-4
504453045402494,2,-9.1125,34.55625,-15.262501
504453052145969,1,0.07005,-0.016050002,9.880051
504453052145969,4,-2.75E-4,2.75E-4,1.375E-4
504453071106805,1,0.072000004,-0.016050002,9.883051
504453071106805,4,-2.75E-4,-9.625E-4,1.375E-4
504453090067201,1,0.076950006,-0.028050002,9.883051
504453090067199,4,-2.75E-4,2.75E-4,1.375E-4
504453095361964,2,-9.168751,34.537502,-15.20625
504453109027828,1,0.075,-0.028050002,9.877951
504453109027828,4,-2.75E-4,2.75E-4,1.375E-4
504453127988438,1,0.075,-0.025950002,9.885
504453127988438,4,9.625E-4,-9.625E-4,1.375E-4
504453145391823,2,-9.1125,34.518753,-15.243751
504453146949045,1,0.076950006,-0.025950002,9.883051
504453146949045,4,-0.0015125,2.75E-4,-0.0011
504453165909580,1,0.07005,-0.031050002,9.880051
504453165909578,4,0.0020625,2.75E-4,1.375E-4
504453184870271,1,0.064950004,-0.031050002,9.877951
504453184870271,4,-2.75E-4,2.75E-4,-0.0011
504453195245272,2,-9.0375,34.518753,-15.3
504453203830888,1,0.063,-0.028050002,9.883051
504453203830886,4,-2.75E-4,2.75E-4,0.001375
504453222791435,1,0.064950004,-0.024,9.883051
504453222791433,4,-2.75E-4,2.75E-4,1.375E-4
504453241752045,1,0.08205,-0.021000002,9.876
504453241752045,4,-0.0015125,2.75E-4,1.375E-4
504453245303048,2,-9.075001,34.518753,-15.281251
504453260712650,1,0.075,-0.031050002,9.883051
504453260712650,4,-2.75E-4,-9.625E-4,1.375E-4
504453279673266,1,0.072000004,-0.031050002,9.885
504453279673266,4,-2.75E-4,2.75E-4,1.375E-4
504453295346200,2,-9.168751,34.518753,-15.262501
504453298633881,1,0.06795,-0.031050002,9.880051
504453298633881,4,-2.75E-4,2.75E-4,1.375E-4
504453317594506,1,0.058050003,-0.03795,9.883051
504453317594506,4,9.625E-4,-9.625E-4,-0.0011
504453336554878,1,0.072000004,-0.016050002,9.885
504453336554876,4,-2.75E-4,2.75E-4,0.001375
504453345386985,2,-9.056251,34.5,-15.337501
504453355515502,1,0.07005,-0.021000002,9.8880005
504453355515502,4,9.625E-4,2.75E-4,1.375E-4
504453374476338,1,0.060000002,-0.024,9.876
504453374476338,4,-2.75E-4,2.75E-4,1.375E-4
504453393436735,1,0.064950004,-0.024,9.8880005
504453393436733,4,9.625E-4,-8.25E-4,1.375E-4
504453395262359,2,-8.887501,34.4625,-15.431251
504453412397339,1,0.07005,-0.016050002,9.880051
504453412397339,4,-2.75E-4,4.125E-4,-0.0011
504453431357944,1,0.06795,-0.028050002,9.877951
504453431357944,4,9.625E-4,4.125E-4,1.375E-4
504453445322781,2,-8.981251,34.4625,-15.4125
504453450318565,1,0.06795,-0.021000002,9.8880005
504453450318565,4,9.625E-4,4.125E-4,1.375E-4
504453469279199,1,0.07005,-0.025950002,9.883051
504453469279199,4,-2.75E-4,4.125E-4,-0.0011
504453488239810,1,0.064950004,-0.024,9.883051
504453488239810,4,-0.0015125,4.125E-4,1.375E-4
504453495367124,2,-9.075001,34.48125,-15.4125
504453507200350,1,0.064950004,-0.025950002,9.885
504453507200348,4,-2.75E-4,4.125E-4,1.375E-4
504453526160969,1,0.075,-0.033,9.880051
504453526160969,4,-2.75E-4,4.125E-4,1.375E-4
504453545121584,1,0.07005,-0.01905,9.877951
504453545121584,4,-2.75E-4,4.125E-4,1.375E-4
504453545396726,2,-9.01875,34.48125,-15.431251
504453564082209,1,0.07005,-0.025950002,9.876
504453564082209,4,-2.75E-4,4.125E-4,1.375E-4
504453583042834,1,0.06795,-0.016050002,9.880051
504453583042834,4,-2.75E-4,4.125E-4,1.375E-4
504453595425026,2,-8.94375,34.4625,-15.468751
504453602003449,1,0.06795,-0.025950002,9.876
504453602003449,4,-2.75E-4,4.125E-4,-0.0011
504453620964075,1,0.064950004,-0.025950002,9.885
504453620964075,4,-2.75E-4,4.125E-4,1.375E-4
504453639924461,1,0.075,-0.01905,9.885
504453639924459,4,-2.75E-4,-8.25E-4,1.375E-4
504453645327846,2,-9.01875,34.4625,-15.431251
504453658885075,1,0.075,-0.021000002,9.883051
504453658885075,4,-2.75E-4,-8.25E-4,1.375E-4
504453677845679,1,0.052950002,-0.025950002,9.883051
504453677845679,4,-2.75E-4,-8.25E-4,1.375E-4
504453695370223,2,-9.1125,34.48125,-15.4125
504453696806295,1,0.072000004,-0.021000002,9.885
504453696806295,4,-0.0015125,4.125E-4,1.375E-4
504453715766844,1,0.072000004,-0.0139500005,9.877951
504453715766842,4,9.625E-4,-8.25E-4,-0.0011
504453734727458,1,0.075,-0.033,9.876
504453734727458,4,9.625E-4,4.125E-4,-0.0011
504453745433214,2,-9.056251,34.4625,-15.431251
504453753688069,1,0.07005,-0.025950002,9.8880005
504453753688069,4,-2.75E-4,-8.25E-4,1.375E-4
504453772648675,1,0.064950004,-0.024,9.877951
504453772648675,4,-2.75E-4,4.125E-4,1.375E-4
504453791609290,1,0.063,-0.024,9.876
504453791609290,4,-2.75E-4,4.125E-4,1.375E-4
504453795442798,2,-8.981251,34.4625,-15.468751
504453810569667,1,0.064950004,-0.021000002,9.880051
504453810569665,4,9.625E-4,4.125E-4,1.375E-4
504453829530290,1,0.05595,-0.025950002,9.883051
504453829530290,4,-2.75E-4,4.125E-4,-0.0011
504453845454727,2,-9.056251,34.4625,-15.4125
504453848490910,1,0.063,-0.028050002,9.885
504453848490910,4,-0.0015125,-8.25E-4,1.375E-4
504453867451545,1,0.072000004,-0.021000002,9.883051
504453867451545,4,-2.75E-4,-8.25E-4,-0.0011
504453886412169,1,0.07005,-0.016050002,9.883051
504453886412169,4,-2.75E-4,4.125E-4,1.375E-4
504453895457528,2,-9.150001,34.4625,-15.4125
504453905372719,1,0.064950004,-0.01905,9.880051
504453905372717,4,9.625E-4,-8.25E-4,1.375E-4
504453924333332,1,0.06795,-0.024,9.883051
504453924333332,4,-2.75E-4,4.125E-4,1.375E-4
504453943293948,1,0.07005,-0.031050002,9.885
504453943293948,4,-2.75E-4,4.125E-4,-0.0011
504453945464510,2,-9.075001,34.4625,-15.450001
504453962254573,1,0.076950006,-0.033,9.876
504453962254573,4,-2.75E-4,4.125E-4,-0.0011
504453981214960,1,0.072000004,-0.033,9.8880005
504453981214958,4,-2.75E-4,-8.25E-4,1.375E-4
504453995463788,2,-9.0,34.443752,-15.50625
504454000175583,1,0.075,-0.031050002,9.883051
504454000175583,4,9.625E-4,-8.25E-4,1.375E-4
504454019136199,1,0.072000004,-0.024,9.885
504454019136199,4,9.625E-4,4.125E-4,1.375E-4
504454038096828,1,0.063,-0.031050002,9.8880005
504454038096828,4,9.625E-4,4.125E-4,1.375E-4
504454045457173,2,-9.075001,34.425003,-15.4875
504454057057444,1,0.060000002,-0.021000002,9.885
504454057057444,4,-2.75E-4,4.125E-4,1.375E-4
504454076017994,1,0.075,-0.01905,9.885
504454076017992,4,-2.75E-4,4.125E-4,1.375E-4
504454094978607,1,0.072000004,-0.021000002,9.877951
504454094978607,4,9.625E-4,4.125E-4,1.375E-4
504454095457882,2,-9.150001,34.443752,-15.4125
504454113939223,1,0.075,-0.01905,9.883051
504454113939223,4,-2.75E-4,4.125E-4,-0.0011
504454132899833,1,0.072000004,-0.031050002,9.877951
504454132899833,4,-2.75E-4,4.125E-4,1.375E-4
504454145453090,2,-9.13125,34.4625,-15.431251
504454151860191,1,0.075,-0.024,9.877951
504454151860189,4,-2.75E-4,-8.25E-4,1.375E-4
504454170821016,1,0.072000004,-0.021000002,9.885
504454170821016,4,9.625E-4,4.125E-4,1.375E-4
504454189781383,1,0.058050003,-0.01905,9.877951
504454189781381,4,-2.75E-4,4.125E-4,1.375E-4
504454195286856,2,-9.056251,34.4625,-15.450001
504454208742006,1,0.06795,-0.028050002,9.880051
504454208742006,4,-2.75E-4,4.125E-4,-0.0011
504454227702622,1,0.076950006,-0.021000002,9.880051
504454227702622,4,-2.75E-4,4.125E-4,1.375E-4
504454245323263,2,-9.150001,34.4625,-15.4125
504454246663194,1,0.072000004,-0.024,9.883051
504454246663194,4,9.625E-4,-8.25E-4,-0.0011
504454265623739,1,0.072000004,-0.01905,9.883051
504454265623737,4,9.625E-4,-8.25E-4,1.375E-4
504454284584405,1,0.063,-0.01905,9.8880005
504454284584405,4,-2.75E-4,4.125E-4,1.375E-4
504454295351397,2,-9.20625,34.5,-15.39375
504454303544715,1,0.064950004,-0.024,9.880051
504454303544713,4,-2.75E-4,4.125E-4,1.375E-4
504454322505328,1,0.076950006,-0.025950002,9.876
504454322505328,4,-2.75E-4,-8.25E-4,1.375E-4
504454341465930,1,0.075,-0.033,9.8880005
504454341465930,4,-0.0015125,4.125E-4,1.375E-4
504454345382369,2,-9.168751,34.48125,-15.431251
504454360426469,1,0.06795,-0.031050002,9.877951
504454360426467,4,9.625E-4,4.125E-4,1.375E-4
504454379387150,1,0.06795,-0.025950002,9.880051
504454379387150,4,0.0022,4.125E-4,1.375E-4
504454395402831,2,-9.0375,34.4625,-15.50625
504454398347700,1,0.063,-0.024,9.885
504454398347698,4,-2.75E-4,4.125E-4,1.375E-4
504454417308313,1,0.060000002,-0.025950002,9.889951
504454417308313,4,-2.75E-4,4.125E-4,1.375E-4
504454436268905,1,0.063,-0.025950002,9.889951
504454436268905,4,-2.75E-4,4.125E-4,1.375E-4
504454445425204,2,-9.09375,34.4625,-15.450001
504454455229278,1,0.063,-0.025950002,9.883051
504454455229276,4,9.625E-4,4.125E-4,1.375E-4
504454474189891,1,0.075,-0.028050002,9.8880005
504454474189891,4,9.625E-4,4.125E-4,1.375E-4
504454493150506,1,0.06795,-0.025950002,9.8880005
504454493150506,4,9.625E-4,-8.25E-4,1.375E-4
504454495437280,2,-9.168751,34.4625,-15.39375
504454512111122,1,0.08205,-0.025950002,9.877951
504454512111122,4,-2.75E-4,-8.25E-4,-0.0011
504454531071705,1,0.07005,-0.025950002,9.880051
504454531071703,4,-2.75E-4,4.125E-4,1.375E-4
504454545441071,2,-9.13125,34.48125,-15.39375
504454550032305,1,0.079950005,-0.028050002,9.885
504454550032305,4,-2.75E-4,4.125E-4,1.375E-4
504454568992944,1,0.06795,-0.033,9.883051
504454568992944,4,-2.75E-4,4.125E-4,1.375E-4
504454587953564,1,0.07005,-0.024,9.880051
504454587953564,4,-2.75E-4,4.125E-4,-0.0011
504454595449521,2,-9.056251,34.4625,-15.468751
504454606913950,1,0.07005,-0.024,9.883051
504454606913948,4,-0.0015125,0.00165,0.001375
504454625874555,1,0.06795,-0.024,9.8880005
504454625874555,4,9.625E-4,4.125E-4,1.375E-4
504454644835095,1,0.075,-0.025950002,9.880051
504454644835093,4,9.625E-4,-8.25E-4,-0.0011
504454645405375,2,-9.09375,34.48125,-15.450001
504454663795699,1,0.064950004,-0.025950002,9.8880005
504454663795699,4,-0.0015125,4.125E-4,1.375E-4
504454682756319,1,0.075,-0.028050002,9.883051
504454682756319,4,9.625E-4,-8.25E-4,1.375E-4
504454695422253,2,-9.168751,34.48125,-15.375001
504454701716739,1,0.075,-0.024,9.8880005
504454701716737,4,9.625E-4,4.125E-4,1.375E-4
504454720677376,1,0.058050003,-0.016050002,9.885
504454720677376,4,-2.75E-4,4.125E-4,1.375E-4
504454739637992,1,0.072000004,-0.01905,9.883051
504454739637992,4,-2.75E-4,0.00165,1.375E-4
504454745255419,2,-9.13125,34.48125,-15.431251
504454758598607,1,0.063,-0.024,9.883051
504454758598607,4,-2.75E-4,4.125E-4,1.375E-4
504454777559161,1,0.06795,-0.025950002,9.880051
504454777559159,4,-2.75E-4,4.125E-4,1.375E-4
504454795298398,2,-9.0375,34.48125,-15.468751
504454796519546,1,0.060000002,-0.021000002,9.8880005
504454796519544,4,-2.75E-4,-8.25E-4,1.375E-4
504454815480390,1,0.072000004,-0.01905,9.883051
504454815480390,4,9.625E-4,-8.25E-4,1.375E-4
504454834440777,1,0.07005,-0.021000002,9.883051
504454834440775,4,-2.75E-4,-8.25E-4,1.375E-4
504454845342951,2,-9.09375,34.5,-15.431251
504454853401390,1,0.064950004,-0.0139500005,9.880051
504454853401390,4,-2.75E-4,4.125E-4,-0.0011
504454872361987,1,0.063,-0.024,9.880051
504454872361987,4,9.625E-4,-8.25E-4,1.375E-4
504454891322537,1,0.064950004,-0.025950002,9.8880005
504454891322535,4,9.625E-4,-8.25E-4,0.001375
504454895375098,2,-9.1875,34.518753,-15.356251
504454910283141,1,0.07005,-0.024,9.8880005
504454910283141,4,-2.75E-4,-8.25E-4,1.375E-4
504454929243536,1,0.064950004,-0.016050002,9.885
504454929243534,4,9.625E-4,4.125E-4,-0.0011
504454945407124,2,-9.1125,34.518753,-15.39375
504454948204174,1,0.07005,-0.016050002,9.880051
504454948204174,4,-2.75E-4,4.125E-4,-0.0011
504454967164700,1,0.072000004,-0.024,9.8880005
504454967164698,4,-2.75E-4,0.00165,-0.0011
504454986125372,1,0.06795,-0.028050002,9.880051
504454986125372,4,9.625E-4,-8.25E-4,1.375E-4
504454995426770,2,-9.150001,34.537502,-15.356251
504455005085902,1,0.07005,-0.028050002,9.880051
504455005085900,4,-2.75E-4,4.125E-4,-0.0011
504455024046603,1,0.072000004,-0.021000002,9.880051
504455024046603,4,9.625E-4,-8.25E-4,0.001375
504455043006917,1,0.064950004,-0.028050002,9.885
504455043006915,4,-2.75E-4,4.125E-4,1.375E-4
504455045435990,2,-9.262501,34.55625,-15.3
504455061967526,1,0.072000004,-0.021000002,9.880051
504455061967526,4,-2.75E-4,4.125E-4,1.375E-4
504455080928145,1,0.05595,-0.028050002,9.883051
504455080928145,4,9.625E-4,4.125E-4,1.375E-4
504455095448288,2,-9.375,34.575,-15.225
504455099888697,1,0.075,-0.025950002,9.885
504455099888695,4,-2.75E-4,-8.25E-4,1.375E-4
504455118849320,1,0.06795,-0.024,9.883051
504455118849320,4,-2.75E-4,4.125E-4,1.375E-4
504455137809926,1,0.058050003,-0.01905,9.883051
504455137809926,4,9.625E-4,-8.25E-4,1.375E-4
504455145451782,2,-9.28125,34.575,-15.3
504455156770317,1,0.063,-0.024,9.885
504455156770315,4,-2.75E-4,4.125E-4,1.375E-4
504455175730921,1,0.072000004,-0.024,9.889951
504455175730921,4,9.625E-4,4.125E-4,1.375E-4
504455194691546,1,0.060000002,-0.021000002,9.885
504455194691546,4,9.625E-4,4.125E-4,1.375E-4
504455195347082,2,-9.20625,34.575,-15.3
504455213652087,1,0.072000004,-0.024,9.889951
504455213652085,4,-2.75E-4,4.125E-4,1.375E-4
504455232612690,1,0.08205,-0.021000002,9.885
504455232612690,4,-2.75E-4,4.125E-4,1.375E-4
504455245373475,2,-9.31875,34.612503,-15.243751
504455251573290,1,0.063,-0.016050002,9.885
504455251573290,4,9.625E-4,-8.25E-4,-0.0011
504455270533677,1,0.06795,-0.01905,9.876
504455270533675,4,-2.75E-4,-8.25E-4,1.375E-4
504455289494200,1,0.072000004,-0.021000002,9.880051
504455289494200,4,9.625E-4,-8.25E-4,-0.0011
504455295247193,2,-9.39375,34.612503,-15.187501
504455308454825,1,0.06795,-0.024,9.885
504455308454825,4,9.625E-4,4.125E-4,1.375E-4
504455327415431,1,0.06795,-0.021000002,9.880051
504455327415431,4,-4.125E-4,-9.625E-4,1.375E-4
504455345301882,2,-9.337501,34.612503,-15.20625
504455346375812,1,0.07005,-0.0139500005,9.880051
504455346375810,4,-4.125E-4,2.75E-4,1.375E-4
504455365336431,1,0.07005,-0.021000002,9.873
504455365336431,4,8.25E-4,2.75E-4,1.375E-4
504455384297041,1,0.06795,-0.025950002,9.880051
504455384297041,4,-4.125E-4,2.75E-4,1.375E-4
504455395343777,2,-9.262501,34.59375,-15.187501
504455403257582,1,0.075,-0.024,9.8880005
504455403257580,4,-4.125E-4,2.75E-4,1.375E-4
504455422218195,1,0.063,-0.016050002,9.877951
504455422218195,4,-4.125E-4,2.75E-4,1.375E-4
504455441178596,1,0.06795,-0.025950002,9.883051
504455441178594,4,8.25E-4,2.75E-4,1.375E-4
504455445384526,2,-9.31875,34.59375,-15.168751
504455460139224,1,0.072000004,-0.01905,9.880051
504455460139224,4,8.25E-4,2.75E-4,1.375E-4
504455479099774,1,0.06795,-0.024,9.880051
504455479099772,4,8.25E-4,-9.625E-4,1.375E-4
504455495411461,2,-9.4125,34.59375,-15.1125
504455498060387,1,0.064950004,-0.016050002,9.883051
504455498060387,4,-4.125E-4,2.75E-4,1.375E-4
504455517021002,1,0.06795,-0.016050002,9.885
504455517021002,4,8.25E-4,-9.625E-4,1.375E-4
504455535981399,1,0.063,-0.024,9.8880005
504455535981397,4,-4.125E-4,2.75E-4,1.375E-4
504455545426567,2,-9.337501,34.59375,-15.1125
504455554941989,1,0.060000002,-0.024,9.885
504455554941989,4,8.25E-4,2.75E-4,1.375E-4
504455573902613,1,0.06795,-0.01905,9.880051
504455573902613,4,-4.125E-4,2.75E-4,1.375E-4
504455592863182,1,0.06795,-0.025950002,9.8880005
504455592863180,4,-4.125E-4,2.75E-4,1.375E-4
504455595443225,2,-9.262501,34.575,-15.150001
504455611823772,1,0.072000004,-0.028050002,9.880051
504455611823772,4,-4.125E-4,-9.625E-4,1.375E-4
504455630784163,1,0.064950004,-0.0139500005,9.877951
504455630784161,4,-4.125E-4,2.75E-4,1.375E-4
504455645449773,2,-9.337501,34.55625,-15.1125
504455649744772,1,0.06795,-0.028050002,9.880051
504455649744772,4,-4.125E-4,2.75E-4,-0.0011
504455668705302,1,0.064950004,-0.024,9.885
504455668705300,4,-4.125E-4,2.75E-4,1.375E-4
504455687665916,1,0.072000004,-0.021000002,9.877951
504455687665916,4,-4.125E-4,2.75E-4,-0.0011
504455695459859,2,-9.39375,34.575,-15.13125
504455706626536,1,0.060000002,-0.028050002,9.885
504455706626536,4,8.25E-4,-9.625E-4,-0.0011
504455725586923,1,0.064950004,-0.024,9.8880005
504455725586921,4,8.25E-4,0.0015125,1.375E-4
504455744547449,1,0.06795,-0.036000002,9.883051
504455744547449,4,8.25E-4,2.75E-4,-0.0011
504455745303888,2,-9.3,34.55625,-15.20625
504455763508065,1,0.06795,-0.028050002,9.877951
504455763508065,4,-4.125E-4,2.75E-4,1.375E-4
504455782468452,1,0.076950006,-0.021000002,9.883051
504455782468450,4,-4.125E-4,2.75E-4,-0.0011
504455795335661,2,-9.20625,34.537502,-15.243751
504455801429055,1,0.064950004,-0.028050002,9.883051
504455801429055,4,-4.125E-4,2.75E-4,1.375E-4
504455820389670,1,0.072000004,-0.024,9.877951
504455820389670,4,-4.125E-4,2.75E-4,1.375E-4
504455839350202,1,0.060000002,-0.01905,9.8880005
504455839350200,4,8.25E-4,2.75E-4,1.375E-4
504455845370075,2,-9.243751,34.55625,-15.187501
504455858310810,1,0.064950004,-0.028050002,9.880051
504455858310810,4,8.25E-4,2.75E-4,1.375E-4
504455877271221,1,0.064950004,-0.024,9.877951
504455877271219,4,-4.125E-4,-9.625E-4,1.375E-4
504455895393759,2,-9.3,34.55625,-15.1125
504455896231848,1,0.076950006,-0.01905,9.880051
504455896231848,4,-4.125E-4,2.75E-4,1.375E-4
504455915192384,1,0.064950004,-0.016050002,9.883051
504455915192382,4,8.25E-4,2.75E-4,0.001375
504455934152988,1,0.07005,-0.025950002,9.883051
504455934152988,4,-4.125E-4,2.75E-4,-0.0011
504455945418903,2,-9.1875,34.537502,-15.168751
504455953113375,1,0.06795,-0.024,9.883051
504455953113373,4,-4.125E-4,2.75E-4,1.375E-4
504455972073978,1,0.076950006,-0.025950002,9.876
504455972073978,4,-4.125E-4,2.75E-4,1.375E-4
504455991034588,1,0.072000004,-0.024,9.8880005
504455991034588,4,8.25E-4,-9.625E-4,1.375E-4
504455995433232,2,-9.09375,34.537502,-15.262501
504456009995109,1,0.060000002,-0.031050002,9.880051
504456009995107,4,-4.125E-4,2.75E-4,-0.0011
504456028955494,1,0.064950004,-0.025950002,9.8880005
504456028955492,4,-4.125E-4,-9.625E-4,1.375E-4
504456045438719,2,-9.13125,34.537502,-15.225
504456047916338,1,0.07005,-0.021000002,9.880051
504456047916338,4,-4.125E-4,2.75E-4,1.375E-4
504456066876734,1,0.064950004,-0.028050002,9.885
504456066876732,4,-4.125E-4,-9.625E-4,1.375E-4
504456085837280,1,0.06795,-0.031050002,9.885
504456085837280,4,8.25E-4,-9.625E-4,1.375E-4
504456095448478,2,-9.1875,34.55625,-15.168751
504456104797681,1,0.075,-0.028050002,9.885
504456104797679,4,-0.00165,-9.625E-4,1.375E-4
504456123758295,1,0.06795,-0.028050002,9.8880005
504456123758295,4,-4.125E-4,-9.625E-4,1.375E-4
504456142718826,1,0.075,-0.024,9.883051
504456142718824,4,-0.00165,2.75E-4,1.375E-4
504456145275307,2,-9.13125,34.537502,-15.20625
504456161679439,1,0.063,-0.021000002,9.883051
504456161679439,4,8.25E-4,2.75E-4,1.375E-4
504456180639811,1,0.06795,-0.01905,9.883051
504456180639809,4,-4.125E-4,2.75E-4,-0.0011
504456195277830,2,-9.0375,34.537502,-15.281251
504456199600425,1,0.060000002,-0.025950002,9.892051
504456199600425,4,-4.125E-4,-9.625E-4,1.375E-4
504456218561050,1,0.064950004,-0.01905,9.883051
504456218561050,4,-4.125E-4,2.75E-4,1.375E-4
504456237521591,1,0.072000004,-0.01905,9.873
504456237521589,4,-0.00165,2.75E-4,1.375E-4
504456245324425,2,-9.075001,34.537502,-15.243751
504456256481975,1,0.063,-0.031050002,9.873
504456256481973,4,8.25E-4,2.75E-4,-0.0011
504456275442579,1,0.06795,-0.021000002,9.885
504456275442579,4,-4.125E-4,-9.625E-4,-0.0011
504456294403109,1,0.072000004,-0.025950002,9.877951
504456294403107,4,-4.125E-4,-9.625E-4,1.375E-4
504456295183975,2,-9.225,34.537502,-15.13125
504456313363723,1,0.072000004,-0.028050002,9.880051
504456313363723,4,-0.00165,2.75E-4,-0.0011
504456332324119,1,0.064950004,-0.01905,9.876
504456332324117,4,-4.125E-4,-9.625E-4,1.375E-4
504456345258956,2,-9.262501,34.537502,-15.093751
504456351284723,1,0.072000004,-0.021000002,9.883051
504456351284723,4,-4.125E-4,2.75E-4,-0.0011
504456370245254,1,0.07005,-0.025950002,9.877951
504456370245252,4,-4.125E-4,2.75E-4,1.375E-4
504456389205858,1,0.076950006,-0.0139500005,9.883051
504456389205858,4,8.25E-4,2.75E-4,1.375E-4
504456395317021,2,-9.20625,34.537502,-15.1125
504456408166229,1,0.072000004,-0.025950002,9.877951
504456408166227,4,-4.125E-4,-9.625E-4,1.375E-4
504456427126843,1,0.072000004,-0.021000002,9.889951
504456427126843,4,-4.125E-4,2.75E-4,1.375E-4
504456445370008,2,-9.262501,34.537502,-15.075001
504456446087369,1,0.06795,-0.024,9.8880005
504456446087367,4,-4.125E-4,2.75E-4,-0.0011
504456465047969,1,0.072000004,-0.021000002,9.883051
504456465047969,4,8.25E-4,-9.625E-4,1.375E-4
504456484008346,1,0.064950004,-0.028050002,9.883051
504456484008344,4,8.25E-4,-9.625E-4,-0.0011
504456495405863,2,-9.20625,34.518753,-15.1125
504456502968955,1,0.07005,-0.024,9.8880005
504456502968955,4,-4.125E-4,-9.625E-4,1.375E-4
504456521929504,1,0.075,-0.021000002,9.883051
504456521929502,4,-4.125E-4,2.75E-4,1.375E-4
504456540890133,1,0.08205,-0.021000002,9.876
504456540890133,4,-4.125E-4,-9.625E-4,0.001375
504456545427046,2,-9.056251,34.48125,-15.20625
504456559850528,1,0.079950005,-0.025950002,9.873
504456559850526,4,-4.125E-4,-9.625E-4,1.375E-4
504456578811075,1,0.072000004,-0.024,9.8880005
504456578811075,4,-4.125E-4,2.75E-4,1.375E-4
504456595447624,2,-8.962501,34.4625,-15.243751
504456597771690,1,0.06795,-0.024,9.885
504456597771690,4,-4.125E-4,2.75E-4,-0.0011
504456616732062,1,0.06795,-0.021000002,9.880051
504456616732060,4,-0.00165,2.75E-4,1.375E-4
504456635692675,1,0.063,-0.024,9.883051
504456635692675,4,-4.125E-4,-9.625E-4,1.375E-4
504456645456305,2,-9.056251,34.4625,-15.187501
504456654653216,1,0.07005,-0.021000002,9.877951
504456654653214,4,8.25E-4,2.75E-4,1.375E-4
504456673613829,1,0.06795,-0.024,9.885
504456673613829,4,8.25E-4,-9.625E-4,1.375E-4
504456692574226,1,0.072000004,-0.024,9.883051
504456692574224,4,-4.125E-4,2.75E-4,-0.0011
504456695467146,2,-9.1125,34.4625,-15.13125
504456711534863,1,0.075,-0.021000002,9.885
504456711534863,4,-4.125E-4,2.75E-4,-0.0011
504456730495182,1,0.076950006,-0.016050002,9.885
504456730495180,4,-4.125E-4,-9.625E-4,-0.0011
504456745367344,2,-8.962501,34.443752,-15.225
504456749455801,1,0.064950004,-0.01905,9.885
504456749455801,4,-4.125E-4,2.75E-4,1.375E-4
504456768416354,1,0.072000004,-0.016050002,9.885
504456768416354,4,-4.125E-4,2.75E-4,1.375E-4
504456787376969,1,0.064950004,-0.024,9.877951
504456787376969,4,-4.125E-4,-9.625E-4,1.375E-4
504456795385374,2,-8.868751,34.425003,-15.31875
504456806337570,1,0.063,-0.025950002,9.873
504456806337570,4,-4.125E-4,-9.625E-4,1.375E-4
504456825297952,1,0.075,-0.033,9.876
504456825297950,4,-4.125E-4,2.75E-4,1.375E-4
504456844258493,1,0.072000004,-0.024,9.883051
504456844258493,4,-4.125E-4,-9.625E-4,0.001375
504456845276117,2,-8.94375,34.425003,-15.3
504456863219108,1,0.064950004,-0.025950002,9.883051
504456863219108,4,8.25E-4,2.75E-4,1.375E-4
504456882179505,1,0.06795,-0.012,9.877951
504456882179503,4,-4.125E-4,2.75E-4,1.375E-4
504456895319371,2,-9.0,34.443752,-15.3
504456901140061,1,0.075,-0.0139500005,9.877951
504456901140061,4,-0.00165,2.75E-4,1.375E-4
504456920100456,1,0.07005,-0.01905,9.877951
504456920100454,4,-4.125E-4,2.75E-4,0.001375
504456939061085,1,0.076950006,-0.024,9.873
504456939061085,4,8.25E-4,-9.625E-4,1.375E-4
504456945362933,2,-8.90625,34.443752,-15.337501
504456958021700,1,0.064950004,-0.0139500005,9.876
504456958021700,4,-4.125E-4,2.75E-4,1.375E-4
504456976982245,1,0.072000004,-0.01905,9.877951
504456976982243,4,8.25E-4,-9.625E-4,-0.0011
504456995393327,2,-8.85,34.425003,-15.356251
504456995942926,1,0.07005,-0.025950002,9.877951
504456995942926,4,-4.125E-4,2.75E-4,1.375E-4
504457014903236,1,0.07005,-0.028050002,9.883051
504457014903234,4,-4.125E-4,2.75E-4,-0.0011
504457033863858,1,0.064950004,-0.01905,9.889951
504457033863858,4,-0.00165,2.75E-4,-0.0011
504457045411985,2,-8.94375,34.443752,-15.356251
504457052824423,1,0.072000004,-0.021000002,9.876
504457052824421,4,-4.125E-4,2.75E-4,-0.0011
504457071784817,1,0.06795,-0.016050002,9.883051
504457071784815,4,-4.125E-4,2.75E-4,1.375E-4
504457090745362,1,0.079950005,-0.025950002,9.885
504457090745362,4,-4.125E-4,2.75E-4,-0.0011
504457095432148,2,-9.0,34.443752,-15.356251
504457109705983,1,0.072000004,-0.021000002,9.877951
504457109705983,4,8.25E-4,-9.625E-4,-0.0011
504457128666356,1,0.07005,-0.021000002,9.877951
504457128666354,4,-4.125E-4,2.75E-4,1.375E-4
504457145441854,2,-9.01875,34.443752,-15.356251
504457147626969,1,0.06795,-0.021000002,9.880051
504457147626969,4,8.25E-4,-9.625E-4,-0.0011
504457166587500,1,0.076950006,-0.021000002,9.883051
504457166587498,4,-4.125E-4,-9.625E-4,1.375E-4
504457185547880,1,0.076950006,-0.021000002,9.883051
504457185547878,4,-4.125E-4,2.75E-4,0.001375
504457195454413,2,-9.1125,34.443752,-15.31875
504457204508421,1,0.075,-0.01905,9.880051
504457204508421,4,8.25E-4,-9.625E-4,-0.0011
504457223469031,1,0.063,-0.01905,9.883051
504457223469031,4,-4.125E-4,2.75E-4,1.375E-4
504457242429661,1,0.079950005,-0.021000002,9.877951
504457242429661,4,8.25E-4,2.75E-4,1.375E-4
504457245458071,2,-9.243751,34.4625,-15.20625
504457261390043,1,0.064950004,-0.024,9.880051
504457261390041,4,-2.75E-4,5.5E-4,-1.375E-4
504457280350589,1,0.07005,-0.028050002,9.880051
504457280350589,4,-2.75E-4,5.5E-4,-1.375E-4
504457295308447,2,-9.4125,34.48125,-15.13125
504457299311205,1,0.076950006,-0.01905,9.883051
504457299311205,4,-2.75E-4,5.5E-4,-1.375E-4
504457318271581,1,0.075,-0.025950002,9.885
504457318271579,4,-2.75E-4,-6.875E-4,-0.0012375
504457337232109,1,0.07005,-0.01905,9.880051
504457337232109,4,-2.75E-4,5.5E-4,-0.0012375
504457345345293,2,-9.4125,34.48125,-15.1125
504457356192719,1,0.064950004,-0.025950002,9.889951
504457356192719,4,-2.75E-4,-6.875E-4,-1.375E-4
504457375153120,1,0.079950005,-0.021000002,9.876
504457375153118,4,9.625E-4,5.5E-4,0.0011
504457394113680,1,0.064950004,-0.024,9.883051
504457394113680,4,-2.75E-4,-6.875E-4,-0.0012375
504457395196347,2,-9.450001,34.5,-15.150001
504457413074290,1,0.072000004,-0.024,9.880051
504457413074290,4,-2.75E-4,5.5E-4,-1.375E-4
504457432034691,1,0.060000002,-0.021000002,9.885
504457432034689,4,-0.001375,5.5E-4,-1.375E-4
504457445266425,2,-9.525001,34.5,-15.093751
504457450995218,1,0.07005,-0.025950002,9.889951
504457450995218,4,-0.001375,5.5E-4,-1.375E-4
504457469955857,1,0.075,-0.01905,9.883051
504457469955857,4,9.625E-4,-6.875E-4,-0.0012375
504457488916254,1,0.076950006,-0.024,9.877951
504457488916252,4,-2.75E-4,5.5E-4,-1.375E-4
504457495321253,2,-9.65625,34.537502,-14.981251
504457507876804,1,0.060000002,-0.025950002,9.876
504457507876804,4,-2.75E-4,5.5E-4,-1.375E-4
504457526837200,1,0.064950004,-0.028050002,9.883051
504457526837198,4,-0.001375,5.5E-4,-1.375E-4
504457545797834,1,0.06795,-0.028050002,9.883051
504457545797834,4,-2.75E-4,5.5E-4,-1.375E-4
504457545361208,2,-9.65625,34.537502,-15.0375
504457564758374,1,0.072000004,-0.01905,9.880051
504457564758372,4,9.625E-4,5.5E-4,0.0011
504457583718758,1,0.072000004,-0.021000002,9.877951
504457583718756,4,-2.75E-4,-6.875E-4,0.0011
504457595398777,2,-9.6,34.537502,-15.093751
504457602679371,1,0.06795,-0.024,9.877951
504457602679371,4,-2.75E-4,-6.875E-4,-1.375E-4
504457621639982,1,0.064950004,-0.024,9.883051
504457621639982,4,-2.75E-4,5.5E-4,-1.375E-4
504457640600518,1,0.075,-0.016050002,9.885
504457640600516,4,9.625E-4,5.5E-4,-1.375E-4
504457645422139,2,-9.69375,34.55625,-15.056251
504457659560811,1,0.07005,-0.024,9.8880005
504457659560809,4,-0.001375,-6.875E-4,-0.0012375
504457678521410,1,0.063,-0.024,9.876
504457678521410,4,9.625E-4,5.5E-4,-0.0012375
504457695444864,2,-9.7875,34.575,-15.000001
504457697482016,1,0.060000002,-0.024,9.876
504457697482016,4,9.625E-4,5.5E-4,0.0011
504457716442397,1,0.072000004,-0.024,9.880051
504457716442395,4,-2.75E-4,5.5E-4,-1.375E-4
504457735402944,1,0.064950004,-0.024,9.880051
504457735402944,4,-0.001375,5.5E-4,0.0011
504457745421912,2,-9.731251,34.55625,-15.0375
504457754363535,1,0.07005,-0.024,9.885
504457754363535,4,-2.75E-4,5.5E-4,-1.375E-4
504457773323835,1,0.072000004,-0.031050002,9.883051
504457773323833,4,9.625E-4,-0.001925,-0.0012375
504457792284419,1,0.076950006,-0.01905,9.876
504457792284419,4,-2.75E-4,5.5E-4,-1.375E-4
504457795431122,2,-9.6,34.55625,-15.1125
504457811244782,1,0.060000002,-0.024,9.880051
504457811244780,4,9.625E-4,5.5E-4,-1.375E-4
504457830205367,1,0.06795,-0.021000002,9.883051
504457830205367,4,-2.75E-4,5.5E-4,-1.375E-4
504457845268901,2,-9.543751,34.537502,-15.150001
504457849165912,1,0.07005,-0.021000002,9.883051
504457849165910,4,-2.75E-4,5.5E-4,-1.375E-4
504457868126287,1,0.072000004,-0.025950002,9.880051
504457868126285,4,-2.75E-4,5.5E-4,-1.375E-4
504457887086910,1,0.064950004,-0.024,9.880051
504457887086910,4,-2.75E-4,5.5E-4,-1.375E-4
504457895313555,2,-9.618751,34.55625,-15.13125
504457906047475,1,0.06795,-0.033,9.873
504457906047473,4,9.625E-4,5.5E-4,-0.0012375
504457925007868,1,0.07005,-0.016050002,9.876
504457925007866,4,9.625E-4,5.5E-4,-1.375E-4
504457943968410,1,0.075,-0.028050002,9.883051
504457943968410,4,-2.75E-4,5.5E-4,-1.375E-4
504457945184110,2,-9.58125,34.55625,-15.150001
504457962929020,1,0.075,-0.028050002,9.880051
504457962929020,4,-2.75E-4,5.5E-4,-1.375E-4
504457981889330,1,0.075,-0.0139500005,9.877951
504457981889328,4,-2.75E-4,5.5E-4,-1.375E-4
504457995256337,2,-9.50625,34.55625,-15.187501
504458000849943,1,0.064950004,-0.028050002,9.880051
504458000849943,4,-2.75E-4,-6.875E-4,-1.375E-4
504458019810340,1,0.079950005,-0.028050002,9.873
504458019810338,4,-2.75E-4,5.5E-4,-1.375E-4
504458038770944,1,0.07005,-0.024,9.883051
504458038770944,4,-2.75E-4,5.5E-4,-1.375E-4
504458045312342,2,-9.58125,34.575,-15.1125
504458057731484,1,0.075,-0.024,9.880051
504458057731482,4,-2.75E-4,-6.875E-4,-1.375E-4
504458076691869,1,0.075,-0.031050002,9.880051
504458076691867,4,-2.75E-4,5.5E-4,-1.375E-4
504458095652482,1,0.07005,-0.028050002,9.883051
504458095652482,4,-2.75E-4,-6.875E-4,-1.375E-4
504458095363936,2,-9.675,34.59375,-15.093751
504458114613018,1,0.06795,-0.01905,9.885
504458114613016,4,-2.75E-4,-6.875E-4,-1.375E-4
504458133573397,1,0.072000004,-0.025950002,9.880051
504458133573395,4,9.625E-4,5.5E-4,-1.375E-4
504458145398835,2,-9.618751,34.59375,-15.13125
504458152533944,1,0.072000004,-0.01905,9.877951
504458152533944,4,-2.75E-4,-6.875E-4,0.0011
504458171494320,1,0.076950006,-0.021000002,9.876
504458171494318,4,-2.75E-4,5.5E-4,-1.375E-4
504458190454929,1,0.064950004,-0.01905,9.880051
504458190454929,4,-2.75E-4,5.5E-4,-1.375E-4
504458195430771,2,-9.5625,34.59375,-15.20625
504458209415460,1,0.06795,-0.025950002,9.877951
504458209415458,4,9.625E-4,5.5E-4,-1.375E-4
504458228376064,1,0.07005,-0.021000002,9.876
504458228376064,4,-2.75E-4,5.5E-4,-1.375E-4
504458245448519,2,-9.69375,34.59375,-15.150001
504458247336455,1,0.063,-0.01905,9.876
504458247336453,4,-0.001375,-6.875E-4,-1.375E-4
504458266297022,1,0.07005,-0.024,9.876
504458266297022,4,-2.75E-4,5.5E-4,-1.375E-4
504458285257423,1,0.075,-0.028050002,9.877951
504458285257421,4,9.625E-4,5.5E-4,-1.375E-4
504458295376223,2,-9.84375,34.631252,-15.0375
504458304218050,1,0.064950004,-0.025950002,9.876
504458304218050,4,-0.001375,-6.875E-4,-1.375E-4
504458323178596,1,0.06795,-0.021000002,9.885
504458323178594,4,-2.75E-4,5.5E-4,-0.0012375
504458342138990,1,0.075,-0.016050002,9.877951
504458342138988,4,-2.75E-4,-6.875E-4,-0.0012375
504458345403462,2,-9.900001,34.631252,-15.01875
504458361099556,1,0.072000004,-0.025950002,9.880051
504458361099556,4,9.625E-4,-6.875E-4,-1.375E-4
504458380060171,1,0.063,-0.021000002,9.883051
504458380060171,4,-2.75E-4,-6.875E-4,-1.375E-4
504458395243930,2,-9.84375,34.631252,-15.056251
504458399020567,1,0.07005,-0.025950002,9.877951
504458399020565,4,-2.75E-4,5.5E-4,-1.375E-4
504458417980899,1,0.06795,-0.0139500005,9.883051
504458417980897,4,-2.75E-4,5.5E-4,-1.375E-4
504458436941522,1,0.06795,-0.028050002,9.873
504458436941522,4,9.625E-4,-6.875E-4,0.0011
504458445303574,2,-9.918751,34.631252,-15.01875
504458455902080,1,0.07005,-0.028050002,9.876
504458455902080,4,-2.75E-4,-6.875E-4,-1.375E-4
504458474862709,1,0.06795,-0.025950002,9.877951
504458474862709,4,-0.001375,-6.875E-4,-1.375E-4
504458493823092,1,0.063,-0.0139500005,9.885
504458493823090,4,9.625E-4,5.5E-4,-1.375E-4
504458495174629,2,-9.993751,34.65,-14.981251
504458512783623,1,0.064950004,-0.024,9.876
504458512783623,4,-2.75E-4,5.5E-4,-0.0012375
504458531744014,1,0.06795,-0.024,9.876
504458531744012,4,9.625E-4,5.5E-4,-1.375E-4
504458545246836,2,-9.993751,34.66875,-14.981251
504458550704627,1,0.072000004,-0.016050002,9.877951
504458550704627,4,9.625E-4,5.5E-4,-1.375E-4
504458569665158,1,0.072000004,-0.016050002,9.885
504458569665156,4,-2.75E-4,5.5E-4,-0.0012375
504458588625532,1,0.072000004,-0.031050002,9.877951
504458588625530,4,-2.75E-4,5.5E-4,-0.0012375
504458595313913,2,-10.012501,34.6875,-14.981251
504458607586079,1,0.072000004,-0.031050002,9.880051
504458607586079,4,9.625E-4,5.5E-4,-0.0012375
504458626546780,1,0.06795,-0.024,9.883051
504458626546780,4,-2.75E-4,5.5E-4,-0.0012375
504458645507085,1,0.064950004,-0.021000002,9.877951
504458645507083,4,-2.75E-4,5.5E-4,-1.375E-4
504458645362652,2,-10.012501,34.6875,-15.000001
504458664467636,1,0.079950005,-0.025950002,9.876
504458664467636,4,-2.75E-4,-6.875E-4,0.0011
504458683428008,1,0.076950006,-0.01905,9.880051
504458683428006,4,-2.75E-4,5.5E-4,-1.375E-4
504458695406023,2,-9.975,34.6875,-14.962501
504458702388632,1,0.063,-0.021000002,9.871051
504458702388632,4,-2.75E-4,5.5E-4,-0.0012375
504458721349181,1,0.07005,-0.025950002,9.873
504458721349179,4,9.625E-4,5.5E-4,-1.375E-4
504458740309562,1,0.075,-0.025950002,9.876
504458740309560,4,-2.75E-4,5.5E-4,0.0011
504458745432975,2,-9.88125,34.66875,-15.01875
504458759270098,1,0.076950006,-0.01905,9.883051
504458759270098,4,9.625E-4,-6.875E-4,-0.0012375
504458778230504,1,0.07005,-0.025950002,9.876
504458778230502,4,-2.75E-4,5.5E-4,-1.375E-4
504458795446470,2,-9.731251,34.66875,-15.13125
504458797191131,1,0.064950004,-0.025950002,9.885
504458797191131,4,-2.75E-4,5.5E-4,-1.375E-4
504458816151662,1,0.072000004,-0.016050002,9.883051
504458816151660,4,-2.75E-4,-6.875E-4,0.0011
504458835112056,1,0.06795,-0.024,9.877951
504458835112054,4,-2.75E-4,-6.875E-4,-1.375E-4
504458845314337,2,-9.7875,34.66875,-15.150001
504458854072593,1,0.072000004,-0.028050002,9.883051
504458854072593,4,-2.75E-4,5.5E-4,-1.375E-4
504458873032985,1,0.072000004,-0.021000002,9.880051
504458873032983,4,9.625E-4,5.5E-4,-0.0012375
504458891993607,1,0.075,-0.025950002,9.883051
504458891993607,4,-2.75E-4,5.5E-4,-1.375E-4
504458895352000,2,-9.806251,34.66875,-15.150001
504458910954139,1,0.07005,-0.024,9.876
504458910954137,4,-2.75E-4,5.5E-4,-0.0012375
504458929914513,1,0.07005,-0.028050002,9.880051
504458929914511,4,9.625E-4,5.5E-4,-0.0012375
504458945389442,2,-9.76875,34.66875,-15.20625
504458948875045,1,0.064950004,-0.021000002,9.883051
504458948875045,4,9.625E-4,5.5E-4,-1.375E-4
504458967835655,1,0.06795,-0.009000001,9.873
504458967835655,4,-2.75E-4,5.5E-4,-0.0012375
504458986796013,1,0.072000004,-0.0139500005,9.876
504458986796011,4,-2.75E-4,5.5E-4,-1.375E-4
504458995413769,2,-9.618751,34.65,-15.281251
504459005756507,1,0.072000004,-0.01905,9.877951
504459005756507,4,-2.75E-4,5.5E-4,-1.375E-4
504459024716880,1,0.07005,-0.01905,9.873
504459024716878,4,-2.75E-4,5.5E-4,-1.375E-4
504459043677392,1,0.072000004,-0.024,9.871051
504459043677392,4,-2.75E-4,-6.875E-4,-0.0012375
504459045252740,2,-9.618751,34.65,-15.225
504459062637988,1,0.063,-0.025950002,9.877951
504459062637988,4,-2.75E-4,5.5E-4,-1.375E-4
504459081598380,1,0.076950006,-0.025950002,9.876
504459081598378,4,-2.75E-4,5.5E-4,-1.375E-4
504459095308815,2,-9.712501,34.65,-15.150001
504459100558887,1,0.075,-0.024,9.871051
504459100558887,4,-2.75E-4,0.0017875,0.0011
504459119519259,1,0.07005,-0.024,9.873
504459119519257,4,9.625E-4,-6.875E-4,-1.375E-4
504459138479785,1,0.064950004,-0.025950002,9.880051
504459138479785,4,-0.001375,-6.875E-4,-1.375E-4
504459145351040,2,-9.806251,34.66875,-15.093751
504459157440382,1,0.06795,-0.021000002,9.873
504459157440382,4,9.625E-4,5.5E-4,-1.375E-4
504459176400753,1,0.075,-0.024,9.876
504459176400751,4,-2.75E-4,5.5E-4,0.0011
504459195361343,1,0.075,-0.024,9.880051
504459195361343,4,-2.75E-4,-9.625E-4,0.0
504459195391368,2,-9.7875,34.66875,-15.075001
504459214321648,1,0.07005,-0.024,9.876
504459214321646,4,-0.0015125,-9.625E-4,-0.0012375
504459233282175,1,0.063,-0.024,9.873
504459233282175,4,-2.75E-4,2.75E-4,0.0
504459245417414,2,-9.9375,34.706253,-14.981251
504459252242790,1,0.072000004,-0.025950002,9.876
504459252242790,4,-2.75E-4,2.75E-4,0.0
504459271203177,1,0.064950004,-0.031050002,9.883051
504459271203175,4,8.25E-4,-9.625E-4,0.0
504459290163718,1,0.060000002,-0.031050002,9.880051
504459290163718,4,-2.75E-4,2.75E-4,0.0
504459295409007,2,-10.06875,34.706253,-14.94375
504459309124348,1,0.072000004,-0.024,9.876
504459309124348,4,-2.75E-4,2.75E-4,0.0
504459328084667,1,0.060000002,-0.025950002,9.876
504459328084665,4,-2.75E-4,2.75E-4,-0.0012375
504459345430030,2,-10.05,34.706253,-14.94375
504459347045061,1,0.072000004,-0.025950002,9.873
504459347045059,4,-2.75E-4,-9.625E-4,0.0
504459366005675,1,0.063,-0.028050002,9.883051
504459366005675,4,-2.75E-4,2.75E-4,0.0012375
504459384966213,1,0.075,-0.021000002,9.876
504459384966213,4,8.25E-4,2.75E-4,0.0012375
504459395264546,2,-10.06875,34.706253,-14.94375
504459403926600,1,0.072000004,-0.028050002,9.880051
504459403926598,4,8.25E-4,2.75E-4,0.0
504459422887137,1,0.072000004,-0.021000002,9.880051
504459422887137,4,8.25E-4,2.75E-4,-0.0012375
504459441847518,1,0.075,-0.01905,9.877951
504459441847516,4,8.25E-4,2.75E-4,0.0
504459445318501,2,-10.087501,34.706253,-14.925
504459460808141,1,0.072000004,-0.01905,9.877951
504459460808141,4,-2.75E-4,2.75E-4,-0.0012375
504459479768681,1,0.07005,-0.028050002,9.876
504459479768679,4,-2.75E-4,2.75E-4,-0.0012375
504459495359020,2,-10.2375,34.706253,-14.83125
504459498729066,1,0.07005,-0.025950002,9.883051
504459498729064,4,-2.75E-4,-9.625E-4,0.0
504459517689617,1,0.07005,-0.021000002,9.876
504459517689617,4,-2.75E-4,2.75E-4,0.0
504459536650004,1,0.075,-0.01905,9.877951
504459536650002,4,-0.0015125,2.75E-4,0.0
504459545386920,2,-10.25625,34.6875,-14.83125
504459555610626,1,0.072000004,-0.0139500005,9.873
504459555610626,4,8.25E-4,2.75E-4,-0.0012375
504459574571162,1,0.072000004,-0.01905,9.873
504459574571160,4,-2.75E-4,2.75E-4,-0.0012375
504459593531543,1,0.060000002,-0.024,9.868051
504459593531541,4,-2.75E-4,-9.625E-4,0.0
504459595286087,2,-10.21875,34.6875,-14.85
504459612492088,1,0.05595,-0.024,9.876
504459612492088,4,-2.75E-4,-9.625E-4,0.0
504459631452694,1,0.07005,-0.016050002,9.871051
504459631452694,4,8.25E-4,-9.625E-4,0.0
504459645332018,2,-10.25625,34.6875,-14.793751
504459650413003,1,0.075,-0.024,9.865951
504459650413001,4,-2.75E-4,2.75E-4,-0.0012375
504459669373398,1,0.07005,-0.028050002,9.873
504459669373396,4,-2.75E-4,2.75E-4,0.0
504459688334022,1,0.07005,-0.021000002,9.868051
504459688334022,4,-2.75E-4,2.75E-4,-0.0012375
504459695376174,2,-10.35,34.6875,-14.718751
504459707294560,1,0.064950004,-0.025950002,9.871051
504459707294560,4,8.25E-4,2.75E-4,0.0
504459726254952,1,0.072000004,-0.01905,9.873
504459726254950,4,-2.75E-4,2.75E-4,0.0
504459745215556,1,0.06795,-0.025950002,9.877951
504459745215556,4,8.25E-4,2.75E-4,0.0
504459745405897,2,-10.2375,34.6875,-14.812501
504459764175861,1,0.064950004,-0.028050002,9.876
504459764175859,4,8.25E-4,-9.625E-4,0.0
504459783136464,1,0.064950004,-0.01905,9.873
504459783136464,4,8.25E-4,2.75E-4,0.0
504459795423225,2,-10.1625,34.66875,-14.868751
504459802096989,1,0.072000004,-0.025950002,9.876
504459802096989,4,8.25E-4,2.75E-4,0.0
504459821057360,1,0.072000004,-0.025950002,9.873
504459821057358,4,8.25E-4,-9.625E-4,0.0
504459840017897,1,0.06795,-0.01905,9.877951
504459840017897,4,-2.75E-4,2.75E-4,0.0
504459845362863,2,-10.181251,34.66875,-14.83125
504459858978274,1,0.058050003,-0.016050002,9.873
504459858978272,4,-2.75E-4,2.75E-4,0.0
504459877938878,1,0.07005,-0.028050002,9.868051
504459877938878,4,8.25E-4,-9.625E-4,-0.0012375
504459895389035,2,-10.33125,34.6875,-14.718751
504459896899423,1,0.075,-0.021000002,9.873
504459896899421,4,-2.75E-4,2.75E-4,-0.0012375
504459915859827,1,0.072000004,-0.016050002,9.877951
504459915859825,4,-2.75E-4,2.75E-4,-0.0012375
504459934820374,1,0.060000002,-0.033,9.880051
504459934820374,4,-2.75E-4,-9.625E-4,0.0012375
504459945283322,2,-10.293751,34.66875,-14.700001
504459953780750,1,0.06795,-0.024,9.873
504459953780748,4,-2.75E-4,2.75E-4,0.0
504459972741287,1,0.07005,-0.025950002,9.876
504459972741287,4,-2.75E-4,2.75E-4,0.0
504459991701891,1,0.07005,-0.024,9.880051
504459991701891,4,8.25E-4,-9.625E-4,-0.0012375
504459995330098,2,-10.25625,34.66875,-14.75625
504460010662278,1,0.06795,-0.024,9.873
504460010662276,4,-2.75E-4,2.75E-4,0.0
504460029622814,1,0.060000002,-0.01905,9.880051
504460029622814,4,8.25E-4,-9.625E-4,0.0
504460045364217,2,-10.293751,34.65,-14.681251
504460048583215,1,0.072000004,-0.016050002,9.873
504460048583213,4,8.25E-4,2.75E-4,0.0
504460067543828,1,0.06795,-0.025950002,9.876
504460067543828,4,8.25E-4,2.75E-4,0.0
504460086504369,1,0.075,-0.033,9.880051
504460086504367,4,-2.75E-4,2.75E-4,0.0012375
504460095397947,2,-10.275001,34.65,-14.718751
504460105464778,1,0.064950004,-0.028050002,9.868051
504460105464776,4,-2.75E-4,-9.625E-4,0.0
504460124425290,1,0.064950004,-0.031050002,9.876
504460124425290,4,-2.75E-4,-9.625E-4,0.0
504460143385677,1,0.07005,-0.021000002,9.871051
504460143385675,4,8.25E-4,-9.625E-4,0.0
504460145285465,2,-10.1625,34.65,-14.75625
504460162346213,1,0.07005,-0.024,9.873
504460162346213,4,8.25E-4,-9.625E-4,0.0
504460181306590,1,0.075,-0.024,9.873
504460181306588,4,-2.75E-4,2.75E-4,0.0
504460195338007,2,-10.05,34.631252,-14.793751
504460200267174,1,0.06795,-0.028050002,9.877951
504460200267174,4,8.25E-4,-9.625E-4,-0.0012375
504460219227715,1,0.06795,-0.028050002,9.873
504460219227713,4,8.25E-4,2.75E-4,0.0
504460238188100,1,0.076950006,-0.024,9.873
504460238188098,4,-2.75E-4,2.75E-4,0.0
504460245376090,2,-10.106251,34.65,-14.718751
504460257148627,1,0.072000004,-0.024,9.873
504460257148627,4,8.25E-4,2.75E-4,0.0
504460276109024,1,0.063,-0.025950002,9.865951
504460276109022,4,8.25E-4,2.75E-4,0.0
504460295069550,1,0.06795,-0.01905,9.876
504460295069550,4,8.25E-4,2.75E-4,0.0
504460295401007,2,-10.181251,34.65,-14.6625
504460314030152,1,0.072000004,-0.016050002,9.876
504460314030152,4,-2.75E-4,-9.625E-4,0.0
504460332990548,1,0.063,-0.033,9.868051
504460332990546,4,-2.75E-4,-9.625E-4,0.0
504460345426009,2,-10.05,34.631252,-14.7375
504460351951085,1,0.075,-0.025950002,9.873
504460351951085,4,8.25E-4,2.75E-4,0.0
504460370911480,1,0.060000002,-0.024,9.868051
504460370911478,4,-2.75E-4,2.75E-4,0.0
504460389872104,1,0.075,-0.021000002,9.877951
504460389872104,4,8.25E-4,-9.625E-4,0.0
504460395304254,2,-9.95625,34.612503,-14.75625
504460408832428,1,0.075,-0.021000002,9.873
504460408832426,4,-2.75E-4,2.75E-4,0.0
504460427793051,1,0.079950005,-0.028050002,9.876
504460427793051,4,-2.75E-4,-9.625E-4,0.0
504460445350525,2,-10.012501,34.59375,-14.681251
504460446753661,1,0.072000004,-0.028050002,9.871051
504460446753661,4,-2.75E-4,-9.625E-4,-0.0012375
504460465713966,1,0.07005,-0.01905,9.877951
504460465713964,4,-0.0015125,2.75E-4,0.0
504460484674580,1,0.06795,-0.028050002,9.871051
504460484674580,4,8.25E-4,-9.625E-4,0.0
504460495395029,2,-10.06875,34.59375,-14.681251
504460503635118,1,0.063,-0.021000002,9.868051
504460503635118,4,-2.75E-4,2.75E-4,-0.0012375
504460522595438,1,0.064950004,-0.016050002,9.873
504460522595436,4,-2.75E-4,2.75E-4,0.0012375
504460541556060,1,0.06795,-0.025950002,9.876
504460541556060,4,-2.75E-4,-9.625E-4,0.0
504460545413696,2,-10.012501,34.55625,-14.75625
504460560516452,1,0.072000004,-0.01905,9.876
504460560516450,4,-2.75E-4,2.75E-4,-0.0012375
504460579476988,1,0.07005,-0.031050002,9.877951
504460579476988,4,-2.75E-4,2.75E-4,0.0
504460595433753,2,-9.918751,34.55625,-14.775001
504460598437389,1,0.07005,-0.01905,9.877951
504460598437387,4,-0.0015125,2.75E-4,0.0
504460617397916,1,0.06795,-0.01905,9.871051
504460617397916,4,-2.75E-4,2.75E-4,-0.0012375
504460636358302,1,0.072000004,-0.024,9.880051
504460636358300,4,-2.75E-4,2.75E-4,0.0
504460645443218,2,-9.8625,34.55625,-14.85
504460655318907,1,0.072000004,-0.016050002,9.877951
504460655318907,4,8.25E-4,2.75E-4,0.0
504460674279447,1,0.064950004,-0.021000002,9.868051
504460674279445,4,0.0020625,-9.625E-4,0.0
504460693239822,1,0.063,-0.021000002,9.873
504460693239820,4,-2.75E-4,2.75E-4,0.0
504460695337277,2,-9.84375,34.518753,-14.83125
504460712200445,1,0.072000004,-0.016050002,9.871051
504460712200445,4,-2.75E-4,2.75E-4,0.0012375
504460731160755,1,0.06795,-0.031050002,9.873
504460731160753,4,-2.75E-4,2.75E-4,0.0
504460745368093,2,-9.675,34.5,-14.925
504460750121383,1,0.064950004,-0.01905,9.871051
504460750121383,4,8.25E-4,-9.625E-4,0.0
504460769081921,1,0.072000004,-0.016050002,9.873
504460769081921,4,-2.75E-4,-9.625E-4,0.0
504460788042308,1,0.08205,-0.01905,9.873
504460788042306,4,8.25E-4,-9.625E-4,0.0
504460795389113,2,-9.58125,34.48125,-14.981251
504460807002825,1,0.07005,-0.01905,9.876
504460807002825,4,-2.75E-4,2.75E-4,0.0
504460825963431,1,0.06795,-0.028050002,9.871051
504460825963431,4,8.25E-4,2.75E-4,0.0
504460844923735,1,0.064950004,-0.024,9.876
504460844923733,4,-2.75E-4,-9.625E-4,0.0
504460845390039,2,-9.637501,34.48125,-14.94375
504460863884120,1,0.06795,-0.025950002,9.880051
504460863884118,4,-2.75E-4,2.75E-4,0.0
504460882844648,1,0.072000004,-0.025950002,9.877951
504460882844648,4,-2.75E-4,-9.625E-4,0.0
504460895408592,2,-9.618751,34.48125,-14.925
504460901805272,1,0.075,-0.031050002,9.868051
504460901805272,4,-2.75E-4,-9.625E-4,0.0
504460920765659,1,0.075,-0.021000002,9.876
504460920765657,4,-2.75E-4,2.75E-4,0.0
504460939726205,1,0.076950006,-0.021000002,9.871051
504460939726205,4,-2.75E-4,2.75E-4,0.0
504460945253667,2,-9.58125,34.48125,-14.94375
504460958686582,1,0.063,-0.01905,9.880051
504460958686580,4,-2.75E-4,2.75E-4,0.0
504460977647118,1,0.076950006,-0.024,9.877951
504460977647118,4,-2.75E-4,2.75E-4,-0.0012375
504460995305354,2,-9.431251,34.4625,-15.000001
504460996607734,1,0.075,-0.016050002,9.873
504460996607734,4,-2.75E-4,2.75E-4,0.0
504461015568110,1,0.06795,-0.012,9.865951
504461015568108,4,-2.75E-4,2.75E-4,0.0012375
504461034528647,1,0.072000004,-0.01905,9.876
504461034528647,4,8.25E-4,-9.625E-4,0.0
504461045344488,2,-9.50625,34.48125,-14.981251
504461053489034,1,0.072000004,-0.01905,9.873
504461053489032,4,-2.75E-4,2.75E-4,0.0
504461072449584,1,0.075,-0.025950002,9.868051
504461072449584,4,-2.75E-4,2.75E-4,0.0
504461091410000,1,0.075,-0.025950002,9.880051
504461091409998,4,-2.75E-4,2.75E-4,0.0
504461095383020,2,-9.618751,34.5,-14.906251
504461110370632,1,0.064950004,-0.01905,9.877951
504461110370632,4,-0.0015125,2.75E-4,0.0
504461129331188,1,0.07005,-0.012,9.873
504461129331186,4,-2.75E-4,2.75E-4,1.375E-4
504461145408218,2,-9.543751,34.5,-14.906251
504461148291605,1,0.072000004,-0.024,9.877951
504461148291603,4,-2.75E-4,-9.625E-4,-0.0011
504461167252152,1,0.075,-0.025950002,9.871051
504461167252152,4,-2.75E-4,-9.625E-4,1.375E-4
504461186212772,1,0.08400001,-0.01905,9.876
504461186212772,4,-2.75E-4,2.75E-4,1.375E-4
504461195433158,2,-9.5625,34.518753,-14.887501
504461205173072,1,0.06795,-0.01905,9.877951
504461205173070,4,-2.75E-4,2.75E-4,1.375E-4
504461224133447,1,0.06795,-0.024,9.873
504461224133445,4,-2.75E-4,2.75E-4,1.375E-4
504461243094060,1,0.075,-0.028050002,9.876
504461243094060,4,-2.75E-4,2.75E-4,1.375E-4
504461245457547,2,-9.731251,34.537502,-14.793751
504461262054599,1,0.063,-0.024,9.871051
504461262054599,4,-2.75E-4,2.75E-4,1.375E-4
504461281014985,1,0.075,-0.009000001,9.873
504461281014983,4,-2.75E-4,2.75E-4,1.375E-4
504461295458591,2,-9.712501,34.537502,-14.793751
504461299975599,1,0.072000004,-0.024,9.877951
504461299975599,4,-2.75E-4,2.75E-4,1.375E-4
504461318936129,1,0.075,-0.016050002,9.871051
504461318936127,4,9.625E-4,2.75E-4,1.375E-4
504461337896437,1,0.072000004,-0.021000002,9.873
504461337896435,4,-2.75E-4,2.75E-4,1.375E-4
504461345463923,2,-9.637501,34.537502,-14.868751
504461356857036,1,0.075,-0.031050002,9.877951
504461356857036,4,-0.0015125,2.75E-4,1.375E-4
504461375817399,1,0.079950005,-0.036000002,9.876
504461375817397,4,9.625E-4,-9.625E-4,1.375E-4
504461394777921,1,0.075,-0.009000001,9.865951
504461394777921,4,9.625E-4,2.75E-4,-0.0011
504461395394148,2,-9.6,34.518753,-14.887501
504461413738302,1,0.079950005,-0.024,9.885
504461413738300,4,-2.75E-4,2.75E-4,1.375E-4
504461432698814,1,0.064950004,-0.021000002,9.877951
504461432698814,4,-2.75E-4,2.75E-4,1.375E-4
504461445413337,2,-9.712501,34.537502,-14.812501
504461451659176,1,0.072000004,-0.01905,9.877951
504461451659174,4,-2.75E-4,2.75E-4,1.375E-4
504461470619790,1,0.064950004,-0.025950002,9.880051
504461470619790,4,-2.75E-4,2.75E-4,1.375E-4
504461489580316,1,0.079950005,-0.016050002,9.876
504461489580314,4,-2.75E-4,-9.625E-4,1.375E-4
504461495248455,2,-9.731251,34.537502,-14.775001
504461508540710,1,0.07005,-0.024,9.876
504461508540708,4,9.625E-4,-9.625E-4,-0.0011
504461527501256,1,0.076950006,-0.024,9.883051
504461527501256,4,-2.75E-4,2.75E-4,-0.0011
504461545293346,2,-9.69375,34.518753,-14.83125
504461546461652,1,0.076950006,-0.01905,9.876
504461546461650,4,-2.75E-4,2.75E-4,1.375E-4
504461565422189,1,0.06795,-0.0139500005,9.868051
504461565422189,4,-2.75E-4,2.75E-4,1.375E-4
504461584382575,1,0.079950005,-0.016050002,9.873
504461584382573,4,-2.75E-4,-9.625E-4,1.375E-4
504461595339476,2,-9.618751,34.518753,-14.85
504461603343189,1,0.06795,-0.024,9.876
504461603343189,4,9.625E-4,2.75E-4,1.375E-4
504461622303729,1,0.072000004,-0.033,9.877951
504461622303727,4,-2.75E-4,2.75E-4,0.001375
504461641264124,1,0.064950004,-0.01905,9.876
504461641264122,4,-2.75E-4,-9.625E-4,1.375E-4
504461645372987,2,-9.69375,34.518753,-14.75625
504461660224655,1,0.06795,-0.024,9.880051
504461660224655,4,9.625E-4,-9.625E-4,1.375E-4
504461679185032,1,0.064950004,-0.021000002,9.877951
504461679185030,4,-2.75E-4,-9.625E-4,1.375E-4
504461695406102,2,-9.75,34.537502,-14.75625
504461698145584,1,0.064950004,-0.025950002,9.880051
504461698145584,4,-2.75E-4,2.75E-4,1.375E-4
504461717105970,1,0.064950004,-0.025950002,9.876
504461717105968,4,-2.75E-4,2.75E-4,1.375E-4
504461736066599,1,0.063,-0.028050002,9.873
504461736066599,4,-2.75E-4,2.75E-4,1.375E-4
504461745426502,2,-9.76875,34.518753,-14.775001
504461755026913,1,0.07005,-0.028050002,9.873
504461755026911,4,-2.75E-4,-9.625E-4,-0.0011
504461773987435,1,0.075,-0.025950002,9.880051
504461773987435,4,-2.75E-4,-9.625E-4,1.375E-4
504461792948046,1,0.06795,-0.031050002,9.873
504461792948046,4,-2.75E-4,2.75E-4,1.375E-4
504461795436253,2,-9.69375,34.5,-14.812501
504461811908418,1,0.064950004,-0.025950002,9.877951
504461811908416,4,-2.75E-4,2.75E-4,1.375E-4
504461830868945,1,0.07005,-0.021000002,9.868051
504461830868945,4,-2.75E-4,0.0015125,-0.0011
504461845448796,2,-9.75,34.518753,-14.75625
504461849829346,1,0.064950004,-0.031050002,9.877951
504461849829344,4,-2.75E-4,2.75E-4,1.375E-4
504461868789965,1,0.08400001,-0.028050002,9.877951
504461868789965,4,-2.75E-4,-9.625E-4,1.375E-4
504461887750514,1,0.075,-0.01905,9.871051
504461887750512,4,-2.75E-4,2.75E-4,1.375E-4
504461895452316,2,-9.900001,34.537502,-14.700001
504461906710899,1,0.06795,-0.024,9.876
504461906710897,4,-2.75E-4,2.75E-4,1.375E-4
504461925671464,1,0.076950006,-0.024,9.880051
504461925671464,4,-2.75E-4,2.75E-4,1.375E-4
504461944631870,1,0.064950004,-0.033,9.873
504461944631868,4,-0.0015125,2.75E-4,1.375E-4
504461945325205,2,-9.825001,34.518753,-14.75625
504461963592401,1,0.079950005,-0.024,9.883051
504461963592401,4,-2.75E-4,2.75E-4,1.375E-4
504461982552788,1,0.072000004,-0.016050002,9.876
504461982552786,4,-2.75E-4,2.75E-4,1.375E-4
504461995356732,2,-9.75,34.537502,-14.775001
504462001513386,1,0.079950005,-0.024,9.876
504462001513386,4,-2.75E-4,2.75E-4,1.375E-4
504462020473913,1,0.064950004,-0.025950002,9.880051
504462020473911,4,-2.75E-4,2.75E-4,1.375E-4
504462039434302,1,0.07005,-0.01905,9.877951
504462039434300,4,-0.0015125,2.75E-4,1.375E-4
504462045401621,2,-9.825001,34.537502,-14.7375
504462058394853,1,0.07005,-0.024,9.873
504462058394853,4,-2.75E-4,2.75E-4,1.375E-4
504462077355254,1,0.064950004,-0.024,9.883051
504462077355252,4,9.625E-4,2.75E-4,1.375E-4
504462095421578,2,-9.88125,34.55625,-14.75625
504462096315790,1,0.076950006,-0.016050002,9.873
504462096315790,4,-2.75E-4,2.75E-4,1.375E-4
504462115276187,1,0.075,-0.016050002,9.877951
504462115276185,4,-2.75E-4,2.75E-4,1.375E-4
504462134236719,1,0.07005,-0.01905,9.876
504462134236719,4,9.625E-4,0.0015125,1.375E-4
504462145431924,2,-9.806251,34.55625,-14.775001
504462153197329,1,0.07005,-0.01905,9.877951
504462153197329,4,-2.75E-4,2.75E-4,1.375E-4
504462172157716,1,0.08205,-0.021000002,9.876
504462172157714,4,9.625E-4,2.75E-4,1.375E-4
504462191118252,1,0.07005,-0.021000002,9.876
504462191118252,4,9.625E-4,-9.625E-4,1.375E-4
504462195445688,2,-9.731251,34.55625,-14.793751
504462210078610,1,0.075,-0.025950002,9.877951
504462210078608,4,9.625E-4,-9.625E-4,0.001375
504462229039131,1,0.075,-0.031050002,9.876
504462229039131,4,-0.0015125,0.0015125,1.375E-4
504462245450716,2,-9.806251,34.55625,-14.793751
504462247999509,1,0.072000004,-0.01905,9.876
504462247999507,4,-2.75E-4,0.0015125,1.375E-4
504462266960040,1,0.072000004,-0.025950002,9.876
504462266960040,4,-2.75E-4,2.75E-4,1.375E-4
504462285920427,1,0.06795,-0.025950002,9.873
504462285920425,4,-2.75E-4,2.75E-4,0.001375
504462295448877,2,-9.8625,34.575,-14.75625
504462304881036,1,0.072000004,-0.01905,9.877951
504462304881036,4,-2.75E-4,-9.625E-4,1.375E-4
504462323841585,1,0.075,-0.024,9.883051
504462323841583,4,-2.75E-4,2.75E-4,1.375E-4
504462342801975,1,0.064950004,-0.01905,9.876
504462342801973,4,-2.75E-4,2.75E-4,1.375E-4
504462345453120,2,-9.731251,34.575,-14.83125
504462361762502,1,0.06795,-0.024,9.876
504462361762502,4,-2.75E-4,-9.625E-4,0.001375
504462380722889,1,0.075,-0.033,9.876
504462380722887,4,-2.75E-4,-9.625E-4,-0.0011
504462395439862,2,-9.65625,34.575,-14.868751
504462399683415,1,0.076950006,-0.016050002,9.883051
504462399683415,4,9.625E-4,2.75E-4,0.001375
504462418643792,1,0.072000004,-0.01905,9.880051
504462418643790,4,-2.75E-4,2.75E-4,1.375E-4
504462437604320,1,0.07005,-0.021000002,9.871051
504462437604320,4,9.625E-4,2.75E-4,1.375E-4
504462445446855,2,-9.731251,34.59375,-14.83125
504462456564701,1,0.08205,-0.024,9.868051
504462456564699,4,-2.75E-4,-9.625E-4,1.375E-4
504462475525223,1,0.07005,-0.024,9.877951
504462475525223,4,9.625E-4,2.75E-4,1.375E-4
504462494485829,1,0.064950004,-0.025950002,9.876
504462494485829,4,9.625E-4,-9.625E-4,1.375E-4
504462495272994,2,-9.806251,34.59375,-14.793751
504462513446235,1,0.06795,-0.021000002,9.873
504462513446233,4,9.625E-4,2.75E-4,1.375E-4
504462532406780,1,0.072000004,-0.028050002,9.877951
504462532406780,4,9.625E-4,-9.625E-4,1.375E-4
504462545309324,2,-9.637501,34.575,-14.868751
504462551367177,1,0.064950004,-0.025950002,9.877951
504462551367175,4,9.625E-4,2.75E-4,1.375E-4
504462570327727,1,0.07005,-0.021000002,9.876
504462570327727,4,-2.75E-4,2.75E-4,1.375E-4
504462589288114,1,0.063,-0.021000002,9.876
504462589288112,4,-2.75E-4,2.75E-4,1.375E-4
504462595348810,2,-9.50625,34.55625,-14.962501
504462608248646,1,0.07005,-0.016050002,9.880051
504462608248646,4,-2.75E-4,2.75E-4,1.375E-4
504462627209247,1,0.07005,-0.01905,9.877951
504462627209247,4,-2.75E-4,-9.625E-4,1.375E-4
504462645377168,2,-9.618751,34.55625,-14.94375
504462646169643,1,0.07005,-0.021000002,9.877951
504462646169641,4,-0.0015125,2.75E-4,-0.0011
504462665129955,1,0.05595,-0.016050002,9.876
504462665129953,4,-2.75E-4,2.75E-4,1.375E-4
504462684090579,1,0.072000004,-0.021000002,9.876
504462684090579,4,-2.75E-4,-9.625E-4,1.375E-4
504462695406702,2,-9.58125,34.537502,-14.962501
504462703051117,1,0.063,-0.025950002,9.873
504462703051117,4,-2.75E-4,2.75E-4,1.375E-4
504462722011509,1,0.06795,-0.024,9.876
504462722011507,4,9.625E-4,2.75E-4,1.375E-4
504462740972041,1,0.075,-0.01905,9.885
504462740972041,4,-2.75E-4,2.75E-4,1.375E-4
504462745424886,2,-9.431251,34.518753,-15.01875
504462759932441,1,0.07005,-0.028050002,9.877951
504462759932439,4,-2.75E-4,2.75E-4,1.375E-4
504462778892978,1,0.072000004,-0.021000002,9.880051
504462778892978,4,-2.75E-4,2.75E-4,1.375E-4
504462795433363,2,-9.356251,34.537502,-15.0375
504462797853359,1,0.072000004,-0.024,9.871051
504462797853357,4,9.625E-4,-9.625E-4,1.375E-4
504462816813887,1,0.076950006,-0.028050002,9.877951
504462816813887,4,-2.75E-4,-9.625E-4,-0.0011
504462835774502,1,0.072000004,-0.024,9.883051
504462835774502,4,-2.75E-4,2.75E-4,-0.0011
504462845445401,2,-9.375,34.518753,-15.056251
504462854734812,1,0.072000004,-0.016050002,9.877951
504462854734810,4,-2.75E-4,2.75E-4,1.375E-4
504462873695202,1,0.072000004,-0.025950002,9.880051
504462873695200,4,9.625E-4,-9.625E-4,0.001375
504462892655752,1,0.06795,-0.031050002,9.873
504462892655752,4,-2.75E-4,2.75E-4,1.375E-4
504462895448903,2,-9.356251,34.518753,-15.093751
504462911616143,1,0.075,-0.021000002,9.873
504462911616141,4,-2.75E-4,2.75E-4,1.375E-4
504462930576761,1,0.075,-0.021000002,9.873
504462930576761,4,-2.75E-4,2.75E-4,1.375E-4
504462945389548,2,-9.225,34.518753,-15.20625
504462949537293,1,0.06795,-0.025950002,9.877951
504462949537291,4,-0.0015125,2.75E-4,-0.0011
504462968497677,1,0.07005,-0.024,9.873
504462968497675,4,9.625E-4,-9.625E-4,1.375E-4
504462987458214,1,0.063,-0.024,9.877951
504462987458214,4,-2.75E-4,2.75E-4,1.375E-4
504462995405748,2,-9.150001,34.518753,-15.281251
504463006418615,1,0.075,-0.025950002,9.880051
504463006418613,4,9.625E-4,0.0015125,1.375E-4
504463025379228,1,0.06795,-0.0139500005,9.880051
504463025379228,4,-2.75E-4,-9.625E-4,1.375E-4
504463044339783,1,0.072000004,-0.016050002,9.876
504463044339781,4,-2.75E-4,-9.625E-4,1.375E-4
504463045239782,2,-9.150001,34.518753,-15.262501
504463063300105,1,0.064950004,-0.033,9.876
504463063300103,4,0.0011,-8.25E-4,0.0
504463082260728,1,0.06795,-0.024,9.877951
504463082260728,4,-1.375E-4,-8.25E-4,0.0
504463095294245,2,-9.262501,34.537502,-15.20625
504463101221042,1,0.075,-0.021000002,9.873
504463101221040,4,0.0011,4.125E-4,0.0012375
504463120181641,1,0.064950004,-0.01905,9.877951
504463120181641,4,-0.001375,-8.25E-4,0.0
504463139142034,1,0.063,-0.021000002,9.880051
504463139142032,4,-0.001375,0.00165,-0.0012375
504463145336512,2,-9.20625,34.518753,-15.281251
504463158102556,1,0.072000004,-0.021000002,9.877951
504463158102556,4,-1.375E-4,4.125E-4,-0.0012375
504463177062928,1,0.076950006,-0.0139500005,9.876
504463177062926,4,0.0011,4.125E-4,0.0012375
504463195377943,2,-9.13125,34.5,-15.281251
504463196023479,1,0.07005,-0.025950002,9.871051
504463196023479,4,-1.375E-4,0.00165,0.0
504463214983861,1,0.063,-0.024,9.876
504463214983859,4,-1.375E-4,-8.25E-4,0.0
504463233944402,1,0.063,-0.021000002,9.877951
504463233944402,4,-1.375E-4,4.125E-4,0.0
504463245405822,2,-9.13125,34.5,-15.262501
504463252904779,1,0.08400001,-0.021000002,9.877951
504463252904777,4,-1.375E-4,-8.25E-4,0.0
504463271865325,1,0.072000004,-0.021000002,9.877951
504463271865325,4,-1.375E-4,4.125E-4,0.0
504463290825711,1,0.060000002,-0.01905,9.883051
504463290825709,4,-1.375E-4,-8.25E-4,0.0
504463295422022,2,-9.20625,34.518753,-15.20625
504463309786306,1,0.07005,-0.028050002,9.877951
504463309786306,4,-1.375E-4,-8.25E-4,0.0
504463328746610,1,0.072000004,-0.024,9.880051
504463328746608,4,-1.375E-4,0.00165,0.0012375
504463345439827,2,-9.150001,34.518753,-15.281251
504463347707210,1,0.07005,-0.016050002,9.883051
504463347707210,4,-1.375E-4,4.125E-4,0.0012375
504463366667748,1,0.076950006,-0.028050002,9.876
504463366667748,4,-1.375E-4,4.125E-4,0.0
504463385628120,1,0.072000004,-0.024,9.883051
504463385628118,4,-1.375E-4,4.125E-4,-0.0012375
504463395447402,2,-9.0375,34.5,-15.356251
504463404588447,1,0.072000004,-0.012,9.880051
504463404588445,4,-1.375E-4,4.125E-4,0.0012375
504463423549061,1,0.06795,-0.021000002,9.883051
504463423549061,4,0.0011,4.125E-4,-0.0012375
504463442509599,1,0.07005,-0.028050002,9.883051
504463442509599,4,-1.375E-4,4.125E-4,0.0
504463445458145,2,-9.09375,34.518753,-15.281251
504463461470000,1,0.063,-0.021000002,9.877951
504463461469998,4,-1.375E-4,4.125E-4,0.0
504463480430527,1,0.079950005,-0.028050002,9.876
504463480430527,4,-1.375E-4,4.125E-4,-0.0012375
504463495336620,2,-9.243751,34.537502,-15.20625
504463499390904,1,0.072000004,-0.024,9.880051
504463499390902,4,-1.375E-4,4.125E-4,0.0
504463518351440,1,0.076950006,-0.028050002,9.877951
504463518351440,4,-1.375E-4,4.125E-4,0.0
504463537311837,1,0.072000004,-0.024,9.873
504463537311835,4,-1.375E-4,4.125E-4,0.0
504463545361005,2,-9.243751,34.55625,-15.168751
504463556272373,1,0.07005,-0.016050002,9.880051
504463556272373,4,-1.375E-4,0.00165,0.0012375
504463575232750,1,0.07005,-0.024,9.877951
504463575232748,4,0.0011,4.125E-4,0.0
504463594193286,1,0.07005,-0.025950002,9.883051
504463594193286,4,-1.375E-4,4.125E-4,0.0
504463595235265,2,-9.262501,34.55625,-15.1125
504463613153673,1,0.064950004,-0.024,9.877951
504463613153671,4,-0.001375,4.125E-4,0.0
504463632114210,1,0.08205,-0.009000001,9.873
504463632114210,4,-0.001375,4.125E-4,-0.0012375
504463645288936,2,-9.337501,34.575,-15.075001
504463651074601,1,0.060000002,-0.01905,9.877951
504463651074599,4,-1.375E-4,4.125E-4,0.0
504463670035138,1,0.07005,-0.021000002,9.8880005
504463670035138,4,-1.375E-4,-8.25E-4,0.0
504463688995523,1,0.063,-0.028050002,9.880051
504463688995521,4,0.0011,-8.25E-4,0.0
504463695341354,2,-9.4125,34.59375,-15.01875
504463707956112,1,0.075,-0.021000002,9.8880005
504463707956112,4,-1.375E-4,4.125E-4,0.0
504463726916422,1,0.07005,-0.021000002,9.880051
504463726916420,4,0.0011,4.125E-4,-0.0012375
504463745877257,1,0.072000004,-0.016050002,9.877951
504463745877257,4,-1.375E-4,4.125E-4,0.0
504463745379149,2,-9.356251,34.575,-15.01875
504463764837345,1,0.07005,-0.031050002,9.873
504463764837343,4,0.0011,4.125E-4,0.0
504463783797958,1,0.07005,-0.024,9.876
504463783797958,4,-1.375E-4,0.00165,0.0
504463795403701,2,-9.28125,34.55625,-15.093751
504463802758497,1,0.072000004,-0.025950002,9.885
504463802758497,4,-1.375E-4,4.125E-4,0.0
504463821718883,1,0.07005,-0.021000002,9.877951
504463821718881,4,0.0011,-8.25E-4,0.0
504463840679182,1,0.07005,-0.021000002,9.877951
504463840679180,4,-1.375E-4,-8.25E-4,0.0
504463845428136,2,-9.337501,34.575,-15.000001
504463859639795,1,0.072000004,-0.024,9.883051
504463859639795,4,-1.375E-4,-8.25E-4,0.0012375
504463878600353,1,0.072000004,-0.01905,9.880051
504463878600353,4,-0.001375,-8.25E-4,0.0012375
504463895440808,2,-9.4125,34.575,-14.962501
504463897560740,1,0.06795,-0.024,9.876
504463897560738,4,-1.375E-4,4.125E-4,0.0012375
504463916521266,1,0.064950004,-0.024,9.883051
504463916521266,4,0.0011,-8.25E-4,0.0
504463935481648,1,0.072000004,-0.028050002,9.877951
504463935481646,4,0.0011,-8.25E-4,0.0
504463945444132,2,-9.375,34.575,-15.000001
504463954442184,1,0.06795,-0.024,9.877951
504463954442184,4,-1.375E-4,4.125E-4,-0.0012375
504463973402581,1,0.064950004,-0.01905,9.877951
504463973402579,4,-1.375E-4,4.125E-4,0.0012375
504463992363117,1,0.06795,-0.025950002,9.873
504463992363117,4,-1.375E-4,4.125E-4,0.0
504463995451584,2,-9.28125,34.575,-15.056251
504464011323513,1,0.076950006,-0.031050002,9.873
504464011323511,4,-1.375E-4,-8.25E-4,0.0
504464030284050,1,0.075,-0.01905,9.873
504464030284050,4,-1.375E-4,4.125E-4,0.0
504464045282482,2,-9.337501,34.59375,-14.981251
504464049244656,1,0.07005,-0.021000002,9.877951
504464049244656,4,-1.375E-4,4.125E-4,0.0
504464068204966,1,0.06795,-0.028050002,9.877951
504464068204964,4,0.0011,4.125E-4,0.0
504464087165340,1,0.075,-0.028050002,9.873
504464087165338,4,-1.375E-4,4.125E-4,0.0
504464095326767,2,-9.431251,34.59375,-14.906251
504464106125887,1,0.072000004,-0.025950002,9.880051
504464106125887,4,-1.375E-4,4.125E-4,0.0
504464125086293,1,0.06795,-0.024,9.877951
504464125086291,4,0.0011,4.125E-4,0.0012375
504464144046834,1,0.08205,-0.024,9.880051
504464144046834,4,-1.375E-4,4.125E-4,-0.0012375
504464145185705,2,-9.337501,34.59375,-14.94375
504464163007225,1,0.06795,-0.024,9.883051
504464163007223,4,0.0011,4.125E-4,0.0
504464181967776,1,0.064950004,-0.031050002,9.877951
504464181967776,4,-0.001375,4.125E-4,0.0
504464195260208,2,-9.262501,34.59375,-15.01875
504464200928177,1,0.06795,-0.028050002,9.880051
504464200928175,4,-1.375E-4,-8.25E-4,0.0
504464219888732,1,0.07005,-0.024,9.883051
504464219888732,4,0.0011,4.125E-4,0.0012375
504464238849124,1,0.064950004,-0.01905,9.877951
504464238849122,4,-1.375E-4,-8.25E-4,0.0
504464245318388,2,-9.31875,34.612503,-14.962501
504464257809680,1,0.064950004,-0.025950002,9.877951
504464257809680,4,0.0011,4.125E-4,0.0
504464276770076,1,0.06795,-0.024,9.883051
504464276770074,4,0.0011,-8.25E-4,0.0
504464295730613,1,0.06795,-0.01905,9.876
504464295730613,4,-1.375E-4,0.00165,0.0
504464295360523,2,-9.39375,34.59375,-14.925
504464314690999,1,0.06795,-0.024,9.880051
504464314690997,4,-0.001375,4.125E-4,0.0
504464333651521,1,0.075,-0.01905,9.883051
504464333651521,4,0.0011,4.125E-4,0.0
504464345399541,2,-9.356251,34.612503,-14.925
504464352611908,1,0.07005,-0.021000002,9.880051
504464352611906,4,0.0011,4.125E-4,0.0
504464371572531,1,0.072000004,-0.025950002,9.880051
504464371572531,4,-1.375E-4,4.125E-4,0.0
504464390532831,1,0.063,-0.021000002,9.876
504464390532829,4,-1.375E-4,4.125E-4,0.0
504464395423820,2,-9.262501,34.612503,-14.962501
504464409493349,1,0.064950004,-0.021000002,9.880051
504464409493349,4,-1.375E-4,4.125E-4,0.0
504464428453721,1,0.06795,-0.028050002,9.883051
504464428453719,4,-1.375E-4,-8.25E-4,0.0
504464445446939,2,-9.337501,34.612503,-14.906251
504464447414262,1,0.072000004,-0.024,9.876
504464447414262,4,-1.375E-4,4.125E-4,0.0012375
504464466374639,1,0.07005,-0.01905,9.876
504464466374637,4,-1.375E-4,4.125E-4,0.0
504464485335171,1,0.072000004,-0.025950002,9.873
504464485335171,4,-1.375E-4,4.125E-4,0.0
504464495401566,2,-9.46875,34.612503,-14.83125
504464504295524,1,0.072000004,-0.021000002,9.868051
504464504295522,4,-1.375E-4,4.125E-4,0.0
504464523256046,1,0.07005,-0.016050002,9.885
504464523256046,4,-1.375E-4,4.125E-4,0.0
504464542216413,1,0.072000004,-0.012,9.880051
504464542216411,4,0.0011,4.125E-4,-0.0012375
504464545415950,2,-9.431251,34.612503,-14.85
504464561176950,1,0.075,-0.0139500005,9.877951
504464561176950,4,-1.375E-4,4.125E-4,0.0
504464580137337,1,0.072000004,-0.01905,9.876
504464580137335,4,-1.375E-4,-8.25E-4,-0.0012375
504464595257092,2,-9.337501,34.59375,-14.925
504464599097883,1,0.06795,-0.021000002,9.877951
504464599097883,4,0.0011,4.125E-4,-0.0012375
504464618058284,1,0.060000002,-0.028050002,9.873
504464618058282,4,-1.375E-4,4.125E-4,0.0
504464637018830,1,0.07005,-0.01905,9.883051
504464637018830,4,-1.375E-4,4.125E-4,-0.0012375
504464645305746,2,-9.356251,34.612503,-14.887501
504464655979207,1,0.06795,-0.024,9.883051
504464655979205,4,0.0011,4.125E-4,0.0
504464674939753,1,0.075,-0.025950002,9.876
504464674939753,4,-1.375E-4,-8.25E-4,0.0012375
504464693900140,1,0.064950004,-0.031050002,9.885
504464693900138,4,-1.375E-4,4.125E-4,0.0
504464695179419,2,-9.46875,34.612503,-14.85
504464712860676,1,0.075,-0.021000002,9.876
504464712860676,4,-1.375E-4,4.125E-4,0.0
504464731821062,1,0.064950004,-0.024,9.883051
504464731821060,4,-0.001375,4.125E-4,0.0012375
504464745253942,2,-9.4125,34.631252,-14.887501
504464750781599,1,0.075,-0.021000002,9.873
504464750781599,4,-1.375E-4,4.125E-4,0.0
504464769741981,1,0.08400001,-0.025950002,9.883051
504464769741979,4,0.0011,-8.25E-4,-0.0012375
504464788702279,1,0.08400001,-0.025950002,9.877951
504464788702277,4,-1.375E-4,4.125E-4,-0.0012375
504464795311582,2,-9.31875,34.631252,-14.94375
504464807662917,1,0.075,-0.0139500005,9.876
504464807662917,4,-1.375E-4,-8.25E-4,0.0
504464826623211,1,0.063,-0.024,9.877951
504464826623209,4,-1.375E-4,4.125E-4,0.0
504464845583815,1,0.06795,-0.028050002,9.880051
504464845583815,4,-1.375E-4,-8.25E-4,0.0
504464845364335,2,-9.39375,34.612503,-14.887501
504464864544129,1,0.08205,-0.028050002,9.885
504464864544127,4,-0.001375,4.125E-4,0.0
504464883504656,1,0.075,-0.021000002,9.883051
504464883504656,4,0.0011,4.125E-4,0.0
504464895399984,2,-9.450001,34.612503,-14.887501
504464902465047,1,0.076950006,-0.024,9.876
504464902465045,4,-1.375E-4,4.125E-4,0.0
504464921425574,1,0.07005,-0.01905,9.880051
504464921425574,4,-1.375E-4,4.125E-4,0.0
504464940386214,1,0.075,-0.025950002,9.883051
504464940386214,4,0.0011,4.125E-4,0.0
504464945432241,2,-9.356251,34.612503,-14.962501
504464959346523,1,0.07005,-0.025950002,9.877951
504464959346521,4,0.0011,4.125E-4,0.0
504464978306908,1,0.072000004,-0.021000002,9.876
504464978306906,4,0.0011,4.125E-4,0.0
504464995449983,2,-9.225,34.59375,-15.075001
504464997267445,1,0.07005,-0.024,9.885
504464997267445,4,9.625E-4,-8.25E-4,0.0
504465016227821,1,0.064950004,-0.021000002,9.873
504465016227819,4,-2.75E-4,4.125E-4,0.0
504465035188348,1,0.06795,-0.024,9.876
504465035188348,4,9.625E-4,4.125E-4,0.0
504465045343712,2,-9.1875,34.59375,-15.13125
504465054148734,1,0.075,-0.033,9.883051
504465054148732,4,9.625E-4,4.125E-4,0.0
504465073109271,1,0.06795,-0.033,9.880051
504465073109271,4,-2.75E-4,-8.25E-4,0.0
504465092069658,1,0.06795,-0.01905,9.885
504465092069656,4,9.625E-4,-8.25E-4,0.0
504465095378732,2,-9.1875,34.59375,-15.168751
504465111030199,1,0.072000004,-0.021000002,9.880051
504465111030199,4,-2.75E-4,4.125E-4,0.0
504465129990586,1,0.060000002,-0.01905,9.880051
504465129990584,4,9.625E-4,-8.25E-4,0.0
504465145226630,2,-9.13125,34.575,-15.243751
504465148951108,1,0.064950004,-0.016050002,9.877951
504465148951108,4,-2.75E-4,4.125E-4,0.0
504465167911504,1,0.072000004,-0.01905,9.885
504465167911502,4,-2.75E-4,4.125E-4,0.0
504465186871817,1,0.07005,-0.025950002,9.883051
504465186871815,4,9.625E-4,4.125E-4,-0.0012375
504465195291815,2,-9.056251,34.575,-15.3
504465205832401,1,0.063,-0.024,9.885
504465205832401,4,-2.75E-4,4.125E-4,0.0
504465224792701,1,0.07005,-0.021000002,9.877951
504465224792699,4,-2.75E-4,4.125E-4,0.0
504465243753305,1,0.063,-0.01905,9.883051
504465243753305,4,9.625E-4,-8.25E-4,0.0
504465245167119,2,-9.09375,34.575,-15.3
504465262713624,1,0.076950006,-0.025950002,9.877951
504465262713622,4,9.625E-4,4.125E-4,0.0
504465281674175,1,0.07005,-0.033,9.880051
504465281674175,4,9.625E-4,4.125E-4,0.0
504465295242726,2,-9.168751,34.59375,-15.243751
504465300634571,1,0.075,-0.024,9.883051
504465300634569,4,9.625E-4,-8.25E-4,0.0
504465319595108,1,0.06795,-0.01905,9.877951
504465319595108,4,9.625E-4,-8.25E-4,0.0
504465338555494,1,0.06795,-0.025950002,9.877951
504465338555492,4,-2.75E-4,4.125E-4,0.0
504465345312171,2,-9.1125,34.59375,-15.337501
504465357516021,1,0.075,-0.025950002,9.883051
504465357516021,4,-2.75E-4,4.125E-4,0.0012375
504465376476417,1,0.06795,-0.021000002,9.885
504465376476415,4,-2.75E-4,4.125E-4,0.0
504465395437045,1,0.064950004,-0.033,9.880051
504465395437045,4,9.625E-4,4.125E-4,0.0012375
504465395362569,2,-9.056251,34.59375,-15.375001
504465414397355,1,0.060000002,-0.021000002,9.877951
504465414397353,4,9.625E-4,4.125E-4,-0.0012375
504465433357901,1,0.079950005,-0.021000002,9.876
504465433357901,4,-2.75E-4,0.0015125,0.0
504465445407122,2,-9.09375,34.612503,-15.31875
504465452318293,1,0.072000004,-0.016050002,9.883051
504465452318291,4,-2.75E-4,-8.25E-4,0.0
504465471278600,1,0.07005,-0.028050002,9.885
504465471278598,4,9.625E-4,4.125E-4,0.0
504465490239233,1,0.07005,-0.021000002,9.883051
504465490239233,4,-0.0015125,4.125E-4,0.0
504465495434734,2,-9.168751,34.631252,-15.3
504465509199576,1,0.07005,-0.021000002,9.885
504465509199574,4,9.625E-4,4.125E-4,0.0
504465528160112,1,0.06795,-0.021000002,9.880051
504465528160112,4,-2.75E-4,4.125E-4,0.0
504465545448403,2,-9.13125,34.612503,-15.39375
504465547120499,1,0.060000002,-0.031050002,9.880051
504465547120497,4,-2.75E-4,-8.25E-4,0.0
504465566081016,1,0.076950006,-0.025950002,9.877951
504465566081016,4,-0.0015125,-8.25E-4,0.0
504465585041637,1,0.072000004,-0.01905,9.880051
504465585041637,4,-2.75E-4,4.125E-4,0.0
504465595293751,2,-9.168751,34.631252,-15.375001
504465604001956,1,0.064950004,-0.028050002,9.883051
504465604001954,4,-2.75E-4,-8.25E-4,0.0
504465622962335,1,0.072000004,-0.028050002,9.877951
504465622962333,4,-2.75E-4,4.125E-4,0.0
504465641922872,1,0.064950004,-0.028050002,9.877951
504465641922872,4,9.625E-4,4.125E-4,0.0
504465645206548,2,-9.31875,34.631252,-15.3
504465660883186,1,0.064950004,-0.024,9.880051
504465660883184,4,-2.75E-4,-8.25E-4,0.0
504465679843786,1,0.06795,-0.028050002,9.880051
504465679843786,4,9.625E-4,4.125E-4,0.0
504465695278529,2,-9.4125,34.65,-15.20625
504465698804183,1,0.072000004,-0.01905,9.889951
504465698804181,4,9.625E-4,-8.25E-4,0.0
504465717764490,1,0.072000004,-0.024,9.880051
504465717764488,4,-2.75E-4,4.125E-4,0.0
504465736725022,1,0.063,-0.021000002,9.885
504465736725022,4,-2.75E-4,4.125E-4,0.0
504465745333568,2,-9.356251,34.631252,-15.225
504465755685413,1,0.079950005,-0.01905,9.880051
504465755685411,4,9.625E-4,4.125E-4,-0.0012375
504465774645945,1,0.07005,-0.021000002,9.877951
504465774645945,4,-2.75E-4,4.125E-4,-0.0012375
504465793606347,1,0.06795,-0.025950002,9.873
504465793606345,4,9.625E-4,-8.25E-4,0.0
504465795188213,2,-9.28125,34.631252,-15.262501
504465812566859,1,0.06795,-0.01905,9.876
504465812566859,4,-2.75E-4,4.125E-4,-0.0012375
504465831527270,1,0.058050003,-0.01905,9.883051
504465831527268,4,-2.75E-4,4.125E-4,0.0
504465845267143,2,-9.356251,34.65,-15.168751
504465850487591,1,0.063,-0.01905,9.885
504465850487589,4,-2.75E-4,4.125E-4,0.0
504465869448132,1,0.064950004,-0.024,9.876
504465869448132,4,-2.75E-4,-8.25E-4,-0.0012375
504465888408514,1,0.07005,-0.025950002,9.877951
504465888408512,4,9.625E-4,4.125E-4,0.0
504465895327073,2,-9.450001,34.66875,-15.1125
504465907369064,1,0.063,-0.0139500005,9.880051
504465907369064,4,-2.75E-4,4.125E-4,0.0
504465926329451,1,0.072000004,-0.01905,9.877951
504465926329449,4,-2.75E-4,4.125E-4,0.0012375
504465945290059,1,0.064950004,-0.025950002,9.877951
504465945290059,4,-2.75E-4,4.125E-4,0.0
504465945380626,2,-9.375,34.66875,-15.150001
504465964250369,1,0.06795,-0.01905,9.880051
504465964250367,4,-2.75E-4,4.125E-4,0.0
504465983210906,1,0.063,-0.025950002,9.885
504465983210906,4,-2.75E-4,4.125E-4,-0.0012375
504465995415940,2,-9.225,34.65,-15.243751
504466002171292,1,0.063,-0.0139500005,9.8880005
504466002171290,4,9.625E-4,4.125E-4,-0.0012375
504466021131829,1,0.06795,-0.01905,9.877951
504466021131829,4,-2.75E-4,0.0015125,-0.0012375
504466040092133,1,0.06795,-0.025950002,9.877951
504466040092131,4,9.625E-4,-8.25E-4,-0.0012375
504466045390949,2,-9.243751,34.65,-15.168751
504466059052516,1,0.07005,-0.024,9.876
504466059052516,4,-2.75E-4,4.125E-4,0.0
504466078013032,1,0.06795,-0.024,9.876
504466078013032,4,-2.75E-4,4.125E-4,0.0
504466095420468,2,-9.31875,34.65,-15.093751
504466096973355,1,0.06795,-0.021000002,9.877951
504466096973353,4,9.625E-4,-8.25E-4,-0.0012375
504466115933955,1,0.064950004,-0.01905,9.876
504466115933955,4,9.625E-4,-8.25E-4,0.0
504466134894317,1,0.064950004,-0.031050002,9.883051
504466134894315,4,9.625E-4,4.125E-4,-0.0012375
504466145260970,2,-9.262501,34.65,-15.150001
504466153854863,1,0.072000004,-0.021000002,9.873
504466153854863,4,-2.75E-4,4.125E-4,-0.0012375
504466172815173,1,0.06795,-0.01905,9.873
504466172815171,4,0.0022,-8.25E-4,-0.0012375
504466191775555,1,0.07005,-0.024,9.876
504466191775555,4,0.0022,-8.25E-4,-0.0012375
504466195319160,2,-9.1875,34.65,-15.187501
504466210736085,1,0.072000004,-0.01905,9.877951
504466210736085,4,9.625E-4,4.125E-4,-0.0012375
504466229696461,1,0.072000004,-0.021000002,9.877951
504466229696459,4,9.625E-4,4.125E-4,0.0
504466245362385,2,-9.225,34.65,-15.20625
504466248657012,1,0.06795,-0.024,9.883051
504466248657012,4,-2.75E-4,4.125E-4,0.0
504466267617374,1,0.06795,-0.0139500005,9.883051
504466267617372,4,-2.75E-4,4.125E-4,0.0
504466286577911,1,0.063,-0.025950002,9.880051
504466286577911,4,-2.75E-4,-8.25E-4,0.0
504466295391625,2,-9.3,34.65,-15.150001
504466305538288,1,0.06795,-0.01905,9.873
504466305538286,4,-0.0015125,4.125E-4,0.0012375
504466324498596,1,0.072000004,-0.025950002,9.873
504466324498594,4,9.625E-4,4.125E-4,0.0
504466343459132,1,0.075,-0.025950002,9.883051
504466343459132,4,-2.75E-4,4.125E-4,0.0
504466345284349,2,-9.20625,34.65,-15.187501
504466362419529,1,0.07005,-0.031050002,9.880051
504466362419527,4,-2.75E-4,4.125E-4,-0.0012375
504466381380050,1,0.075,-0.021000002,9.876
504466381380050,4,-2.75E-4,-8.25E-4,0.0
504466395331699,2,-9.13125,34.66875,-15.168751
504466400340427,1,0.06795,-0.024,9.883051
504466400340425,4,-2.75E-4,-8.25E-4,0.0
504466419300963,1,0.06795,-0.01905,9.877951
504466419300963,4,-2.75E-4,4.125E-4,0.0
504466438261264,1,0.063,-0.024,9.885
504466438261262,4,9.625E-4,-8.25E-4,-0.0012375
504466445376927,2,-9.20625,34.66875,-15.093751
504466457221647,1,0.075,-0.021000002,9.883051
504466457221647,4,-2.75E-4,4.125E-4,0.0
504466476182175,1,0.072000004,-0.025950002,9.880051
504466476182175,4,-2.75E-4,-8.25E-4,0.0
504466495142562,1,0.07005,-0.028050002,9.876
504466495142560,4,-2.75E-4,-8.25E-4,-0.0012375
504466495407272,2,-9.28125,34.66875,-15.0375
504466514103098,1,0.075,-0.016050002,9.885
504466514103098,4,9.625E-4,-8.25E-4,0.0
504466533063485,1,0.060000002,-0.016050002,9.880051
504466533063483,4,-2.75E-4,-8.25E-4,0.0
504466545424837,2,-9.225,34.66875,-15.075001
504466552023788,1,0.07005,-0.024,9.883051
504466552023786,4,-2.75E-4,-8.25E-4,0.0
504466570984349,1,0.06795,-0.025950002,9.883051
504466570984349,4,-2.75E-4,4.125E-4,-0.0012375
504466589944726,1,0.06795,-0.01905,9.880051
504466589944724,4,-2.75E-4,-8.25E-4,0.0
504466595330712,2,-9.1875,34.66875,-15.056251
504466608905273,1,0.07005,-0.024,9.8880005
504466608905273,4,9.625E-4,-0.0020625,0.0
504466627865659,1,0.07005,-0.021000002,9.880051
504466627865657,4,-2.75E-4,4.125E-4,0.0
504466645364621,2,-9.225,34.66875,-15.01875
504466646826263,1,0.072000004,-0.024,9.877951
504466646826263,4,-2.75E-4,-8.25E-4,-0.0012375
504466665786582,1,0.063,-0.01905,9.883051
504466665786580,4,-2.75E-4,4.125E-4,0.0
504466684747119,1,0.075,-0.028050002,9.871051
504466684747119,4,-2.75E-4,0.0015125,0.0
504466695432366,2,-9.28125,34.65,-14.981251
504466703707429,1,0.075,-0.024,9.877951
504466703707427,4,9.625E-4,4.125E-4,0.0
504466722667820,1,0.076950006,-0.024,9.883051
504466722667820,4,9.625E-4,4.125E-4,0.0
504466741628345,1,0.06795,-0.025950002,9.885
504466741628345,4,-2.75E-4,-8.25E-4,0.0
504466745446000,2,-9.225,34.631252,-14.981251
504466760588655,1,0.063,-0.024,9.880051
504466760588653,4,9.625E-4,-8.25E-4,0.0
504466779549046,1,0.07005,-0.01905,9.883051
504466779549046,4,-0.0015125,4.125E-4,0.0012375
504466795450017,2,-9.168751,34.612503,-15.000001
504466798509585,1,0.07005,-0.025950002,9.880051
504466798509585,4,-2.75E-4,4.125E-4,0.0
504466817469971,1,0.063,-0.033,9.880051
504466817469969,4,-2.75E-4,0.0015125,0.0
504466836430513,1,0.064950004,-0.025950002,9.877951
504466836430513,4,9.625E-4,-8.25E-4,0.0
504466845457932,2,-9.225,34.612503,-14.962501
504466855390889,1,0.06795,-0.025950002,9.873
504466855390887,4,-2.75E-4,-8.25E-4,0.0
504466874351201,1,0.075,-0.025950002,9.876
504466874351199,4,-2.75E-4,4.125E-4,0.0
504466893311728,1,0.076950006,-0.024,9.876
504466893311728,4,-2.75E-4,4.125E-4,0.0
504466895457811,2,-9.3,34.612503,-14.887501
504466912272105,1,0.08400001,-0.024,9.880051
504466912272103,4,9.625E-4,4.125E-4,0.0
504466931232642,1,0.058050003,-0.01905,9.880051
504466931232642,4,-2.75E-4,2.75E-4,-9.625E-4
504466945462961,2,-9.243751,34.59375,-14.94375
504466950192951,1,0.076950006,-0.024,9.880051
504466950192949,4,-2.75E-4,2.75E-4,2.75E-4
504466969153324,1,0.063,-0.01905,9.876
504466969153324,4,-2.75E-4,2.75E-4,2.75E-4
504466988113872,1,0.064950004,-0.021000002,9.880051
504466988113872,4,-2.75E-4,2.75E-4,2.75E-4
504466995461217,2,-9.168751,34.575,-14.981251
504467007074259,1,0.063,-0.021000002,9.880051
504467007074257,4,9.625E-4,2.75E-4,0.0015125
504467026034887,1,0.060000002,-0.024,9.877951
504467026034887,4,9.625E-4,-9.625E-4,2.75E-4
504467044995206,1,0.06795,-0.021000002,9.876
504467044995204,4,9.625E-4,2.75E-4,2.75E-4
504467045454224,2,-9.225,34.575,-14.925
504467063955733,1,0.075,-0.021000002,9.883051
504467063955733,4,-0.0015125,2.75E-4,2.75E-4
504467082916120,1,0.064950004,-0.021000002,9.880051
504467082916118,4,-2.75E-4,2.75E-4,2.75E-4
504467095454765,2,-9.150001,34.55625,-14.962501
504467101876442,1,0.07005,-0.01905,9.880051
504467101876440,4,-2.75E-4,2.75E-4,-9.625E-4
504467120836973,1,0.064950004,-0.01905,9.876
504467120836973,4,-2.75E-4,2.75E-4,2.75E-4
504467139797283,1,0.064950004,-0.021000002,9.880051
504467139797281,4,-2.75E-4,2.75E-4,2.75E-4
504467145292833,2,-9.0,34.537502,-15.056251
504467158757660,1,0.064950004,-0.025950002,9.868051
504467158757660,4,-2.75E-4,2.75E-4,2.75E-4
504467177718286,1,0.07005,-0.0139500005,9.883051
504467177718286,4,-2.75E-4,-9.625E-4,2.75E-4
504467195332497,2,-8.925,34.537502,-15.13125
504467196678829,1,0.06795,-0.021000002,9.880051
504467196678829,4,-2.75E-4,-9.625E-4,0.0015125
504467215639129,1,0.076950006,-0.021000002,9.873
504467215639127,4,-2.75E-4,0.0015125,2.75E-4
504467234599524,1,0.06795,-0.031050002,9.876
504467234599522,4,-2.75E-4,-9.625E-4,2.75E-4
504467245362788,2,-9.01875,34.537502,-15.093751
504467253559846,1,0.07005,-0.031050002,9.877951
504467253559844,4,-2.75E-4,2.75E-4,2.75E-4
504467272520382,1,0.07005,-0.033,9.876
504467272520382,4,9.625E-4,-9.625E-4,2.75E-4
504467291480759,1,0.07005,-0.025950002,9.876
504467291480757,4,9.625E-4,2.75E-4,2.75E-4
504467295383905,2,-9.09375,34.537502,-15.056251
504467310441295,1,0.07005,-0.025950002,9.873
504467310441295,4,-2.75E-4,-9.625E-4,-9.625E-4
504467329401668,1,0.076950006,-0.028050002,9.873
504467329401666,4,-2.75E-4,-9.625E-4,2.75E-4
504467345407752,2,-8.981251,34.518753,-15.150001
504467348361952,1,0.06795,-0.021000002,9.883051
504467348361950,4,-0.0015125,-9.625E-4,2.75E-4
504467367322560,1,0.063,-0.021000002,9.883051
504467367322560,4,9.625E-4,-9.625E-4,2.75E-4
504467386283108,1,0.064950004,-0.024,9.871051
504467386283108,4,-2.75E-4,-9.625E-4,2.75E-4
504467395421784,2,-8.887501,34.5,-15.20625
504467405243413,1,0.07005,-0.028050002,9.8880005
504467405243411,4,-2.75E-4,2.75E-4,2.75E-4
504467424203788,1,0.060000002,-0.031050002,9.880051
504467424203786,4,-2.75E-4,-9.625E-4,-9.625E-4
504467443164334,1,0.07005,-0.025950002,9.873
504467443164334,4,9.625E-4,-9.625E-4,2.75E-4
504467445293780,2,-8.962501,34.518753,-15.225
504467462124654,1,0.05595,-0.016050002,9.873
504467462124652,4,-2.75E-4,2.75E-4,2.75E-4
504467481085037,1,0.079950005,-0.01905,9.876
504467481085037,4,-2.75E-4,-9.625E-4,-9.625E-4
504467495335004,2,-9.01875,34.518753,-15.168751
504467500045570,1,0.063,-0.021000002,9.868051
504467500045570,4,-2.75E-4,2.75E-4,-9.625E-4
504467519005972,1,0.063,-0.0139500005,9.880051
504467519005970,4,9.625E-4,-9.625E-4,2.75E-4
504467537966508,1,0.072000004,-0.024,9.883051
504467537966508,4,-0.0015125,-9.625E-4,2.75E-4
504467545365284,2,-8.962501,34.5,-15.262501
504467556926880,1,0.072000004,-0.033,9.8880005
504467556926878,4,-2.75E-4,2.75E-4,2.75E-4
504467575887173,1,0.072000004,-0.024,9.880051
504467575887171,4,-2.75E-4,2.75E-4,2.75E-4
504467594847491,1,0.075,-0.021000002,9.880051
504467594847489,4,-2.75E-4,2.75E-4,-9.625E-4
504467595351426,2,-8.887501,34.5,-15.31875
504467613808113,1,0.07005,-0.033,9.876
504467613808113,4,9.625E-4,2.75E-4,2.75E-4
504467632768443,1,0.072000004,-0.033,9.877951
504467632768441,4,-2.75E-4,2.75E-4,2.75E-4
504467645381406,2,-8.962501,34.5,-15.281251
504467651729003,1,0.079950005,-0.01905,9.877951
504467651729003,4,-2.75E-4,0.0015125,2.75E-4
504467670689399,1,0.064950004,-0.0139500005,9.877951
504467670689397,4,9.625E-4,-9.625E-4,2.75E-4
504467689649941,1,0.075,-0.024,9.871051
504467689649941,4,-2.75E-4,2.75E-4,2.75E-4
504467695235603,2,-9.0,34.5,-15.262501
504467708610327,1,0.06795,-0.016050002,9.876
504467708610325,4,-2.75E-4,-9.625E-4,2.75E-4
504467727570635,1,0.06795,-0.024,9.885
504467727570633,4,-2.75E-4,2.75E-4,2.75E-4
504467745294577,2,-9.056251,34.518753,-15.20625
504467746531160,1,0.07005,-0.024,9.873
504467746531160,4,-0.0015125,2.75E-4,2.75E-4
504467765491470,1,0.07005,-0.021000002,9.873
504467765491468,4,-2.75E-4,2.75E-4,2.75E-4
504467784451844,1,0.072000004,-0.01905,9.877951
504467784451844,4,-2.75E-4,2.75E-4,2.75E-4
504467795339248,2,-9.13125,34.518753,-15.168751
504467803412468,1,0.076950006,-0.0139500005,9.876
504467803412468,4,-2.75E-4,2.75E-4,2.75E-4
504467822373007,1,0.07005,-0.024,9.877951
504467822373007,4,-2.75E-4,2.75E-4,2.75E-4
504467841333316,1,0.07005,-0.021000002,9.873
504467841333314,4,9.625E-4,2.75E-4,-9.625E-4
504467845381632,2,-9.225,34.518753,-15.150001
504467860293701,1,0.064950004,-0.021000002,9.876
504467860293699,4,-2.75E-4,2.75E-4,2.75E-4
504467879254014,1,0.07005,-0.024,9.877951
504467879254012,4,-2.75E-4,2.75E-4,0.0015125
504467895409366,2,-9.3,34.5,-15.150001
504467898214555,1,0.075,-0.024,9.876
504467898214555,4,9.625E-4,2.75E-4,2.75E-4
504467917174932,1,0.075,-0.0139500005,9.873
504467917174930,4,-2.75E-4,2.75E-4,2.75E-4
504467936135454,1,0.07005,-0.021000002,9.876
504467936135454,4,-2.75E-4,2.75E-4,-9.625E-4
504467945435809,2,-9.243751,34.5,-15.20625
504467955095754,1,0.076950006,-0.0139500005,9.877951
504467955095752,4,-2.75E-4,2.75E-4,2.75E-4
504467974056146,1,0.075,-0.025950002,9.877951
504467974056146,4,9.625E-4,2.75E-4,2.75E-4
504467993016684,1,0.072000004,-0.021000002,9.876
504467993016684,4,-2.75E-4,-9.625E-4,2.75E-4
504467995309647,2,-9.20625,34.48125,-15.243751
504468011977009,1,0.063,-0.025950002,9.877951
504468011977007,4,-2.75E-4,-9.625E-4,-9.625E-4
504468030937623,1,0.07005,-0.028050002,9.877951
504468030937623,4,-2.75E-4,2.75E-4,-9.625E-4
504468045346076,2,-9.337501,34.5,-15.150001
504468049897927,1,0.075,-0.028050002,9.883051
504468049897925,4,-0.0015125,2.75E-4,2.75E-4
504468068858317,1,0.06795,-0.016050002,9.873
504468068858315,4,-2.75E-4,2.75E-4,-9.625E-4
504468087818634,1,0.060000002,-0.01905,9.880051
504468087818632,4,-2.75E-4,-9.625E-4,2.75E-4
504468095382731,2,-9.46875,34.518753,-15.075001
504468106779252,1,0.075,-0.024,9.883051
504468106779252,4,-2.75E-4,-9.625E-4,2.75E-4
504468125739571,1,0.072000004,-0.021000002,9.877951
504468125739569,4,-2.75E-4,2.75E-4,-9.625E-4
504468144700136,1,0.072000004,-0.021000002,9.877951
504468144700136,4,-2.75E-4,2.75E-4,-9.625E-4
504468145305459,2,-9.525001,34.55625,-15.0375
504468163660446,1,0.072000004,-0.021000002,9.883051
504468163660444,4,-2.75E-4,2.75E-4,-9.625E-4
504468182620844,1,0.06795,-0.021000002,9.880051
504468182620844,4,9.625E-4,-9.625E-4,2.75E-4
504468195353427,2,-9.4875,34.575,-15.093751
504468201581411,1,0.07005,-0.021000002,9.880051
504468201581411,4,-2.75E-4,2.75E-4,2.75E-4
504468220541807,1,0.076950006,-0.01905,9.883051
504468220541805,4,-2.75E-4,2.75E-4,2.75E-4
504468239502354,1,0.075,-0.028050002,9.877951
504468239502354,4,9.625E-4,2.75E-4,2.75E-4
504468245248393,2,-9.58125,34.612503,-15.056251
504468258462744,1,0.06795,-0.021000002,9.873
504468258462742,4,-2.75E-4,2.75E-4,-9.625E-4
504468277423067,1,0.079950005,-0.028050002,9.877951
504468277423065,4,-2.75E-4,2.75E-4,2.75E-4
504468295302252,2,-9.675,34.66875,-15.056251
504468296383607,1,0.076950006,-0.024,9.877951
504468296383607,4,9.625E-4,2.75E-4,2.75E-4
504468315343932,1,0.072000004,-0.01905,9.877951
504468315343930,4,9.625E-4,2.75E-4,2.75E-4
504468334304329,1,0.07005,-0.01905,9.877951
504468334304329,4,-2.75E-4,-9.625E-4,-9.625E-4
504468345353290,2,-9.76875,34.74375,-15.0375
504468353264891,1,0.07005,-0.025950002,9.880051
504468353264891,4,-2.75E-4,-9.625E-4,-9.625E-4
504468372225278,1,0.064950004,-0.028050002,9.877951
504468372225276,4,-2.75E-4,2.75E-4,2.75E-4
504468391185814,1,0.072000004,-0.033,9.873
504468391185814,4,-2.75E-4,2.75E-4,-9.625E-4
504468395388710,2,-9.75,34.78125,-15.075001
504468410146158,1,0.072000004,-0.021000002,9.877951
504468410146156,4,-2.75E-4,2.75E-4,2.75E-4
504468429106531,1,0.07005,-0.025950002,9.873
504468429106531,4,-0.0015125,-9.625E-4,2.75E-4
504468445421782,2,-9.900001,34.85625,-15.01875
504468448066855,1,0.063,-0.021000002,9.877951
504468448066853,4,-2.75E-4,2.75E-4,-9.625E-4
504468467027391,1,0.072000004,-0.0139500005,9.880051
504468467027391,4,-2.75E-4,-9.625E-4,2.75E-4
504468485987764,1,0.064950004,-0.01905,9.880051
504468485987762,4,-2.75E-4,-9.625E-4,-9.625E-4
504468495440976,2,-10.06875,34.93125,-14.925
504468504948295,1,0.072000004,-0.025950002,9.876
504468504948295,4,9.625E-4,2.75E-4,2.75E-4
504468523908610,1,0.072000004,-0.024,9.877951
504468523908608,4,-2.75E-4,2.75E-4,2.75E-4
504468542868974,1,0.072000004,-0.024,9.880051
504468542868974,4,-2.75E-4,2.75E-4,-9.625E-4
504468545448758,2,-10.1625,34.96875,-14.925
504468561829512,1,0.064950004,-0.024,9.880051
504468561829512,4,-2.75E-4,2.75E-4,2.75E-4
504468580789879,1,0.063,-0.031050002,9.880051
504468580789877,4,-2.75E-4,2.75E-4,0.0015125
504468595459210,2,-10.181251,34.987503,-14.94375
504468599750401,1,0.064950004,-0.016050002,9.883051
504468599750401,4,-2.75E-4,2.75E-4,-9.625E-4
504468618710706,1,0.06795,-0.021000002,9.876
504468618710704,4,-2.75E-4,-9.625E-4,2.75E-4
504468637671070,1,0.07005,-0.016050002,9.873
504468637671070,4,-2.75E-4,2.75E-4,2.75E-4
504468645460508,2,-10.293751,35.006252,-14.887501
504468656631370,1,0.06795,-0.016050002,9.876
504468656631368,4,9.625E-4,2.75E-4,2.75E-4
504468675591954,1,0.063,-0.021000002,9.873
504468675591954,4,-0.0015125,2.75E-4,2.75E-4
504468694552254,1,0.072000004,-0.033,9.876
504468694552252,4,9.625E-4,-9.625E-4,2.75E-4
504468695308838,2,-10.40625,35.025,-14.812501
504468713512781,1,0.072000004,-0.0139500005,9.876
504468713512781,4,-2.75E-4,2.75E-4,2.75E-4
504468732473149,1,0.07005,-0.028050002,9.877951
504468732473147,4,-2.75E-4,2.75E-4,2.75E-4
504468745343895,2,-10.44375,35.04375,-14.812501
504468751433660,1,0.076950006,-0.031050002,9.880051
504468751433660,4,-2.75E-4,2.75E-4,2.75E-4
504468770393956,1,0.08205,-0.016050002,9.883051
504468770393954,4,-2.75E-4,-9.625E-4,2.75E-4
504468789354334,1,0.075,-0.021000002,9.877951
504468789354334,4,9.625E-4,2.75E-4,-9.625E-4
504468795369525,2,-10.462501,35.04375,-14.812501
504468808314858,1,0.079950005,-0.024,9.873
504468808314858,4,-2.75E-4,2.75E-4,2.75E-4
504468827275269,1,0.072000004,-0.025950002,9.876
504468827275267,4,9.625E-4,2.75E-4,2.75E-4
504468845397391,2,-10.575001,35.04375,-14.775001
504468846235577,1,0.07005,-0.021000002,9.876
504468846235575,4,-2.75E-4,2.75E-4,2.75E-4
504468865195888,1,0.064950004,-0.025950002,9.876
504468865195886,4,-2.75E-4,-9.625E-4,1.375E-4
504468884156425,1,0.076950006,-0.028050002,9.871051
504468884156425,4,-2.75E-4,2.75E-4,1.375E-4
504468895414762,2,-10.725,35.04375,-14.681251
504468903116807,1,0.07005,-0.033,9.873
504468903116805,4,-0.0026125,-9.625E-4,1.375E-4
504468922077348,1,0.076950006,-0.028050002,9.876
504468922077348,4,9.625E-4,-9.625E-4,1.375E-4
504468941037725,1,0.06795,-0.024,9.873
504468941037723,4,-2.75E-4,2.75E-4,-0.0011
504468945434262,2,-10.70625,35.025,-14.6625
504468959998047,1,0.063,-0.021000002,9.868051
504468959998045,4,-2.75E-4,-9.625E-4,1.375E-4
504468978958569,1,0.060000002,-0.016050002,9.876
504468978958569,4,9.625E-4,2.75E-4,0.001375
504468995443798,2,-10.6875,35.04375,-14.718751
504468997918956,1,0.07005,-0.025950002,9.873
504468997918954,4,-2.75E-4,2.75E-4,-0.0011
504469016879497,1,0.06795,-0.028050002,9.871051
504469016879497,4,-2.75E-4,-9.625E-4,-0.0011
504469035839812,1,0.076950006,-0.01905,9.868051
504469035839810,4,-0.001375,2.75E-4,1.375E-4
504469045445543,2,-10.743751,35.04375,-14.681251
504469054800224,1,0.06795,-0.031050002,9.873
504469054800224,4,9.625E-4,2.75E-4,1.375E-4
504469073760752,1,0.060000002,-0.025950002,9.873
504469073760752,4,-2.75E-4,2.75E-4,0.001375
504469092721052,1,0.06795,-0.028050002,9.876
504469092721050,4,-2.75E-4,2.75E-4,1.375E-4
504469095452213,2,-10.837501,35.0625,-14.6625
504469111681410,1,0.07005,-0.025950002,9.871051
504469111681410,4,-2.75E-4,2.75E-4,1.375E-4
504469130641940,1,0.079950005,-0.021000002,9.871051
504469130641940,4,-2.75E-4,-9.625E-4,1.375E-4
504469145406763,2,-10.8,35.0625,-14.700001
504469149602312,1,0.064950004,-0.031050002,9.868051
504469149602310,4,-2.75E-4,2.75E-4,1.375E-4
504469168562630,1,0.07005,-0.021000002,9.873
504469168562628,4,-2.75E-4,2.75E-4,1.375E-4
504469187523167,1,0.072000004,-0.028050002,9.871051
504469187523167,4,-2.75E-4,2.75E-4,1.375E-4
504469195422721,2,-10.743751,35.04375,-14.718751
504469206483558,1,0.072000004,-0.033,9.868051
504469206483556,4,-2.75E-4,2.75E-4,-0.0011
504469225444090,1,0.076950006,-0.0139500005,9.873
504469225444090,4,-0.001375,2.75E-4,1.375E-4
504469244404409,1,0.06795,-0.024,9.871051
504469244404407,4,-2.75E-4,0.001375,1.375E-4
504469245255502,2,-10.743751,35.04375,-14.718751
504469263364782,1,0.06795,-0.024,9.868051
504469263364782,4,-2.75E-4,2.75E-4,1.375E-4
504469282325301,1,0.07005,-0.024,9.873
504469282325301,4,-2.75E-4,2.75E-4,1.375E-4
504469295298133,2,-10.743751,35.04375,-14.718751
504469301285611,1,0.06795,-0.016050002,9.868051
504469301285609,4,-0.001375,2.75E-4,-0.0011
504469320246195,1,0.07005,-0.021000002,9.873
504469320246195,4,-2.75E-4,-9.625E-4,1.375E-4
504469339206505,1,0.064950004,-0.031050002,9.868051
504469339206503,4,-2.75E-4,2.75E-4,-0.0011
504469345342310,2,-10.762501,35.04375,-14.700001
504469358166899,1,0.060000002,-0.021000002,9.865951
504469358166897,4,-0.001375,2.75E-4,1.375E-4
504469377127197,1,0.076950006,-0.01905,9.865951
504469377127195,4,-2.75E-4,2.75E-4,1.375E-4
504469395374353,2,-10.6875,35.04375,-14.718751
504469396087744,1,0.076950006,-0.021000002,9.868051
504469396087744,4,-2.75E-4,-9.625E-4,1.375E-4
504469415048125,1,0.075,-0.01905,9.865951
504469415048123,4,-2.75E-4,2.75E-4,1.375E-4
504469434008672,1,0.063,-0.024,9.868051
504469434008672,4,-2.75E-4,2.75E-4,1.375E-4
504469445406460,2,-10.762501,35.0625,-14.625001
504469452969059,1,0.06795,-0.021000002,9.868051
504469452969057,4,-2.75E-4,-9.625E-4,1.375E-4
504469471929366,1,0.075,-0.024,9.864
504469471929364,4,9.625E-4,2.75E-4,1.375E-4
504469490889902,1,0.07005,-0.025950002,9.871051
504469490889902,4,-2.75E-4,2.75E-4,0.001375
504469495426177,2,-10.837501,35.0625,-14.587501
504469509850212,1,0.075,-0.016050002,9.865951
504469509850210,4,-2.75E-4,-9.625E-4,1.375E-4
504469528810585,1,0.076950006,-0.021000002,9.8560505
504469528810585,4,-2.75E-4,2.75E-4,1.375E-4
504469545435520,2,-10.856251,35.04375,-14.56875
504469547771119,1,0.06795,-0.031050002,9.865951
504469547771119,4,-2.75E-4,2.75E-4,-0.0011
504469566731529,1,0.060000002,-0.031050002,9.865951
504469566731527,4,-2.75E-4,2.75E-4,1.375E-4
504469585692056,1,0.072000004,-0.021000002,9.859051
504469585692056,4,9.625E-4,-9.625E-4,1.375E-4
504469595447970,2,-10.70625,35.025,-14.700001
504469604652366,1,0.07005,-0.0139500005,9.864
504469604652364,4,-0.001375,2.75E-4,1.375E-4
504469623612748,1,0.075,-0.021000002,9.861
504469623612748,4,-2.75E-4,2.75E-4,1.375E-4
504469642573287,1,0.076950006,-0.024,9.861
504469642573287,4,-2.75E-4,2.75E-4,1.375E-4
504469645451515,2,-10.63125,35.006252,-14.718751
504469661533659,1,0.064950004,-0.033,9.871051
504469661533657,4,-2.75E-4,2.75E-4,1.375E-4
504469680494186,1,0.075,-0.025950002,9.868051
504469680494186,4,-2.75E-4,2.75E-4,1.375E-4
504469695358153,2,-10.725,34.987503,-14.6625
504469699454496,1,0.06795,-0.033,9.865951
504469699454494,4,-2.75E-4,2.75E-4,-0.0011
504469718414868,1,0.07005,-0.025950002,9.864
504469718414868,4,-2.75E-4,2.75E-4,-0.0011
504469737375407,1,0.07005,-0.025950002,9.865951
504469737375407,4,-2.75E-4,-9.625E-4,1.375E-4
504469745381863,2,-10.668751,34.95,-14.700001
504469756335794,1,0.072000004,-0.033,9.864
504469756335792,4,-2.75E-4,2.75E-4,-0.0011
504469775296321,1,0.07005,-0.025950002,9.859051
504469775296321,4,-2.75E-4,-9.625E-4,1.375E-4
504469794256630,1,0.07005,-0.024,9.865951
504469794256628,4,9.625E-4,-9.625E-4,1.375E-4
504469795279279,2,-10.59375,34.912502,-14.700001
504469813217012,1,0.075,-0.025950002,9.859051
504469813217012,4,-2.75E-4,2.75E-4,1.375E-4
504469832177332,1,0.07005,-0.025950002,9.864
504469832177330,4,-2.75E-4,2.75E-4,1.375E-4
504469845326095,2,-10.59375,34.875,-14.700001
504469851137869,1,0.07005,-0.024,9.864
504469851137869,4,-2.75E-4,2.75E-4,-0.0011
504469870098484,1,0.079950005,-0.028050002,9.864
504469870098484,4,9.625E-4,-9.625E-4,1.375E-4
504469889058808,1,0.075,-0.016050002,9.864
504469889058806,4,9.625E-4,2.75E-4,-0.0023375
504469895360939,2,-10.6125,34.8375,-14.681251
504469908019221,1,0.072000004,-0.024,9.865951
504469908019219,4,-2.75E-4,2.75E-4,1.375E-4
504469926979520,1,0.072000004,-0.0139500005,9.865951
504469926979518,4,9.625E-4,-9.625E-4,-0.0011
504469945395828,2,-10.481251,34.7625,-14.718751
504469945940148,1,0.07005,-0.025950002,9.8539505
504469945940148,4,-2.75E-4,2.75E-4,1.375E-4
504469964900476,1,0.06795,-0.016050002,9.868051
504469964900474,4,-2.75E-4,2.75E-4,1.375E-4
504469983861023,1,0.075,-0.016050002,9.859051
504469983861023,4,-2.75E-4,2.75E-4,1.375E-4
504469995418185,2,-10.425,34.725002,-14.75625
504470002821419,1,0.07005,-0.021000002,9.864
504470002821417,4,-2.75E-4,2.75E-4,-0.0011
504470021781955,1,0.064950004,-0.012,9.864
504470021781955,4,-0.001375,0.001375,1.375E-4
504470040742342,1,0.07005,-0.021000002,9.865951
504470040742340,4,-2.75E-4,-9.625E-4,0.001375
504470045429916,2,-10.425,34.706253,-14.700001
504470059702649,1,0.064950004,-0.028050002,9.865951
504470059702647,4,9.625E-4,2.75E-4,1.375E-4
504470078663186,1,0.064950004,-0.025950002,9.861
504470078663186,4,9.625E-4,2.75E-4,1.375E-4
504470095444195,2,-10.462501,34.706253,-14.64375
504470097623573,1,0.06795,-0.025950002,9.861
504470097623571,4,-2.75E-4,2.75E-4,1.375E-4
504470116584099,1,0.072000004,-0.021000002,9.859051
504470116584099,4,-2.75E-4,2.75E-4,1.375E-4
504470135544491,1,0.075,-0.021000002,9.861
504470135544489,4,-2.75E-4,-9.625E-4,1.375E-4
504470145449156,2,-10.481251,34.6875,-14.625001
504470154504789,1,0.072000004,-0.028050002,9.8560505
504470154504787,4,-2.75E-4,2.75E-4,1.375E-4
504470173465321,1,0.07005,-0.031050002,9.861
504470173465321,4,-2.75E-4,2.75E-4,1.375E-4
504470192425688,1,0.072000004,-0.024,9.8560505
504470192425686,4,-0.0026125,0.001375,1.375E-4
504470195458285,2,-10.35,34.66875,-14.681251
504470211385986,1,0.079950005,-0.01905,9.864
504470211385984,4,-2.75E-4,2.75E-4,1.375E-4
504470230346609,1,0.075,-0.028050002,9.864
504470230346609,4,9.625E-4,2.75E-4,1.375E-4
504470245313052,2,-10.293751,34.66875,-14.681251
504470249306914,1,0.07005,-0.025950002,9.864
504470249306912,4,-2.75E-4,2.75E-4,1.375E-4
504470268267446,1,0.064950004,-0.021000002,9.859051
504470268267446,4,-2.75E-4,2.75E-4,1.375E-4
504470287227847,1,0.064950004,-0.012,9.861
504470287227845,4,9.625E-4,2.75E-4,1.375E-4
504470295342075,2,-10.35,34.6875,-14.625001
504470306188378,1,0.06795,-0.024,9.868051
504470306188378,4,-2.75E-4,-9.625E-4,1.375E-4
504470325148775,1,0.072000004,-0.024,9.861
504470325148773,4,-2.75E-4,2.75E-4,1.375E-4
504470344109315,1,0.076950006,-0.016050002,9.864
504470344109315,4,-2.75E-4,2.75E-4,1.375E-4
504470345199990,2,-10.368751,34.706253,-14.625001
504470363069707,1,0.06795,-0.01905,9.861
504470363069705,4,-2.75E-4,-9.625E-4,1.375E-4
504470382030244,1,0.07005,-0.01905,9.861
504470382030244,4,-2.75E-4,-9.625E-4,1.375E-4
504470395262489,2,-10.21875,34.6875,-14.718751
504470400990567,1,0.075,-0.021000002,9.865951
504470400990565,4,-2.75E-4,-9.625E-4,1.375E-4
504470419950955,1,0.075,-0.031050002,9.864
504470419950955,4,9.625E-4,-9.625E-4,0.001375
504470438911504,1,0.06795,-0.021000002,9.865951
504470438911504,4,-0.001375,2.75E-4,1.375E-4
504470445322585,2,-10.35,34.725002,-14.625001
504470457871895,1,0.064950004,-0.028050002,9.864
504470457871893,4,-2.75E-4,2.75E-4,1.375E-4
504470476832436,1,0.072000004,-0.021000002,9.868051
504470476832436,4,9.625E-4,2.75E-4,1.375E-4
504470495792745,1,0.072000004,-0.028050002,9.865951
504470495792743,4,-2.75E-4,2.75E-4,0.001375
504470495366620,2,-10.44375,34.74375,-14.55
504470514753359,1,0.076950006,-0.025950002,9.861
504470514753359,4,-2.75E-4,-9.625E-4,0.001375
504470533713732,1,0.072000004,-0.031050002,9.859051
504470533713730,4,-2.75E-4,2.75E-4,1.375E-4
504470545396138,2,-10.481251,34.74375,-14.55
504470552674272,1,0.07005,-0.033,9.861
504470552674272,4,-2.75E-4,2.75E-4,0.001375
504470571634568,1,0.072000004,-0.024,9.859051
504470571634566,4,9.625E-4,2.75E-4,-0.0011
504470590594934,1,0.072000004,-0.01905,9.859051
504470590594934,4,-2.75E-4,2.75E-4,-0.0011
504470595424420,2,-10.425,34.74375,-14.606251
504470609555478,1,0.064950004,-0.024,9.864
504470609555478,4,9.625E-4,-9.625E-4,-0.0011
504470628515860,1,0.075,-0.01905,9.859051
504470628515858,4,9.625E-4,2.75E-4,1.375E-4
504470645439853,2,-10.51875,34.7625,-14.55
504470647476396,1,0.075,-0.024,9.864
504470647476396,4,-2.75E-4,2.75E-4,1.375E-4
504470666436793,1,0.07005,-0.028050002,9.861
504470666436791,4,-2.75E-4,-9.625E-4,1.375E-4
504470685397314,1,0.064950004,-0.024,9.865951
504470685397314,4,9.625E-4,2.75E-4,1.375E-4
504470695411135,2,-10.59375,34.7625,-14.531251
504470704357629,1,0.072000004,-0.021000002,9.868051
504470704357627,4,-2.75E-4,2.75E-4,1.375E-4
504470723318002,1,0.075,-0.024,9.861
504470723318002,4,-2.75E-4,2.75E-4,1.375E-4
504470742278622,1,0.072000004,-0.01905,9.859051
504470742278622,4,-2.75E-4,-9.625E-4,1.375E-4
504470745427480,2,-10.51875,34.7625,-14.531251
504470761238937,1,0.07005,-0.025950002,9.871051
504470761238935,4,9.625E-4,2.75E-4,1.375E-4
504470780199473,1,0.063,-0.025950002,9.861
504470780199473,4,9.625E-4,2.75E-4,-0.0011
504470795259710,2,-10.368751,34.74375,-14.625001
504470799159855,1,0.06795,-0.016050002,9.861
504470799159853,4,-0.0,2.75E-4,1.375E-4
504470818120402,1,0.072000004,-0.031050002,9.864
504470818120402,4,-0.0,2.75E-4,-0.0011
504470837080778,1,0.06795,-0.01905,9.864
504470837080776,4,-0.0012375,2.75E-4,1.375E-4
504470845311418,2,-10.33125,34.7625,-14.625001
504470856041315,1,0.064950004,-0.024,9.859051
504470856041315,4,0.0012375,-9.625E-4,1.375E-4
504470875001701,1,0.07005,-0.021000002,9.864
504470875001699,4,0.0012375,2.75E-4,1.375E-4
504470893962248,1,0.07005,-0.024,9.871051
504470893962248,4,-0.0,2.75E-4,1.375E-4
504470895176325,2,-10.40625,34.7625,-14.625001
504470912922639,1,0.072000004,-0.028050002,9.865951
504470912922637,4,0.0012375,0.0015125,1.375E-4
504470931883175,1,0.060000002,-0.025950002,9.8560505
504470931883175,4,-0.0,2.75E-4,-0.0011
504470945255411,2,-10.3125,34.74375,-14.700001
504470950843557,1,0.07005,-0.021000002,9.861
504470950843555,4,-0.0,2.75E-4,1.375E-4
504470969803860,1,0.06795,-0.033,9.871051
504470969803858,4,-0.0012375,2.75E-4,1.375E-4
504470988764397,1,0.072000004,-0.01905,9.865951
504470988764397,4,0.0012375,-9.625E-4,1.375E-4
504470995316701,2,-10.25625,34.74375,-14.7375
504471007724769,1,0.06795,-0.028050002,9.864
504471007724767,4,-0.0,2.75E-4,1.375E-4
504471026685387,1,0.064950004,-0.01905,9.861
504471026685387,4,-0.0,2.75E-4,-0.0011
504471045645916,1,0.06795,-0.021000002,9.864
504471045645916,4,0.0012375,-9.625E-4,1.375E-4
504471045372404,2,-10.181251,34.7625,-14.75625
504471064606312,1,0.06795,-0.01905,9.864
504471064606310,4,-0.0,2.75E-4,1.375E-4
504471083566625,1,0.064950004,-0.016050002,9.8560505
504471083566623,4,0.0012375,2.75E-4,1.375E-4
504471095410279,2,-10.275001,34.78125,-14.700001
504471102527170,1,0.06795,-0.025950002,9.871051
504471102527170,4,-0.0,-9.625E-4,-0.0011
504471121487567,1,0.075,-0.024,9.868051
504471121487565,4,-0.0,2.75E-4,1.375E-4
504471140448104,1,0.064950004,-0.028050002,9.865951
504471140448104,4,-0.0,-9.625E-4,0.001375
504471145432824,2,-10.200001,34.7625,-14.775001
504471159408500,1,0.063,-0.025950002,9.865951
504471159408498,4,-0.0,2.75E-4,0.001375
504471178369023,1,0.064950004,-0.025950002,9.868051
504471178369023,4,-0.0,2.75E-4,1.375E-4
504471195454270,2,-10.14375,34.7625,-14.7375
504471197329394,1,0.07005,-0.025950002,9.868051
504471197329392,4,-0.0,2.75E-4,1.375E-4
504471216289922,1,0.07005,-0.031050002,9.861
504471216289922,4,-0.0,2.75E-4,1.375E-4
504471235250299,1,0.06795,-0.0139500005,9.868051
504471235250297,4,-0.0,2.75E-4,-0.0011
504471245373414,2,-10.1625,34.7625,-14.6625
504471254210830,1,0.072000004,-0.031050002,9.861
504471254210830,4,-0.0,-9.625E-4,1.375E-4
504471273171236,1,0.06795,-0.021000002,9.868051
504471273171234,4,-0.0,2.75E-4,1.375E-4
504471292131782,1,0.07005,-0.025950002,9.871051
504471292131782,4,-0.0,2.75E-4,1.375E-4
504471295394152,2,-10.200001,34.7625,-14.625001
504471311092174,1,0.06795,-0.01905,9.868051
504471311092172,4,-0.0,2.75E-4,1.375E-4
504471330052710,1,0.072000004,-0.016050002,9.865951
504471330052710,4,-0.0,2.75E-4,1.375E-4
504471345284304,2,-10.03125,34.725002,-14.700001
504471349013087,1,0.076950006,-0.021000002,9.861
504471349013085,4,0.0012375,-9.625E-4,-0.0011
504471367973624,1,0.07005,-0.01905,9.876
504471367973624,4,-0.0,-9.625E-4,1.375E-4
504471386934000,1,0.076950006,-0.024,9.861
504471386933998,4,-0.0,-9.625E-4,1.375E-4
504471395327654,2,-10.012501,34.725002,-14.681251
504471405894518,1,0.06795,-0.01905,9.865951
504471405894518,4,-0.0,2.75E-4,1.375E-4
504471424854904,1,0.063,-0.01905,9.865951
504471424854902,4,-0.0,2.75E-4,1.375E-4
504471443815450,1,0.064950004,-0.025950002,9.865951
504471443815450,4,-0.0,-9.625E-4,1.375E-4
504471445196247,2,-10.125,34.74375,-14.64375
504471462775837,1,0.06795,-0.012,9.864
504471462775835,4,-0.0,2.75E-4,0.001375
504471481736383,1,0.07005,-0.025950002,9.868051
504471481736383,4,-0.0,-9.625E-4,1.375E-4
504471495266247,2,-10.14375,34.725002,-14.606251
504471500696799,1,0.063,-0.033,9.865951
504471500696797,4,-0.0,-9.625E-4,1.375E-4
504471519657335,1,0.063,-0.025950002,9.871051
504471519657335,4,-0.0012375,2.75E-4,1.375E-4
504471538617640,1,0.06795,-0.025950002,9.864
504471538617638,4,-0.0,2.75E-4,-0.0011
504471545320123,2,-10.106251,34.706253,-14.64375
504471557578032,1,0.075,-0.024,9.865951
504471557578032,4,-0.0,-9.625E-4,1.375E-4
504471576538561,1,0.079950005,-0.025950002,9.865951
504471576538561,4,-0.0,-9.625E-4,1.375E-4
504471595499244,1,0.075,-0.024,9.865951
504471595499244,4,-0.0012375,2.75E-4,1.375E-4
504471595369724,2,-10.106251,34.66875,-14.681251
504471614459567,1,0.060000002,-0.028050002,9.865951
504471614459565,4,-0.0,-9.625E-4,-0.0011
504471633420104,1,0.076950006,-0.025950002,9.865951
504471633420104,4,-0.0,-9.625E-4,0.001375
504471645403043,2,-10.087501,34.6875,-14.718751
504471652380419,1,0.072000004,-0.031050002,9.865951
504471652380417,4,-0.0,2.75E-4,1.375E-4
504471671340796,1,0.063,-0.031050002,9.868051
504471671340796,4,-0.0,2.75E-4,1.375E-4
504471690301422,1,0.072000004,-0.025950002,9.873
504471690301422,4,-0.0012375,2.75E-4,0.001375
504471695433662,2,-10.21875,34.706253,-14.6625
504471709261954,1,0.07005,-0.016050002,9.868051
504471709261954,4,-0.0,2.75E-4,1.375E-4
504471728222254,1,0.07005,-0.031050002,9.861
504471728222252,4,-0.0,2.75E-4,1.375E-4
504471745450180,2,-10.2375,34.706253,-14.64375
504471747182648,1,0.07005,-0.028050002,9.871051
504471747182646,4,-0.0,-9.625E-4,-0.0011
504471766143185,1,0.07005,-0.024,9.868051
504471766143185,4,0.002475,2.75E-4,1.375E-4
504471785103858,1,0.064950004,-0.021000002,9.868051
504471785103858,4,-0.0,2.75E-4,0.001375
504471795320702,2,-10.181251,34.706253,-14.700001
504471804064168,1,0.06795,-0.036000002,9.871051
504471804064166,4,-0.0,2.75E-4,1.375E-4
504471823024690,1,0.075,-0.025950002,9.871051
504471823024690,4,-0.0,-9.625E-4,1.375E-4
504471841985052,1,0.076950006,-0.01905,9.868051
504471841985050,4,-0.0,2.75E-4,0.001375
504471845360358,2,-10.200001,34.74375,-14.681251
504471860945599,1,0.072000004,-0.021000002,9.865951
504471860945599,4,-0.0,-9.625E-4,1.375E-4
504471879905909,1,0.064950004,-0.012,9.871051
504471879905907,4,0.0012375,-9.625E-4,1.375E-4
504471895238186,2,-10.33125,34.7625,-14.587501
504471898866507,1,0.064950004,-0.025950002,9.865951
504471898866507,4,-0.0,2.75E-4,-0.0011
504471917826909,1,0.07005,-0.033,9.877951
504471917826907,4,0.0012375,0.0015125,1.375E-4
504471936787435,1,0.064950004,-0.024,9.871051
504471936787435,4,-0.0,2.75E-4,1.375E-4
504471945301278,2,-10.275001,34.78125,-14.606251
504471955747836,1,0.072000004,-0.028050002,9.865951
504471955747834,4,0.0012375,-9.625E-4,1.375E-4
504471974708377,1,0.06795,-0.021000002,9.871051
504471974708377,4,-0.0,2.75E-4,1.375E-4
504471993668697,1,0.064950004,-0.025950002,9.873
504471993668695,4,0.002475,-9.625E-4,1.375E-4
504471995175742,2,-10.293751,34.800003,-14.587501
504472012629359,1,0.075,-0.028050002,9.873
504472012629359,4,0.0012375,2.75E-4,1.375E-4
504472031589751,1,0.08205,-0.031050002,9.864
504472031589749,4,-0.0,2.75E-4,1.375E-4
504472045249281,2,-10.368751,34.8375,-14.55
504472050550278,1,0.07005,-0.028050002,9.873
504472050550278,4,-0.0,-9.625E-4,1.375E-4
504472069510664,1,0.075,-0.009000001,9.865951
504472069510662,4,0.0012375,-9.625E-4,-0.0011
504472088471215,1,0.07005,-0.021000002,9.871051
504472088471215,4,0.0012375,2.75E-4,-0.0011
504472095317022,2,-10.462501,34.8375,-14.437501
504472107431630,1,0.064950004,-0.025950002,9.865951
504472107431628,4,-0.0,-9.625E-4,1.375E-4
504472126392186,1,0.072000004,-0.025950002,9.864
504472126392186,4,-0.0,2.75E-4,1.375E-4
504472145352824,1,0.079950005,-0.021000002,9.877951
504472145352824,4,-0.0,2.75E-4,-0.0011
504472145365833,2,-10.44375,34.85625,-14.45625
504472164313158,1,0.075,-0.01905,9.868051
504472164313156,4,-0.0,2.75E-4,1.375E-4
504472183273533,1,0.075,-0.021000002,9.876
504472183273531,4,0.0012375,2.75E-4,1.375E-4
504472195409163,2,-10.5,34.912502,-14.418751
504472202234089,1,0.07005,-0.024,9.865951
504472202234089,4,0.002475,2.75E-4,1.375E-4
504472221194690,1,0.075,-0.024,9.871051
504472221194690,4,-0.0,2.75E-4,-0.0011
504472240154994,1,0.075,-0.024,9.865951
504472240154992,4,-0.0,2.75E-4,-0.0011
504472245402013,2,-10.6125,34.95,-14.437501
504472259115384,1,0.06795,-0.025950002,9.873
504472259115382,4,-0.0,2.75E-4,1.375E-4
504472278075932,1,0.064950004,-0.025950002,9.865951
504472278075932,4,-0.0,2.75E-4,-0.0011
504472295422868,2,-10.762501,35.006252,-14.343751
504472297036298,1,0.07005,-0.028050002,9.868051
504472297036296,4,0.0012375,-9.625E-4,1.375E-4
504472315996845,1,0.06795,-0.031050002,9.871051
504472315996845,4,-0.0,-9.625E-4,1.375E-4
504472334957484,1,0.075,-0.03795,9.864
504472334957484,4,0.0012375,2.75E-4,0.001375
504472345268608,2,-10.81875,35.04375,-14.343751
504472353917808,1,0.079950005,-0.031050002,9.861
504472353917806,4,-0.0,2.75E-4,1.375E-4
504472372878208,1,0.06795,-0.01905,9.865951
504472372878206,4,-0.0,-9.625E-4,-0.0011
504472391838753,1,0.075,-0.028050002,9.876
504472391838753,4,0.0012375,-9.625E-4,1.375E-4
504472395318484,2,-10.89375,35.081253,-14.325001
504472410799116,1,0.076950006,-0.016050002,9.871051
504472410799114,4,-0.0,-9.625E-4,1.375E-4
504472429759710,1,0.06795,-0.025950002,9.871051
504472429759710,4,-0.0,2.75E-4,0.001375
504472445366017,2,-11.043751,35.15625,-14.26875
504472448720232,1,0.06795,-0.021000002,9.876
504472448720230,4,0.0012375,-9.625E-4,1.375E-4
504472467680563,1,0.06795,-0.028050002,9.865951
504472467680561,4,0.0012375,2.75E-4,1.375E-4
504472486640929,1,0.072000004,-0.028050002,9.864
504472486640927,4,-0.0012375,2.75E-4,0.001375
504472495398837,2,-11.15625,35.193752,-14.231251
504472505601499,1,0.072000004,-0.028050002,9.871051
504472505601499,4,0.0012375,-9.625E-4,1.375E-4
504472524561880,1,0.063,-0.025950002,9.876
504472524561878,4,0.0012375,2.75E-4,1.375E-4
504472543522489,1,0.072000004,-0.033,9.865951
504472543522489,4,0.0012375,2.75E-4,1.375E-4
504472545201006,2,-11.15625,35.23125,-14.26875
504472562483034,1,0.07005,-0.031050002,9.868051
504472562483032,4,-0.0,2.75E-4,-0.0011
504472581443410,1,0.072000004,-0.031050002,9.871051
504472581443408,4,-0.0,2.75E-4,1.375E-4
504472595271946,2,-11.1,35.25,-14.343751
504472600403936,1,0.06795,-0.024,9.873
504472600403936,4,0.0012375,2.75E-4,1.375E-4
504472619364318,1,0.076950006,-0.024,9.865951
504472619364316,4,-0.0,2.75E-4,1.375E-4
504472638324840,1,0.079950005,-0.036000002,9.871051
504472638324840,4,0.0012375,2.75E-4,1.375E-4
504472645326389,2,-11.25,35.30625,-14.26875
504472657285231,1,0.07005,-0.031050002,9.876
504472657285229,4,-0.0,2.75E-4,1.375E-4
504472676245783,1,0.06795,-0.033,9.871051
504472676245783,4,-0.0,2.75E-4,1.375E-4
504472695206169,1,0.06795,-0.021000002,9.865951
504472695206167,4,0.0012375,2.75E-4,-0.0011
504472695376564,2,-11.3625,35.325,-14.2875
504472714166706,1,0.08205,-0.016050002,9.864
504472714166706,4,0.0012375,2.75E-4,1.375E-4
504472733127093,1,0.072000004,-0.031050002,9.868051
504472733127091,4,0.0012375,4.125E-4,1.375E-4
504472745409969,2,-11.4375,35.362503,-14.343751
504472752087614,1,0.06795,-0.021000002,9.873
504472752087614,4,-0.0,4.125E-4,-9.625E-4
504472771048011,1,0.063,-0.021000002,9.868051
504472771048009,4,0.0012375,-8.25E-4,1.375E-4
504472790008542,1,0.063,-0.024,9.871051
504472790008542,4,-0.0012375,4.125E-4,1.375E-4
504472795350422,2,-11.400001,35.381252,-14.400001
504472808968933,1,0.072000004,-0.024,9.871051
504472808968931,4,-0.0,4.125E-4,1.375E-4
504472827929556,1,0.063,-0.021000002,9.865951
504472827929556,4,0.0012375,4.125E-4,1.375E-4
504472845387992,2,-11.493751,35.41875,-14.3625
504472846890111,1,0.07005,-0.016050002,9.861
504472846890109,4,-0.0,4.125E-4,1.375E-4
504472865850515,1,0.07005,-0.033,9.877951
504472865850513,4,-0.0,4.125E-4,1.375E-4
504472884811066,1,0.063,-0.01905,9.868051
504472884811066,4,-0.0,4.125E-4,1.375E-4
504472895256623,2,-11.512501,35.4375,-14.418751
504472903771448,1,0.06795,-0.024,9.873
504472903771446,4,0.0012375,4.125E-4,-9.625E-4
504472922731989,1,0.06795,-0.024,9.865951
504472922731989,4,0.0012375,-8.25E-4,1.375E-4
504472941692376,1,0.06795,-0.031050002,9.865951
504472941692374,4,0.0012375,-8.25E-4,1.375E-4
504472945316920,2,-11.418751,35.456253,-14.493751
504472960652907,1,0.075,-0.028050002,9.871051
504472960652907,4,-0.0,4.125E-4,1.375E-4
504472979613508,1,0.07005,-0.01905,9.868051
504472979613508,4,-0.0,-8.25E-4,1.375E-4
504472995361526,2,-11.306251,35.4375,-14.55
504472998573813,1,0.08205,-0.021000002,9.864
504472998573811,4,-0.0,4.125E-4,1.375E-4
504473017534202,1,0.072000004,-0.025950002,9.865951
504473017534200,4,0.0012375,4.125E-4,1.375E-4
504473036494802,1,0.079950005,-0.021000002,9.868051
504473036494802,4,-0.0,-8.25E-4,1.375E-4
504473045391848,2,-11.26875,35.456253,-14.55
504473055455325,1,0.075,-0.028050002,9.868051
504473055455325,4,-0.0,-8.25E-4,-9.625E-4
504473074415698,1,0.06795,-0.028050002,9.859051
504473074415696,4,-0.0,-8.25E-4,1.375E-4
504473093376224,1,0.075,-0.031050002,9.861
504473093376224,4,-0.0,4.125E-4,1.375E-4
504473095284824,2,-11.231251,35.456253,-14.55
504473112336592,1,0.07005,-0.031050002,9.871051
504473112336590,4,0.0012375,-8.25E-4,-9.625E-4
504473131297108,1,0.072000004,-0.033,9.871051
504473131297108,4,-0.0,4.125E-4,1.375E-4
504473145332587,2,-11.137501,35.4375,-14.587501
504473150257490,1,0.075,-0.028050002,9.861
504473150257488,4,-0.0,-8.25E-4,-9.625E-4
504473169218085,1,0.06795,-0.025950002,9.868051
504473169218085,4,0.0012375,-8.25E-4,1.375E-4
504473188178601,1,0.079950005,-0.028050002,9.864
504473188178599,4,-0.0,4.125E-4,1.375E-4
504473195377901,2,-11.00625,35.456253,-14.625001
504473207138953,1,0.07005,-0.028050002,9.864
504473207138951,4,-0.0,-8.25E-4,1.375E-4
504473226099484,1,0.076950006,-0.024,9.864
504473226099484,4,-0.0,4.125E-4,-9.625E-4
504473245059847,1,0.06795,-0.01905,9.861
504473245059845,4,-0.0,4.125E-4,1.375E-4
504473245408205,2,-10.950001,35.4375,-14.6625
504473264020392,1,0.076950006,-0.024,9.864
504473264020392,4,-0.0,4.125E-4,1.375E-4
504473282980789,1,0.075,-0.031050002,9.861
504473282980787,4,-0.0,4.125E-4,1.375E-4
504473295425794,2,-10.950001,35.4375,-14.64375
504473301941331,1,0.07005,-0.024,9.861
504473301941331,4,0.0012375,-8.25E-4,1.375E-4
504473320901726,1,0.07005,-0.028050002,9.861
504473320901724,4,-0.0,4.125E-4,1.375E-4
504473339862278,1,0.06795,-0.01905,9.864
504473339862278,4,-0.0,-8.25E-4,1.375E-4
504473345309134,2,-10.837501,35.4,-14.75625
504473358822668,1,0.07005,-0.024,9.859051
504473358822666,4,-0.0,-8.25E-4,-9.625E-4
504473377783301,1,0.075,-0.01905,9.8560505
504473377783301,4,0.0012375,-8.25E-4,1.375E-4
504473395348078,2,-10.70625,35.381252,-14.887501
504473396743841,1,0.06795,-0.024,9.861
504473396743839,4,-0.0,-8.25E-4,1.375E-4
504473415704226,1,0.07005,-0.03795,9.8560505
504473415704224,4,-0.0012375,4.125E-4,1.375E-4
504473434664752,1,0.063,-0.024,9.8560505
504473434664752,4,0.0012375,4.125E-4,1.375E-4
504473445386568,2,-10.650001,35.34375,-14.94375
504473453625139,1,0.075,-0.01905,9.852
504473453625137,4,0.0012375,4.125E-4,1.375E-4
504473472585763,1,0.075,-0.028050002,9.859051
504473472585763,4,-0.0,4.125E-4,1.375E-4
504473491546307,1,0.063,-0.031050002,9.8560505
504473491546305,4,0.0012375,4.125E-4,1.375E-4
504473495412015,2,-10.556251,35.30625,-14.962501
504473510506687,1,0.063,-0.031050002,9.8560505
504473510506685,4,-0.0,4.125E-4,1.375E-4
504473529467243,1,0.075,-0.028050002,9.859051
504473529467243,4,-0.0012375,0.0015125,1.375E-4
504473545426022,2,-10.425,35.268753,-15.01875
504473548427639,1,0.058050003,-0.025950002,9.861
504473548427637,4,-0.0,4.125E-4,-9.625E-4
504473567388175,1,0.072000004,-0.028050002,9.8560505
504473567388175,4,-0.0,-8.25E-4,1.375E-4
504473586348801,1,0.072000004,-0.021000002,9.859051
504473586348801,4,-0.0,4.125E-4,1.375E-4
504473595442134,2,-10.33125,35.268753,-15.093751
504473605309191,1,0.07005,-0.031050002,9.859051
504473605309189,4,-0.0,4.125E-4,1.375E-4
504473624269791,1,0.07005,-0.025950002,9.859051
504473624269791,4,-0.0,4.125E-4,1.375E-4
504473643230101,1,0.072000004,-0.028050002,9.8560505
504473643230099,4,-0.0,4.125E-4,1.375E-4
504473645448512,2,-10.368751,35.268753,-15.0375
504473662190623,1,0.064950004,-0.031050002,9.852
504473662190623,4,-0.0,-8.25E-4,1.375E-4
504473681151014,1,0.072000004,-0.024,9.859051
504473681151012,4,-0.0,-8.25E-4,1.375E-4
504473695458541,2,-10.35,35.2125,-15.056251
504473700111633,1,0.06795,-0.024,9.859051
504473700111633,4,-0.0,4.125E-4,0.001375
504473719072164,1,0.07005,-0.031050002,9.8539505
504473719072162,4,-0.0,4.125E-4,1.375E-4
504473738032543,1,0.079950005,-0.028050002,9.8560505
504473738032541,4,-0.0,-8.25E-4,1.375E-4
504473745460099,2,-10.21875,35.175003,-15.1125
504473756993080,1,0.076950006,-0.025950002,9.8560505
504473756993080,4,-0.0,4.125E-4,1.375E-4
504473775953477,1,0.072000004,-0.025950002,9.8560505
504473775953475,4,-0.0,0.0015125,0.001375
504473794914090,1,0.075,-0.033,9.8539505
504473794914090,4,-0.0,4.125E-4,1.375E-4
504473795432927,2,-10.06875,35.11875,-15.168751
504473813874636,1,0.079950005,-0.028050002,9.859051
504473813874634,4,-0.0,-8.25E-4,-9.625E-4
504473832835010,1,0.075,-0.028050002,9.8539505
504473832835008,4,-0.0,4.125E-4,1.375E-4
504473845440048,2,-9.993751,35.081253,-15.168751
504473851795552,1,0.075,-0.021000002,9.8560505
504473851795552,4,-0.0,4.125E-4,-9.625E-4
504473870756167,1,0.07005,-0.03795,9.8560505
504473870756167,4,0.0012375,-8.25E-4,1.375E-4
504473889716530,1,0.072000004,-0.028050002,9.8560505
504473889716528,4,-0.0,4.125E-4,1.375E-4
504473895265055,2,-9.9375,35.025,-15.187501
504473908677066,1,0.076950006,-0.024,9.8560505
504473908677066,4,0.0012375,4.125E-4,1.375E-4
504473927637667,1,0.072000004,-0.024,9.864
504473927637667,4,-0.0,-8.25E-4,1.375E-4
504473945313088,2,-9.825001,34.96875,-15.262501
504473946598278,1,0.072000004,-0.028050002,9.852
504473946598278,4,-0.0,4.125E-4,1.375E-4
504473965558592,1,0.06795,-0.031050002,9.847051
504473965558590,4,0.0012375,-8.25E-4,1.375E-4
504473984518977,1,0.06795,-0.024,9.849001
504473984518975,4,-0.0,4.125E-4,1.375E-4
504473995350228,2,-9.675,34.93125,-15.31875
504474003479523,1,0.063,-0.025950002,9.849001
504474003479523,4,0.0012375,4.125E-4,-9.625E-4
504474022440143,1,0.076950006,-0.028050002,9.852
504474022440143,4,0.0012375,-8.25E-4,0.001375
504474041400530,1,0.079950005,-0.021000002,9.847051
504474041400528,4,-0.0012375,4.125E-4,1.375E-4
504474045376601,2,-9.69375,34.893753,-15.337501
504474060361052,1,0.076950006,-0.024,9.847051
504474060361052,4,-0.0,4.125E-4,1.375E-4
504474079321667,1,0.072000004,-0.036000002,9.84405
504474079321667,4,0.0012375,-8.25E-4,-9.625E-4
504474095404518,2,-9.75,34.85625,-15.3
504474098282054,1,0.064950004,-0.025950002,9.852
504474098282052,4,-0.0,-8.25E-4,-9.625E-4
504474117242590,1,0.072000004,-0.01905,9.852
504474117242590,4,-0.0,4.125E-4,1.375E-4
504474136203182,1,0.076950006,-0.024,9.852
504474136203182,4,-0.0,-8.25E-4,1.375E-4
504474145421166,2,-9.76875,34.8375,-15.262501
504474155163563,1,0.075,-0.033,9.84405
504474155163561,4,-0.0,4.125E-4,1.375E-4
504474174124110,1,0.076950006,-0.033,9.852
504474174124110,4,-0.0,-8.25E-4,-9.625E-4
504474193084720,1,0.06795,-0.033,9.847051
504474193084720,4,-0.0,4.125E-4,1.375E-4
504474195439809,2,-9.75,34.818752,-15.262501
504474212045107,1,0.060000002,-0.028050002,9.8539505
504474212045105,4,-0.0,-8.25E-4,1.375E-4
504474231005734,1,0.063,-0.025950002,9.849001
504474231005734,4,-0.0,4.125E-4,1.375E-4
504474245448483,2,-9.731251,34.78125,-15.225
504474249966270,1,0.07005,-0.021000002,9.847051
504474249966268,4,0.0012375,-8.25E-4,-9.625E-4
504474268926655,1,0.075,-0.024,9.84405
504474268926653,4,-0.0,-8.25E-4,-9.625E-4
504474287887263,1,0.063,-0.021000002,9.847051
504474287887263,4,-0.0012375,4.125E-4,0.001375
504474295449089,2,-9.7875,34.74375,-15.168751
504474306847789,1,0.072000004,-0.025950002,9.849001
504474306847787,4,-0.0,-8.25E-4,1.375E-4
504474325808174,1,0.064950004,-0.028050002,9.849001
504474325808172,4,-0.0,4.125E-4,1.375E-4
504474344768812,1,0.058050003,-0.031050002,9.847051
504474344768812,4,0.0012375,-8.25E-4,1.375E-4
504474345376214,2,-9.69375,34.706253,-15.20625
504474363729337,1,0.07005,-0.025950002,9.849001
504474363729335,4,-0.0,4.125E-4,-9.625E-4
504474382689712,1,0.064950004,-0.031050002,9.849001
504474382689710,4,-0.0,-8.25E-4,-9.625E-4
504474395393337,2,-9.6,34.6875,-15.243751
504474401650325,1,0.06795,-0.025950002,9.8539505
504474401650325,4,0.0012375,-8.25E-4,0.001375
504474420610951,1,0.06795,-0.021000002,9.847051
504474420610951,4,-0.0,4.125E-4,-9.625E-4
504474439571505,1,0.072000004,-0.025950002,9.849001
504474439571503,4,0.0012375,-8.25E-4,1.375E-4
504474445258926,2,-9.6,34.66875,-15.243751
504474458531890,1,0.063,-0.024,9.849001
504474458531888,4,0.0012375,-8.25E-4,-9.625E-4
504474477492450,1,0.063,-0.028050002,9.849001
504474477492450,4,-0.0,4.125E-4,1.375E-4
504474495307379,2,-9.65625,34.66875,-15.243751
504474496453081,1,0.075,-0.025950002,9.847051
504474496453081,4,-0.0,4.125E-4,1.375E-4
504474515413457,1,0.07005,-0.025950002,9.849001
504474515413455,4,-0.0,4.125E-4,1.375E-4
504474534374071,1,0.07005,-0.028050002,9.8539505
504474534374071,4,-0.0,4.125E-4,1.375E-4
504474545344251,2,-9.58125,34.65,-15.3
504474553334596,1,0.076950006,-0.025950002,9.847051
504474553334594,4,-0.0,-8.25E-4,0.001375
504474572295200,1,0.063,-0.031050002,9.852
504474572295200,4,0.0012375,4.125E-4,1.375E-4
504474591255581,1,0.060000002,-0.031050002,9.849001
504474591255579,4,-0.0,4.125E-4,0.001375
504474595381248,2,-9.50625,34.65,-15.31875
504474610216224,1,0.064950004,-0.031050002,9.847051
504474610216224,4,-0.0,4.125E-4,1.375E-4
504474629176745,1,0.06795,-0.031050002,9.847051
504474629176743,4,0.0012375,-8.25E-4,1.375E-4
504474645405667,2,-9.5625,34.65,-15.281251
504474648137130,1,0.072000004,-0.036000002,9.8539505
504474648137128,4,0.0012375,4.125E-4,1.375E-4
504474667097757,1,0.075,-0.024,9.847051
504474667097757,4,-1.375E-4,-8.25E-4,1.375E-4
504474686058387,1,0.063,-0.033,9.84
504474686058387,4,-1.375E-4,-8.25E-4,1.375E-4
504474695430484,2,-9.637501,34.65,-15.281251
504474705018922,1,0.063,-0.033,9.852
504474705018920,4,0.0011,4.125E-4,1.375E-4
504474723979527,1,0.07005,-0.016050002,9.847051
504474723979527,4,-1.375E-4,4.125E-4,1.375E-4
504474742939918,1,0.072000004,-0.024,9.849001
504474742939916,4,-1.375E-4,-8.25E-4,1.375E-4
504474745443570,2,-9.731251,34.66875,-15.262501
504474761900522,1,0.06795,-0.024,9.8539505
504474761900522,4,0.0011,4.125E-4,0.001375
504474780861062,1,0.072000004,-0.021000002,9.84405
504474780861060,4,-1.375E-4,4.125E-4,1.375E-4
504474795447459,2,-9.637501,34.65,-15.356251
504474799821661,1,0.060000002,-0.025950002,9.84195
504474799821661,4,-1.375E-4,4.125E-4,1.375E-4
504474818782062,1,0.072000004,-0.031050002,9.84
504474818782060,4,0.0011,4.125E-4,1.375E-4
504474837742691,1,0.076950006,-0.033,9.847051
504474837742691,4,-1.375E-4,4.125E-4,1.375E-4
504474845455526,2,-9.69375,34.66875,-15.243751
504474856703316,1,0.075,-0.031050002,9.852
504474856703316,4,-1.375E-4,4.125E-4,0.001375
504474875663861,1,0.072000004,-0.024,9.849001
504474875663859,4,-1.375E-4,-8.25E-4,1.375E-4
504474894624255,1,0.072000004,-0.028050002,9.84195
504474894624253,4,-1.375E-4,-8.25E-4,1.375E-4
504474895331846,2,-9.75,34.66875,-15.187501
504474913584864,1,0.072000004,-0.01905,9.8539505
504474913584864,4,-0.001375,4.125E-4,1.375E-4
504474932545503,1,0.072000004,-0.021000002,9.84
504474932545503,4,-1.375E-4,-8.25E-4,0.001375
504474945366105,2,-9.675,34.66875,-15.187501
504474951506142,1,0.06795,-0.024,9.849001
504474951506142,4,-1.375E-4,4.125E-4,1.375E-4
504474970466677,1,0.06795,-0.025950002,9.849001
504474970466675,4,-1.375E-4,-8.25E-4,1.375E-4
504474989427287,1,0.072000004,-0.031050002,9.84405
504474989427287,4,-1.375E-4,-8.25E-4,1.375E-4
504474995401712,2,-9.6,34.65,-15.262501
504475008387659,1,0.06795,-0.021000002,9.849001
504475008387657,4,0.0011,4.125E-4,1.375E-4
504475027348259,1,0.07005,-0.025950002,9.847051
504475027348259,4,-1.375E-4,4.125E-4,-0.0011
504475045414220,2,-9.637501,34.66875,-15.281251
504475046308859,1,0.072000004,-0.024,9.852
504475046308859,4,-0.001375,4.125E-4,1.375E-4
504475065269386,1,0.07005,-0.024,9.852
504475065269384,4,-1.375E-4,-8.25E-4,1.375E-4
504475084229784,1,0.064950004,-0.033,9.849001
504475084229782,4,-0.001375,4.125E-4,1.375E-4
504475095430356,2,-9.712501,34.66875,-15.262501
504475103190403,1,0.06795,-0.028050002,9.849001
504475103190403,4,0.0011,4.125E-4,1.375E-4
504475122151018,1,0.072000004,-0.025950002,9.8539505
504475122151018,4,-0.001375,-8.25E-4,-0.0011
504475141111563,1,0.075,-0.031050002,9.847051
504475141111561,4,-0.001375,4.125E-4,1.375E-4
504475145437532,2,-9.6,34.66875,-15.356251
504475160072176,1,0.064950004,-0.028050002,9.8539505
504475160072176,4,-1.375E-4,4.125E-4,1.375E-4
504475179032783,1,0.07005,-0.025950002,9.8539505
504475179032783,4,-1.375E-4,4.125E-4,-0.0011
504475195448902,2,-9.50625,34.65,-15.4125
504475197993169,1,0.060000002,-0.031050002,9.84405
504475197993167,4,-1.375E-4,4.125E-4,-0.0011
504475216953768,1,0.064950004,-0.025950002,9.849001
504475216953768,4,0.0011,-0.0020625,1.375E-4
504475235914359,1,0.07005,-0.033,9.852
504475235914359,4,-0.001375,-8.25E-4,1.375E-4
504475245452203,2,-9.543751,34.66875,-15.356251
504475254874980,1,0.063,-0.031050002,9.852
504475254874980,4,-1.375E-4,-8.25E-4,1.375E-4
504475273835515,1,0.072000004,-0.028050002,9.847051
504475273835513,4,-1.375E-4,-8.25E-4,-0.0011
504475292796133,1,0.06795,-0.021000002,9.852
504475292796133,4,-1.375E-4,-8.25E-4,1.375E-4
504475295449199,2,-9.618751,34.6875,-15.356251
504475311756553,1,0.072000004,-0.024,9.852
504475311756551,4,-0.001375,-8.25E-4,1.375E-4
504475330717177,1,0.07005,-0.01905,9.8539505
504475330717177,4,-0.001375,-8.25E-4,1.375E-4
504475345441542,2,-9.5625,34.6875,-15.4125
504475349677807,1,0.06795,-0.021000002,9.8539505
504475349677807,4,-1.375E-4,-8.25E-4,1.375E-4
504475368638407,1,0.064950004,-0.033,9.8560505
504475368638407,4,-1.375E-4,4.125E-4,1.375E-4
504475387598924,1,0.06795,-0.036000002,9.847051
504475387598922,4,-1.375E-4,4.125E-4,1.375E-4
504475395441658,2,-9.4875,34.6875,-15.468751
504475406559517,1,0.064950004,-0.031050002,9.849001
504475406559517,4,-1.375E-4,4.125E-4,-0.0011
504475425520119,1,0.06795,-0.031050002,9.8539505
504475425520119,4,-1.375E-4,4.125E-4,1.375E-4
504475444480500,1,0.072000004,-0.024,9.849001
504475444480498,4,-1.375E-4,4.125E-4,-0.0011
504475445272409,2,-9.543751,34.6875,-15.39375
504475463441114,1,0.06795,-0.021000002,9.861
504475463441114,4,-1.375E-4,4.125E-4,1.375E-4
504475482401720,1,0.060000002,-0.031050002,9.8539505
504475482401720,4,0.0011,-8.25E-4,1.375E-4
504475495313648,2,-9.618751,34.706253,-15.356251
504475501362289,1,0.06795,-0.033,9.8560505
504475501362287,4,-0.001375,4.125E-4,1.375E-4
504475520322897,1,0.063,-0.03795,9.8539505
504475520322897,4,-1.375E-4,-8.25E-4,1.375E-4
504475539283517,1,0.07005,-0.021000002,9.8560505
504475539283517,4,-0.001375,4.125E-4,1.375E-4
504475545345524,2,-9.543751,34.6875,-15.31875
504475558243895,1,0.08895,-0.028050002,9.8539505
504475558243893,4,-1.375E-4,4.125E-4,1.375E-4
504475577204740,1,0.076950006,-0.024,9.8560505
504475577204740,4,-1.375E-4,4.125E-4,1.375E-4
504475595379200,2,-9.431251,34.706253,-15.31875
504475596165111,1,0.07005,-0.021000002,9.852
504475596165109,4,0.0011,-8.25E-4,-0.0011
504475615125715,1,0.07005,-0.036000002,9.859051
504475615125715,4,-1.375E-4,-8.25E-4,-0.0011
504475634086325,1,0.072000004,-0.031050002,9.859051
504475634086325,4,-1.375E-4,4.125E-4,1.375E-4
504475645401681,2,-9.337501,34.6875,-15.31875
504475653046941,1,0.05595,-0.036000002,9.859051
504475653046941,4,0.0011,-8.25E-4,1.375E-4
504475672007552,1,0.07005,-0.036000002,9.8539505
504475672007552,4,-1.375E-4,4.125E-4,1.375E-4
504475690968081,1,0.058050003,-0.033,9.859051
504475690968079,4,-1.375E-4,4.125E-4,1.375E-4
504475695425490,2,-9.262501,34.6875,-15.356251
504475709928733,1,0.06795,-0.021000002,9.852
504475709928733,4,-1.375E-4,4.125E-4,1.375E-4
504475728889339,1,0.075,-0.033,9.859051
504475728889339,4,-1.375E-4,-8.25E-4,1.375E-4
504475745438458,2,-9.150001,34.66875,-15.4875
504475747849945,1,0.07005,-0.028050002,9.8539505
504475747849945,4,-1.375E-4,4.125E-4,1.375E-4
504475766810341,1,0.07005,-0.031050002,9.849001
504475766810339,4,-1.375E-4,-8.25E-4,-0.0011
504475785770940,1,0.07005,-0.031050002,9.8560505
504475785770940,4,0.0011,4.125E-4,-0.0011
504475795442693,2,-9.075001,34.6875,-15.543751
504475804731574,1,0.07005,-0.031050002,9.852
504475804731574,4,-1.375E-4,4.125E-4,-0.0011
504475823692195,1,0.06795,-0.028050002,9.861
504475823692195,4,-1.375E-4,4.125E-4,0.001375
504475842652735,1,0.072000004,-0.024,9.861
504475842652733,4,-1.375E-4,4.125E-4,1.375E-4
504475845451307,2,-9.168751,34.706253,-15.450001
504475861613411,1,0.06795,-0.033,9.8539505
504475861613411,4,-1.375E-4,0.0015125,0.001375
504475880573942,1,0.06795,-0.031050002,9.8539505
504475880573940,4,-1.375E-4,4.125E-4,1.375E-4
504475895384539,2,-9.225,34.706253,-15.431251
504475899534555,1,0.07005,-0.036000002,9.8539505
504475899534555,4,-1.375E-4,4.125E-4,1.375E-4
504475918495176,1,0.06795,-0.031050002,9.861
504475918495176,4,-1.375E-4,-8.25E-4,1.375E-4
504475937455815,1,0.07005,-0.028050002,9.859051
504475937455815,4,-1.375E-4,4.125E-4,-0.0011
504475945406524,2,-9.168751,34.725002,-15.468751
504475956416440,1,0.06795,-0.033,9.8539505
504475956416440,4,-1.375E-4,4.125E-4,0.001375
504475975377075,1,0.07005,-0.03795,9.859051
504475975377075,4,-1.375E-4,4.125E-4,-0.0011
504475994337691,1,0.07005,-0.025950002,9.8560505
504475994337691,4,-1.375E-4,4.125E-4,1.375E-4
504475995244173,2,-9.1125,34.725002,-15.4875
504476013298068,1,0.072000004,-0.031050002,9.859051
504476013298066,4,-1.375E-4,-8.25E-4,1.375E-4
504476032258696,1,0.052950002,-0.031050002,9.859051
504476032258696,4,-1.375E-4,4.125E-4,1.375E-4
504476045290876,2,-9.1875,34.74375,-15.450001
504476051219316,1,0.075,-0.031050002,9.8539505
504476051219316,4,-1.375E-4,4.125E-4,1.375E-4
504476070179917,1,0.064950004,-0.028050002,9.8560505
504476070179917,4,-1.375E-4,-8.25E-4,1.375E-4
504476089140527,1,0.064950004,-0.031050002,9.859051
504476089140527,4,-1.375E-4,-8.25E-4,1.375E-4
504476095338272,2,-9.225,34.74375,-15.468751
504476108101128,1,0.060000002,-0.031050002,9.864
504476108101128,4,-1.375E-4,4.125E-4,0.001375
504476127061683,1,0.06795,-0.024,9.859051
504476127061681,4,-1.375E-4,-8.25E-4,-0.0011
504476145372604,2,-9.150001,34.725002,-15.58125
504476146022311,1,0.06795,-0.033,9.8560505
504476146022311,4,0.0011,4.125E-4,1.375E-4
504476164983004,1,0.075,-0.025950002,9.8560505
504476164983004,4,0.0011,-8.25E-4,1.375E-4
504476183943553,1,0.063,-0.028050002,9.861
504476183943551,4,-1.375E-4,-8.25E-4,1.375E-4
504476195406262,2,-9.075001,34.706253,-15.562501
504476202904177,1,0.06795,-0.024,9.8560505
504476202904177,4,0.0011,4.125E-4,0.001375
504476221864874,1,0.072000004,-0.025950002,9.865951
504476221864874,4,0.0011,-8.25E-4,1.375E-4
504476240825415,1,0.063,-0.021000002,9.864
504476240825413,4,-1.375E-4,-8.25E-4,1.375E-4
504476245427070,2,-9.1125,34.706253,-15.562501
504476259785788,1,0.063,-0.036000002,9.861
504476259785786,4,-1.375E-4,4.125E-4,0.001375
504476278746378,1,0.072000004,-0.031050002,9.864
504476278746378,4,-1.375E-4,-8.25E-4,1.375E-4
504476295437025,2,-9.1875,34.725002,-15.525001
504476297707234,1,0.07005,-0.028050002,9.8539505
504476297707234,4,-1.375E-4,4.125E-4,0.001375
504476316667629,1,0.06795,-0.033,9.861
504476316667627,4,-1.375E-4,4.125E-4,-0.0011
504476335628253,1,0.07005,-0.028050002,9.861
504476335628253,4,0.0011,4.125E-4,-0.0011
504476345449679,2,-9.1875,34.706253,-15.562501
504476354588868,1,0.076950006,-0.031050002,9.859051
504476354588868,4,-1.375E-4,-8.25E-4,1.375E-4
504476373549474,1,0.063,-0.025950002,9.864
504476373549474,4,-0.001375,4.125E-4,1.375E-4
504476392510080,1,0.07005,-0.031050002,9.861
504476392510080,4,0.0011,4.125E-4,-0.0011
504476395453261,2,-9.1125,34.706253,-15.6
504476411470671,1,0.07005,-0.036000002,9.859051
504476411470671,4,-1.375E-4,-8.25E-4,1.375E-4
504476430431278,1,0.064950004,-0.025950002,9.859051
504476430431278,4,-1.375E-4,4.125E-4,-0.0011
504476445337248,2,-9.1875,34.706253,-15.58125
504476449391906,1,0.072000004,-0.025950002,9.864
504476449391906,4,0.0011,4.125E-4,1.375E-4
504476468352438,1,0.07005,-0.031050002,9.861
504476468352436,4,0.0022,4.125E-4,0.001375
504476487313104,1,0.064950004,-0.025950002,9.865951
504476487313104,4,-1.375E-4,4.125E-4,1.375E-4
504476495366101,2,-9.262501,34.706253,-15.543751
504476506273693,1,0.075,-0.025950002,9.864
504476506273691,4,0.0022,-8.25E-4,1.375E-4
504476525234313,1,0.063,-0.024,9.8560505
504476525234311,4,0.0011,-8.25E-4,-0.0011
504476544194852,1,0.063,-0.024,9.861
504476544194850,4,-1.375E-4,4.125E-4,1.375E-4
504476545245473,2,-9.1875,34.6875,-15.562501
504476563155528,1,0.07005,-0.031050002,9.865951
504476563155528,4,-1.375E-4,4.125E-4,1.375E-4
504476582116054,1,0.064950004,-0.025950002,9.861
504476582116052,4,-1.375E-4,4.125E-4,1.375E-4
504476595301104,2,-9.1125,34.6875,-15.58125
504476601076744,1,0.06795,-0.028050002,9.868051
504476601076744,4,-2.75E-4,2.75E-4,1.375E-4
504476620037299,1,0.072000004,-0.028050002,9.864
504476620037297,4,-2.75E-4,2.75E-4,-0.0011
504476638997913,1,0.07005,-0.021000002,9.861
504476638997913,4,9.625E-4,-9.625E-4,1.375E-4
504476645343574,2,-9.168751,34.66875,-15.525001
504476657958595,1,0.06795,-0.031050002,9.864
504476657958595,4,9.625E-4,-9.625E-4,1.375E-4
504476676919136,1,0.079950005,-0.021000002,9.865951
504476676919134,4,-2.75E-4,2.75E-4,-0.0011
504476695879826,1,0.07005,-0.024,9.868051
504476695879826,4,9.625E-4,2.75E-4,1.375E-4
504476695384760,2,-9.225,34.6875,-15.50625
504476714840362,1,0.064950004,-0.021000002,9.868051
504476714840360,4,-2.75E-4,-9.625E-4,1.375E-4
504476733801052,1,0.064950004,-0.021000002,9.864
504476733801052,4,-2.75E-4,2.75E-4,-0.0011
504476745411862,2,-9.150001,34.6875,-15.50625
504476752761601,1,0.076950006,-0.03795,9.865951
504476752761599,4,-2.75E-4,2.75E-4,1.375E-4
504476771722215,1,0.064950004,-0.028050002,9.868051
504476771722215,4,-0.001375,2.75E-4,1.375E-4
504476790682821,1,0.064950004,-0.025950002,9.859051
504476790682821,4,-2.75E-4,2.75E-4,1.375E-4
504476795427119,2,-9.075001,34.6875,-15.543751
504476809643451,1,0.07005,-0.021000002,9.865951
504476809643451,4,9.625E-4,2.75E-4,1.375E-4
504476828604066,1,0.072000004,-0.021000002,9.865951
504476828604066,4,-2.75E-4,2.75E-4,1.375E-4
504476845443917,2,-9.150001,34.6875,-15.50625
504476847564682,1,0.07005,-0.031050002,9.865951
504476847564682,4,-2.75E-4,-9.625E-4,1.375E-4
504476866525303,1,0.06795,-0.025950002,9.864
504476866525302,4,-2.75E-4,2.75E-4,1.375E-4
504476885485923,1,0.07005,-0.024,9.859051
504476885485921,4,-2.75E-4,-9.625E-4,0.0012375
504476895450424,2,-9.20625,34.6875,-15.468751
504476904446525,1,0.08400001,-0.028050002,9.868051
504476904446523,4,9.625E-4,2.75E-4,1.375E-4
504476923407140,1,0.06795,-0.028050002,9.861
504476923407138,4,-2.75E-4,-9.625E-4,1.375E-4
504476942367764,1,0.06795,-0.024,9.864
504476942367763,4,9.625E-4,-9.625E-4,0.0012375
504476945460448,2,-9.1125,34.66875,-15.4875
504476961328159,1,0.063,-0.031050002,9.871051
504476961328157,4,-2.75E-4,2.75E-4,-0.0011
504476980289004,1,0.076950006,-0.024,9.861
504476980289004,4,-2.75E-4,2.75E-4,1.375E-4
504476995293171,2,-9.01875,34.65,-15.543751
504476999249621,1,0.072000004,-0.021000002,9.865951
504476999249619,4,-2.75E-4,2.75E-4,1.375E-4
504477018210236,1,0.072000004,-0.031050002,9.868051
504477018210234,4,-0.001375,2.75E-4,1.375E-4
504477037170852,1,0.06795,-0.031050002,9.865951
504477037170850,4,9.625E-4,2.75E-4,1.375E-4
504477045327438,2,-9.09375,34.65,-15.562501
504477056131481,1,0.07005,-0.028050002,9.864
504477056131479,4,-2.75E-4,2.75E-4,-0.0011
504477075091890,1,0.07005,-0.025950002,9.871051
504477075091888,4,-0.0026125,2.75E-4,1.375E-4
504477094052508,1,0.072000004,-0.031050002,9.871051
504477094052508,4,-2.75E-4,2.75E-4,1.375E-4
504477095189876,2,-9.168751,34.65,-15.6
504477113013360,1,0.072000004,-0.028050002,9.859051
504477113013360,4,-2.75E-4,-9.625E-4,-0.0011
504477131973987,1,0.063,-0.025950002,9.865951
504477131973985,4,-2.75E-4,2.75E-4,1.375E-4
504477145255979,2,-9.1125,34.631252,-15.656251
504477150934601,1,0.072000004,-0.028050002,9.864
504477150934599,4,-2.75E-4,2.75E-4,1.375E-4
504477169895203,1,0.075,-0.028050002,9.864
504477169895201,4,-2.75E-4,2.75E-4,-0.0011
504477188855775,1,0.07005,-0.028050002,9.865951
504477188855773,4,-2.75E-4,2.75E-4,-0.0011
504477195318960,2,-9.0375,34.612503,-15.69375
504477207816429,1,0.063,-0.025950002,9.871051
504477207816427,4,-2.75E-4,2.75E-4,1.375E-4
504477226777119,1,0.072000004,-0.036000002,9.864
504477226777119,4,-2.75E-4,2.75E-4,1.375E-4
504477245737650,1,0.079950005,-0.031050002,9.868051
504477245737648,4,-2.75E-4,-9.625E-4,1.375E-4
504477245365154,2,-9.1125,34.631252,-15.58125
504477264698292,1,0.07005,-0.025950002,9.865951
504477264698292,4,-2.75E-4,-9.625E-4,1.375E-4
504477283658917,1,0.07005,-0.01905,9.868051
504477283658917,4,9.625E-4,2.75E-4,-0.0011
504477295396137,2,-9.1875,34.631252,-15.543751
504477302619528,1,0.075,-0.025950002,9.864
504477302619528,4,-2.75E-4,2.75E-4,1.375E-4
504477321580148,1,0.072000004,-0.021000002,9.865951
504477321580148,4,-0.001375,-9.625E-4,1.375E-4
504477340540759,1,0.075,-0.01905,9.865951
504477340540759,4,-2.75E-4,2.75E-4,1.375E-4
504477345425235,2,-9.13125,34.612503,-15.6
504477359501375,1,0.075,-0.025950002,9.861
504477359501374,4,9.625E-4,-9.625E-4,1.375E-4
504477378461967,1,0.06795,-0.01905,9.871051
504477378461966,4,-2.75E-4,-9.625E-4,-0.0011
504477395441115,2,-9.075001,34.59375,-15.637501
504477397422572,1,0.07005,-0.021000002,9.871051
504477397422570,4,9.625E-4,2.75E-4,1.375E-4
504477416383177,1,0.07005,-0.01905,9.861
504477416383175,4,9.625E-4,2.75E-4,-0.0011
504477435343802,1,0.076950006,-0.024,9.873
504477435343801,4,9.625E-4,-9.625E-4,-0.0011
504477445401476,2,-9.13125,34.59375,-15.58125
504477454304426,1,0.072000004,-0.024,9.864
504477454304425,4,-2.75E-4,2.75E-4,0.0012375
504477473265157,1,0.076950006,-0.025950002,9.865951
504477473265157,4,-2.75E-4,-9.625E-4,1.375E-4
504477492225678,1,0.072000004,-0.021000002,9.871051
504477492225676,4,-2.75E-4,-9.625E-4,1.375E-4
504477495420472,2,-9.225,34.59375,-15.562501
504477511186282,1,0.075,-0.025950002,9.868051
504477511186282,4,9.625E-4,2.75E-4,-0.0011
504477530146897,1,0.075,-0.0139500005,9.868051
504477530146897,4,-2.75E-4,2.75E-4,1.375E-4
504477545253852,2,-9.168751,34.575,-15.6
504477549107584,1,0.072000004,-0.01905,9.865951
504477549107584,4,9.625E-4,2.75E-4,1.375E-4
504477568068139,1,0.06795,-0.033,9.871051
504477568068137,4,-2.75E-4,2.75E-4,1.375E-4
504477587028839,1,0.07005,-0.024,9.871051
504477587028839,4,-2.75E-4,2.75E-4,0.0012375
504477595307696,2,-9.09375,34.55625,-15.618751
504477605989394,1,0.07005,-0.021000002,9.868051
504477605989392,4,9.625E-4,2.75E-4,1.375E-4
504477624950084,1,0.07005,-0.028050002,9.873
504477624950084,4,-2.75E-4,2.75E-4,1.375E-4
504477643910635,1,0.06795,-0.025950002,9.873
504477643910633,4,9.625E-4,2.75E-4,1.375E-4
504477645174183,2,-9.168751,34.55625,-15.525001
504477662871335,1,0.075,-0.024,9.868051
504477662871335,4,9.625E-4,-9.625E-4,-0.0011
504477681831980,1,0.064950004,-0.036000002,9.871051
504477681831978,4,-2.75E-4,2.75E-4,0.0012375
504477695254380,2,-9.243751,34.575,-15.543751
504477700792588,1,0.05595,-0.025950002,9.865951
504477700792586,4,9.625E-4,2.75E-4,1.375E-4
504477719753207,1,0.076950006,-0.025950002,9.861
504477719753205,4,9.625E-4,2.75E-4,1.375E-4
504477738713809,1,0.072000004,-0.024,9.865951
504477738713807,4,9.625E-4,2.75E-4,1.375E-4
504477745316594,2,-9.20625,34.55625,-15.50625
504477757674429,1,0.064950004,-0.025950002,9.868051
504477757674427,4,9.625E-4,2.75E-4,-0.0011
504477776635034,1,0.064950004,-0.028050002,9.873
504477776635033,4,9.625E-4,2.75E-4,1.375E-4
504477795595893,1,0.075,-0.025950002,9.865951
504477795595893,4,9.625E-4,-9.625E-4,-0.0011
504477795361539,2,-9.1125,34.537502,-15.50625
504477814556288,1,0.063,-0.021000002,9.865951
504477814556286,4,9.625E-4,-9.625E-4,-0.0011
504477833516879,1,0.064950004,-0.021000002,9.873
504477833516879,4,-2.75E-4,2.75E-4,1.375E-4
504477845402178,2,-9.1125,34.537502,-15.50625
504477852477494,1,0.07005,-0.025950002,9.871051
504477852477494,4,9.625E-4,2.75E-4,1.375E-4
504477871438105,1,0.072000004,-0.025950002,9.868051
504477871438105,4,9.625E-4,2.75E-4,1.375E-4
504477890398720,1,0.063,-0.025950002,9.873
504477890398720,4,-2.75E-4,2.75E-4,1.375E-4
504477895427254,2,-9.20625,34.55625,-15.4125
504477909359312,1,0.072000004,-0.024,9.868051
504477909359312,4,-2.75E-4,-9.625E-4,-0.0011
504477928319917,1,0.076950006,-0.024,9.871051
504477928319917,4,-2.75E-4,-9.625E-4,1.375E-4
504477945450650,2,-9.150001,34.537502,-15.431251
504477947280526,1,0.07005,-0.021000002,9.868051
504477947280526,4,-2.75E-4,2.75E-4,1.375E-4
504477966241119,1,0.064950004,-0.028050002,9.873
504477966241119,4,9.625E-4,-9.625E-4,1.375E-4
504477985201744,1,0.075,-0.025950002,9.871051
504477985201743,4,-0.001375,2.75E-4,1.375E-4
504477995348818,2,-9.075001,34.537502,-15.468751
504478004162360,1,0.07005,-0.01905,9.871051
504478004162359,4,9.625E-4,2.75E-4,1.375E-4
504478023122976,1,0.060000002,-0.01905,9.873
504478023122974,4,-2.75E-4,2.75E-4,1.375E-4
504478042083811,1,0.063,-0.028050002,9.871051
504478042083811,4,-2.75E-4,2.75E-4,1.375E-4
504478045375966,2,-9.150001,34.518753,-15.4125
504478061044211,1,0.075,-0.028050002,9.868051
504478061044209,4,-0.001375,2.75E-4,-0.0011
504478080004816,1,0.07005,-0.028050002,9.873
504478080004816,4,-2.75E-4,2.75E-4,1.375E-4
504478095438048,2,-9.243751,34.518753,-15.39375
504478098965427,1,0.075,-0.028050002,9.873
504478098965427,4,9.625E-4,2.75E-4,1.375E-4
504478117926055,1,0.07005,-0.028050002,9.871051
504478117926055,4,-2.75E-4,-9.625E-4,1.375E-4
504478136886676,1,0.06795,-0.024,9.873
504478136886676,4,-2.75E-4,2.75E-4,-0.0011
504478145447315,2,-9.20625,34.537502,-15.468751
504478155847291,1,0.06795,-0.021000002,9.873
504478155847291,4,9.625E-4,-9.625E-4,1.375E-4
504478174808128,1,0.06795,-0.031050002,9.864
504478174808128,4,-2.75E-4,2.75E-4,0.0012375
504478193768755,1,0.063,-0.01905,9.871051
504478193768753,4,-2.75E-4,-9.625E-4,-0.0011
504478195284862,2,-9.13125,34.518753,-15.4875
504478212729130,1,0.06795,-0.024,9.873
504478212729128,4,-0.001375,2.75E-4,0.0012375
504478231689989,1,0.064950004,-0.025950002,9.865951
504478231689989,4,-2.75E-4,2.75E-4,1.375E-4
504478245328132,2,-9.225,34.518753,-15.525001
504478250650611,1,0.07005,-0.028050002,9.871051
504478250650609,4,-2.75E-4,2.75E-4,1.375E-4
504478269611011,1,0.06795,-0.033,9.876
504478269611009,4,9.625E-4,2.75E-4,1.375E-4
504478288571874,1,0.063,-0.025950002,9.873
504478288571874,4,9.625E-4,-9.625E-4,-0.0011
504478295360253,2,-9.31875,34.537502,-15.468751
504478307532510,1,0.064950004,-0.021000002,9.873
504478307532508,4,-2.75E-4,-9.625E-4,1.375E-4
504478326493130,1,0.06795,-0.024,9.871051
504478326493128,4,-2.75E-4,-9.625E-4,1.375E-4
504478345453816,1,0.06795,-0.024,9.873
504478345453816,4,9.625E-4,-9.625E-4,1.375E-4
504478345392958,2,-9.31875,34.537502,-15.450001
504478364414380,1,0.06795,-0.01905,9.876
504478364414378,4,-2.75E-4,-9.625E-4,1.375E-4
504478383375003,1,0.06795,-0.025950002,9.871051
504478383375003,4,-2.75E-4,2.75E-4,1.375E-4
504478395413757,2,-9.4125,34.575,-15.39375
504478402335633,1,0.064950004,-0.024,9.871051
504478402335633,4,-2.75E-4,-9.625E-4,1.375E-4
504478421296234,1,0.072000004,-0.01905,9.873
504478421296234,4,-2.75E-4,2.75E-4,0.0012375
504478440256849,1,0.072000004,-0.028050002,9.877951
504478440256849,4,-2.75E-4,-9.625E-4,1.375E-4
504478445435608,2,-9.5625,34.59375,-15.356251
504478459217469,1,0.072000004,-0.024,9.876
504478459217469,4,9.625E-4,2.75E-4,1.375E-4
504478478178095,1,0.06795,-0.036000002,9.876
504478478178094,4,-0.001375,-9.625E-4,1.375E-4
504478495446571,2,-9.675,34.631252,-15.281251
504478497138706,1,0.064950004,-0.024,9.876
504478497138705,4,-2.75E-4,-9.625E-4,1.375E-4
504478516099322,1,0.06795,-0.028050002,9.880051
504478516099320,4,-2.75E-4,-9.625E-4,1.375E-4
504478535059933,1,0.06795,-0.024,9.876
504478535059931,4,-2.75E-4,4.125E-4,1.375E-4
504478545291241,2,-9.618751,34.612503,-15.281251
504478554020529,1,0.063,-0.025950002,9.883051
504478554020527,4,9.625E-4,-8.25E-4,-0.0011
504478572981129,1,0.064950004,-0.025950002,9.873
504478572981127,4,9.625E-4,4.125E-4,-0.0011
504478591941740,1,0.07005,-0.028050002,9.873
504478591941739,4,9.625E-4,4.125E-4,0.001375
504478595334763,2,-9.58125,34.612503,-15.243751
504478610902340,1,0.07005,-0.01905,9.865951
504478610902339,4,-2.75E-4,-8.25E-4,1.375E-4
504478629862941,1,0.07005,-0.024,9.873
504478629862941,4,9.625E-4,-8.25E-4,1.375E-4
504478645389331,2,-9.637501,34.631252,-15.20625
504478648823527,1,0.076950006,-0.025950002,9.880051
504478648823527,4,-2.75E-4,4.125E-4,0.001375
504478667784138,1,0.07005,-0.021000002,9.876
504478667784138,4,-2.75E-4,4.125E-4,1.375E-4
504478686744740,1,0.07005,-0.024,9.880051
504478686744739,4,-2.75E-4,4.125E-4,1.375E-4
504478695416749,2,-9.712501,34.65,-15.168751
504478705705337,1,0.076950006,-0.031050002,9.880051
504478705705335,4,-2.75E-4,-8.25E-4,1.375E-4
504478724665953,1,0.076950006,-0.025950002,9.8880005
504478724665951,4,-2.75E-4,-8.25E-4,-0.0011
504478743626539,1,0.058050003,-0.025950002,9.883051
504478743626537,4,-2.75E-4,-8.25E-4,-0.0011
504478745248332,2,-9.65625,34.631252,-15.225
504478762587173,1,0.075,-0.024,9.877951
504478762587172,4,-0.001375,-8.25E-4,1.375E-4
504478781547783,1,0.063,-0.021000002,9.877951
504478781547782,4,-0.001375,4.125E-4,1.375E-4
504478795297789,2,-9.58125,34.631252,-15.281251
504478800508388,1,0.072000004,-0.016050002,9.885
504478800508388,4,-0.001375,4.125E-4,1.375E-4
504478819469003,1,0.060000002,-0.025950002,9.877951
504478819469003,4,-2.75E-4,-8.25E-4,1.375E-4
504478838429613,1,0.07005,-0.028050002,9.880051
504478838429613,4,-2.75E-4,4.125E-4,-0.0011
504478845346373,2,-9.65625,34.66875,-15.243751
504478857390224,1,0.05595,-0.01905,9.876
504478857390224,4,-2.75E-4,-8.25E-4,1.375E-4
504478876350921,1,0.072000004,-0.025950002,9.880051
504478876350921,4,9.625E-4,4.125E-4,-0.0011
504478895311539,1,0.072000004,-0.025950002,9.876
504478895311537,4,-2.75E-4,4.125E-4,0.001375
504478895380882,2,-9.76875,34.6875,-15.150001
504478914272077,1,0.07005,-0.01905,9.880051
504478914272075,4,-2.75E-4,4.125E-4,-0.0011
504478933232691,1,0.064950004,-0.016050002,9.880051
504478933232691,4,-2.75E-4,4.125E-4,1.375E-4
504478945413895,2,-9.75,34.6875,-15.13125
504478952193306,1,0.072000004,-0.024,9.871051
504478952193306,4,9.625E-4,4.125E-4,1.375E-4
504478971153911,1,0.072000004,-0.025950002,9.880051
504478971153911,4,-0.001375,4.125E-4,1.375E-4
504478990114527,1,0.06795,-0.031050002,9.876
504478990114527,4,-2.75E-4,-8.25E-4,1.375E-4
504478995388642,2,-9.69375,34.6875,-15.13125
504479009075132,1,0.07005,-0.024,9.876
504479009075132,4,9.625E-4,-8.25E-4,1.375E-4
504479028035748,1,0.064950004,-0.0139500005,9.883051
504479028035748,4,9.625E-4,-8.25E-4,1.375E-4
504479045407921,2,-9.731251,34.706253,-15.093751
504479046996416,1,0.06795,-0.021000002,9.873
504479046996416,4,-0.001375,0.00165,1.375E-4
504479065956957,1,0.05595,-0.016050002,9.880051
504479065956955,4,-2.75E-4,4.125E-4,-0.0011
504479084917647,1,0.07005,-0.01905,9.883051
504479084917647,4,9.625E-4,4.125E-4,0.001375
504479095252980,2,-9.84375,34.706253,-15.01875
504479103878187,1,0.05595,-0.01905,9.877951
504479103878185,4,9.625E-4,4.125E-4,1.375E-4
504479122838791,1,0.064950004,-0.025950002,9.880051
504479122838791,4,9.625E-4,4.125E-4,1.375E-4
504479141799397,1,0.07005,-0.01905,9.877951
504479141799397,4,-2.75E-4,4.125E-4,1.375E-4
504479145304241,2,-9.806251,34.725002,-15.056251
504479160760003,1,0.064950004,-0.024,9.873
504479160760003,4,-2.75E-4,-8.25E-4,0.001375
504479179720628,1,0.076950006,-0.024,9.877951
504479179720628,4,-0.001375,4.125E-4,1.375E-4
504479195354056,2,-9.712501,34.706253,-15.056251
504479198681239,1,0.06795,-0.025950002,9.883051
504479198681239,4,-2.75E-4,0.00165,1.375E-4
504479217641864,1,0.06795,-0.021000002,9.880051
504479217641863,4,9.625E-4,-8.25E-4,0.001375
504479236602471,1,0.064950004,-0.028050002,9.880051
504479236602469,4,-2.75E-4,4.125E-4,1.375E-4
504479245389120,2,-9.65625,34.706253,-15.1125
504479255563091,1,0.064950004,-0.028050002,9.880051
504479255563089,4,-2.75E-4,-8.25E-4,1.375E-4
504479274523706,1,0.06795,-0.024,9.880051
504479274523704,4,-2.75E-4,4.125E-4,0.001375
504479293484331,1,0.075,-0.009000001,9.873
504479293484330,4,9.625E-4,4.125E-4,1.375E-4
504479295270451,2,-9.76875,34.706253,-15.093751
504479312444932,1,0.072000004,-0.024,9.873
504479312444931,4,-2.75E-4,4.125E-4,1.375E-4
504479331405551,1,0.07005,-0.016050002,9.868051
504479331405551,4,-2.75E-4,-8.25E-4,1.375E-4
504479345325511,2,-9.69375,34.706253,-15.150001
504479350365937,1,0.07005,-0.021000002,9.877951
504479350365935,4,-2.75E-4,4.125E-4,1.375E-4
504479369326796,1,0.064950004,-0.021000002,9.873
504479369326796,4,-2.75E-4,-8.25E-4,1.375E-4
504479388287424,1,0.063,-0.025950002,9.877951
504479388287422,4,9.625E-4,4.125E-4,1.375E-4
504479395365737,2,-9.618751,34.6875,-15.225
504479407248049,1,0.06795,-0.028050002,9.876
504479407248047,4,-2.75E-4,4.125E-4,1.375E-4
504479426208674,1,0.063,-0.031050002,9.876
504479426208672,4,9.625E-4,-8.25E-4,-0.0022
504479445169058,1,0.064950004,-0.025950002,9.873
504479445169056,4,9.625E-4,-8.25E-4,1.375E-4
504479445403539,2,-9.69375,34.706253,-15.225
504479464129687,1,0.075,-0.021000002,9.871051
504479464129687,4,-2.75E-4,-8.25E-4,-0.0011
504479483090292,1,0.06795,-0.025950002,9.877951
504479483090292,4,0.0022,4.125E-4,1.375E-4
504479495427080,2,-9.76875,34.706253,-15.168751
504479502050922,1,0.06795,-0.028050002,9.877951
504479502050922,4,9.625E-4,-8.25E-4,-0.0011
504479521011528,1,0.063,-0.025950002,9.880051
504479521011528,4,-2.75E-4,4.125E-4,1.375E-4
504479539972374,1,0.06795,-0.025950002,9.877951
504479539972374,4,-2.75E-4,4.125E-4,-0.0011
504479545348889,2,-9.731251,34.706253,-15.20625
504479558932761,1,0.072000004,-0.031050002,9.883051
504479558932759,4,9.625E-4,4.125E-4,1.375E-4
504479577893383,1,0.064950004,-0.021000002,9.877951
504479577893383,4,-2.75E-4,4.125E-4,-0.0011
504479595383457,2,-9.65625,34.706253,-15.20625
504479596854013,1,0.063,-0.021000002,9.873
504479596854013,4,-2.75E-4,4.125E-4,0.001375
504479615814629,1,0.08205,-0.021000002,9.877951
504479615814629,4,9.625E-4,4.125E-4,1.375E-4
504479634775160,1,0.072000004,-0.01905,9.877951
504479634775158,4,9.625E-4,4.125E-4,1.375E-4
504479645273305,2,-9.675,34.6875,-15.150001
504479653735850,1,0.07005,-0.025950002,9.880051
504479653735850,4,9.625E-4,4.125E-4,1.375E-4
504479672696458,1,0.06795,-0.025950002,9.880051
504479672696456,4,-2.75E-4,-8.25E-4,1.375E-4
504479691656996,1,0.064950004,-0.01905,9.873
504479691656994,4,9.625E-4,-8.25E-4,1.375E-4
504479695327875,2,-9.75,34.66875,-15.13125
504479710617623,1,0.063,-0.031050002,9.876
504479710617623,4,-2.75E-4,-8.25E-4,1.375E-4
504479729578230,1,0.063,-0.024,9.880051
504479729578230,4,-2.75E-4,-8.25E-4,1.375E-4
504479745367927,2,-9.712501,34.66875,-15.1125
504479748538845,1,0.072000004,-0.028050002,9.877951
504479748538845,4,9.625E-4,-8.25E-4,-0.0011
504479767499461,1,0.064950004,-0.025950002,9.880051
504479767499461,4,9.625E-4,4.125E-4,1.375E-4
504479786460061,1,0.06795,-0.021000002,9.885
504479786460061,4,9.625E-4,4.125E-4,1.375E-4
504479795394845,2,-9.618751,34.65,-15.150001
504479805420691,1,0.075,-0.031050002,9.880051
504479805420691,4,-2.75E-4,4.125E-4,1.375E-4
504479824381245,1,0.08205,-0.028050002,9.876
504479824381244,4,9.625E-4,4.125E-4,1.375E-4
504479843341621,1,0.064950004,-0.025950002,9.880051
504479843341619,4,-2.75E-4,4.125E-4,-0.0011
504479845432746,2,-9.618751,34.65,-15.1125
504479862302475,1,0.06795,-0.016050002,9.876
504479862302475,4,9.625E-4,-8.25E-4,1.375E-4
504479881263092,1,0.072000004,-0.01905,9.877951
504479881263090,4,-2.75E-4,4.125E-4,1.375E-4
504479895444815,2,-9.5625,34.65,-15.13125
504479900223477,1,0.07005,-0.025950002,9.877951
504479900223475,4,-0.001375,0.00165,1.375E-4
504479919184074,1,0.063,-0.021000002,9.877951
504479919184074,4,9.625E-4,4.125E-4,1.375E-4
504479938144700,1,0.07005,-0.028050002,9.880051
504479938144700,4,-2.75E-4,4.125E-4,-0.0011
504479945458565,2,-9.450001,34.612503,-15.168751
504479957105310,1,0.07005,-0.016050002,9.876
504479957105310,4,-2.75E-4,4.125E-4,1.375E-4
504479976065926,1,0.07005,-0.01905,9.876
504479976065926,4,-2.75E-4,4.125E-4,1.375E-4
504479995026541,1,0.07005,-0.021000002,9.885
504479995026541,4,9.625E-4,-8.25E-4,-0.0011
504479995462557,2,-9.337501,34.59375,-15.20625
504480013987167,1,0.07005,-0.01905,9.877951
504480013987167,4,-2.75E-4,0.00165,1.375E-4
504480032947782,1,0.075,-0.025950002,9.880051
504480032947782,4,-2.75E-4,4.125E-4,1.375E-4
504480045459207,2,-9.450001,34.612503,-15.13125
504480051908406,1,0.079950005,-0.021000002,9.876
504480051908406,4,-2.75E-4,4.125E-4,0.001375
504480070868971,1,0.07005,-0.024,9.883051
504480070868969,4,-2.75E-4,-8.25E-4,0.001375
504480089829584,1,0.072000004,-0.028050002,9.876
504480089829584,4,-0.001375,4.125E-4,1.375E-4
504480095304154,2,-9.46875,34.612503,-15.093751
504480108790258,1,0.072000004,-0.025950002,9.880051
504480108790258,4,9.625E-4,-8.25E-4,1.375E-4
504480127750883,1,0.063,-0.024,9.877951
504480127750883,4,9.625E-4,4.125E-4,1.375E-4
504480145336943,2,-9.4125,34.59375,-15.150001
504480146711575,1,0.07005,-0.021000002,9.876
504480146711575,4,9.625E-4,4.125E-4,-0.0011
504480165671894,1,0.072000004,-0.025950002,9.873
504480165671892,4,9.625E-4,4.125E-4,1.375E-4
504480184632815,1,0.063,-0.024,9.876
504480184632815,4,-2.75E-4,4.125E-4,1.375E-4
504480195372527,2,-9.39375,34.575,-15.13125
504480203593351,1,0.08205,-0.024,9.871051
504480203593349,4,-2.75E-4,4.125E-4,1.375E-4
504480222553741,1,0.075,-0.031050002,9.877951
504480222553739,4,-2.75E-4,4.125E-4,1.375E-4
504480241514344,1,0.063,-0.028050002,9.883051
504480241514344,4,-0.001375,4.125E-4,1.375E-4
504480245397023,2,-9.450001,34.575,-15.075001
504480260474950,1,0.072000004,-0.021000002,9.880051
504480260474950,4,9.625E-4,-8.25E-4,1.375E-4
504480279435565,1,0.075,-0.024,9.880051
504480279435565,4,-2.75E-4,-8.25E-4,1.375E-4
504480295411803,2,-9.525001,34.575,-15.01875
504480298396185,1,0.072000004,-0.01905,9.883051
504480298396185,4,-2.75E-4,-8.25E-4,-0.0011
504480317356801,1,0.06795,-0.024,9.880051
504480317356801,4,-2.75E-4,4.125E-4,1.375E-4
504480336317421,1,0.064950004,-0.031050002,9.880051
504480336317421,4,-2.75E-4,4.125E-4,1.375E-4
504480345429562,2,-9.39375,34.55625,-15.056251
504480355278022,1,0.063,-0.021000002,9.877951
504480355278022,4,-2.75E-4,-8.25E-4,1.375E-4
504480374238562,1,0.07005,-0.024,9.880051
504480374238560,4,-2.75E-4,4.125E-4,1.375E-4
504480393199157,1,0.064950004,-0.031050002,9.871051
504480393199157,4,-2.75E-4,4.125E-4,1.375E-4
504480395319662,2,-9.356251,34.537502,-15.093751
504480412159763,1,0.07005,-0.021000002,9.873
504480412159763,4,9.625E-4,4.125E-4,-0.0011
504480431120377,1,0.072000004,-0.021000002,9.876
504480431120377,4,-2.75E-4,4.125E-4,1.375E-4
504480445359157,2,-9.39375,34.537502,-15.075001
504480450080755,1,0.064950004,-0.028050002,9.877951
504480450080753,4,-2.75E-4,4.125E-4,1.375E-4
504480469041369,1,0.075,-0.033,9.876
504480469041369,4,0.0012375,-9.625E-4,1.375E-4
504480488001989,1,0.06795,-0.025950002,9.880051
504480488001989,4,-0.0,2.75E-4,1.375E-4
504480495387370,2,-9.46875,34.55625,-15.056251
504480506962599,1,0.063,-0.021000002,9.880051
504480506962599,4,0.0012375,2.75E-4,1.375E-4
504480525923215,1,0.064950004,-0.021000002,9.876
504480525923215,4,-0.0,2.75E-4,1.375E-4
504480544883820,1,0.064950004,-0.024,9.876
504480544883820,4,-0.0,2.75E-4,-0.0011
504480545371402,2,-9.46875,34.537502,-15.056251
504480563844346,1,0.07005,-0.0139500005,9.876
504480563844344,4,-0.0,2.75E-4,1.375E-4
504480582805027,1,0.064950004,-0.01905,9.876
504480582805027,4,-0.0,2.75E-4,1.375E-4
504480595399404,2,-9.431251,34.537502,-15.075001
504480601765630,1,0.064950004,-0.01905,9.880051
504480601765628,4,0.0012375,-9.625E-4,1.375E-4
504480620726245,1,0.06795,-0.024,9.880051
504480620726243,4,-0.0,2.75E-4,0.001375
504480639686783,1,0.075,-0.024,9.880051
504480639686781,4,-0.0,2.75E-4,1.375E-4
504480645241700,2,-9.450001,34.537502,-15.056251
504480658647407,1,0.07005,-0.016050002,9.883051
504480658647407,4,-0.0,2.75E-4,1.375E-4
504480677608031,1,0.072000004,-0.012,9.880051
504480677608031,4,-0.0,2.75E-4,1.375E-4
504480695301729,2,-9.50625,34.55625,-15.056251
504480696568428,1,0.064950004,-0.021000002,9.880051
504480696568426,4,-0.0,-9.625E-4,1.375E-4
504480715529026,1,0.07005,-0.021000002,9.880051
504480715529026,4,-0.0,2.75E-4,1.375E-4
504480734489657,1,0.06795,-0.01905,9.873
504480734489657,4,-0.0,2.75E-4,1.375E-4
504480745347370,2,-9.450001,34.537502,-15.075001
504480753450281,1,0.072000004,-0.021000002,9.876
504480753450281,4,0.0012375,2.75E-4,1.375E-4
504480772410833,1,0.072000004,-0.031050002,9.877951
504480772410831,4,-0.0,0.0015125,0.001375
504480791371523,1,0.072000004,-0.021000002,9.883051
504480791371523,4,0.0012375,-9.625E-4,1.375E-4
504480795379457,2,-9.356251,34.518753,-15.150001
504480810332068,1,0.06795,-0.024,9.871051
504480810332066,4,-0.0,2.75E-4,1.375E-4
504480829292681,1,0.072000004,-0.021000002,9.876
504480829292681,4,0.0012375,2.75E-4,1.375E-4
504480845410593,2,-9.4125,34.537502,-15.056251
504480848253307,1,0.072000004,-0.021000002,9.880051
504480848253307,4,-0.0,2.75E-4,0.001375
504480867213936,1,0.063,-0.031050002,9.877951
504480867213936,4,0.0012375,-9.625E-4,1.375E-4
504480886174561,1,0.06795,-0.021000002,9.873
504480886174561,4,0.0012375,-9.625E-4,-0.0011
504480895428960,2,-9.4875,34.537502,-15.01875
504480905135158,1,0.064950004,-0.024,9.880051
504480905135158,4,0.0012375,-9.625E-4,-0.0011
504480924095534,1,0.063,-0.024,9.873
504480924095532,4,-0.0,2.75E-4,1.375E-4
504480943056148,1,0.063,-0.0139500005,9.885
504480943056148,4,-0.0,2.75E-4,1.375E-4
504480945447987,2,-9.431251,34.518753,-15.01875
504480962016754,1,0.079950005,-0.021000002,9.877951
504480962016754,4,-0.0,-9.625E-4,-0.0011
504480980977384,1,0.06795,-0.024,9.877951
504480980977384,4,0.0012375,2.75E-4,-0.0011
504480995456118,2,-9.337501,34.5,-15.056251
504480999937994,1,0.063,-0.016050002,9.8880005
504480999937994,4,-0.0012375,2.75E-4,1.375E-4
504481018898549,1,0.07005,-0.021000002,9.877951
504481018898547,4,0.0012375,-9.625E-4,-0.0011
504481037859152,1,0.076950006,-0.024,9.877951
504481037859152,4,-0.0,2.75E-4,1.375E-4
504481045455902,2,-9.450001,34.518753,-14.981251
504481056819777,1,0.07005,-0.016050002,9.880051
504481056819777,4,-0.0012375,2.75E-4,1.375E-4
504481075780149,1,0.07005,-0.024,9.883051
504481075780147,4,0.0012375,2.75E-4,1.375E-4
504481094740748,1,0.063,-0.025950002,9.876
504481094740748,4,0.0012375,-9.625E-4,1.375E-4
504481095370562,2,-9.4875,34.518753,-15.000001
504481113701368,1,0.07005,-0.024,9.877951
504481113701368,4,0.0012375,2.75E-4,1.375E-4
504481132661983,1,0.06795,-0.025950002,9.880051
504481132661983,4,-0.0,2.75E-4,1.375E-4
504481145389208,2,-9.431251,34.5,-15.000001
504481151622524,1,0.072000004,-0.024,9.883051
504481151622522,4,0.0012375,2.75E-4,1.375E-4
504481170583113,1,0.072000004,-0.01905,9.876
504481170583113,4,0.0012375,-9.625E-4,1.375E-4
504481189543739,1,0.064950004,-0.024,9.876
504481189543739,4,0.0012375,2.75E-4,1.375E-4
504481195279065,2,-9.375,34.5,-15.056251
504481208504145,1,0.07005,-0.024,9.885
504481208504143,4,0.0012375,2.75E-4,-0.0011
504481227464979,1,0.06795,-0.01905,9.877951
504481227464979,4,-0.0,2.75E-4,1.375E-4
504481245323044,2,-9.39375,34.48125,-15.01875
504481246425375,1,0.06795,-0.016050002,9.877951
504481246425373,4,-0.0,2.75E-4,-0.0011
504481265385965,1,0.06795,-0.016050002,9.880051
504481265385965,4,0.0012375,-9.625E-4,1.375E-4
504481284346570,1,0.064950004,-0.016050002,9.8880005
504481284346570,4,-0.0,-9.625E-4,1.375E-4
504481295355928,2,-9.46875,34.5,-14.962501
504481303307176,1,0.07005,-0.021000002,9.880051
504481303307176,4,0.0012375,2.75E-4,-0.0011
504481322267716,1,0.064950004,-0.025950002,9.883051
504481322267714,4,0.0012375,-9.625E-4,1.375E-4
504481341228330,1,0.07005,-0.025950002,9.880051
504481341228330,4,-0.0,-9.625E-4,1.375E-4
504481345389568,2,-9.375,34.48125,-15.056251
504481360188955,1,0.075,-0.024,9.876
504481360188955,4,-0.0,2.75E-4,1.375E-4
504481379149366,1,0.06795,-0.028050002,9.880051
504481379149364,4,-0.0,2.75E-4,1.375E-4
504481395411165,2,-9.28125,34.4625,-15.093751
504481398110205,1,0.075,-0.016050002,9.8880005
504481398110205,4,-0.0,2.75E-4,0.001375
504481417070592,1,0.072000004,-0.033,9.880051
504481417070590,4,0.0012375,-9.625E-4,-0.0011
504481436031191,1,0.06795,-0.025950002,9.8880005
504481436031191,4,0.0012375,-9.625E-4,1.375E-4
504481445433586,2,-9.3,34.4625,-15.093751
504481454991745,1,0.060000002,-0.028050002,9.877951
504481454991743,4,-0.0012375,2.75E-4,-0.0011
504481473952359,1,0.07005,-0.016050002,9.885
504481473952359,4,0.0012375,2.75E-4,1.375E-4
504481492912964,1,0.072000004,-0.024,9.880051
504481492912964,4,-0.0,2.75E-4,-0.0011
504481495445138,2,-9.356251,34.48125,-15.075001
504481511873571,1,0.06795,-0.01905,9.8880005
504481511873571,4,0.0012375,-9.625E-4,-0.0011
504481530833957,1,0.07005,-0.021000002,9.877951
504481530833955,4,-0.0,2.75E-4,1.375E-4
504481545447838,2,-9.225,34.4625,-15.168751
504481549794561,1,0.05595,-0.028050002,9.880051
504481549794561,4,0.0012375,2.75E-4,1.375E-4
504481568755200,1,0.075,-0.016050002,9.880051
504481568755200,4,0.0012375,-9.625E-4,-0.0011
504481587715750,1,0.072000004,-0.028050002,9.877951
504481587715748,4,-0.0,2.75E-4,0.001375
504481595455116,2,-9.243751,34.4625,-15.168751
504481606676440,1,0.064950004,-0.025950002,9.880051
504481606676440,4,-0.0,2.75E-4,1.375E-4
504481625637058,1,0.06795,-0.028050002,9.883051
504481625637056,4,0.0012375,2.75E-4,1.375E-4
504481644597587,1,0.06795,-0.028050002,9.885
504481644597585,4,-0.0,-9.625E-4,1.375E-4
504481645319697,2,-9.375,34.5,-15.0375
504481663558191,1,0.06795,-0.01905,9.885
504481663558191,4,-0.0,2.75E-4,1.375E-4
504481682518587,1,0.06795,-0.01905,9.885
504481682518585,4,-0.0,2.75E-4,1.375E-4
504481695356317,2,-9.39375,34.5,-15.01875
504481701479201,1,0.06795,-0.012,9.880051
504481701479201,4,0.0012375,2.75E-4,1.375E-4
504481720439750,1,0.075,-0.012,9.883051
504481720439748,4,-0.0,2.75E-4,-0.0011
504481739400364,1,0.076950006,-0.024,9.883051
504481739400364,4,0.0012375,-9.625E-4,1.375E-4
504481745394206,2,-9.31875,34.5,-15.093751
504481758360979,1,0.072000004,-0.01905,9.883051
504481758360979,4,-0.0,-9.625E-4,1.375E-4
504481777321594,1,0.064950004,-0.0139500005,9.880051
504481777321594,4,0.0012375,-9.625E-4,0.001375
504481795408764,2,-9.28125,34.5,-15.13125
504481796281981,1,0.063,-0.025950002,9.885
504481796281979,4,-0.0,2.75E-4,-0.0011
504481815242605,1,0.064950004,-0.01905,9.8880005
504481815242605,4,-0.0,2.75E-4,1.375E-4
504481834203224,1,0.06795,-0.01905,9.880051
504481834203224,4,0.0012375,-9.625E-4,1.375E-4
504481845426490,2,-9.375,34.5,-15.13125
504481853163764,1,0.060000002,-0.031050002,9.877951
504481853163762,4,0.0012375,-9.625E-4,1.375E-4
504481872124378,1,0.072000004,-0.01905,9.877951
504481872124378,4,0.0012375,2.75E-4,1.375E-4
504481891084979,1,0.063,-0.009000001,9.877951
504481891084979,4,-0.0,0.0015125,1.375E-4
504481895435147,2,-9.450001,34.518753,-15.056251
504481910045366,1,0.072000004,-0.016050002,9.877951
504481910045364,4,-0.0,-9.625E-4,1.375E-4
504481929005988,1,0.07005,-0.01905,9.8880005
504481929005988,4,-0.0,2.75E-4,1.375E-4
504481945447573,2,-9.356251,34.518753,-15.1125
504481947966604,1,0.07005,-0.016050002,9.883051
504481947966604,4,0.0012375,2.75E-4,1.375E-4
504481966927120,1,0.064950004,-0.01905,9.885
504481966927118,4,0.0012375,-9.625E-4,1.375E-4
504481985887724,1,0.072000004,-0.01905,9.885
504481985887724,4,-0.0,2.75E-4,1.375E-4
504481995451523,2,-9.243751,34.5,-15.187501
504482004848344,1,0.075,-0.025950002,9.883051
504482004848344,4,-0.0,2.75E-4,0.001375
504482023808970,1,0.07005,-0.025950002,9.873
504482023808970,4,-0.0,-9.625E-4,1.375E-4
504482042769356,1,0.063,-0.016050002,9.880051
504482042769354,4,0.0012375,0.0015125,1.375E-4
504482045449055,2,-9.3,34.518753,-15.187501
504482061729979,1,0.075,-0.016050002,9.877951
504482061729979,4,-0.0,2.75E-4,1.375E-4
504482080690529,1,0.072000004,-0.01905,9.880051
504482080690527,4,0.0012375,2.75E-4,1.375E-4
504482095430358,2,-9.31875,34.518753,-15.187501
504482099651133,1,0.08205,-0.016050002,9.885
504482099651133,4,0.0012375,-9.625E-4,1.375E-4
504482118611748,1,0.072000004,-0.025950002,9.877951
504482118611748,4,-0.0,2.75E-4,1.375E-4
504482137572125,1,0.072000004,-0.024,9.877951
504482137572123,4,0.0012375,-9.625E-4,1.375E-4
504482145433227,2,-9.375,34.518753,-15.150001
504482156532729,1,0.06795,-0.01905,9.876
504482156532729,4,-0.0,2.75E-4,0.001375
504482175493354,1,0.07005,-0.012,9.885
504482175493354,4,0.0012375,-9.625E-4,1.375E-4
504482194453910,1,0.075,-0.025950002,9.883051
504482194453908,4,-0.0,2.75E-4,1.375E-4
504482195267317,2,-9.356251,34.518753,-15.13125
504482213414509,1,0.072000004,-0.021000002,9.876
504482213414509,4,-0.0012375,-9.625E-4,1.375E-4
504482232375124,1,0.07005,-0.024,9.883051
504482232375124,4,-0.0,2.75E-4,1.375E-4
504482245310264,2,-9.46875,34.518753,-15.075001
504482251335506,1,0.076950006,-0.01905,9.877951
504482251335504,4,-0.0,2.75E-4,1.375E-4
504482270296066,1,0.075,-0.021000002,9.880051
504482270296066,4,-0.0,-9.625E-4,1.375E-4
504482289256682,1,0.075,-0.024,9.876
504482289256682,4,0.0012375,2.75E-4,1.375E-4
504482295343596,2,-9.543751,34.537502,-15.01875
504482308217297,1,0.063,-0.025950002,9.880051
504482308217297,4,-0.0012375,0.0015125,1.375E-4
504482327177903,1,0.076950006,-0.016050002,9.885
504482327177903,4,-0.0,-9.625E-4,-0.0011
504482345378441,2,-9.4875,34.537502,-15.075001
504482346138280,1,0.06795,-0.025950002,9.8880005
504482346138278,4,-0.0,-9.625E-4,0.001375
504482365098894,1,0.076950006,-0.033,9.876
504482365098894,4,-0.0,-9.625E-4,1.375E-4
504482384059434,1,0.072000004,-0.016050002,9.8880005
504482384059432,4,0.0012375,2.75E-4,1.375E-4
504482395401662,2,-9.4125,34.537502,-15.1125
504482403020042,1,0.07005,-0.01905,9.880051
504482403020042,4,-1.375E-4,4.125E-4,0.0
504482421980658,1,0.08205,-0.028050002,9.880051
504482421980658,4,-1.375E-4,4.125E-4,0.0
504482440941040,1,0.075,-0.024,9.883051
504482440941038,4,-1.375E-4,4.125E-4,0.0
504482445425922,2,-9.450001,34.537502,-15.056251
504482459901643,1,0.075,-0.028050002,9.885
504482459901643,4,-1.375E-4,4.125E-4,0.0012375
504482478862243,1,0.076950006,-0.01905,9.883051
504482478862243,4,0.0011,4.125E-4,0.0
504482495439106,2,-9.5625,34.55625,-15.0375
504482497822789,1,0.07005,-0.024,9.8880005
504482497822787,4,-1.375E-4,-8.25E-4,0.0
504482516783164,1,0.079950005,-0.016050002,9.876
504482516783162,4,0.0011,-8.25E-4,0.0
504482535743791,1,0.076950006,-0.024,9.883051
504482535743791,4,-1.375E-4,-8.25E-4,0.0
504482545443296,2,-9.4125,34.537502,-15.13125
504482554704397,1,0.07005,-0.021000002,9.880051
504482554704397,4,0.0022,-8.25E-4,0.0
504482573664943,1,0.072000004,-0.024,9.877951
504482573664941,4,-1.375E-4,4.125E-4,0.0
504482592625555,1,0.072000004,-0.021000002,9.880051
504482592625555,4,-1.375E-4,4.125E-4,0.0
504482595451856,2,-9.46875,34.537502,-15.075001
504482611586186,1,0.075,-0.024,9.8880005
504482611586186,4,0.0011,4.125E-4,0.0
504482630546572,1,0.07005,-0.01905,9.877951
504482630546570,4,-1.375E-4,4.125E-4,0.0
504482645373940,2,-9.58125,34.575,-15.000001
504482649507186,1,0.06795,-0.028050002,9.883051
504482649507186,4,-1.375E-4,-8.25E-4,-0.0011
504482668467726,1,0.076950006,-0.021000002,9.880051
504482668467724,4,-1.375E-4,4.125E-4,0.0
504482687428340,1,0.064950004,-0.016050002,9.885
504482687428340,4,-1.375E-4,4.125E-4,0.0
504482695398348,2,-9.675,34.575,-14.962501
504482706388750,1,0.06795,-0.024,9.883051
504482706388748,4,-1.375E-4,4.125E-4,0.0
504482725349373,1,0.064950004,-0.028050002,9.877951
504482725349373,4,-1.375E-4,4.125E-4,0.0
504482744309999,1,0.075,-0.024,9.877951
504482744309999,4,-1.375E-4,4.125E-4,-0.0011
504482745238369,2,-9.6,34.59375,-15.01875
504482763270540,1,0.072000004,-0.01905,9.885
504482763270538,4,-1.375E-4,4.125E-4,0.0
504482782231167,1,0.07005,-0.021000002,9.885
504482782231167,4,0.0011,4.125E-4,0.0012375
504482795286953,2,-9.543751,34.575,-15.075001
504482801191544,1,0.063,-0.021000002,9.880051
504482801191542,4,0.0011,4.125E-4,0.0
504482820152172,1,0.07005,-0.025950002,9.876
504482820152172,4,0.0022,-8.25E-4,0.0
504482839112708,1,0.072000004,-0.01905,9.880051
504482839112706,4,0.0011,4.125E-4,0.0
504482845335948,2,-9.6,34.575,-15.01875
504482858073306,1,0.07005,-0.024,9.877951
504482858073306,4,-1.375E-4,4.125E-4,0.0
504482877033669,1,0.079950005,-0.024,9.885
504482877033667,4,-1.375E-4,4.125E-4,0.0
504482895371316,2,-9.69375,34.59375,-15.000001
504482895994282,1,0.07005,-0.016050002,9.885
504482895994282,4,0.0011,4.125E-4,0.0
504482914954908,1,0.06795,-0.016050002,9.885
504482914954908,4,-1.375E-4,4.125E-4,-0.0011
504482933915448,1,0.063,-0.0139500005,9.876
504482933915446,4,-1.375E-4,4.125E-4,0.0012375
504482945405867,2,-9.637501,34.59375,-15.0375
504482952876062,1,0.079950005,-0.021000002,9.885
504482952876062,4,-1.375E-4,-8.25E-4,0.0
504482971836448,1,0.06795,-0.016050002,9.877951
504482971836446,4,0.0011,-8.25E-4,0.0
504482990796985,1,0.079950005,-0.0139500005,9.880051
504482990796985,4,-1.375E-4,4.125E-4,0.0
504482995427172,2,-9.58125,34.59375,-15.056251
504483009757590,1,0.06795,-0.024,9.885
504483009757590,4,-0.001375,4.125E-4,0.0
504483028717982,1,0.076950006,-0.01905,9.8880005
504483028717980,4,-1.375E-4,4.125E-4,0.0
504483045437456,2,-9.65625,34.59375,-15.0375
504483047678604,1,0.076950006,-0.024,9.877951
504483047678604,4,-1.375E-4,-8.25E-4,0.0
504483066639215,1,0.075,-0.021000002,9.880051
504483066639215,4,0.0011,-8.25E-4,0.0
504483085599755,1,0.075,-0.025950002,9.876
504483085599753,4,-1.375E-4,-8.25E-4,0.0
504483095450219,2,-9.65625,34.575,-15.01875
504483104560126,1,0.064950004,-0.0139500005,9.877951
504483104560124,4,-1.375E-4,-8.25E-4,0.0
504483123520979,1,0.072000004,-0.01905,9.873
504483123520979,4,0.0011,-8.25E-4,0.0012375
504483142481289,1,0.079950005,-0.021000002,9.880051
504483142481287,4,-1.375E-4,-8.25E-4,0.0
504483145453879,2,-9.5625,34.55625,-15.093751
504483161441912,1,0.075,-0.01905,9.880051
504483161441912,4,-0.001375,4.125E-4,0.0
504483180402528,1,0.072000004,-0.016050002,9.876
504483180402528,4,-1.375E-4,4.125E-4,0.0
504483195326642,2,-9.450001,34.55625,-15.168751
504483199362904,1,0.072000004,-0.024,9.873
504483199362902,4,-1.375E-4,4.125E-4,0.0
504483218323441,1,0.076950006,-0.01905,9.877951
504483218323441,4,-1.375E-4,-8.25E-4,0.0
504483237284066,1,0.072000004,-0.01905,9.876
504483237284066,4,-1.375E-4,4.125E-4,0.0
504483245358004,2,-9.525001,34.55625,-15.13125
504483256244692,1,0.07005,-0.021000002,9.876
504483256244692,4,-1.375E-4,4.125E-4,-0.0011
504483275205079,1,0.075,-0.024,9.880051
504483275205077,4,-1.375E-4,-8.25E-4,0.0
504483294165610,1,0.075,-0.0139500005,9.880051
504483294165610,4,0.0011,4.125E-4,0.0
504483295226821,2,-9.5625,34.55625,-15.075001
504483313126234,1,0.075,-0.012,9.880051
504483313126234,4,-1.375E-4,4.125E-4,-0.0011
504483332086606,1,0.072000004,-0.01905,9.883051
504483332086604,4,0.0011,-0.0020625,-0.0011
504483345287343,2,-9.4875,34.55625,-15.056251
504483351047220,1,0.06795,-0.021000002,9.877951
504483351047220,4,-1.375E-4,4.125E-4,0.0
504483370007835,1,0.072000004,-0.0139500005,9.876
504483370007835,4,-1.375E-4,4.125E-4,-0.0011
504483388968384,1,0.064950004,-0.025950002,9.877951
504483388968382,4,0.0011,-8.25E-4,-0.0011
504483395333974,2,-9.337501,34.537502,-15.13125
504483407928998,1,0.063,-0.016050002,9.877951
504483407928998,4,-1.375E-4,4.125E-4,0.0
504483426889385,1,0.06795,-0.025950002,9.885
504483426889383,4,0.0011,-8.25E-4,0.0
504483445850008,1,0.072000004,-0.01905,9.880051
504483445850008,4,0.0011,-8.25E-4,0.0
504483445378574,2,-9.39375,34.537502,-15.093751
504483464810539,1,0.072000004,-0.021000002,9.883051
504483464810537,4,-0.001375,4.125E-4,-0.0011
504483483771162,1,0.072000004,-0.024,9.883051
504483483771162,4,-1.375E-4,-8.25E-4,0.0
504483495408378,2,-9.4875,34.537502,-15.000001
504483502731534,1,0.06795,-0.024,9.885
504483502731532,4,-1.375E-4,4.125E-4,0.0012375
504483521692061,1,0.072000004,-0.009000001,9.883051
504483521692061,4,0.0011,-8.25E-4,0.0
504483540652438,1,0.076950006,-0.01905,9.8880005
504483540652436,4,-1.375E-4,-8.25E-4,0.0
504483545425507,2,-9.39375,34.518753,-15.0375
504483559613041,1,0.08205,-0.01905,9.885
504483559613041,4,-1.375E-4,-8.25E-4,-0.0011
504483578573657,1,0.064950004,-0.028050002,9.880051
504483578573657,4,0.0011,-8.25E-4,-0.0011
504483595443654,2,-9.3,34.5,-15.13125
504483597534202,1,0.072000004,-0.021000002,9.883051
504483597534200,4,-1.375E-4,4.125E-4,0.0
504483616494806,1,0.08205,-0.01905,9.880051
504483616494806,4,-1.375E-4,-8.25E-4,0.0
504483635455192,1,0.072000004,-0.021000002,9.885
504483635455190,4,-1.375E-4,-8.25E-4,0.0
504483645439885,2,-9.225,34.48125,-15.13125
504483654415734,1,0.079950005,-0.01905,9.880051
504483654415734,4,0.0011,-8.25E-4,0.0012375
504483673376349,1,0.072000004,-0.021000002,9.880051
504483673376349,4,-1.375E-4,-8.25E-4,-0.0011
504483692336736,1,0.076950006,-0.01905,9.877951
504483692336734,4,0.0011,-8.25E-4,0.0
504483695452916,2,-9.262501,34.5,-15.13125
504483711297359,1,0.07005,-0.016050002,9.885
504483711297359,4,-1.375E-4,-8.25E-4,0.0012375
504483730257900,1,0.075,-0.021000002,9.877951
504483730257898,4,0.0011,-8.25E-4,0.0
504483745282404,2,-9.168751,34.48125,-15.150001
504483749218512,1,0.076950006,-0.01905,9.876
504483749218512,4,-0.001375,-8.25E-4,0.0
504483768178904,1,0.079950005,-0.024,9.877951
504483768178902,4,-1.375E-4,-8.25E-4,0.0
504483787139532,1,0.072000004,-0.024,9.883051
504483787139532,4,-1.375E-4,4.125E-4,0.0
504483795320076,2,-9.13125,34.48125,-15.168751
504483806100082,1,0.075,-0.021000002,9.883051
504483806100080,4,-1.375E-4,-8.25E-4,-0.0011
504483825060466,1,0.06795,-0.021000002,9.876
504483825060464,4,0.0011,-8.25E-4,0.0
504483844021080,1,0.072000004,-0.01905,9.880051
504483844021080,4,0.0011,4.125E-4,0.0
504483845185179,2,-9.168751,34.5,-15.150001
504483862981596,1,0.072000004,-0.024,9.880051
504483862981594,4,0.0011,4.125E-4,0.0012375
504483881942219,1,0.072000004,-0.0139500005,9.877951
504483881942219,4,-1.375E-4,4.125E-4,-0.0011
504483895253366,2,-9.31875,34.5,-15.075001
504483900902616,1,0.076950006,-0.021000002,9.885
504483900902614,4,0.0011,-8.25E-4,0.0
504483919863148,1,0.072000004,-0.021000002,9.880051
504483919863148,4,0.0011,4.125E-4,-0.0011
504483938823763,1,0.075,-0.01905,9.885
504483938823763,4,0.0011,-8.25E-4,0.0
504483945317770,2,-9.3,34.518753,-15.093751
504483957784140,1,0.079950005,-0.016050002,9.892051
504483957784138,4,-1.375E-4,-8.25E-4,0.0
504483976744754,1,0.072000004,-0.016050002,9.885
504483976744754,4,-1.375E-4,0.0015125,0.0012375
504483995705299,1,0.063,-0.028050002,9.8880005
504483995705297,4,-1.375E-4,-8.25E-4,0.0
504483995364931,2,-9.20625,34.518753,-15.150001
504484014665670,1,0.072000004,-0.028050002,9.877951
504484014665668,4,-1.375E-4,0.0015125,0.0
504484033626283,1,0.072000004,-0.028050002,9.880051
504484033626283,4,-1.375E-4,-8.25E-4,-0.0011
504484045396563,2,-9.3,34.518753,-15.056251
504484052586824,1,0.072000004,-0.0139500005,9.877951
504484052586822,4,-1.375E-4,-8.25E-4,0.0012375
504484071547207,1,0.064950004,-0.00705,9.889951
504484071547205,4,-1.375E-4,4.125E-4,0.0
504484090507821,1,0.06795,-0.01905,9.877951
504484090507821,4,0.0011,4.125E-4,0.0
504484095426144,2,-9.262501,34.5,-15.056251
504484109468361,1,0.072000004,-0.025950002,9.880051
504484109468359,4,-0.001375,4.125E-4,0.0
504484128428975,1,0.063,-0.021000002,9.883051
504484128428975,4,-1.375E-4,4.125E-4,0.0
504484145442149,2,-9.1875,34.48125,-15.150001
504484147389376,1,0.064950004,-0.028050002,9.885
504484147389374,4,0.0011,4.125E-4,0.0
504484166349990,1,0.06795,-0.025950002,9.883051
504484166349990,4,0.0011,-8.25E-4,0.0
504484185310299,1,0.075,-0.0139500005,9.885
504484185310297,4,-1.375E-4,-8.25E-4,0.0
504484195380081,2,-9.075001,34.48125,-15.20625
504484204270917,1,0.072000004,-0.021000002,9.8880005
504484204270917,4,-1.375E-4,4.125E-4,0.0
504484223231523,1,0.076950006,-0.016050002,9.877951
504484223231523,4,-1.375E-4,4.125E-4,-0.0011
504484242192073,1,0.072000004,-0.021000002,9.880051
504484242192071,4,-1.375E-4,-8.25E-4,0.0
504484245404119,2,-9.09375,34.48125,-15.20625
504484261152462,1,0.07005,-0.024,9.889951
504484261152460,4,0.0011,4.125E-4,0.0
504484280113072,1,0.07005,-0.016050002,9.880051
504484280113072,4,0.0011,4.125E-4,0.0
504484295242080,2,-9.1875,34.48125,-15.168751
504484299073616,1,0.064950004,-0.016050002,9.877951
504484299073614,4,-0.001375,-8.25E-4,0.0
504484318034230,1,0.075,-0.016050002,9.883051
504484318034230,4,-1.375E-4,4.125E-4,0.0
504484336994612,1,0.079950005,-0.016050002,9.883051
504484336994610,4,-0.0012375,-8.25E-4,-0.0011
504484345299621,2,-9.1125,34.48125,-15.225
504484355955134,1,0.08205,-0.024,9.885
504484355955134,4,-1.375E-4,2.75E-4,1.375E-4
504484374915749,1,0.075,-0.025950002,9.876
504484374915749,4,-1.375E-4,-8.25E-4,1.375E-4
504484393876126,1,0.06795,-0.021000002,9.8880005
504484393876124,4,-1.375E-4,2.75E-4,1.375E-4
504484395169116,2,-9.01875,34.48125,-15.262501
504484412836663,1,0.07005,-0.021000002,9.889951
504484412836663,4,0.0011,-8.25E-4,1.375E-4
504484431797278,1,0.07005,-0.01905,9.880051
504484431797278,4,-1.375E-4,2.75E-4,-0.0011
504484445251619,2,-9.09375,34.48125,-15.20625
504484450757680,1,0.072000004,-0.0139500005,9.885
504484450757678,4,-1.375E-4,2.75E-4,1.375E-4
504484469718215,1,0.064950004,-0.025950002,9.876
504484469718215,4,0.0011,2.75E-4,0.001375
504484488678831,1,0.076950006,-0.024,9.876
504484488678831,4,-1.375E-4,-8.25E-4,1.375E-4
504484495315417,2,-9.150001,34.5,-15.168751
504484507639135,1,0.06795,-0.01905,9.883051
504484507639133,4,-1.375E-4,2.75E-4,0.001375
504484526599740,1,0.072000004,-0.024,9.880051
504484526599740,4,0.0011,-8.25E-4,1.375E-4
504484545560111,1,0.079950005,-0.025950002,9.883051
504484545560109,4,-1.375E-4,2.75E-4,1.375E-4
504484545361461,2,-9.075001,34.48125,-15.20625
504484564520725,1,0.072000004,-0.024,9.8880005
504484564520725,4,-0.0012375,2.75E-4,0.001375
504484583481275,1,0.072000004,-0.016050002,9.883051
504484583481273,4,-1.375E-4,2.75E-4,1.375E-4
504484595402962,2,-8.981251,34.5,-15.281251
504484602441889,1,0.06795,-0.016050002,9.880051
504484602441889,4,-1.375E-4,-8.25E-4,1.375E-4
504484621402489,1,0.064950004,-0.0139500005,9.883051
504484621402489,4,-0.0012375,2.75E-4,1.375E-4
504484640362814,1,0.072000004,-0.01905,9.883051
504484640362812,4,-1.375E-4,2.75E-4,1.375E-4
504484645428424,2,-9.0375,34.5,-15.262501
504484659323436,1,0.07005,-0.024,9.883051
504484659323436,4,-1.375E-4,-8.25E-4,1.375E-4
504484678283823,1,0.072000004,-0.031050002,9.883051
504484678283821,4,0.0011,-8.25E-4,-0.0011
504484695452083,2,-9.13125,34.518753,-15.225
504484697244375,1,0.07005,-0.016050002,9.883051
504484697244375,4,0.0011,2.75E-4,1.375E-4
504484716204994,1,0.05595,-0.0139500005,9.877951
504484716204994,4,-1.375E-4,2.75E-4,1.375E-4
504484735165377,1,0.076950006,-0.01905,9.883051
504484735165375,4,0.0011,2.75E-4,1.375E-4
504484745339067,2,-9.168751,34.537502,-15.187501
504484754125913,1,0.072000004,-0.025950002,9.885
504484754125913,4,-1.375E-4,2.75E-4,1.375E-4
504484773086304,1,0.076950006,-0.016050002,9.883051
504484773086302,4,-1.375E-4,-8.25E-4,1.375E-4
504484792046927,1,0.064950004,-0.021000002,9.880051
504484792046927,4,0.0011,-8.25E-4,1.375E-4
504484795368654,2,-9.28125,34.55625,-15.187501
504484811007477,1,0.06795,-0.021000002,9.885
504484811007475,4,-1.375E-4,-8.25E-4,1.375E-4
504484829967861,1,0.06795,-0.028050002,9.885
504484829967859,4,-1.375E-4,-8.25E-4,-0.0011
504484845421660,2,-9.39375,34.575,-15.1125
504484848928466,1,0.07005,-0.024,9.880051
504484848928466,4,-1.375E-4,2.75E-4,1.375E-4
504484867889006,1,0.072000004,-0.0139500005,9.883051
504484867889004,4,-1.375E-4,2.75E-4,1.375E-4
504484886849391,1,0.07005,-0.031050002,9.876
504484886849389,4,-1.375E-4,-8.25E-4,1.375E-4
504484895435251,2,-9.46875,34.575,-15.1125
504484905809942,1,0.075,-0.025950002,9.883051
504484905809942,4,0.0011,-8.25E-4,1.375E-4
504484924770557,1,0.07005,-0.028050002,9.877951
504484924770557,4,-1.375E-4,2.75E-4,1.375E-4
504484943730954,1,0.07005,-0.025950002,9.880051
504484943730952,4,0.0023375,-8.25E-4,-0.0011
504484945276432,2,-9.431251,34.575,-15.168751
504484962691475,1,0.076950006,-0.024,9.880051
504484962691475,4,0.0011,2.75E-4,1.375E-4
504484981652077,1,0.07005,-0.01905,9.880051
504484981652077,4,-1.375E-4,-8.25E-4,-0.0011
504484995322770,2,-9.450001,34.59375,-15.150001
504485000612463,1,0.075,-0.016050002,9.880051
504485000612461,4,0.0011,-8.25E-4,-0.0011
504485019573000,1,0.07005,-0.021000002,9.883051
504485019573000,4,-1.375E-4,-8.25E-4,1.375E-4
504485038533381,1,0.076950006,-0.024,9.8880005
504485038533379,4,-1.375E-4,-8.25E-4,1.375E-4
504485045357163,2,-9.50625,34.631252,-15.13125
504485057493995,1,0.06795,-0.031050002,9.880051
504485057493995,4,-0.0012375,2.75E-4,0.001375
504485076454525,1,0.075,-0.012,9.876
504485076454523,4,-1.375E-4,2.75E-4,1.375E-4
504485095415129,1,0.07005,-0.024,9.8880005
504485095415129,4,0.0011,2.75E-4,1.375E-4
504485095391532,2,-9.58125,34.65,-15.056251
504485114375525,1,0.075,-0.01905,9.883051
504485114375523,4,-1.375E-4,2.75E-4,1.375E-4
504485133336062,1,0.072000004,-0.01905,9.877951
504485133336062,4,-1.375E-4,2.75E-4,-0.0011
504485145413495,2,-9.543751,34.631252,-15.093751
504485152296449,1,0.07005,-0.021000002,9.885
504485152296447,4,0.0011,2.75E-4,1.375E-4
504485171256994,1,0.07005,-0.021000002,9.8880005
504485171256994,4,-1.375E-4,2.75E-4,1.375E-4
504485190217381,1,0.076950006,-0.031050002,9.885
504485190217379,4,-1.375E-4,2.75E-4,1.375E-4
504485195424778,2,-9.46875,34.631252,-15.150001
504485209177994,1,0.058050003,-0.0139500005,9.883051
504485209177994,4,0.0011,-8.25E-4,1.375E-4
504485228138526,1,0.064950004,-0.01905,9.877951
504485228138524,4,-1.375E-4,-8.25E-4,1.375E-4
504485245438691,2,-9.525001,34.65,-15.1125
504485247099148,1,0.072000004,-0.025950002,9.877951
504485247099148,4,-1.375E-4,2.75E-4,1.375E-4
504485266059550,1,0.063,-0.01905,9.877951
504485266059548,4,-1.375E-4,2.75E-4,1.375E-4
504485285020071,1,0.076950006,-0.0139500005,9.880051
504485285020071,4,0.0011,2.75E-4,0.001375
504485295274765,2,-9.5625,34.65,-15.1125
504485303980448,1,0.064950004,-0.01905,9.880051
504485303980446,4,-1.375E-4,-8.25E-4,1.375E-4
504485322940989,1,0.063,-0.025950002,9.885
504485322940989,4,-1.375E-4,2.75E-4,1.375E-4
504485341901367,1,0.075,-0.016050002,9.883051
504485341901365,4,-0.0012375,2.75E-4,1.375E-4
504485345322831,2,-9.50625,34.65,-15.150001
504485360861981,1,0.06795,-0.009000001,9.877951
504485360861981,4,0.0011,-8.25E-4,1.375E-4
504485379822530,1,0.063,-0.01905,9.880051
504485379822528,4,0.0011,-8.25E-4,1.375E-4
504485395370083,2,-9.39375,34.631252,-15.225
504485398782905,1,0.063,-0.016050002,9.880051
504485398782903,4,0.0011,2.75E-4,1.375E-4
504485417743441,1,0.064950004,-0.021000002,9.880051
504485417743441,4,-1.375E-4,2.75E-4,1.375E-4
504485436703828,1,0.072000004,-0.021000002,9.889951
504485436703826,4,0.0011,2.75E-4,0.001375
504485445403323,2,-9.39375,34.631252,-15.262501
504485455664432,1,0.06795,-0.024,9.883051
504485455664432,4,0.0011,2.75E-4,1.375E-4
504485474624973,1,0.07005,-0.01905,9.885
504485474624971,4,0.0011,2.75E-4,1.375E-4
504485493585348,1,0.07005,-0.025950002,9.876
504485493585360,4,0.0023375,-8.25E-4,1.375E-4
504485495217200,2,-9.46875,34.65,-15.168751
504485512545898,1,0.07005,-0.028050002,9.883051
504485512545898,4,-1.375E-4,2.75E-4,-0.0011
504485531506276,1,0.064950004,-0.025950002,9.892051
504485531506274,4,-1.375E-4,2.75E-4,1.375E-4
504485545275425,2,-9.39375,34.631252,-15.243751
504485550466874,1,0.072000004,-0.01905,9.880051
504485550466874,4,0.0011,-8.25E-4,1.375E-4
504485569427429,1,0.072000004,-0.01905,9.876
504485569427427,4,-1.375E-4,-8.25E-4,1.375E-4
504485588387823,1,0.079950005,-0.01905,9.883051
504485588387821,4,0.0011,-8.25E-4,1.375E-4
504485595331396,2,-9.3,34.631252,-15.3
504485607348447,1,0.07005,-0.016050002,9.883051
504485607348447,4,-1.375E-4,2.75E-4,-0.0011
504485626308987,1,0.064950004,-0.024,9.883051
504485626308985,4,-0.0012375,2.75E-4,1.375E-4
504485645269376,1,0.07005,-0.021000002,9.876
504485645269374,4,0.0011,2.75E-4,1.375E-4
504485645371737,2,-9.356251,34.631252,-15.281251
504485664229912,1,0.064950004,-0.016050002,9.880051
504485664229912,4,-1.375E-4,2.75E-4,1.375E-4
504485683190309,1,0.072000004,-0.021000002,9.885
504485683190307,4,-1.375E-4,-8.25E-4,1.375E-4
504485695409184,2,-9.431251,34.65,-15.20625
504485702150912,1,0.075,-0.021000002,9.883051
504485702150912,4,-1.375E-4,2.75E-4,-0.0011
504485721111468,1,0.076950006,-0.021000002,9.883051
504485721111466,4,-1.375E-4,2.75E-4,1.375E-4
504485740071843,1,0.072000004,-0.028050002,9.880051
504485740071841,4,0.0011,2.75E-4,-0.0011
504485745375894,2,-9.39375,34.65,-15.20625
504485759032389,1,0.075,-0.012,9.883051
504485759032389,4,-1.375E-4,2.75E-4,-0.0011
504485777992761,1,0.075,-0.01905,9.885
504485777992759,4,0.0011,2.75E-4,-0.0011
504485795399920,2,-9.3,34.65,-15.225
504485796953297,1,0.07005,-0.025950002,9.885
504485796953297,4,-1.375E-4,0.0015125,1.375E-4
504485815913913,1,0.063,-0.0139500005,9.883051
504485815913913,4,-1.375E-4,2.75E-4,1.375E-4
504485834874222,1,0.072000004,-0.021000002,9.877951
504485834874220,4,0.0011,2.75E-4,1.375E-4
504485845248482,2,-9.356251,34.65,-15.187501
504485853834836,1,0.07005,-0.028050002,9.885
504485853834836,4,0.0011,-8.25E-4,0.001375
504485872795213,1,0.064950004,-0.01905,9.885
504485872795211,4,-0.0012375,2.75E-4,1.375E-4
504485891755735,1,0.07005,-0.021000002,9.880051
504485891755735,4,-1.375E-4,-8.25E-4,1.375E-4
504485895302409,2,-9.450001,34.65,-15.168751
504485910716131,1,0.06795,-0.021000002,9.873
504485910716129,4,-1.375E-4,2.75E-4,1.375E-4
504485929676730,1,0.072000004,-0.01905,9.883051
504485929676730,4,-1.375E-4,-8.25E-4,0.001375
504485945354054,2,-9.375,34.631252,-15.225
504485948637281,1,0.06795,-0.021000002,9.877951
504485948637279,4,-1.375E-4,2.75E-4,1.375E-4
504485967597650,1,0.075,-0.016050002,9.873
504485967597648,4,-1.375E-4,2.75E-4,1.375E-4
504485986558264,1,0.076950006,-0.016050002,9.880051
504485986558264,4,0.0011,2.75E-4,1.375E-4
504485995390290,2,-9.3,34.612503,-15.243751
504486005518568,1,0.060000002,-0.016050002,9.883051
504486005518566,4,-1.375E-4,2.75E-4,1.375E-4
504486024479105,1,0.064950004,-0.01905,9.885
504486024479105,4,-1.375E-4,2.75E-4,1.375E-4
504486043439710,1,0.064950004,-0.028050002,9.885
504486043439710,4,0.0011,2.75E-4,1.375E-4
504486045261593,2,-9.375,34.612503,-15.20625
504486062400030,1,0.06795,-0.01905,9.880051
504486062400028,4,-1.375E-4,2.75E-4,0.001375
504486081360644,1,0.076950006,-0.012,9.877951
504486081360644,4,-1.375E-4,2.75E-4,1.375E-4
504486095319417,2,-9.431251,34.612503,-15.168751
504486100321040,1,0.076950006,-0.025950002,9.880051
504486100321038,4,-1.375E-4,-8.25E-4,1.375E-4
504486119281577,1,0.06795,-0.021000002,9.877951
504486119281577,4,0.0011,2.75E-4,1.375E-4
504486138241953,1,0.064950004,-0.024,9.8880005
504486138241951,4,-1.375E-4,0.0015125,1.375E-4
504486145361776,2,-9.356251,34.575,-15.225
504486157202490,1,0.072000004,-0.024,9.885
504486157202490,4,-1.375E-4,2.75E-4,1.375E-4
504486176162877,1,0.07005,-0.024,9.877951
504486176162875,4,-1.375E-4,2.75E-4,1.375E-4
504486195123480,1,0.075,-0.025950002,9.883051
504486195123480,4,0.0011,2.75E-4,1.375E-4
504486195401307,2,-9.28125,34.55625,-15.281251
504486214084031,1,0.07005,-0.024,9.885
504486214084029,4,-1.375E-4,2.75E-4,1.375E-4
504486233044400,1,0.060000002,-0.01905,9.885
504486233044398,4,-1.375E-4,-8.25E-4,1.375E-4
504486245426190,2,-9.225,34.537502,-15.3
504486252004937,1,0.072000004,-0.021000002,9.880051
504486252004937,4,0.0011,2.75E-4,-0.0011
504486270965338,1,0.08400001,-0.028050002,9.880051
504486270965336,4,-0.0015125,2.75E-4,0.0
504486289925952,1,0.07005,-0.024,9.880051
504486289925952,4,-2.75E-4,2.75E-4,0.0
504486295326315,2,-9.150001,34.537502,-15.3
504486308886492,1,0.075,-0.024,9.883051
504486308886490,4,-2.75E-4,2.75E-4,0.0
504486327846809,1,0.06795,-0.031050002,9.889951
504486327846807,4,-2.75E-4,0.0015125,0.0
504486345366643,2,-9.01875,34.5,-15.431251
504486346807422,1,0.075,-0.024,9.877951
504486346807422,4,-2.75E-4,2.75E-4,0.0
504486365767747,1,0.075,-0.01905,9.877951
504486365767745,4,9.625E-4,-9.625E-4,-0.0011
504486384728351,1,0.076950006,-0.024,9.880051
504486384728351,4,-2.75E-4,2.75E-4,0.0
504486395428127,2,-8.962501,34.5,-15.468751
504486403688737,1,0.072000004,-0.016050002,9.880051
504486403688735,4,-2.75E-4,-9.625E-4,0.0
504486422649274,1,0.075,-0.031050002,9.880051
504486422649274,4,-2.75E-4,2.75E-4,0.0
504486441609669,1,0.063,-0.024,9.885
504486441609667,4,9.625E-4,-9.625E-4,0.0012375
504486445447900,2,-9.056251,34.5,-15.39375
504486460570196,1,0.075,-0.01905,9.8880005
504486460570196,4,-0.0015125,2.75E-4,0.0
504486479530811,1,0.075,-0.028050002,9.885
504486479530811,4,-2.75E-4,2.75E-4,0.0
504486495456520,2,-9.01875,34.48125,-15.431251
504486498491111,1,0.076950006,-0.024,9.883051
504486498491109,4,-0.0015125,2.75E-4,0.0012375
504486517451749,1,0.075,-0.021000002,9.883051
504486517451749,4,9.625E-4,-9.625E-4,0.0
504486536412125,1,0.06795,-0.024,9.885
504486536412123,4,9.625E-4,2.75E-4,0.0
504486545456579,2,-8.94375,34.4625,-15.468751
504486555372653,1,0.07005,-0.028050002,9.889951
504486555372653,4,-2.75E-4,2.75E-4,0.0
504486574333039,1,0.072000004,-0.025950002,9.877951
504486574333037,4,-2.75E-4,2.75E-4,0.0012375
504486593293580,1,0.064950004,-0.01905,9.880051
504486593293580,4,9.625E-4,2.75E-4,0.0
504486595461353,2,-8.868751,34.443752,-15.525001
504486612253977,1,0.063,-0.01905,9.876
504486612253975,4,-0.0015125,2.75E-4,0.0
504486631214503,1,0.06795,-0.025950002,9.883051
504486631214503,4,-2.75E-4,2.75E-4,0.0
504486645459042,2,-8.94375,34.4625,-15.4875
504486650174895,1,0.075,-0.021000002,9.883051
504486650174893,4,-2.75E-4,2.75E-4,0.0
504486669135426,1,0.076950006,-0.0139500005,9.883051
504486669135426,4,9.625E-4,2.75E-4,0.0
504486688095808,1,0.079950005,-0.01905,9.883051
504486688095806,4,-2.75E-4,-9.625E-4,-0.0011
504486695462623,2,-9.0,34.443752,-15.431251
504486707056359,1,0.06795,-0.025950002,9.877951
504486707056359,4,9.625E-4,-9.625E-4,0.0
504486726016965,1,0.07005,-0.01905,9.880051
504486726016965,4,-2.75E-4,2.75E-4,0.0
504486744977351,1,0.064950004,-0.012,9.880051
504486744977349,4,-2.75E-4,2.75E-4,0.0
504486745459864,2,-8.925,34.425003,-15.50625
504486763937888,1,0.07005,-0.021000002,9.880051
504486763937888,4,-2.75E-4,2.75E-4,0.0
504486782898198,1,0.058050003,-0.024,9.877951
504486782898196,4,-2.75E-4,2.75E-4,0.0
504486795452425,2,-8.85,34.40625,-15.543751
504486801858811,1,0.076950006,-0.01905,9.885
504486801858811,4,9.625E-4,2.75E-4,0.0
504486820819212,1,0.072000004,-0.0139500005,9.883051
504486820819210,4,-2.75E-4,2.75E-4,0.0
504486839779748,1,0.063,-0.025950002,9.8880005
504486839779748,4,-2.75E-4,-9.625E-4,0.0
504486845284157,2,-9.0,34.443752,-15.450001
504486858740135,1,0.07005,-0.016050002,9.876
504486858740133,4,-2.75E-4,2.75E-4,0.0
504486877700671,1,0.072000004,-0.024,9.873
504486877700671,4,-2.75E-4,2.75E-4,0.0
504486895319033,2,-9.075001,34.4625,-15.39375
504486896661292,1,0.07005,-0.028050002,9.877951
504486896661292,4,-2.75E-4,2.75E-4,0.0
504486915621602,1,0.072000004,-0.021000002,9.883051
504486915621600,4,-2.75E-4,2.75E-4,0.0
504486934581976,1,0.072000004,-0.024,9.8880005
504486934581974,4,-2.75E-4,2.75E-4,0.0012375
504486945357197,2,-9.056251,34.4625,-15.375001
504486953542504,1,0.076950006,-0.01905,9.885
504486953542504,4,9.625E-4,-9.625E-4,0.0
504486972502904,1,0.07005,-0.021000002,9.885
504486972502902,4,-2.75E-4,2.75E-4,0.0
504486991463441,1,0.060000002,-0.01905,9.880051
504486991463441,4,9.625E-4,-9.625E-4,0.0
504486995384748,2,-9.0,34.4625,-15.468751
504487010423828,1,0.07005,-0.024,9.880051
504487010423826,4,9.625E-4,2.75E-4,0.0
504487029384375,1,0.08205,-0.01905,9.883051
504487029384375,4,-2.75E-4,2.75E-4,-0.0011
504487045402379,2,-9.075001,34.4625,-15.450001
504487048344771,1,0.075,-0.021000002,9.883051
504487048344769,4,-2.75E-4,2.75E-4,0.0012375
504487067305394,1,0.079950005,-0.01905,9.883051
504487067305394,4,9.625E-4,-9.625E-4,0.0
504487086265935,1,0.08400001,-0.01905,9.876
504487086265933,4,9.625E-4,2.75E-4,0.0
504487095422636,2,-9.13125,34.48125,-15.4125
504487105226227,1,0.07005,-0.024,9.883051
504487105226225,4,-2.75E-4,-9.625E-4,-0.0011
504487124186851,1,0.064950004,-0.024,9.880051
504487124186851,4,-2.75E-4,2.75E-4,-0.0011
504487143147161,1,0.064950004,-0.024,9.880051
504487143147159,4,-2.75E-4,2.75E-4,-0.0011
504487145433117,2,-9.0375,34.4625,-15.450001
504487162107769,1,0.064950004,-0.01905,9.889951
504487162107769,4,-2.75E-4,2.75E-4,-0.0011
504487181068074,1,0.063,-0.025950002,9.877951
504487181068072,4,-2.75E-4,2.75E-4,0.0
504487195446941,2,-8.962501,34.4625,-15.4875
504487200028468,1,0.072000004,-0.01905,9.883051
504487200028466,4,9.625E-4,2.75E-4,0.0
504487218989077,1,0.060000002,-0.031050002,9.877951
504487218989077,4,-2.75E-4,2.75E-4,-0.0011
504487237949615,1,0.072000004,-0.01905,9.885
504487237949615,4,-0.0015125,2.75E-4,0.0
504487245451901,2,-9.01875,34.4625,-15.431251
504487256910002,1,0.07005,-0.01905,9.8880005
504487256910000,4,9.625E-4,2.75E-4,0.0
504487275870519,1,0.06795,-0.0139500005,9.880051
504487275870519,4,-2.75E-4,-9.625E-4,0.0
504487294830905,1,0.075,-0.021000002,9.885
504487294830903,4,9.625E-4,2.75E-4,0.0
504487295404873,2,-9.1125,34.48125,-15.4125
504487313791213,1,0.06795,-0.025950002,9.883051
504487313791211,4,9.625E-4,2.75E-4,0.0
504487332751815,1,0.063,-0.0139500005,9.877951
504487332751815,4,9.625E-4,-9.625E-4,-0.0011
504487345419366,2,-9.075001,34.48125,-15.450001
504487351712345,1,0.07005,-0.016050002,9.880051
504487351712345,4,-2.75E-4,0.0015125,0.0
504487370672679,1,0.072000004,-0.01905,9.885
504487370672677,4,-2.75E-4,2.75E-4,-0.0011
504487389633220,1,0.072000004,-0.021000002,9.877951
504487389633220,4,-2.75E-4,2.75E-4,0.0
504487395250904,2,-8.981251,34.48125,-15.468751
504487408593539,1,0.072000004,-0.021000002,9.883051
504487408593537,4,-2.75E-4,-9.625E-4,0.0
504487427554147,1,0.07005,-0.025950002,9.883051
504487427554147,4,-2.75E-4,2.75E-4,0.0
504487445304033,2,-9.056251,34.5,-15.39375
504487446514529,1,0.072000004,-0.01905,9.880051
504487446514527,4,-2.75E-4,2.75E-4,0.0
504487465475065,1,0.075,-0.01905,9.885
504487465475065,4,9.625E-4,2.75E-4,0.0
504487484435443,1,0.075,-0.01905,9.877951
504487484435441,4,-2.75E-4,2.75E-4,0.0
504487495345128,2,-9.150001,34.5,-15.356251
504487503395980,1,0.06795,-0.01905,9.883051
504487503395980,4,-2.75E-4,2.75E-4,0.0
504487522356375,1,0.072000004,-0.021000002,9.885
504487522356373,4,-2.75E-4,2.75E-4,0.0
504487541316922,1,0.076950006,-0.028050002,9.883051
504487541316922,4,9.625E-4,2.75E-4,-0.0011
504487545374437,2,-9.075001,34.5,-15.4125
504487560277298,1,0.060000002,-0.01905,9.880051
504487560277296,4,-2.75E-4,2.75E-4,0.0
504487579237620,1,0.07005,-0.01905,9.883051
504487579237618,4,9.625E-4,2.75E-4,0.0
504487595404312,2,-9.01875,34.5,-15.4875
504487598198157,1,0.07005,-0.021000002,9.877951
504487598198157,4,-0.0015125,2.75E-4,0.0
504487617158772,1,0.079950005,-0.024,9.885
504487617158772,4,-2.75E-4,2.75E-4,-0.0011
504487636119082,1,0.063,-0.024,9.885
504487636119080,4,9.625E-4,-9.625E-4,0.0
504487645422327,2,-9.09375,34.5,-15.4125
504487655079695,1,0.072000004,-0.016050002,9.883051
504487655079695,4,9.625E-4,-9.625E-4,0.0
504487674040121,1,0.07005,-0.016050002,9.889951
504487674040119,4,-2.75E-4,2.75E-4,0.0
504487693000409,1,0.08205,-0.024,9.880051
504487693000407,4,9.625E-4,-9.625E-4,0.0
504487695441752,2,-9.1875,34.518753,-15.356251
504487711960941,1,0.075,-0.01905,9.876
504487711960941,4,9.625E-4,-9.625E-4,0.0012375
504487730921332,1,0.075,-0.021000002,9.876
504487730921330,4,9.625E-4,2.75E-4,0.0
504487745450578,2,-9.13125,34.518753,-15.4125
504487749881868,1,0.072000004,-0.021000002,9.883051
504487749881868,4,-2.75E-4,-9.625E-4,0.0
504487768842265,1,0.06795,-0.025950002,9.885
504487768842263,4,-2.75E-4,-9.625E-4,0.0012375
504487787802792,1,0.072000004,-0.025950002,9.880051
504487787802792,4,9.625E-4,-9.625E-4,0.0
504487795451169,2,-9.056251,34.518753,-15.4875
504487806763169,1,0.072000004,-0.021000002,9.883051
504487806763167,4,-2.75E-4,2.75E-4,0.0
504487825723783,1,0.06795,-0.021000002,9.8880005
504487825723783,4,-2.75E-4,2.75E-4,0.0
504487844684082,1,0.063,-0.01905,9.883051
504487844684080,4,9.625E-4,2.75E-4,0.0
504487845344288,2,-9.1125,34.537502,-15.4125
504487863644619,1,0.058050003,-0.0139500005,9.883051
504487863644619,4,-0.0015125,2.75E-4,0.0
504487882605016,1,0.072000004,-0.0139500005,9.883051
504487882605014,4,-2.75E-4,-9.625E-4,-0.0011
504487895368924,2,-9.20625,34.537502,-15.356251
504487901565552,1,0.07005,-0.016050002,9.876
504487901565552,4,-2.75E-4,0.0015125,0.0
504487920525948,1,0.064950004,-0.01905,9.877951
504487920525946,4,9.625E-4,-9.625E-4,0.0
504487939486489,1,0.07005,-0.0139500005,9.880051
504487939486489,4,-0.0015125,0.0015125,0.0012375
504487945430580,2,-9.1125,34.537502,-15.4125
504487958446804,1,0.087000005,-0.025950002,9.877951
504487958446802,4,9.625E-4,2.75E-4,0.0
504487977407417,1,0.07005,-0.016050002,9.883051
504487977407417,4,-2.75E-4,2.75E-4,0.0
504487995440570,2,-9.0375,34.518753,-15.431251
504487996367794,1,0.060000002,-0.01905,9.876
504487996367792,4,-2.75E-4,2.75E-4,0.0
504488015328340,1,0.07005,-0.025950002,9.880051
504488015328340,4,-2.75E-4,-9.625E-4,0.0
504488034288649,1,0.07005,-0.021000002,9.880051
504488034288647,4,-2.75E-4,-9.625E-4,0.0
504488045442651,2,-9.09375,34.518753,-15.375001
504488053249032,1,0.06795,-0.021000002,9.876
504488053249032,4,-2.75E-4,-9.625E-4,0.0
504488072209570,1,0.064950004,-0.021000002,9.885
504488072209570,4,-2.75E-4,-9.625E-4,0.0
504488091170186,1,0.076950006,-0.021000002,9.883051
504488091170186,4,-2.75E-4,-9.625E-4,0.0
504488095449798,2,-9.1875,34.518753,-15.337501
504488110130486,1,0.060000002,-0.016050002,9.880051
504488110130484,4,9.625E-4,2.75E-4,0.0
504488129090880,1,0.064950004,-0.01905,9.8880005
504488129090878,4,-2.75E-4,2.75E-4,0.0
504488145449971,2,-9.13125,34.518753,-15.356251
504488148051427,1,0.072000004,-0.024,9.885
504488148051427,4,-2.75E-4,2.75E-4,0.0
504488167011813,1,0.060000002,-0.021000002,9.877951
504488167011811,4,-2.75E-4,-9.625E-4,0.0
504488185972131,1,0.07005,-0.012,9.877951
504488185972129,4,9.625E-4,2.75E-4,0.0
504488195455845,2,-9.056251,34.518753,-15.4125
504488204932750,1,0.075,-0.01905,9.873
504488204932750,4,-1.375E-4,1.375E-4,0.0
504488223893297,1,0.06795,-0.016050002,9.876
504488223893297,4,-1.375E-4,1.375E-4,0.0
504488242853694,1,0.079950005,-0.025950002,9.885
504488242853692,4,-1.375E-4,1.375E-4,0.0
504488245455074,2,-9.09375,34.537502,-15.31875
504488261814015,1,0.08400001,-0.024,9.8880005
504488261814013,4,0.0011,-0.0011,-0.0012375
504488280774562,1,0.06795,-0.01905,9.883051
504488280774562,4,-1.375E-4,1.375E-4,0.0
504488295449326,2,-9.1875,34.55625,-15.262501
504488299734968,1,0.07005,-0.01905,9.873
504488299734966,4,-1.375E-4,1.375E-4,0.0
504488318695504,1,0.072000004,-0.012,9.885
504488318695504,4,-1.375E-4,-0.0011,0.0
504488337655891,1,0.075,-0.016050002,9.880051
504488337655889,4,-1.375E-4,0.001375,0.0
504488345451003,2,-9.056251,34.518753,-15.375001
504488356616427,1,0.075,-0.016050002,9.880051
504488356616427,4,0.0011,-0.0011,-0.0012375
504488375576824,1,0.072000004,-0.028050002,9.873
504488375576822,4,-1.375E-4,1.375E-4,0.0
504488394537355,1,0.08205,-0.00705,9.885
504488394537355,4,0.0011,-0.0011,0.0
504488395290021,2,-8.962501,34.5,-15.4125
504488413497742,1,0.07005,-0.021000002,9.877951
504488413497740,4,0.0011,-0.0011,0.0
504488432458040,1,0.064950004,-0.016050002,9.880051
504488432458038,4,0.0011,1.375E-4,0.0
504488445330559,2,-8.962501,34.5,-15.39375
504488451418658,1,0.064950004,-0.028050002,9.877951
504488451418658,4,0.0011,1.375E-4,0.0
504488470378963,1,0.060000002,-0.0139500005,9.877951
504488470378961,4,0.0011,1.375E-4,-0.0012375
504488489339489,1,0.07005,-0.024,9.883051
504488489339489,4,-1.375E-4,1.375E-4,0.0012375
504488495361626,2,-9.01875,34.5,-15.337501
504488508299875,1,0.07005,-0.028050002,9.877951
504488508299873,4,0.0011,1.375E-4,0.0
504488527260412,1,0.072000004,-0.01905,9.877951
504488527260412,4,-1.375E-4,-0.0011,-0.0012375
504488545383289,2,-8.981251,34.5,-15.31875
504488546220798,1,0.075,-0.028050002,9.883051
504488546220796,4,-1.375E-4,1.375E-4,0.0
504488565181340,1,0.064950004,-0.01905,9.880051
504488565181340,4,0.0011,-0.0011,0.0
504488584141708,1,0.07005,-0.024,9.883051
504488584141706,4,0.0011,1.375E-4,0.0
504488595407654,2,-8.90625,34.5,-15.356251
504488603102005,1,0.072000004,-0.01905,9.885
504488603102003,4,-0.001375,1.375E-4,-0.0012375
504488622062547,1,0.07005,-0.01905,9.8880005
504488622062547,4,-1.375E-4,1.375E-4,0.0012375
504488641023171,1,0.072000004,-0.016050002,9.877951
504488641023171,4,-1.375E-4,1.375E-4,0.0
504488645421913,2,-9.01875,34.5,-15.262501
504488659983481,1,0.064950004,-0.021000002,9.8880005
504488659983479,4,0.0011,1.375E-4,-0.0012375
504488678943871,1,0.072000004,-0.024,9.873
504488678943869,4,-1.375E-4,1.375E-4,0.0
504488695438930,2,-9.1125,34.518753,-15.187501
504488697904407,1,0.063,-0.016050002,9.8880005
504488697904407,4,-1.375E-4,1.375E-4,0.0
504488716864794,1,0.064950004,-0.016050002,9.889951
504488716864792,4,-1.375E-4,1.375E-4,0.0
504488735825316,1,0.06795,-0.031050002,9.883051
504488735825316,4,-0.001375,1.375E-4,-0.0012375
504488745446598,2,-9.075001,34.5,-15.225
504488754785630,1,0.07005,-0.021000002,9.885
504488754785628,4,-1.375E-4,1.375E-4,0.0012375
504488773746013,1,0.07005,-0.01905,9.880051
504488773746013,4,-1.375E-4,1.375E-4,-0.0012375
504488792706546,1,0.06795,-0.021000002,9.880051
504488792706546,4,-0.001375,1.375E-4,-0.0012375
504488795446763,2,-9.0375,34.5,-15.262501
504488811666924,1,0.064950004,-0.021000002,9.876
504488811666922,4,-1.375E-4,-0.0011,0.0
504488830627445,1,0.072000004,-0.021000002,9.880051
504488830627445,4,-1.375E-4,1.375E-4,0.0
504488845407327,2,-9.13125,34.5,-15.187501
504488849587818,1,0.06795,-0.016050002,9.871051
504488849587816,4,0.0011,0.001375,0.0
504488868548345,1,0.072000004,-0.024,9.877951
504488868548345,4,-1.375E-4,1.375E-4,0.0
504488887508741,1,0.064950004,-0.012,9.877951
504488887508739,4,-1.375E-4,1.375E-4,-0.0012375
504488895416739,2,-9.243751,34.518753,-15.150001
504488906469263,1,0.06795,-0.012,9.885
504488906469263,4,-1.375E-4,1.375E-4,-0.0012375
504488925429562,1,0.07005,-0.016050002,9.877951
504488925429560,4,-0.001375,1.375E-4,-0.0012375
504488944389960,1,0.06795,-0.0139500005,9.873
504488944389960,4,-1.375E-4,-0.0011,0.0
504488945256292,2,-9.243751,34.518753,-15.13125
504488963350513,1,0.06795,-0.021000002,9.8880005
504488963350513,4,-1.375E-4,-0.0011,-0.0012375
504488982310894,1,0.06795,-0.021000002,9.877951
504488982310892,4,0.0011,1.375E-4,0.0
504488995303515,2,-9.31875,34.537502,-15.093751
504489001271431,1,0.06795,-0.021000002,9.883051
504489001271431,4,-1.375E-4,1.375E-4,0.0
504489020231741,1,0.076950006,-0.01905,9.880051
504489020231739,4,0.0011,1.375E-4,0.0
504489039192123,1,0.06795,-0.01905,9.883051
504489039192123,4,0.0011,1.375E-4,0.0
504489045340070,2,-9.450001,34.575,-15.01875
504489058152667,1,0.075,-0.025950002,9.876
504489058152667,4,-1.375E-4,-0.0011,-0.0012375
504489077112966,1,0.063,-0.024,9.877951
504489077112964,4,0.0011,1.375E-4,0.0012375
504489095377149,2,-9.58125,34.575,-14.962501
504489096073580,1,0.08205,-0.031050002,9.885
504489096073580,4,-1.375E-4,1.375E-4,0.0
504489115033900,1,0.075,-0.01905,9.880051
504489115033898,4,-1.375E-4,1.375E-4,-0.0012375
504489133994294,1,0.076950006,-0.028050002,9.877951
504489133994292,4,0.0011,-0.0011,-0.0012375
504489145401863,2,-9.543751,34.575,-15.000001
504489152954840,1,0.072000004,-0.01905,9.877951
504489152954840,4,-1.375E-4,0.001375,0.0
504489171915226,1,0.06795,-0.016050002,9.880051
504489171915224,4,-1.375E-4,1.375E-4,0.0
504489190875758,1,0.075,-0.025950002,9.880051
504489190875758,4,0.0011,1.375E-4,0.0
504489195427204,2,-9.450001,34.575,-15.075001
504489209836145,1,0.079950005,-0.021000002,9.877951
504489209836143,4,0.0011,1.375E-4,0.0
504489228796438,1,0.06795,-0.021000002,9.883051
504489228796436,4,-1.375E-4,-0.0011,0.0
504489245440910,2,-9.50625,34.59375,-15.01875
504489247756975,1,0.06795,-0.021000002,9.880051
504489247756975,4,-1.375E-4,1.375E-4,0.0
504489266717351,1,0.07005,-0.012,9.877951
504489266717349,4,-1.375E-4,0.001375,-0.0012375
504489285677898,1,0.058050003,-0.025950002,9.877951
504489285677898,4,-0.001375,1.375E-4,0.0
504489295445366,2,-9.58125,34.612503,-15.01875
504489304638275,1,0.05595,-0.025950002,9.880051
504489304638273,4,-1.375E-4,-0.0011,0.0
504489323598593,1,0.07005,-0.016050002,9.885
504489323598591,4,0.0011,1.375E-4,-0.0012375
504489342559202,1,0.064950004,-0.028050002,9.880051
504489342559202,4,-1.375E-4,1.375E-4,-0.0012375
504489345453968,2,-9.525001,34.612503,-15.056251
504489361519521,1,0.072000004,-0.028050002,9.883051
504489361519519,4,-1.375E-4,1.375E-4,-0.0012375
504489380480067,1,0.075,-0.021000002,9.880051
504489380480067,4,-1.375E-4,-0.0011,0.0
504489395353379,2,-9.450001,34.612503,-15.075001
504489399440367,1,0.079950005,-0.025950002,9.880051
504489399440365,4,-1.375E-4,-0.0011,-0.0012375
504489418400740,1,0.07005,-0.021000002,9.871051
504489418400740,4,-1.375E-4,1.375E-4,0.0
504489437361269,1,0.072000004,-0.01905,9.877951
504489437361269,4,0.0011,1.375E-4,0.0
504489445382696,2,-9.50625,34.631252,-15.075001
504489456321656,1,0.076950006,-0.025950002,9.885
504489456321654,4,-1.375E-4,1.375E-4,0.0
504489475282197,1,0.076950006,-0.021000002,9.880051
504489475282197,4,-0.001375,0.001375,0.0012375
504489494242593,1,0.08400001,-0.021000002,9.883051
504489494242591,4,0.0011,-0.0011,0.0
504489495271639,2,-9.6,34.65,-15.056251
504489513203144,1,0.06795,-0.016050002,9.876
504489513203144,4,-1.375E-4,1.375E-4,0.0
504489532163454,1,0.075,-0.01905,9.8880005
504489532163452,4,-1.375E-4,-0.0011,0.0
504489545313395,2,-9.6,34.65,-15.056251
504489551123832,1,0.07005,-0.016050002,9.8880005
504489551123832,4,0.0011,1.375E-4,0.0
504489570084398,1,0.05595,-0.016050002,9.885
504489570084398,4,-0.001375,1.375E-4,0.0
504489589044776,1,0.072000004,-0.021000002,9.883051
504489589044774,4,-1.375E-4,-0.0011,0.0
504489595355985,2,-9.525001,34.66875,-15.056251
504489608005301,1,0.075,-0.01905,9.880051
504489608005301,4,0.0011,-0.0011,-0.0012375
504489626965678,1,0.060000002,-0.01905,9.873
504489626965676,4,-1.375E-4,1.375E-4,-0.0012375
504489645385910,2,-9.6,34.6875,-15.01875
504489645926215,1,0.07005,-0.025950002,9.876
504489645926215,4,-1.375E-4,1.375E-4,0.0
504489664886524,1,0.072000004,-0.024,9.883051
504489664886522,4,-1.375E-4,1.375E-4,0.0
504489683846842,1,0.060000002,-0.016050002,9.877951
504489683846840,4,0.0011,1.375E-4,0.0
504489695415652,2,-9.675,34.6875,-14.962501
504489702807225,1,0.063,-0.028050002,9.876
504489702807225,4,0.0011,-0.0011,0.0
504489721767763,1,0.06795,-0.021000002,9.880051
504489721767763,4,-1.375E-4,1.375E-4,0.0
504489740728140,1,0.07005,-0.021000002,9.876
504489740728138,4,0.0011,1.375E-4,0.0
504489745433138,2,-9.675,34.6875,-15.000001
504489759688439,1,0.064950004,-0.016050002,9.876
504489759688437,4,-1.375E-4,1.375E-4,0.0
504489778648975,1,0.075,-0.024,9.885
504489778648975,4,-1.375E-4,1.375E-4,0.0
504489795440610,2,-9.58125,34.706253,-15.000001
504489797609347,1,0.06795,-0.031050002,9.885
504489797609345,4,-1.375E-4,0.001375,0.0
504489816569893,1,0.072000004,-0.024,9.877951
504489816569893,4,-1.375E-4,1.375E-4,0.0
504489835530203,1,0.06795,-0.024,9.880051
504489835530201,4,-1.375E-4,-0.0011,0.0
504489845451371,2,-9.69375,34.706253,-14.906251
504489854490571,1,0.072000004,-0.0139500005,9.877951
504489854490571,4,-1.375E-4,1.375E-4,0.0
504489873451119,1,0.075,-0.021000002,9.876
504489873451119,4,-1.375E-4,1.375E-4,-0.0012375
504489892411515,1,0.075,-0.0139500005,9.873
504489892411513,4,-1.375E-4,1.375E-4,0.0
504489895453652,2,-9.7875,34.706253,-14.906251
504489911372061,1,0.072000004,-0.028050002,9.880051
504489911372061,4,0.0011,-0.0011,0.0
504489930332448,1,0.072000004,-0.025950002,9.880051
504489930332446,4,-1.375E-4,-0.0011,0.0
504489945303104,2,-9.731251,34.706253,-14.94375
504489949292746,1,0.07005,-0.021000002,9.885
504489949292744,4,-0.001375,1.375E-4,0.0
504489968253272,1,0.075,-0.025950002,9.876
504489968253272,4,0.0011,-0.0011,-0.0012375
504489987213582,1,0.060000002,-0.021000002,9.873
504489987213580,4,-0.001375,1.375E-4,0.0
504489995339219,2,-9.731251,34.725002,-14.962501
504490006173965,1,0.07005,-0.021000002,9.876
504490006173965,4,-0.001375,1.375E-4,0.0
504490025134513,1,0.063,-0.01905,9.877951
504490025134513,4,-1.375E-4,1.375E-4,0.0
504490044094890,1,0.076950006,-0.024,9.880051
504490044094888,4,0.0011,-0.0011,-0.0012375
504490045191577,2,-9.7875,34.725002,-14.962501
504490063055426,1,0.06795,-0.024,9.880051
504490063055426,4,-1.375E-4,1.375E-4,0.0
504490082015727,1,0.06795,-0.025950002,9.876
504490082015725,4,-1.375E-4,1.375E-4,0.0
504490095261061,2,-9.9375,34.74375,-14.887501
504490100976109,1,0.060000002,-0.01905,9.880051
504490100976109,4,0.0023375,1.375E-4,0.0
504490119936418,1,0.075,-0.024,9.880051
504490119936416,4,0.0011,1.375E-4,0.0
504490138897023,1,0.08205,-0.025950002,9.883051
504490138897023,4,-2.75E-4,-0.0011,2.75E-4
504490145315444,2,-9.9375,34.74375,-14.925
504490157857561,1,0.063,-0.01905,9.876
504490157857561,4,-2.75E-4,1.375E-4,2.75E-4
504490176817881,1,0.072000004,-0.024,9.885
504490176817879,4,-2.75E-4,1.375E-4,-9.625E-4
504490195778257,1,0.07005,-0.024,9.885
504490195778255,4,-0.0015125,-0.0011,2.75E-4
504490195366206,2,-9.918751,34.725002,-14.981251
504490214738555,1,0.064950004,-0.0139500005,9.876
504490214738553,4,-2.75E-4,1.375E-4,2.75E-4
504490233699101,1,0.06795,-0.021000002,9.877951
504490233699101,4,-2.75E-4,1.375E-4,2.75E-4
504490245401003,2,-9.9375,34.74375,-14.962501
504490252659502,1,0.076950006,-0.024,9.876
504490252659500,4,-2.75E-4,-0.0011,2.75E-4
504490271619809,1,0.075,-0.01905,9.877951
504490271619807,4,9.625E-4,-0.0011,2.75E-4
504490290580332,1,0.07005,-0.021000002,9.883051
504490290580332,4,9.625E-4,-0.0011,2.75E-4
504490295421882,2,-9.95625,34.74375,-14.94375
504490309540723,1,0.072000004,-0.01905,9.880051
504490309540721,4,9.625E-4,1.375E-4,-9.625E-4
504490328501259,1,0.079950005,-0.021000002,9.880051
504490328501259,4,-2.75E-4,-0.0011,2.75E-4
504490345442591,2,-9.8625,34.74375,-15.01875
504490347461656,1,0.07005,-0.016050002,9.876
504490347461654,4,9.625E-4,1.375E-4,0.0015125
504490366422187,1,0.06795,-0.0139500005,9.880051
504490366422187,4,9.625E-4,-0.0011,2.75E-4
504490385382579,1,0.07005,-0.024,9.873
504490385382577,4,-2.75E-4,1.375E-4,2.75E-4
504490395406778,2,-9.806251,34.725002,-15.075001
504490404342887,1,0.063,-0.01905,9.883051
504490404342885,4,9.625E-4,1.375E-4,2.75E-4
504490423303437,1,0.075,-0.031050002,9.880051
504490423303437,4,-2.75E-4,1.375E-4,2.75E-4
504490442263738,1,0.072000004,-0.021000002,9.880051
504490442263736,4,9.625E-4,1.375E-4,2.75E-4
504490445428807,2,-9.825001,34.74375,-15.056251
504490461224120,1,0.06795,-0.01905,9.877951
504490461224120,4,9.625E-4,-0.0011,2.75E-4
504490480184668,1,0.075,-0.0139500005,9.876
504490480184668,4,9.625E-4,1.375E-4,2.75E-4
504490495264486,2,-9.825001,34.725002,-15.1125
504490499145065,1,0.076950006,-0.0139500005,9.877951
504490499145063,4,9.625E-4,1.375E-4,-9.625E-4
504490518105362,1,0.075,-0.021000002,9.883051
504490518105360,4,-2.75E-4,1.375E-4,2.75E-4
504490537065665,1,0.07005,-0.016050002,9.883051
504490537065663,4,-2.75E-4,1.375E-4,2.75E-4
504490545308483,2,-9.675,34.706253,-15.150001
504490556026212,1,0.064950004,-0.021000002,9.880051
504490556026212,4,9.625E-4,1.375E-4,2.75E-4
504490574986612,1,0.072000004,-0.016050002,9.873
504490574986610,4,9.625E-4,-0.0011,2.75E-4
504490593947149,1,0.075,-0.0139500005,9.880051
504490593947149,4,-2.75E-4,1.375E-4,2.75E-4
504490595178557,2,-9.543751,34.6875,-15.187501
504490612907444,1,0.07005,-0.021000002,9.876
504490612907442,4,-2.75E-4,1.375E-4,-9.625E-4
504490631867826,1,0.075,-0.028050002,9.880051
504490631867826,4,-0.0015125,1.375E-4,-9.625E-4
504490645250358,2,-9.6,34.6875,-15.13125
504490650828365,1,0.064950004,-0.01905,9.880051
504490650828365,4,-2.75E-4,1.375E-4,2.75E-4
504490669788751,1,0.06795,-0.016050002,9.880051
504490669788749,4,9.625E-4,1.375E-4,2.75E-4
504490688749045,1,0.072000004,-0.016050002,9.8880005
504490688749043,4,-2.75E-4,-0.0011,2.75E-4
504490695317329,2,-9.675,34.6875,-15.093751
504490707709338,1,0.072000004,-0.0139500005,9.880051
504490707709336,4,-2.75E-4,-0.0011,2.75E-4
504490726669951,1,0.063,-0.021000002,9.877951
504490726669951,4,-2.75E-4,1.375E-4,2.75E-4
504490745630479,1,0.07005,-0.024,9.883051
504490745630479,4,-0.0015125,-0.0011,2.75E-4
504490745366107,2,-9.58125,34.66875,-15.1125
504490764590789,1,0.06795,-0.016050002,9.885
504490764590787,4,9.625E-4,1.375E-4,2.75E-4
504490783551178,1,0.072000004,-0.01905,9.877951
504490783551176,4,9.625E-4,1.375E-4,2.75E-4
504490795398704,2,-9.525001,34.65,-15.093751
504490802511496,1,0.06795,-0.025950002,9.883051
504490802511494,4,-2.75E-4,1.375E-4,2.75E-4
504490821472033,1,0.06795,-0.021000002,9.871051
504490821472033,4,-2.75E-4,1.375E-4,-9.625E-4
504490840432419,1,0.060000002,-0.016050002,9.880051
504490840432417,4,-2.75E-4,-0.0011,2.75E-4
504490845428706,2,-9.5625,34.65,-15.01875
504490859392736,1,0.07005,-0.016050002,9.871051
504490859392734,4,-2.75E-4,-0.0011,-9.625E-4
504490878353272,1,0.076950006,-0.028050002,9.873
504490878353272,4,9.625E-4,1.375E-4,2.75E-4
504490895444893,2,-9.637501,34.66875,-14.981251
504490897313597,1,0.064950004,-0.024,9.885
504490897313595,4,-2.75E-4,-0.0011,2.75E-4
504490916273980,1,0.07005,-0.021000002,9.880051
504490916273980,4,-2.75E-4,1.375E-4,-9.625E-4
504490935234508,1,0.072000004,-0.028050002,9.883051
504490935234508,4,-0.0015125,1.375E-4,-9.625E-4
504490945359952,2,-9.543751,34.65,-14.981251
504490954194914,1,0.063,-0.021000002,9.883051
504490954194912,4,-2.75E-4,1.375E-4,0.0015125
504490973155222,1,0.063,-0.028050002,9.880051
504490973155220,4,-0.0015125,1.375E-4,2.75E-4
504490992115850,1,0.06795,-0.028050002,9.880051
504490992115850,4,9.625E-4,1.375E-4,0.0015125
504490995388963,2,-9.450001,34.631252,-15.01875
504491011076155,1,0.064950004,-0.021000002,9.885
504491011076153,4,-2.75E-4,1.375E-4,2.75E-4
504491030036691,1,0.06795,-0.016050002,9.880051
504491030036691,4,9.625E-4,-0.0011,2.75E-4
504491045231263,2,-9.450001,34.631252,-15.0375
504491048997068,1,0.072000004,-0.031050002,9.880051
504491048997066,4,-2.75E-4,1.375E-4,-9.625E-4
504491067957376,1,0.07005,-0.024,9.877951
504491067957374,4,9.625E-4,1.375E-4,2.75E-4
504491086917674,1,0.072000004,-0.021000002,9.8880005
504491086917672,4,-2.75E-4,-0.0011,2.75E-4
504491095292461,2,-9.543751,34.612503,-15.000001
504491105878277,1,0.06795,-0.021000002,9.883051
504491105878277,4,9.625E-4,1.375E-4,2.75E-4
504491124838578,1,0.060000002,-0.021000002,9.883051
504491124838576,4,-2.75E-4,1.375E-4,2.75E-4
504491143798894,1,0.064950004,-0.021000002,9.880051
504491143798892,4,-2.75E-4,1.375E-4,0.0015125
504491145164881,2,-9.543751,34.59375,-15.056251
504491162759417,1,0.063,-0.01905,9.876
504491162759417,4,-2.75E-4,1.375E-4,2.75E-4
504491181719814,1,0.072000004,-0.016050002,9.876
504491181719812,4,-2.75E-4,1.375E-4,0.0015125
504491195249424,2,-9.543751,34.612503,-15.056251
504491200680106,1,0.07005,-0.028050002,9.883051
504491200680104,4,-2.75E-4,1.375E-4,-9.625E-4
504491219640643,1,0.075,-0.021000002,9.883051
504491219640643,4,-2.75E-4,-0.0011,0.0015125
504491238601025,1,0.07005,-0.01905,9.876
504491238601023,4,-2.75E-4,-0.0011,-9.625E-4
504491245314820,2,-9.5625,34.59375,-15.075001
504491257561318,1,0.06795,-0.021000002,9.876
504491257561316,4,-2.75E-4,1.375E-4,2.75E-4
504491276521859,1,0.076950006,-0.0139500005,9.873
504491276521859,4,9.625E-4,-0.0011,-9.625E-4
504491295482260,1,0.064950004,-0.0139500005,9.877951
504491295482258,4,-2.75E-4,1.375E-4,2.75E-4
504491295373096,2,-9.618751,34.59375,-15.093751
504491314442578,1,0.072000004,-0.024,9.880051
504491314442576,4,-2.75E-4,0.001375,2.75E-4
504491333403125,1,0.07005,-0.0139500005,9.876
504491333403125,4,9.625E-4,-0.0011,-9.625E-4
504491345412576,2,-9.4875,34.575,-15.168751
504491352363506,1,0.07005,-0.025950002,9.880051
504491352363504,4,-2.75E-4,1.375E-4,2.75E-4
504491371323824,1,0.076950006,-0.028050002,9.873
504491371323822,4,-2.75E-4,1.375E-4,2.75E-4
504491390284361,1,0.072000004,-0.01905,9.877951
504491390284361,4,-0.0015125,0.001375,2.75E-4
504491395436005,2,-9.4125,34.575,-15.168751
504491409244669,1,0.079950005,-0.025950002,9.877951
504491409244667,4,-2.75E-4,-0.0011,2.75E-4
504491428205052,1,0.075,-0.024,9.885
504491428205052,4,-2.75E-4,-0.0011,-9.625E-4
504491445457664,2,-9.4875,34.575,-15.150001
504491447165590,1,0.06795,-0.031050002,9.880051
504491447165590,4,-0.0015125,1.375E-4,2.75E-4
504491466125968,1,0.06795,-0.01905,9.883051
504491466125966,4,-2.75E-4,1.375E-4,2.75E-4
504491485086519,1,0.072000004,-0.01905,9.880051
504491485086519,4,-2.75E-4,1.375E-4,-9.625E-4
504491495320339,2,-9.4875,34.575,-15.168751
504491504046799,1,0.064950004,-0.021000002,9.883051
504491504046797,4,-2.75E-4,1.375E-4,-9.625E-4
504491523007122,1,0.076950006,-0.024,9.883051
504491523007120,4,9.625E-4,1.375E-4,2.75E-4
504491541967500,1,0.064950004,-0.01905,9.876
504491541967500,4,-0.0015125,1.375E-4,-9.625E-4
504491545353881,2,-9.4125,34.55625,-15.187501
504491560927805,1,0.06795,-0.021000002,9.885
504491560927803,4,9.625E-4,-0.0011,2.75E-4
504491579888336,1,0.075,-0.024,9.880051
504491579888336,4,9.625E-4,1.375E-4,-9.625E-4
504491595387939,2,-9.262501,34.537502,-15.243751
504491598848713,1,0.07005,-0.0139500005,9.883051
504491598848711,4,9.625E-4,-0.0011,2.75E-4
504491617809019,1,0.072000004,-0.021000002,9.880051
504491617809017,4,-2.75E-4,1.375E-4,2.75E-4
504491636769571,1,0.072000004,-0.025950002,9.876
504491636769571,4,-2.75E-4,1.375E-4,2.75E-4
504491645409993,2,-9.225,34.537502,-15.262501
504491655729958,1,0.075,-0.024,9.876
504491655729956,4,9.625E-4,1.375E-4,2.75E-4
504491674690274,1,0.072000004,-0.028050002,9.877951
504491674690272,4,-2.75E-4,-0.0011,2.75E-4
504491693650811,1,0.075,-0.028050002,9.877951
504491693650811,4,-2.75E-4,-0.0011,2.75E-4
504491695248529,2,-9.225,34.55625,-15.243751
504491712611202,1,0.072000004,-0.025950002,9.873
504491712611200,4,-2.75E-4,1.375E-4,-9.625E-4
504491731571520,1,0.075,-0.0139500005,9.877951
504491731571518,4,9.625E-4,1.375E-4,-9.625E-4
504491745303176,2,-9.168751,34.537502,-15.31875
504491750532057,1,0.063,-0.0139500005,9.877951
504491750532057,4,-2.75E-4,1.375E-4,2.75E-4
504491769492452,1,0.07005,-0.024,9.877951
504491769492450,4,9.625E-4,1.375E-4,2.75E-4
504491788452775,1,0.064950004,-0.024,9.885
504491788452773,4,9.625E-4,1.375E-4,-9.625E-4
504491795344431,2,-9.09375,34.537502,-15.337501
504491807413312,1,0.064950004,-0.021000002,9.885
504491807413312,4,9.625E-4,-0.0011,2.75E-4
504491826373712,1,0.06795,-0.033,9.883051
504491826373710,4,-2.75E-4,1.375E-4,2.75E-4
504491845334249,1,0.07005,-0.03795,9.880051
504491845334249,4,-2.75E-4,-0.0011,2.75E-4
504491845384184,2,-9.168751,34.518753,-15.3
504491864294328,1,0.064950004,-0.028050002,9.873
504491864294326,4,-2.75E-4,1.375E-4,-9.625E-4
504491883254864,1,0.072000004,-0.025950002,9.873
504491883254864,4,-0.0015125,1.375E-4,2.75E-4
504491895410050,2,-9.243751,34.537502,-15.243751
504491902215236,1,0.076950006,-0.021000002,9.883051
504491902215234,4,-2.75E-4,1.375E-4,2.75E-4
504491921175535,1,0.075,-0.01905,9.877951
504491921175533,4,-2.75E-4,-0.0011,0.0015125
504491940136061,1,0.079950005,-0.01905,9.885
504491940136061,4,9.625E-4,-0.0011,2.75E-4
504491945390380,2,-9.150001,34.518753,-15.31875
504491959096366,1,0.075,-0.021000002,9.876
504491959096364,4,-2.75E-4,1.375E-4,2.75E-4
504491978056974,1,0.075,-0.024,9.876
504491978056974,4,-2.75E-4,1.375E-4,-9.625E-4
504491995414034,2,-9.0,34.5,-15.375001
504491997017294,1,0.06795,-0.024,9.871051
504491997017292,4,-2.75E-4,-0.0011,2.75E-4
504492015977602,1,0.07005,-0.01905,9.885
504492015977600,4,-2.75E-4,1.375E-4,-9.625E-4
504492034937993,1,0.07005,-0.021000002,9.877951
504492034937993,4,-2.75E-4,1.375E-4,2.75E-4
504492045251922,2,-9.075001,34.5,-15.375001
504492053898294,1,0.06795,-0.021000002,9.889951
504492053898292,4,-2.75E-4,1.375E-4,2.75E-4
504492072858840,1,0.075,-0.012,9.877951
504492072858840,4,9.625E-4,2.75E-4,1.375E-4
504492091819246,1,0.06795,-0.024,9.883051
504492091819244,4,9.625E-4,2.75E-4,0.001375
504492095307846,2,-9.150001,34.5,-15.3
504492110779544,1,0.064950004,-0.024,9.880051
504492110779542,4,9.625E-4,2.75E-4,1.375E-4
504492129740081,1,0.072000004,-0.028050002,9.883051
504492129740081,4,-2.75E-4,2.75E-4,-9.625E-4
504492145350041,2,-9.056251,34.5,-15.39375
504492148700390,1,0.075,-0.021000002,9.880051
504492148700388,4,-0.0015125,2.75E-4,1.375E-4
504492167660773,1,0.063,-0.021000002,9.876
504492167660773,4,-2.75E-4,2.75E-4,1.375E-4
504492186621307,1,0.06795,-0.024,9.876
504492186621307,4,9.625E-4,2.75E-4,-9.625E-4
504492195390475,2,-8.981251,34.5,-15.4125
504492205581698,1,0.064950004,-0.025950002,9.883051
504492205581696,4,-2.75E-4,2.75E-4,-9.625E-4
504492224542001,1,0.075,-0.021000002,9.880051
504492224541999,4,-2.75E-4,2.75E-4,1.375E-4
504492243502314,1,0.076950006,-0.021000002,9.873
504492243502312,4,-2.75E-4,2.75E-4,1.375E-4
504492245288189,2,-9.056251,34.518753,-15.4125
504492262462840,1,0.072000004,-0.028050002,9.873
504492262462840,4,-2.75E-4,-9.625E-4,0.001375
504492281423140,1,0.07005,-0.031050002,9.873
504492281423138,4,-2.75E-4,2.75E-4,1.375E-4
504492295332321,2,-9.225,34.518753,-15.39375
504492300383514,1,0.063,-0.021000002,9.880051
504492300383514,4,-2.75E-4,-9.625E-4,-9.625E-4
504492319343818,1,0.072000004,-0.0139500005,9.880051
504492319343816,4,-2.75E-4,-9.625E-4,1.375E-4
504492338304432,1,0.072000004,-0.021000002,9.876
504492338304432,4,-2.75E-4,-9.625E-4,-9.625E-4
504492345374818,2,-9.28125,34.537502,-15.431251
504492357264736,1,0.075,-0.021000002,9.880051
504492357264734,4,-0.0015125,2.75E-4,1.375E-4
504492376225053,1,0.075,-0.025950002,9.883051
504492376225051,4,-2.75E-4,2.75E-4,1.375E-4
504492395185590,1,0.076950006,-0.028050002,9.885
504492395185590,4,-2.75E-4,2.75E-4,-9.625E-4
504492395403112,2,-9.243751,34.518753,-15.468751
504492414145899,1,0.075,-0.024,9.8880005
504492414145897,4,-2.75E-4,2.75E-4,1.375E-4
504492433106282,1,0.06795,-0.021000002,9.877951
504492433106282,4,-0.0015125,2.75E-4,1.375E-4
504492445430633,2,-9.243751,34.518753,-15.450001
504492452066821,1,0.07005,-0.01905,9.876
504492452066821,4,-2.75E-4,-9.625E-4,1.375E-4
504492471027135,1,0.07005,-0.0139500005,9.877951
504492471027133,4,9.625E-4,-9.625E-4,-9.625E-4
504492489987518,1,0.06795,-0.01905,9.877951
504492489987518,4,-2.75E-4,0.0015125,1.375E-4
504492495355491,2,-9.262501,34.537502,-15.468751
504492508947857,1,0.06795,-0.01905,9.883051
504492508947855,4,9.625E-4,-9.625E-4,-9.625E-4
504492527908388,1,0.076950006,-0.021000002,9.873
504492527908388,4,-2.75E-4,2.75E-4,1.375E-4
504492545381252,2,-9.225,34.537502,-15.4875
504492546868770,1,0.07005,-0.025950002,9.873
504492546868768,4,-2.75E-4,-9.625E-4,1.375E-4
504492565829078,1,0.072000004,-0.021000002,9.885
504492565829076,4,9.625E-4,2.75E-4,1.375E-4
504492584789614,1,0.064950004,-0.016050002,9.877951
504492584789614,4,9.625E-4,-9.625E-4,0.001375
504492595275645,2,-9.09375,34.518753,-15.525001
504492603749929,1,0.075,-0.016050002,9.883051
504492603749927,4,-0.0015125,2.75E-4,1.375E-4
504492622710241,1,0.064950004,-0.021000002,9.877951
504492622710239,4,-2.75E-4,2.75E-4,-9.625E-4
504492641670614,1,0.06795,-0.024,9.876
504492641670614,4,-2.75E-4,2.75E-4,1.375E-4
504492645322425,2,-9.01875,34.518753,-15.543751
504492660631143,1,0.072000004,-0.025950002,9.877951
504492660631143,4,-2.75E-4,-9.625E-4,-9.625E-4
504492679591529,1,0.075,-0.01905,9.877951
504492679591527,4,9.625E-4,2.75E-4,1.375E-4
504492695367878,2,-8.94375,34.5,-15.58125
504492698551842,1,0.064950004,-0.024,9.876
504492698551840,4,-2.75E-4,2.75E-4,1.375E-4
504492717512136,1,0.072000004,-0.016050002,9.883051
504492717512134,4,9.625E-4,-9.625E-4,-9.625E-4
504492736472672,1,0.06795,-0.01905,9.873
504492736472672,4,9.625E-4,-9.625E-4,1.375E-4
504492745399148,2,-8.887501,34.48125,-15.6
504492755432982,1,0.072000004,-0.01905,9.876
504492755432980,4,-2.75E-4,2.75E-4,1.375E-4
504492774393355,1,0.075,-0.025950002,9.876
504492774393355,4,-2.75E-4,2.75E-4,1.375E-4
504492793353888,1,0.075,-0.024,9.880051
504492793353888,4,-2.75E-4,-9.625E-4,-9.625E-4
504492795243493,2,-8.83125,34.48125,-15.562501
504492812314188,1,0.064950004,-0.025950002,9.880051
504492812314186,4,-2.75E-4,-9.625E-4,1.375E-4
504492831274571,1,0.07005,-0.0139500005,9.876
504492831274571,4,-0.0015125,-9.625E-4,1.375E-4
504492845303878,2,-8.83125,34.48125,-15.525001
504492850234896,1,0.072000004,-0.0139500005,9.883051
504492850234894,4,-2.75E-4,2.75E-4,-9.625E-4
504492869195203,1,0.07005,-0.021000002,9.883051
504492869195201,4,-2.75E-4,2.75E-4,1.375E-4
504492888155817,1,0.072000004,-0.024,9.877951
504492888155817,4,-2.75E-4,2.75E-4,1.375E-4
504492895349133,2,-8.8125,34.48125,-15.525001
504492907116135,1,0.07005,-0.031050002,9.8880005
504492907116133,4,-2.75E-4,2.75E-4,1.375E-4
504492926076443,1,0.06795,-0.025950002,9.883051
504492926076441,4,9.625E-4,2.75E-4,-9.625E-4
504492945036994,1,0.064950004,-0.0139500005,9.885
504492945036994,4,-0.0015125,2.75E-4,-9.625E-4
504492945391459,2,-8.7375,34.4625,-15.525001
504492963997303,1,0.075,-0.016050002,9.880051
504492963997301,4,9.625E-4,-9.625E-4,-9.625E-4
504492982957667,1,0.064950004,-0.025950002,9.880051
504492982957667,4,-0.0015125,2.75E-4,1.375E-4
504492995418920,2,-8.6625,34.4625,-15.562501
504493001918002,1,0.072000004,-0.024,9.880051
504493001918000,4,-2.75E-4,-9.625E-4,1.375E-4
504493020878605,1,0.064950004,-0.025950002,9.876
504493020878605,4,-2.75E-4,2.75E-4,1.375E-4
504493039838906,1,0.07005,-0.028050002,9.877951
504493039838904,4,9.625E-4,2.75E-4,1.375E-4
504493045287493,2,-8.6625,34.4625,-15.562501
504493058799199,1,0.075,-0.021000002,9.876
504493058799197,4,-2.75E-4,2.75E-4,1.375E-4
504493077759482,1,0.06795,-0.025950002,9.883051
504493077759480,4,-2.75E-4,-9.625E-4,1.375E-4
504493095337415,2,-8.6625,34.4625,-15.618751
504493096720096,1,0.079950005,-0.028050002,9.880051
504493096720096,4,9.625E-4,2.75E-4,1.375E-4
504493115680324,1,0.07005,-0.01905,9.880051
504493115680322,4,-2.75E-4,2.75E-4,1.375E-4
504493134640706,1,0.07005,-0.021000002,9.876
504493134640706,4,-2.75E-4,2.75E-4,1.375E-4
504493145373384,2,-8.587501,34.443752,-15.637501
504493153601250,1,0.072000004,-0.0139500005,9.880051
504493153601250,4,-2.75E-4,2.75E-4,0.001375
504493172561569,1,0.07005,-0.01905,9.883051
504493172561567,4,9.625E-4,-9.625E-4,0.001375
504493191521937,1,0.07005,-0.0139500005,9.880051
504493191521937,4,9.625E-4,2.75E-4,-9.625E-4
504493195408117,2,-8.53125,34.425003,-15.69375
504493210482266,1,0.075,-0.01905,9.880051
504493210482264,4,-2.75E-4,-9.625E-4,-9.625E-4
504493229442797,1,0.072000004,-0.025950002,9.877951
504493229442797,4,9.625E-4,2.75E-4,1.375E-4
504493245429268,2,-8.512501,34.425003,-15.675
504493248403097,1,0.075,-0.021000002,9.877951
504493248403095,4,9.625E-4,2.75E-4,1.375E-4
504493267363485,1,0.07005,-0.01905,9.883051
504493267363485,4,9.625E-4,-9.625E-4,1.375E-4
504493286324013,1,0.07005,-0.025950002,9.880051
504493286324013,4,-2.75E-4,2.75E-4,1.375E-4
504493295439346,2,-8.512501,34.425003,-15.675
504493305284092,1,0.07005,-0.024,9.880051
504493305284090,4,-2.75E-4,-9.625E-4,1.375E-4
504493324244638,1,0.075,-0.01905,9.880051
504493324244638,4,-0.0015125,2.75E-4,1.375E-4
504493343205035,1,0.07005,-0.024,9.873
504493343205033,4,-2.75E-4,2.75E-4,-9.625E-4
504493345297561,2,-8.4375,34.425003,-15.750001
504493362165351,1,0.076950006,-0.01905,9.883051
504493362165349,4,9.625E-4,-9.625E-4,1.375E-4
504493381125888,1,0.06795,-0.021000002,9.877951
504493381125888,4,9.625E-4,-9.625E-4,1.375E-4
504493395336701,2,-8.26875,34.3875,-15.806251
504493400086203,1,0.07005,-0.016050002,9.883051
504493400086201,4,-2.75E-4,2.75E-4,-9.625E-4
504493419046575,1,0.072000004,-0.01905,9.880051
504493419046575,4,-2.75E-4,-9.625E-4,-9.625E-4
504493438006885,1,0.072000004,-0.021000002,9.880051
504493438006883,4,-2.75E-4,-9.625E-4,1.375E-4
504493445376244,2,-8.26875,34.3875,-15.806251
504493456967412,1,0.07005,-0.021000002,9.880051
504493456967412,4,-0.0015125,2.75E-4,1.375E-4
504493475927722,1,0.075,-0.028050002,9.885
504493475927720,4,9.625E-4,2.75E-4,-9.625E-4
504493494888081,1,0.07005,-0.024,9.883051
504493494888081,4,9.625E-4,-9.625E-4,1.375E-4
504493495369323,2,-8.2875,34.40625,-15.825001
504493513848391,1,0.075,-0.025950002,9.885
504493513848389,4,-2.75E-4,-9.625E-4,0.001375
504493532808917,1,0.07005,-0.016050002,9.876
504493532808917,4,-2.75E-4,-9.625E-4,1.375E-4
504493545392920,2,-8.19375,34.3875,-15.843751
504493551769237,1,0.064950004,-0.0139500005,9.883051
504493551769235,4,-2.75E-4,-9.625E-4,-9.625E-4
504493570729619,1,0.072000004,-0.016050002,9.885
504493570729619,4,9.625E-4,2.75E-4,1.375E-4
504493589689939,1,0.052950002,-0.01905,9.883051
504493589689937,4,-0.0015125,2.75E-4,1.375E-4
504493595242705,2,-8.118751,34.36875,-15.918751
504493608650476,1,0.07005,-0.01905,9.883051
504493608650476,4,-2.75E-4,2.75E-4,1.375E-4
504493627610775,1,0.060000002,-0.0139500005,9.880051
504493627610773,4,-2.75E-4,2.75E-4,0.001375
504493645297127,2,-8.118751,34.36875,-15.88125
504493646571163,1,0.06795,-0.024,9.880051
504493646571163,4,-2.75E-4,2.75E-4,1.375E-4
504493665531488,1,0.064950004,-0.016050002,9.877951
504493665531486,4,9.625E-4,2.75E-4,1.375E-4
504493684491805,1,0.06795,-0.028050002,9.877951
504493684491803,4,-2.75E-4,-9.625E-4,1.375E-4
504493695349529,2,-8.137501,34.350002,-15.918751
504493703452346,1,0.072000004,-0.016050002,9.877951
504493703452346,4,9.625E-4,2.75E-4,1.375E-4
504493722412656,1,0.07005,-0.021000002,9.8880005
504493722412654,4,9.625E-4,2.75E-4,-9.625E-4
504493741373043,1,0.064950004,-0.021000002,9.873
504493741373043,4,-2.75E-4,-9.625E-4,1.375E-4
504493745386487,2,-8.0625,34.331253,-15.900001
504493760333353,1,0.06795,-0.025950002,9.880051
504493760333351,4,-2.75E-4,2.75E-4,1.375E-4
504493779293880,1,0.075,-0.024,9.877951
504493779293880,4,-2.75E-4,-9.625E-4,1.375E-4
504493795409956,2,-8.00625,34.331253,-15.900001
504493798254213,1,0.063,-0.016050002,9.876
504493798254211,4,-0.0015125,0.0015125,1.375E-4
504493817214586,1,0.06795,-0.01905,9.877951
504493817214586,4,-2.75E-4,2.75E-4,1.375E-4
504493836174896,1,0.076950006,-0.025950002,9.883051
504493836174894,4,-2.75E-4,-9.625E-4,1.375E-4
504493845433316,2,-7.8750005,34.331253,-15.937501
504493855135195,1,0.072000004,-0.028050002,9.877951
504493855135193,4,9.625E-4,-9.625E-4,1.375E-4
504493874095740,1,0.072000004,-0.01905,9.883051
504493874095740,4,-2.75E-4,2.75E-4,1.375E-4
504493893056117,1,0.075,-0.016050002,9.876
504493893056115,4,-2.75E-4,-9.625E-4,1.375E-4
504493895478707,2,-7.8375,34.3125,-15.937501
504493912016438,1,0.06795,-0.0139500005,9.880051
504493912016436,4,-2.75E-4,2.75E-4,1.375E-4
504493930976770,1,0.07005,-0.033,9.883051
504493930976768,4,-0.0015125,2.75E-4,1.375E-4
504493945484345,2,-7.8375,34.331253,-15.975
504493949937312,1,0.076950006,-0.021000002,9.877951
504493949937312,4,-2.75E-4,-9.625E-4,1.375E-4
504493968897611,1,0.06795,-0.01905,9.885
504493968897609,4,9.625E-4,2.75E-4,-9.625E-4
504493987857890,1,0.07005,-0.024,9.880051
504493987857888,4,-2.75E-4,-9.625E-4,1.375E-4
504493995481211,2,-7.8375,34.331253,-15.95625
504494006818273,1,0.06795,-0.025950002,9.883051
504494006818273,4,-2.75E-4,4.125E-4,-9.625E-4
504494025778811,1,0.06795,-0.01905,9.885
504494025778811,4,9.625E-4,4.125E-4,-9.625E-4
504494044739121,1,0.072000004,-0.021000002,9.883051
504494044739119,4,-2.75E-4,4.125E-4,2.75E-4
504494045393049,2,-7.8,34.3125,-15.993751
504494063699494,1,0.07005,-0.028050002,9.885
504494063699494,4,-2.75E-4,-8.25E-4,2.75E-4
504494082659814,1,0.072000004,-0.016050002,9.885
504494082659812,4,-2.75E-4,-8.25E-4,2.75E-4
504494095409063,2,-7.8187504,34.3125,-16.0125
504494101620121,1,0.060000002,-0.01905,9.885
504494101620119,4,-2.75E-4,-8.25E-4,2.75E-4
504494120580658,1,0.07005,-0.021000002,9.885
504494120580658,4,-2.75E-4,-8.25E-4,2.75E-4
504494139540957,1,0.076950006,-0.028050002,9.880051
504494139540955,4,-0.0015125,4.125E-4,2.75E-4
504494145291884,2,-7.8187504,34.3125,-16.0125
504494158501346,1,0.075,-0.036000002,9.883051
504494158501346,4,-2.75E-4,4.125E-4,-9.625E-4
504494177461651,1,0.07005,-0.025950002,9.8880005
504494177461649,4,-2.75E-4,-8.25E-4,2.75E-4
504494195335227,2,-7.8375,34.331253,-16.03125
504494196421968,1,0.06795,-0.021000002,9.883051
504494196421966,4,9.625E-4,4.125E-4,2.75E-4
504494215382490,1,0.075,-0.021000002,9.883051
504494215382490,4,-2.75E-4,-8.25E-4,2.75E-4
504494234342882,1,0.072000004,-0.01905,9.883051
504494234342880,4,9.625E-4,-8.25E-4,2.75E-4
504494245367628,2,-7.8187504,34.331253,-16.0125
504494253303218,1,0.064950004,-0.024,9.883051
504494253303216,4,-2.75E-4,-8.25E-4,2.75E-4
504494272263539,1,0.076950006,-0.021000002,9.877951
504494272263537,4,-2.75E-4,4.125E-4,2.75E-4
504494291223837,1,0.07005,-0.025950002,9.873
504494291223835,4,-2.75E-4,4.125E-4,-9.625E-4
504494295389730,2,-7.8375,34.331253,-16.03125
504494310184384,1,0.075,-0.01905,9.876
504494310184384,4,-2.75E-4,-8.25E-4,2.75E-4
504494329144679,1,0.064950004,-0.016050002,9.880051
504494329144677,4,-0.0015125,4.125E-4,2.75E-4
504494345413834,2,-7.8375,34.331253,-16.06875
504494348105071,1,0.075,-0.01905,9.885
504494348105071,4,9.625E-4,-8.25E-4,0.0015125
504494367065381,1,0.06795,-0.016050002,9.877951
504494367065379,4,-2.75E-4,4.125E-4,2.75E-4
504494386025698,1,0.06795,-0.01905,9.877951
504494386025696,4,-2.75E-4,4.125E-4,2.75E-4
504494395427359,2,-7.8375,34.331253,-16.087502
504494404986244,1,0.06795,-0.021000002,9.880051
504494404986244,4,-2.75E-4,-8.25E-4,-9.625E-4
504494423946554,1,0.052950002,-0.024,9.885
504494423946552,4,-2.75E-4,4.125E-4,2.75E-4
504494442906931,1,0.075,-0.0139500005,9.883051
504494442906931,4,-2.75E-4,-8.25E-4,-9.625E-4
504494445443534,2,-7.8375,34.350002,-16.10625
504494461867217,1,0.06795,-0.01905,9.880051
504494461867215,4,-2.75E-4,4.125E-4,2.75E-4
504494480827525,1,0.072000004,-0.01905,9.885
504494480827523,4,-0.0015125,-8.25E-4,2.75E-4
504494495450215,2,-7.8375,34.331253,-16.087502
504494499788061,1,0.063,-0.0139500005,9.880051
504494499788061,4,-2.75E-4,-8.25E-4,-9.625E-4
504494518748362,1,0.07005,-0.0139500005,9.883051
504494518748360,4,-2.75E-4,4.125E-4,-9.625E-4
504494537708725,1,0.075,-0.021000002,9.883051
504494537708725,4,-0.0015125,4.125E-4,2.75E-4
504494545449513,2,-7.8375,34.331253,-16.06875
504494556669034,1,0.075,-0.01905,9.880051
504494556669032,4,-2.75E-4,-8.25E-4,-9.625E-4
504494575629352,1,0.060000002,-0.021000002,9.8880005
504494575629350,4,-2.75E-4,4.125E-4,-9.625E-4
504494594589889,1,0.064950004,-0.01905,9.885
504494594589889,4,-2.75E-4,4.125E-4,2.75E-4
504494595308267,2,-7.8375,34.331253,-16.0125
504494613550188,1,0.07005,-0.012,9.880051
504494613550186,4,-2.75E-4,4.125E-4,0.0015125
504494632510510,1,0.072000004,-0.016050002,9.883051
504494632510508,4,-0.0015125,4.125E-4,2.75E-4
504494645340575,2,-7.8375,34.3125,-16.03125
504494651470898,1,0.075,-0.028050002,9.885
504494651470898,4,-2.75E-4,-8.25E-4,2.75E-4
504494670431208,1,0.064950004,-0.0139500005,9.880051
504494670431206,4,-2.75E-4,4.125E-4,-9.625E-4
504494689391744,1,0.072000004,-0.01905,9.877951
504494689391744,4,9.625E-4,4.125E-4,2.75E-4
504494695375445,2,-7.8187504,34.3125,-16.0125
504494708352064,1,0.075,-0.024,9.8880005
504494708352062,4,9.625E-4,-8.25E-4,2.75E-4
504494727312382,1,0.072000004,-0.021000002,9.8880005
504494727312380,4,-0.0015125,4.125E-4,2.75E-4
504494745399400,2,-7.8375,34.3125,-15.975
504494746272788,1,0.060000002,-0.0139500005,9.877951
504494746272788,4,-2.75E-4,-8.25E-4,2.75E-4
504494765233103,1,0.079950005,-0.01905,9.880051
504494765233101,4,-2.75E-4,4.125E-4,2.75E-4
504494784193629,1,0.072000004,-0.0139500005,9.877951
504494784193629,4,-2.75E-4,4.125E-4,2.75E-4
504494795413615,2,-7.8375,34.3125,-15.95625
504494803153930,1,0.064950004,-0.01905,9.883051
504494803153928,4,-2.75E-4,4.125E-4,2.75E-4
504494822114303,1,0.072000004,-0.01905,9.880051
504494822114303,4,-2.75E-4,4.125E-4,-9.625E-4
504494841074536,1,0.06795,-0.016050002,9.889951
504494841074534,4,-2.75E-4,4.125E-4,-9.625E-4
504494845430867,2,-7.8375,34.29375,-15.900001
504494860034841,1,0.072000004,-0.025950002,9.883051
504494860034841,4,-2.75E-4,4.125E-4,2.75E-4
504494878995236,1,0.072000004,-0.016050002,9.876
504494878995236,4,-2.75E-4,4.125E-4,2.75E-4
504494895438815,2,-7.8562503,34.29375,-15.900001
504494897955784,1,0.07005,-0.01905,9.883051
504494897955784,4,-2.75E-4,4.125E-4,2.75E-4
504494916916103,1,0.060000002,-0.025950002,9.880051
504494916916101,4,-2.75E-4,-8.25E-4,2.75E-4
504494935876396,1,0.072000004,-0.012,9.883051
504494935876394,4,-0.0015125,4.125E-4,2.75E-4
504494945450441,2,-7.8562503,34.29375,-15.88125
504494954836695,1,0.06795,-0.012,9.885
504494954836693,4,9.625E-4,-8.25E-4,2.75E-4
504494973797067,1,0.072000004,-0.021000002,9.877951
504494973797067,4,-0.0015125,4.125E-4,2.75E-4
504494992757377,1,0.072000004,-0.01905,9.883051
504494992757375,4,9.625E-4,-8.25E-4,2.75E-4
504494995453729,2,-7.8562503,34.29375,-15.88125
504495011717675,1,0.076950006,-0.024,9.880051
504495011717673,4,9.625E-4,4.125E-4,2.75E-4
504495030678201,1,0.060000002,-0.024,9.883051
504495030678201,4,-2.75E-4,4.125E-4,2.75E-4
504495045428112,2,-7.9687505,34.3125,-15.7875
504495049638501,1,0.06795,-0.0139500005,9.883051
504495049638499,4,-2.75E-4,-8.25E-4,2.75E-4
504495068598794,1,0.07005,-0.01905,9.880051
504495068598792,4,9.625E-4,-8.25E-4,2.75E-4
504495087559177,1,0.072000004,-0.01905,9.880051
504495087559177,4,9.625E-4,4.125E-4,2.75E-4
504495095436692,2,-7.9687505,34.29375,-15.750001
504495106519496,1,0.06795,-0.016050002,9.876
504495106519494,4,-2.75E-4,4.125E-4,2.75E-4
504495125479804,1,0.058050003,-0.01905,9.883051
504495125479802,4,-2.75E-4,-8.25E-4,2.75E-4
504495144440102,1,0.076950006,-0.025950002,9.883051
504495144440100,4,-2.75E-4,4.125E-4,2.75E-4
504495145262827,2,-7.9687505,34.29375,-15.7875
504495163400628,1,0.06795,-0.028050002,9.880051
504495163400628,4,-2.75E-4,4.125E-4,2.75E-4
504495182360943,1,0.06795,-0.016050002,9.883051
504495182360941,4,9.625E-4,4.125E-4,2.75E-4
504495195311735,2,-7.9500003,34.29375,-15.806251
504495201321242,1,0.07005,-0.021000002,9.876
504495201321240,4,-2.75E-4,-8.25E-4,-9.625E-4
504495220281638,1,0.058050003,-0.024,9.883051
504495220281638,4,9.625E-4,-8.25E-4,2.75E-4
504495239241958,1,0.06795,-0.021000002,9.883051
504495239241956,4,-0.0015125,-8.25E-4,2.75E-4
504495245349534,2,-7.93125,34.29375,-15.825001
504495258202275,1,0.07005,-0.025950002,9.883051
504495258202273,4,-2.75E-4,4.125E-4,2.75E-4
504495277162583,1,0.052950002,-0.025950002,9.880051
504495277162581,4,-2.75E-4,0.00165,2.75E-4
504495295376468,2,-7.8375,34.275,-15.8625
504495296123134,1,0.063,-0.01905,9.885
504495296123134,4,9.625E-4,4.125E-4,-9.625E-4
504495315083443,1,0.064950004,-0.033,9.883051
504495315083441,4,9.625E-4,4.125E-4,2.75E-4
504495334043751,1,0.064950004,-0.031050002,9.877951
504495334043749,4,-2.75E-4,4.125E-4,-9.625E-4
504495345404689,2,-7.8562503,34.256252,-15.843751
504495353004143,1,0.063,-0.024,9.885
504495353004143,4,-2.75E-4,4.125E-4,2.75E-4
504495371964463,1,0.063,-0.025950002,9.885
504495371964461,4,-2.75E-4,-8.25E-4,2.75E-4
504495390924771,1,0.064950004,-0.024,9.885
504495390924769,4,9.625E-4,-8.25E-4,2.75E-4
504495395421623,2,-7.8375,34.256252,-15.825001
504495409885316,1,0.063,-0.01905,9.8880005
504495409885316,4,-2.75E-4,4.125E-4,2.75E-4
504495428845395,1,0.06795,-0.024,9.880051
504495428845393,4,-2.75E-4,4.125E-4,2.75E-4
504495445440358,2,-7.8375,34.237503,-15.825001
504495447805947,1,0.06795,-0.021000002,9.8880005
504495447805947,4,9.625E-4,4.125E-4,-9.625E-4
504495466766251,1,0.07005,-0.024,9.885
504495466766249,4,-2.75E-4,4.125E-4,2.75E-4
504495485726573,1,0.07005,-0.016050002,9.883051
504495485726571,4,9.625E-4,4.125E-4,2.75E-4
504495495449043,2,-7.8375,34.21875,-15.843751
504495504686956,1,0.06795,-0.028050002,9.883051
504495504686956,4,-2.75E-4,0.00165,2.75E-4
504495523647256,1,0.06795,-0.024,9.889951
504495523647254,4,-2.75E-4,4.125E-4,-9.625E-4
504495542607554,1,0.06795,-0.024,9.8880005
504495542607552,4,-2.75E-4,4.125E-4,2.75E-4
504495545449687,2,-7.8187504,34.21875,-15.806251
504495561568076,1,0.075,-0.025950002,9.883051
504495561568076,4,-2.75E-4,4.125E-4,-9.625E-4
504495580528397,1,0.07005,-0.028050002,9.889951
504495580528395,4,-2.75E-4,4.125E-4,2.75E-4
504495595365387,2,-7.8187504,34.21875,-15.825001
504495599488713,1,0.05595,-0.028050002,9.883051
504495599488711,4,9.625E-4,-8.25E-4,2.75E-4
504495618449021,1,0.075,-0.021000002,9.885
504495618449019,4,-0.0015125,4.125E-4,2.75E-4
504495637409329,1,0.072000004,-0.024,9.8880005
504495637409327,4,-2.75E-4,4.125E-4,2.75E-4
504495645385060,2,-7.8187504,34.2,-15.843751
504495656369701,1,0.064950004,-0.025950002,9.892051
504495656369701,4,9.625E-4,-8.25E-4,-9.625E-4
504495675330011,1,0.06795,-0.025950002,9.889951
504495675330009,4,-2.75E-4,4.125E-4,-9.625E-4
504495694290319,1,0.063,-0.021000002,9.8880005
504495694290317,4,-2.75E-4,4.125E-4,2.75E-4
504495695290304,2,-7.8,34.2,-15.825001
504495713250627,1,0.07005,-0.016050002,9.8880005
504495713250625,4,-2.75E-4,4.125E-4,-9.625E-4
504495732211149,1,0.075,-0.021000002,9.885
504495732211149,4,9.625E-4,-8.25E-4,2.75E-4
504495745331858,2,-7.8,34.2,-15.843751
504495751171218,1,0.072000004,-0.01905,9.885
504495751171216,4,-2.75E-4,4.125E-4,2.75E-4
504495770131755,1,0.060000002,-0.024,9.883051
504495770131755,4,-2.75E-4,-8.25E-4,2.75E-4
504495789092050,1,0.06795,-0.025950002,9.885
504495789092048,4,9.625E-4,4.125E-4,2.75E-4
504495795362494,2,-7.7812505,34.2,-15.900001
504495808052363,1,0.064950004,-0.021000002,9.877951
504495808052361,4,-2.75E-4,4.125E-4,-9.625E-4
504495827012760,1,0.06795,-0.021000002,9.883051
504495827012760,4,9.625E-4,-8.25E-4,2.75E-4
504495845394120,2,-7.7625003,34.18125,-15.88125
504495845973308,1,0.06795,-0.016050002,9.883051
504495845973308,4,9.625E-4,4.125E-4,2.75E-4
504495864933381,1,0.06795,-0.01905,9.880051
504495864933379,4,-2.75E-4,-8.25E-4,-9.625E-4
504495883893672,1,0.072000004,-0.016050002,9.883051
504495883893672,4,9.625E-4,4.125E-4,0.0015125
504495895414087,2,-7.7812505,34.162502,-15.843751
504495902853980,1,0.063,-0.024,9.889951
504495902853980,4,9.625E-4,4.125E-4,2.75E-4
504495921814518,1,0.072000004,-0.016050002,9.889951
504495921814518,4,-2.75E-4,4.125E-4,-9.625E-4
504495940774838,1,0.064950004,-0.01905,9.8880005
504495940774836,4,-2.75E-4,4.125E-4,2.75E-4
504495945435416,2,-7.7812505,34.162502,-15.843751
504495959735146,1,0.07005,-0.016050002,9.8880005
504495959735144,4,-0.0015125,4.125E-4,-9.625E-4
504495978695453,1,0.07005,-0.025950002,9.89505
504495978695451,4,-0.0015125,4.125E-4,-9.625E-4
504495995446065,2,-7.7812505,34.162502,-15.8625
504495997655770,1,0.07005,-0.024,9.8880005
504495997655768,4,-2.75E-4,-8.25E-4,2.75E-4
504496016616078,1,0.075,-0.01905,9.877951
504496016616076,4,-2.75E-4,-8.25E-4,2.75E-4
504496035576471,1,0.079950005,-0.016050002,9.880051
504496035576471,4,9.625E-4,4.125E-4,2.75E-4
504496045448100,2,-7.7812505,34.162502,-15.843751
504496054536775,1,0.072000004,-0.024,9.883051
504496054536773,4,9.625E-4,-8.25E-4,-9.625E-4
504496073497092,1,0.079950005,-0.016050002,9.880051
504496073497090,4,-2.75E-4,-8.25E-4,2.75E-4
504496092457391,1,0.075,-0.021000002,9.883051
504496092457389,4,9.625E-4,-8.25E-4,-9.625E-4
504496095454831,2,-7.7812505,34.162502,-15.900001
504496111417927,1,0.075,-0.016050002,9.883051
504496111417927,4,-2.75E-4,-8.25E-4,-9.625E-4
504496130377996,1,0.08205,-0.01905,9.883051
504496130377994,4,-2.75E-4,4.125E-4,2.75E-4
504496145319174,2,-7.8,34.143753,-15.8625
504496149338539,1,0.06795,-0.021000002,9.8880005
504496149338539,4,-2.75E-4,4.125E-4,2.75E-4
504496168298867,1,0.064950004,-0.016050002,9.8880005
504496168298865,4,-2.75E-4,-8.25E-4,-9.625E-4
504496187259194,1,0.06795,-0.016050002,9.892051
504496187259192,4,-2.75E-4,4.125E-4,2.75E-4
504496195355823,2,-7.8,34.162502,-15.8625
504496206219577,1,0.06795,-0.031050002,9.889951
504496206219577,4,9.625E-4,4.125E-4,2.75E-4
504496225179892,1,0.072000004,-0.0139500005,9.892051
504496225179890,4,-2.75E-4,-8.25E-4,2.75E-4
504496244140131,1,0.07005,-0.025950002,9.883051
504496244140129,4,9.625E-4,4.125E-4,2.75E-4
504496245219315,2,-7.8,34.162502,-15.900001
504496263100514,1,0.072000004,-0.028050002,9.880051
504496263100514,4,-2.75E-4,4.125E-4,2.75E-4
504496282060833,1,0.063,-0.01905,9.877951
504496282060831,4,-2.75E-4,4.125E-4,-9.625E-4
504496295274433,2,-7.8,34.162502,-15.88125
504496301021132,1,0.063,-0.021000002,9.883051
504496301021130,4,-0.0015125,4.125E-4,2.75E-4
504496319981439,1,0.07005,-0.028050002,9.885
504496319981437,4,-2.75E-4,-8.25E-4,2.75E-4
504496338941733,1,0.07005,-0.01905,9.883051
504496338941731,4,-2.75E-4,4.125E-4,2.75E-4
504496345328552,2,-7.8,34.162502,-15.900001
504496357902270,1,0.076950006,-0.01905,9.8880005
504496357902270,4,-2.75E-4,4.125E-4,2.75E-4
504496376862334,1,0.07005,-0.01905,9.883051
504496376862332,4,-2.75E-4,4.125E-4,2.75E-4
504496395822644,1,0.07005,-0.0139500005,9.8880005
504496395822644,4,-2.75E-4,-8.25E-4,-9.625E-4
504496395367875,2,-7.8,34.162502,-15.900001
504496414783192,1,0.063,-0.01905,9.8880005
504496414783192,4,9.625E-4,-8.25E-4,-9.625E-4
504496433743502,1,0.064950004,-0.025950002,9.8880005
504496433743500,4,-2.75E-4,4.125E-4,-9.625E-4
504496445405114,2,-7.8,34.162502,-15.88125
504496452703578,1,0.07005,-0.021000002,9.8880005
504496452703576,4,-2.75E-4,-8.25E-4,2.75E-4
504496471664101,1,0.076950006,-0.01905,9.8880005
504496471664101,4,-2.75E-4,4.125E-4,-9.625E-4
504496490624401,1,0.064950004,-0.028050002,9.883051
504496490624399,4,-2.75E-4,4.125E-4,2.75E-4
504496495428167,2,-7.8,34.18125,-15.88125
504496509584713,1,0.064950004,-0.021000002,9.892051
504496509584711,4,-2.75E-4,4.125E-4,2.75E-4
504496528545086,1,0.075,-0.01905,9.885
504496528545086,4,-0.0015125,4.125E-4,-9.625E-4
504496545439459,2,-7.6875005,34.162502,-15.95625
504496547505310,1,0.08205,-0.024,9.8880005
504496547505308,4,9.625E-4,4.125E-4,2.75E-4
504496566465606,1,0.07005,-0.021000002,9.885
504496566465606,4,-2.75E-4,4.125E-4,2.75E-4
504496585426231,1,0.07005,-0.024,9.883051
504496585426231,4,-2.75E-4,-8.25E-4,-9.625E-4
504496595419036,2,-7.6875005,34.162502,-15.95625
504496604386300,1,0.07005,-0.021000002,9.8880005
504496604386298,4,-2.75E-4,-8.25E-4,-9.625E-4
504496623346851,1,0.06795,-0.024,9.885
504496623346851,4,-0.0015125,-8.25E-4,2.75E-4
504496642306940,1,0.063,-0.025950002,9.8880005
504496642306938,4,-2.75E-4,4.125E-4,-9.625E-4
504496645257751,2,-7.70625,34.143753,-15.937501
504496661267245,1,0.063,-0.016050002,9.877951
504496661267245,4,9.625E-4,4.125E-4,2.75E-4
504496680227543,1,0.072000004,-0.024,9.885
504496680227543,4,-2.75E-4,-8.25E-4,2.75E-4
504496695137659,2,-7.70625,34.162502,-15.900001
504496699187842,1,0.064950004,-0.016050002,9.883051
504496699187842,4,9.625E-4,4.125E-4,-9.625E-4
504496718148148,1,0.063,-0.01905,9.889951
504496718148148,4,-2.75E-4,4.125E-4,2.75E-4
504496737108456,1,0.072000004,-0.016050002,9.885
504496737108456,4,-2.75E-4,4.125E-4,2.75E-4
504496745219959,2,-7.70625,34.162502,-15.900001
504496756068750,1,0.06795,-0.01905,9.880051
504496756068750,4,-2.75E-4,-8.25E-4,2.75E-4
504496775029273,1,0.07005,-0.028050002,9.885
504496775029273,4,9.625E-4,-8.25E-4,2.75E-4
504496793989343,1,0.063,-0.021000002,9.880051
504496793989341,4,-2.75E-4,-8.25E-4,2.75E-4
504496795110842,2,-7.7250004,34.143753,-15.95625
504496812949639,1,0.072000004,-0.024,9.877951
504496812949639,4,-2.75E-4,4.125E-4,2.75E-4
504496831909957,1,0.06795,-0.025950002,9.8880005
504496831909957,4,9.625E-4,4.125E-4,2.75E-4
504496845210982,2,-7.70625,34.143753,-15.975
504496850870265,1,0.079950005,-0.009000001,9.885
504496850870265,4,9.625E-4,4.125E-4,-9.625E-4
504496869830581,1,0.076950006,-0.028050002,9.877951
504496869830581,4,-0.0015125,-8.25E-4,2.75E-4
504496888791120,1,0.058050003,-0.021000002,9.880051
504496888791120,4,9.625E-4,4.125E-4,2.75E-4
504496895288808,2,-7.7250004,34.162502,-15.993751
504496907751440,1,0.064950004,-0.021000002,9.880051
504496907751438,4,9.625E-4,4.125E-4,2.75E-4
504496926711747,1,0.064950004,-0.016050002,9.877951
504496926711745,4,-2.75E-4,4.125E-4,2.75E-4
504496945672064,1,0.075,-0.028050002,9.876
504496945672062,4,-2.75E-4,4.125E-4,-9.625E-4
504496945356592,2,-7.7250004,34.162502,-15.993751
504496964632368,1,0.06795,-0.021000002,9.885
504496964632366,4,-2.75E-4,4.125E-4,-9.625E-4
504496983592675,1,0.072000004,-0.021000002,9.883051
504496983592673,4,-2.75E-4,-8.25E-4,2.75E-4
504496995402779,2,-7.7250004,34.162502,-15.95625
504497002552972,1,0.07005,-0.025950002,9.885
504497002552970,4,9.625E-4,-8.25E-4,-9.625E-4
504497021513265,1,0.06795,-0.009000001,9.892051
504497021513263,4,9.625E-4,4.125E-4,2.75E-4
504497040473573,1,0.06795,-0.024,9.8880005
504497040473571,4,9.625E-4,4.125E-4,2.75E-4
504497045430697,2,-7.7250004,34.162502,-15.937501
504497059433896,1,0.07005,-0.016050002,9.8880005
504497059433894,4,-2.75E-4,0.00165,-9.625E-4
504497078394203,1,0.072000004,-0.01905,9.885
504497078394201,4,9.625E-4,-8.25E-4,-9.625E-4
504497095455175,2,-7.70625,34.162502,-15.937501
504497097354510,1,0.075,-0.01905,9.877951
504497097354509,4,9.625E-4,-8.25E-4,-9.625E-4
504497116314817,1,0.072000004,-0.01905,9.8880005
504497116314817,4,-2.75E-4,4.125E-4,2.75E-4
504497135275124,1,0.072000004,-0.025950002,9.889951
504497135275124,4,-2.75E-4,4.125E-4,-9.625E-4
504497145387049,2,-7.7250004,34.18125,-15.937501
504497154235431,1,0.06795,-0.024,9.885
504497154235431,4,-0.0015125,4.125E-4,2.75E-4
504497173195730,1,0.072000004,-0.024,9.883051
504497173195730,4,9.625E-4,4.125E-4,2.75E-4
504497192156028,1,0.06795,-0.024,9.876
504497192156028,4,-0.0015125,4.125E-4,2.75E-4
504497195416652,2,-7.7250004,34.162502,-15.95625
504497211116412,1,0.072000004,-0.01905,9.883051
504497211116412,4,9.625E-4,4.125E-4,-9.625E-4
504497230076722,1,0.07005,-0.016050002,9.889951
504497230076720,4,-2.75E-4,4.125E-4,2.75E-4
504497245278455,2,-7.7250004,34.162502,-15.937501
504497249036943,1,0.072000004,-0.012,9.885
504497249036941,4,9.625E-4,4.125E-4,2.75E-4
504497267997264,1,0.07005,-0.024,9.8880005
504497267997264,4,-2.75E-4,4.125E-4,2.75E-4
504497286957580,1,0.064950004,-0.025950002,9.885
504497286957580,4,-2.75E-4,4.125E-4,2.75E-4
504497295321807,2,-7.7250004,34.162502,-15.918751
504497305917898,1,0.064950004,-0.025950002,9.892051
504497305917898,4,9.625E-4,-8.25E-4,-9.625E-4
504497324878206,1,0.07005,-0.01905,9.883051
504497324878206,4,0.0022,4.125E-4,-9.625E-4
504497343838519,1,0.076950006,-0.024,9.880051
504497343838519,4,-2.75E-4,4.125E-4,-9.625E-4
504497345190448,2,-7.74375,34.162502,-15.975
504497362798841,1,0.075,-0.021000002,9.883051
504497362798840,4,-0.0015125,4.125E-4,2.75E-4
504497381759149,1,0.075,-0.01905,9.883051
504497381759148,4,9.625E-4,-8.25E-4,-9.625E-4
504497395260434,2,-7.74375,34.162502,-15.975
504497400719457,1,0.063,-0.01905,9.880051
504497400719456,4,-2.75E-4,4.125E-4,2.75E-4
504497419679765,1,0.058050003,-0.025950002,9.883051
504497419679764,4,-0.0015125,-8.25E-4,2.75E-4
504497438640063,1,0.063,-0.01905,9.889951
504497438640061,4,-2.75E-4,4.125E-4,2.75E-4
504497445325531,2,-7.74375,34.143753,-15.993751
504497457600371,1,0.075,-0.016050002,9.889951
504497457600369,4,-0.0015125,4.125E-4,2.75E-4
504497476560689,1,0.072000004,-0.025950002,9.89505
504497476560687,4,9.625E-4,4.125E-4,2.75E-4
504497495520987,1,0.075,-0.024,9.889951
504497495520985,4,9.625E-4,4.125E-4,0.0015125
504497495372544,2,-7.74375,34.162502,-15.975
504497514481294,1,0.075,-0.024,9.8880005
504497514481292,4,9.625E-4,-8.25E-4,0.0015125
504497533441616,1,0.058050003,-0.024,9.885
504497533441615,4,-0.0015125,-8.25E-4,2.75E-4
504497545403386,2,-7.74375,34.162502,-16.0125
504497552401923,1,0.063,-0.021000002,9.877951
504497552401923,4,-2.75E-4,4.125E-4,2.75E-4
504497571361992,1,0.06795,-0.016050002,9.885
504497571361990,4,-2.75E-4,4.125E-4,2.75E-4
504497590322539,1,0.072000004,-0.01905,9.8880005
504497590322539,4,-2.75E-4,4.125E-4,2.75E-4
504497595431935,2,-7.8,34.162502,-15.918751
504497609282849,1,0.063,-0.021000002,9.885
504497609282847,4,-2.75E-4,4.125E-4,-9.625E-4
504497628242897,1,0.063,-0.0139500005,9.880051
504497628242895,4,-2.75E-4,4.125E-4,-9.625E-4
504497645446893,2,-7.8,34.162502,-15.918751
504497647203428,1,0.060000002,-0.01905,9.880051
504497647203428,4,-2.75E-4,4.125E-4,-9.625E-4
504497666163536,1,0.06795,-0.024,9.883051
504497666163534,4,-2.75E-4,4.125E-4,2.75E-4
504497685123842,1,0.06795,-0.031050002,9.880051
504497685123842,4,-2.75E-4,4.125E-4,2.75E-4
504497695316125,2,-7.7812505,34.162502,-15.918751
504497704084366,1,0.063,-0.01905,9.883051
504497704084366,4,-2.75E-4,-8.25E-4,-9.625E-4
504497723044455,1,0.07005,-0.021000002,9.8880005
504497723044453,4,-2.75E-4,4.125E-4,2.75E-4
504497742004769,1,0.072000004,-0.033,9.8880005
504497742004769,4,-2.75E-4,4.125E-4,-9.625E-4
504497745355012,2,-7.7812505,34.162502,-15.900001
504497760965077,1,0.064950004,-0.024,9.883051
504497760965077,4,-2.75E-4,4.125E-4,2.75E-4
504497779925385,1,0.064950004,-0.01905,9.883051
504497779925385,4,-2.75E-4,4.125E-4,2.75E-4
504497795243601,2,-7.7812505,34.143753,-15.900001
504497798885693,1,0.079950005,-0.025950002,9.880051
504497798885693,4,-2.75E-4,4.125E-4,2.75E-4
504497817845995,1,0.07005,-0.024,9.8880005
504497817845995,4,-2.75E-4,4.125E-4,0.0015125
504497836806293,1,0.075,-0.024,9.880051
504497836806293,4,-0.0015125,4.125E-4,2.75E-4
504497845303609,2,-7.7812505,34.143753,-15.900001
504497855766611,1,0.064950004,-0.021000002,9.880051
504497855766611,4,-2.75E-4,4.125E-4,-9.625E-4
504497874726833,1,0.06795,-0.024,9.880051
504497874726831,4,-0.001375,2.75E-4,4.125E-4
504497893687206,1,0.060000002,-0.0139500005,9.877951
504497893687206,4,-1.375E-4,2.75E-4,4.125E-4
504497895174486,2,-7.7812505,34.143753,-15.88125
504497912647472,1,0.063,-0.024,9.883051
504497912647470,4,9.625E-4,2.75E-4,-8.25E-4
504497931607855,1,0.063,-0.021000002,9.883051
504497931607855,4,-1.375E-4,2.75E-4,4.125E-4
504497945257295,2,-7.7812505,34.143753,-15.918751
504497950568069,1,0.052950002,-0.021000002,9.877951
504497950568067,4,-1.375E-4,2.75E-4,4.125E-4
504497969528364,1,0.063,-0.021000002,9.8880005
504497969528364,4,9.625E-4,-9.625E-4,-8.25E-4
504497988488687,1,0.072000004,-0.012,9.8880005
504497988488687,4,9.625E-4,2.75E-4,4.125E-4
504497995320943,2,-7.8,34.143753,-15.900001
504498007448970,1,0.063,-0.021000002,9.883051
504498007448970,4,-1.375E-4,-9.625E-4,4.125E-4
504498026409354,1,0.063,-0.016050002,9.8880005
504498026409354,4,-1.375E-4,2.75E-4,4.125E-4
504498045369664,1,0.072000004,-0.016050002,9.885
504498045369662,4,0.0022,2.75E-4,4.125E-4
504498045366434,2,-7.8,34.143753,-15.900001
504498064329895,1,0.063,-0.021000002,9.892051
504498064329893,4,9.625E-4,2.75E-4,-8.25E-4
504498083289972,1,0.063,-0.028050002,9.883051
504498083289970,4,-1.375E-4,2.75E-4,4.125E-4
504498095407194,2,-7.8,34.162502,-15.937501
504498102250293,1,0.06795,-0.021000002,9.880051
504498102250293,4,9.625E-4,2.75E-4,-8.25E-4
504498121210600,1,0.07005,-0.01905,9.877951
504498121210600,4,-1.375E-4,2.75E-4,-8.25E-4
504498140170918,1,0.07005,-0.01905,9.8880005
504498140170918,4,9.625E-4,2.75E-4,-8.25E-4
504498145409349,2,-7.8,34.18125,-15.900001
504498159131226,1,0.075,-0.028050002,9.8880005
504498159131226,4,-1.375E-4,2.75E-4,4.125E-4
504498178091539,1,0.06795,-0.016050002,9.880051
504498178091539,4,-1.375E-4,-9.625E-4,4.125E-4
504498195437419,2,-7.8,34.18125,-15.900001
504498197051836,1,0.063,-0.028050002,9.883051
504498197051836,4,9.625E-4,2.75E-4,4.125E-4
504498216012135,1,0.060000002,-0.01905,9.883051
504498216012135,4,9.625E-4,2.75E-4,4.125E-4
504498234972358,1,0.064950004,-0.025950002,9.880051
504498234972356,4,-1.375E-4,2.75E-4,-8.25E-4
504498245276293,2,-7.8,34.2,-15.8625
504498253932674,1,0.07005,-0.021000002,9.885
504498253932674,4,9.625E-4,2.75E-4,4.125E-4
504498272892990,1,0.075,-0.024,9.885
504498272892990,4,9.625E-4,2.75E-4,4.125E-4
504498291853313,1,0.06795,-0.021000002,9.885
504498291853313,4,-1.375E-4,2.75E-4,4.125E-4
504498295321391,2,-7.8,34.2,-15.7875
504498310813630,1,0.075,-0.024,9.889951
504498310813630,4,9.625E-4,-9.625E-4,-8.25E-4
504498329773719,1,0.07005,-0.01905,9.880051
504498329773717,4,9.625E-4,-9.625E-4,-8.25E-4
504498345365457,2,-7.8,34.2,-15.76875
504498348734245,1,0.06795,-0.01905,9.892051
504498348734245,4,-1.375E-4,2.75E-4,-8.25E-4
504498367694314,1,0.07005,-0.025950002,9.877951
504498367694312,4,-1.375E-4,2.75E-4,-8.25E-4
504498386654606,1,0.07005,-0.0139500005,9.889951
504498386654606,4,9.625E-4,-9.625E-4,-8.25E-4
504498395395479,2,-7.8187504,34.2,-15.806251
504498405614919,1,0.07005,-0.025950002,9.883051
504498405614919,4,-1.375E-4,2.75E-4,-8.25E-4
504498424575466,1,0.06795,-0.016050002,9.883051
504498424575466,4,9.625E-4,2.75E-4,4.125E-4
504498443535536,1,0.07005,-0.01905,9.8880005
504498443535534,4,9.625E-4,2.75E-4,4.125E-4
504498445295452,2,-7.8187504,34.2,-15.76875
504498462495851,1,0.064950004,-0.0139500005,9.880051
504498462495851,4,9.625E-4,-9.625E-4,-8.25E-4
504498481456070,1,0.072000004,-0.025950002,9.877951
504498481456068,4,-1.375E-4,2.75E-4,4.125E-4
504498495341825,2,-7.8187504,34.2,-15.806251
504498500416376,1,0.072000004,-0.024,9.880051
504498500416376,4,-1.375E-4,2.75E-4,4.125E-4
504498519376683,1,0.075,-0.031050002,9.885
504498519376683,4,-1.375E-4,2.75E-4,4.125E-4
504498538336991,1,0.06795,-0.021000002,9.889951
504498538336991,4,-1.375E-4,2.75E-4,4.125E-4
504498545374810,2,-7.8187504,34.2,-15.806251
504498557297079,1,0.07005,-0.024,9.883051
504498557297077,4,-0.001375,2.75E-4,4.125E-4
504498576257380,1,0.063,-0.024,9.883051
504498576257380,4,-0.001375,-9.625E-4,-8.25E-4
504498595217683,1,0.064950004,-0.021000002,9.880051
504498595217683,4,-0.001375,2.75E-4,-8.25E-4
504498595406882,2,-7.8187504,34.2,-15.7875
504498614177981,1,0.06795,-0.025950002,9.8880005
504498614177981,4,9.625E-4,2.75E-4,-8.25E-4
504498633138289,1,0.064950004,-0.025950002,9.883051
504498633138289,4,-0.001375,2.75E-4,-8.25E-4
504498645426031,2,-7.8,34.18125,-15.750001
504498652098597,1,0.06795,-0.025950002,9.883051
504498652098597,4,9.625E-4,2.75E-4,4.125E-4
504498671058829,1,0.076950006,-0.024,9.880051
504498671058827,4,-1.375E-4,2.75E-4,4.125E-4
504498690019120,1,0.064950004,-0.021000002,9.876
504498690019120,4,-1.375E-4,2.75E-4,4.125E-4
504498695355894,2,-7.8187504,34.18125,-15.731251
504498708979403,1,0.075,-0.016050002,9.8880005
504498708979403,4,-1.375E-4,2.75E-4,-8.25E-4
504498727939716,1,0.060000002,-0.01905,9.880051
504498727939716,4,-1.375E-4,2.75E-4,-8.25E-4
504498745385736,2,-7.8,34.18125,-15.69375
504498746899795,1,0.064950004,-0.021000002,9.883051
504498746899793,4,9.625E-4,2.75E-4,4.125E-4
504498765860124,1,0.063,-0.021000002,9.883051
504498765860124,4,9.625E-4,2.75E-4,4.125E-4
504498784820437,1,0.072000004,-0.025950002,9.8880005
504498784820437,4,-0.001375,2.75E-4,4.125E-4
504498795249198,2,-7.8,34.162502,-15.656251
504498803780745,1,0.060000002,-0.021000002,9.885
504498803780745,4,9.625E-4,2.75E-4,-8.25E-4
504498822741057,1,0.07005,-0.024,9.885
504498822741057,4,-1.375E-4,2.75E-4,4.125E-4
504498841701350,1,0.060000002,-0.024,9.885
504498841701350,4,9.625E-4,-9.625E-4,4.125E-4
504498845306317,2,-7.8,34.162502,-15.6
504498860661573,1,0.072000004,-0.024,9.883051
504498860661571,4,-1.375E-4,2.75E-4,4.125E-4
504498879621870,1,0.079950005,-0.024,9.883051
504498879621870,4,-1.375E-4,2.75E-4,4.125E-4
504498895349297,2,-7.7812505,34.162502,-15.618751
504498898582192,1,0.064950004,-0.01905,9.883051
504498898582192,4,-1.375E-4,2.75E-4,-8.25E-4
504498917542271,1,0.075,-0.028050002,9.877951
504498917542269,4,-1.375E-4,2.75E-4,0.0015125
504498936502586,1,0.072000004,-0.01905,9.880051
504498936502586,4,9.625E-4,0.0015125,4.125E-4
504498945390314,2,-7.7812505,34.162502,-15.6
504498955462903,1,0.060000002,-0.021000002,9.885
504498955462903,4,-1.375E-4,2.75E-4,4.125E-4
504498974423226,1,0.058050003,-0.021000002,9.877951
504498974423226,4,-1.375E-4,2.75E-4,4.125E-4
504498993383533,1,0.07005,-0.009000001,9.876
504498993383533,4,9.625E-4,2.75E-4,0.0015125
504498995243195,2,-7.7812505,34.143753,-15.618751
504499012343765,1,0.07005,-0.0139500005,9.885
504499012343763,4,9.625E-4,2.75E-4,-8.25E-4
504499031304062,1,0.063,-0.024,9.885
504499031304062,4,9.625E-4,-9.625E-4,4.125E-4
504499045298057,2,-7.7812505,34.143753,-15.618751
504499050264370,1,0.064950004,-0.028050002,9.883051
504499050264370,4,9.625E-4,2.75E-4,4.125E-4
504499069224444,1,0.07005,-0.01905,9.8880005
504499069224442,4,-1.375E-4,2.75E-4,4.125E-4
504499088184980,1,0.064950004,-0.025950002,9.889951
504499088184980,4,9.625E-4,2.75E-4,4.125E-4
504499095350062,2,-7.7250004,34.143753,-15.69375
504499107145073,1,0.072000004,-0.028050002,9.883051
504499107145071,4,-1.375E-4,2.75E-4,4.125E-4
504499126105389,1,0.064950004,-0.024,9.880051
504499126105389,4,-1.375E-4,2.75E-4,4.125E-4
504499145065706,1,0.079950005,-0.021000002,9.885
504499145065706,4,9.625E-4,2.75E-4,4.125E-4
504499145386554,2,-7.7250004,34.143753,-15.69375
504499164025925,1,0.07005,-0.024,9.883051
504499164025923,4,-1.375E-4,-9.625E-4,4.125E-4
504499182986239,1,0.06795,-0.01905,9.880051
504499182986239,4,-0.001375,-9.625E-4,4.125E-4
504499195420305,2,-7.74375,34.143753,-15.712501
504499201946547,1,0.072000004,-0.021000002,9.883051
504499201946547,4,9.625E-4,-9.625E-4,4.125E-4
504499220906855,1,0.06795,-0.021000002,9.883051
504499220906855,4,-1.375E-4,-9.625E-4,-8.25E-4
504499239866924,1,0.063,-0.025950002,9.885
504499239866922,4,-1.375E-4,2.75E-4,-8.25E-4
504499245305031,2,-7.74375,34.162502,-15.731251
504499258827240,1,0.063,-0.01905,9.880051
504499258827240,4,-1.375E-4,2.75E-4,4.125E-4
504499277787458,1,0.072000004,-0.025950002,9.885
504499277787456,4,-1.375E-4,2.75E-4,0.0015125
504499295344725,2,-7.74375,34.143753,-15.76875
504499296747841,1,0.072000004,-0.0139500005,9.880051
504499296747841,4,-1.375E-4,2.75E-4,4.125E-4
504499315708084,1,0.072000004,-0.01905,9.8880005
504499315708082,4,9.625E-4,-9.625E-4,-8.25E-4
504499334668380,1,0.072000004,-0.025950002,9.89505
504499334668380,4,-1.375E-4,2.75E-4,4.125E-4
504499345394742,2,-7.7625003,34.162502,-15.7875
504499353628687,1,0.07005,-0.0139500005,9.877951
504499353628687,4,9.625E-4,2.75E-4,4.125E-4
504499372588762,1,0.063,-0.021000002,9.8880005
504499372588760,4,-1.375E-4,-9.625E-4,4.125E-4
504499391549053,1,0.07005,-0.012,9.883051
504499391549053,4,-1.375E-4,2.75E-4,4.125E-4
504499395417412,2,-7.7625003,34.162502,-15.7875
504499410509351,1,0.072000004,-0.024,9.883051
504499410509351,4,-1.375E-4,2.75E-4,4.125E-4
504499429469583,1,0.06795,-0.016050002,9.880051
504499429469581,4,-1.375E-4,2.75E-4,4.125E-4
504499445440087,2,-7.7812505,34.162502,-15.7875
504499448429899,1,0.075,-0.01905,9.8880005
504499448429899,4,-1.375E-4,2.75E-4,4.125E-4
504499467390197,1,0.063,-0.021000002,9.8880005
504499467390197,4,-1.375E-4,-9.625E-4,-8.25E-4
504499486350276,1,0.075,-0.025950002,9.880051
504499486350274,4,-1.375E-4,2.75E-4,4.125E-4
504499495451145,2,-7.7812505,34.162502,-15.7875
504499505310573,1,0.07005,-0.01905,9.880051
504499505310573,4,-1.375E-4,-9.625E-4,4.125E-4
504499524270894,1,0.060000002,-0.016050002,9.885
504499524270894,4,-1.375E-4,2.75E-4,-8.25E-4
504499543231112,1,0.07005,-0.021000002,9.89505
504499543231110,4,9.625E-4,2.75E-4,4.125E-4
504499545280495,2,-7.7812505,34.143753,-15.76875
504499562191446,1,0.07005,-0.01905,9.885
504499562191446,4,-1.375E-4,-9.625E-4,4.125E-4
504499581151754,1,0.079950005,-0.0139500005,9.889951
504499581151754,4,-1.375E-4,-9.625E-4,4.125E-4
504499595327064,2,-7.7812505,34.143753,-15.731251
504499600112061,1,0.07005,-0.016050002,9.885
504499600112061,4,-1.375E-4,2.75E-4,4.125E-4
504499619072150,1,0.063,-0.021000002,9.880051
504499619072148,4,-1.375E-4,2.75E-4,4.125E-4
504499638032456,1,0.076950006,-0.0139500005,9.883051
504499638032456,4,-1.375E-4,2.75E-4,4.125E-4
504499645361643,2,-7.7812505,34.125,-15.7875
504499656992694,1,0.063,-0.021000002,9.883051
504499656992692,4,9.625E-4,2.75E-4,4.125E-4
504499675953086,1,0.07005,-0.028050002,9.885
504499675953086,4,-1.375E-4,2.75E-4,0.0015125
504499694913309,1,0.079950005,-0.016050002,9.883051
504499694913307,4,-1.375E-4,2.75E-4,4.125E-4
504499695373854,2,-7.7812505,34.10625,-15.806251
504499713873395,1,0.064950004,-0.01905,9.8880005
504499713873393,4,-1.375E-4,2.75E-4,4.125E-4
504499732833691,1,0.064950004,-0.021000002,9.883051
504499732833691,4,9.625E-4,-9.625E-4,-8.25E-4
504499745401228,2,-7.7812505,34.10625,-15.806251
504499751793999,1,0.060000002,-0.0139500005,9.883051
504499751793999,4,9.625E-4,-9.625E-4,4.125E-4
504499770754242,1,0.075,-0.025950002,9.8880005
504499770754240,4,-1.375E-4,2.75E-4,4.125E-4
504499789714547,1,0.07005,-0.01905,9.885
504499789714547,4,-1.375E-4,2.75E-4,4.125E-4
504499795241757,2,-7.7625003,34.10625,-15.8625
504499808674850,1,0.06795,-0.0139500005,9.880051
504499808674850,4,-0.0,4.125E-4,-9.625E-4
504499827634944,1,0.06795,-0.016050002,9.880051
504499827634942,4,0.0011,-8.25E-4,2.75E-4
504499845300861,2,-7.7625003,34.0875,-15.8625
504499846595476,1,0.060000002,-0.024,9.8880005
504499846595476,4,0.0011,-8.25E-4,2.75E-4
504499865555546,1,0.07005,-0.024,9.885
504499865555544,4,-0.0,4.125E-4,2.75E-4
504499884515851,1,0.07005,-0.025950002,9.883051
504499884515851,4,-0.0012375,-8.25E-4,2.75E-4
504499895345437,2,-7.74375,34.0875,-15.806251
504499903476089,1,0.06795,-0.0139500005,9.885
504499903476087,4,0.0011,4.125E-4,2.75E-4
504499922436409,1,0.07005,-0.024,9.880051
504499922436409,4,0.0011,4.125E-4,-9.625E-4
504499941396488,1,0.064950004,-0.028050002,9.885
504499941396486,4,-0.0012375,4.125E-4,2.75E-4
504499945387757,2,-7.7625003,34.0875,-15.825001
504499960356794,1,0.072000004,-0.024,9.877951
504499960356794,4,-0.0,4.125E-4,-9.625E-4
504499979317101,1,0.079950005,-0.01905,9.883051
504499979317101,4,-0.0,4.125E-4,-9.625E-4
504499995415474,2,-7.74375,34.0875,-15.7875
504499998277334,1,0.075,-0.025950002,9.883051
504499998277332,4,-0.0012375,4.125E-4,2.75E-4
504500017237649,1,0.07005,-0.01905,9.885
504500017237649,4,-0.0,4.125E-4,2.75E-4
504500036197719,1,0.06795,-0.01905,9.8880005
504500036197717,4,-0.0,0.0015125,-9.625E-4
504500045430761,2,-7.74375,34.0875,-15.806251
504500055158025,1,0.06795,-0.01905,9.880051
504500055158025,4,-0.0,4.125E-4,-9.625E-4
504500074118322,1,0.058050003,-0.021000002,9.877951
504500074118322,4,-0.0,0.0015125,2.75E-4
504500093078569,1,0.064950004,-0.028050002,9.877951
504500093078567,4,-0.0,4.125E-4,-9.625E-4
504500095458538,2,-7.7625003,34.068752,-15.806251
504500112038866,1,0.06795,-0.021000002,9.885
504500112038866,4,-0.0,0.0015125,2.75E-4
504500130998929,1,0.076950006,-0.021000002,9.883051
504500130998927,4,-0.0,4.125E-4,0.0015125
504500145462085,2,-7.7625003,34.0875,-15.806251
504500149959226,1,0.06795,-0.016050002,9.880051
504500149959226,4,0.0011,4.125E-4,2.75E-4
504500168919542,1,0.07005,-0.0139500005,9.883051
504500168919542,4,-0.0,-8.25E-4,2.75E-4
504500187879775,1,0.075,-0.025950002,9.885
504500187879773,4,-0.0,4.125E-4,2.75E-4
504500195469230,2,-7.7625003,34.0875,-15.8625
504500206840062,1,0.07005,-0.016050002,9.883051
504500206840062,4,0.0011,4.125E-4,2.75E-4
504500225800141,1,0.072000004,-0.021000002,9.885
504500225800139,4,-0.0,4.125E-4,-9.625E-4
504500244760437,1,0.06795,-0.024,9.876
504500244760437,4,0.0011,-8.25E-4,-9.625E-4
504500245389380,2,-7.8562503,34.10625,-15.88125
504500263720758,1,0.075,-0.024,9.880051
504500263720758,4,-0.0,-8.25E-4,2.75E-4
504500282680982,1,0.072000004,-0.025950002,9.883051
504500282680980,4,-0.0,4.125E-4,2.75E-4
504500295400652,2,-8.00625,34.143753,-15.843751
504500301641297,1,0.07005,-0.025950002,9.885
504500301641297,4,-0.0,4.125E-4,-9.625E-4
504500320601376,1,0.079950005,-0.016050002,9.8880005
504500320601374,4,-0.0,4.125E-4,-9.625E-4
504500339561682,1,0.07005,-0.021000002,9.8880005
504500339561682,4,0.0011,4.125E-4,-9.625E-4
504500345261562,2,-8.15625,34.18125,-15.76875
504500358521914,1,0.076950006,-0.012,9.8880005
504500358521912,4,-0.0,4.125E-4,2.75E-4
504500377482206,1,0.079950005,-0.016050002,9.8880005
504500377482206,4,0.0011,-8.25E-4,2.75E-4
504500395306241,2,-8.325001,34.21875,-15.712501
504500396442523,1,0.063,-0.021000002,9.877951
504500396442523,4,-0.0,-8.25E-4,-9.625E-4
504500415402607,1,0.06795,-0.012,9.883051
504500415402605,4,-0.0,4.125E-4,2.75E-4
504500434362923,1,0.06795,-0.016050002,9.8880005
504500434362923,4,0.0011,4.125E-4,2.75E-4
504500445351651,2,-8.3625,34.21875,-15.712501
504500453323155,1,0.072000004,-0.025950002,9.883051
504500453323153,4,-0.0,4.125E-4,2.75E-4
504500472283461,1,0.076950006,-0.021000002,9.880051
504500472283461,4,-0.0,4.125E-4,2.75E-4
504500491243549,1,0.072000004,-0.021000002,9.885
504500491243547,4,0.0011,4.125E-4,2.75E-4
504500495384099,2,-8.53125,34.256252,-15.618751
504500510203836,1,0.072000004,-0.021000002,9.880051
504500510203836,4,-0.0012375,4.125E-4,-9.625E-4
504500529164139,1,0.079950005,-0.025950002,9.877951
504500529164139,4,0.0011,-8.25E-4,-9.625E-4
504500545404903,2,-8.6625,34.256252,-15.543751
504500548124357,1,0.07005,-0.024,9.880051
504500548124355,4,-0.0,4.125E-4,2.75E-4
504500567084672,1,0.064950004,-0.021000002,9.8880005
504500567084672,4,-0.0012375,-8.25E-4,2.75E-4
504500586044742,1,0.06795,-0.01905,9.873
504500586044740,4,-0.0,0.0015125,2.75E-4
504500595427023,2,-8.6625,34.275,-15.543751
504500605004970,1,0.07005,-0.0139500005,9.883051
504500605004970,4,0.0011,4.125E-4,2.75E-4
504500623965278,1,0.07005,-0.016050002,9.885
504500623965278,4,-0.0,-8.25E-4,-9.625E-4
504500642925590,1,0.075,-0.01905,9.885
504500642925590,4,-0.0,4.125E-4,2.75E-4
504500645438215,2,-8.700001,34.29375,-15.543751
504500661885908,1,0.072000004,-0.016050002,9.883051
504500661885908,4,-0.0,4.125E-4,2.75E-4
504500680846001,1,0.07005,-0.01905,9.883051
504500680845999,4,-0.0,-8.25E-4,2.75E-4
504500695452184,2,-8.83125,34.3125,-15.468751
504500699806318,1,0.075,-0.025950002,9.883051
504500699806318,4,0.0011,-8.25E-4,2.75E-4
504500718766550,1,0.076950006,-0.024,9.877951
504500718766548,4,0.0011,4.125E-4,2.75E-4
504500737726632,1,0.064950004,-0.021000002,9.880051
504500737726630,4,0.0011,4.125E-4,2.75E-4
504500745456722,2,-8.94375,34.331253,-15.375001
504500756686928,1,0.075,-0.024,9.880051
504500756686928,4,0.0011,-8.25E-4,2.75E-4
504500775647226,1,0.07005,-0.0139500005,9.883051
504500775647226,4,-0.0,4.125E-4,2.75E-4
504500794607454,1,0.06795,-0.01905,9.880051
504500794607452,4,-0.0,-8.25E-4,2.75E-4
504500795319030,2,-9.0,34.331253,-15.31875
504500813567531,1,0.06795,-0.024,9.883051
504500813567529,4,-0.0,4.125E-4,-9.625E-4
504500832527842,1,0.064950004,-0.028050002,9.885
504500832527842,4,-0.0,4.125E-4,2.75E-4
504500845353923,2,-9.01875,34.331253,-15.281251
504500851488088,1,0.06795,-0.01905,9.876
504500851488086,4,0.0011,4.125E-4,-9.625E-4
504500870448399,1,0.07005,-0.016050002,9.8880005
504500870448399,4,0.0011,4.125E-4,2.75E-4
504500889408697,1,0.072000004,-0.0139500005,9.885
504500889408697,4,-0.0,4.125E-4,2.75E-4
504500895390292,2,-9.09375,34.331253,-15.225
504500908368786,1,0.079950005,-0.012,9.8880005
504500908368784,4,-0.0,-8.25E-4,2.75E-4
504500927329097,1,0.075,-0.016050002,9.883051
504500927329097,4,-0.0,4.125E-4,2.75E-4
504500945414947,2,-9.150001,34.350002,-15.187501
504500946289329,1,0.076950006,-0.016050002,9.883051
504500946289327,4,0.0011,4.125E-4,2.75E-4
504500965249620,1,0.072000004,-0.0139500005,9.877951
504500965249620,4,0.0011,-8.25E-4,2.75E-4
504500984209699,1,0.079950005,-0.021000002,9.8880005
504500984209697,4,-0.0,4.125E-4,2.75E-4
504500995429382,2,-9.150001,34.350002,-15.243751
504501003169996,1,0.06795,-0.009000001,9.883051
504501003169996,4,-0.0,-8.25E-4,-9.625E-4
504501022130289,1,0.072000004,-0.01905,9.880051
504501022130289,4,-0.0,4.125E-4,-9.625E-4
504501041090521,1,0.063,-0.0139500005,9.877951
504501041090519,4,-0.0,4.125E-4,-9.625E-4
504501045435128,2,-9.150001,34.36875,-15.262501
504501060050608,1,0.072000004,-0.012,9.883051
504501060050606,4,-0.0,-8.25E-4,-9.625E-4
504501079010928,1,0.064950004,-0.01905,9.877951
504501079010928,4,0.0011,4.125E-4,2.75E-4
504501095445276,2,-9.243751,34.36875,-15.243751
504501097971171,1,0.07005,-0.025950002,9.877951
504501097971169,4,-0.0,4.125E-4,-9.625E-4
504501116931262,1,0.060000002,-0.01905,9.883051
504501116931260,4,-0.0,4.125E-4,2.75E-4
504501135891563,1,0.072000004,-0.021000002,9.876
504501135891563,4,-0.0,4.125E-4,2.75E-4
504501145447648,2,-9.3,34.3875,-15.187501
504501154851856,1,0.07005,-0.01905,9.876
504501154851856,4,-0.0,4.125E-4,2.75E-4
504501173812098,1,0.075,-0.01905,9.877951
504501173812096,4,-0.0,4.125E-4,2.75E-4
504501192772390,1,0.06795,-0.021000002,9.885
504501192772390,4,-0.0,4.125E-4,-9.625E-4
504501195455153,2,-9.3,34.3875,-15.150001
504501211732469,1,0.063,-0.021000002,9.877951
504501211732467,4,-0.0,4.125E-4,2.75E-4
504501230692775,1,0.076950006,-0.016050002,9.883051
504501230692775,4,-0.0,4.125E-4,2.75E-4
504501245432940,2,-9.31875,34.40625,-15.150001
504501249652997,1,0.079950005,-0.012,9.880051
504501249652995,4,-0.0012375,4.125E-4,2.75E-4
504501268613303,1,0.072000004,-0.01905,9.883051
504501268613303,4,0.0011,4.125E-4,2.75E-4
504501287573391,1,0.079950005,-0.021000002,9.876
504501287573389,4,-0.0,4.125E-4,2.75E-4
504501295432988,2,-9.4125,34.425003,-15.056251
504501306533702,1,0.075,-0.024,9.883051
504501306533702,4,-0.0,4.125E-4,2.75E-4
504501325493926,1,0.06795,-0.016050002,9.873
504501325493924,4,-0.0,4.125E-4,-9.625E-4
504501344454231,1,0.07005,-0.024,9.873
504501344454231,4,-0.0,4.125E-4,2.75E-4
504501345263937,2,-9.50625,34.443752,-15.056251
504501363414310,1,0.072000004,-0.025950002,9.877951
504501363414308,4,0.0011,4.125E-4,2.75E-4
504501382374601,1,0.07005,-0.016050002,9.883051
504501382374601,4,0.0011,4.125E-4,2.75E-4
504501395305397,2,-9.50625,34.425003,-15.056251
504501401334824,1,0.075,-0.028050002,9.877951
504501401334822,4,-0.0,4.125E-4,2.75E-4
504501420294901,1,0.08205,-0.01905,9.883051
504501420294899,4,-0.0012375,4.125E-4,-9.625E-4
504501439255212,1,0.06795,-0.016050002,9.880051
504501439255212,4,-0.0,-8.25E-4,-9.625E-4
504501445348951,2,-9.543751,34.443752,-15.000001
504501458215459,1,0.072000004,-0.01905,9.876
504501458215457,4,0.0011,4.125E-4,-9.625E-4
504501477175545,1,0.060000002,-0.024,9.883051
504501477175543,4,-0.0,4.125E-4,-9.625E-4
504501495380390,2,-9.637501,34.443752,-14.94375
504501496135837,1,0.072000004,-0.021000002,9.8880005
504501496135837,4,-0.0,4.125E-4,2.75E-4
504501515096135,1,0.060000002,-0.024,9.880051
504501515096135,4,-0.0,4.125E-4,2.75E-4
504501534056378,1,0.072000004,-0.021000002,9.873
504501534056376,4,0.0011,4.125E-4,-9.625E-4
504501545400845,2,-9.712501,34.4625,-14.925
504501553016455,1,0.07005,-0.021000002,9.883051
504501553016453,4,-0.0,4.125E-4,2.75E-4
504501571976759,1,0.076950006,-0.016050002,9.877951
504501571976759,4,-0.0,-8.25E-4,-9.625E-4
504501590937067,1,0.076950006,-0.01905,9.880051
504501590937067,4,-0.0,4.125E-4,-9.625E-4
504501595423069,2,-9.712501,34.48125,-14.887501
504501609897296,1,0.07005,-0.024,9.873
504501609897294,4,-0.0,-8.25E-4,2.75E-4
504501628857601,1,0.072000004,-0.024,9.871051
504501628857601,4,0.0011,4.125E-4,2.75E-4
504501645434714,2,-9.712501,34.4625,-14.868751
504501647817671,1,0.063,-0.025950002,9.880051
504501647817669,4,-0.0,4.125E-4,2.75E-4
504501666777909,1,0.064950004,-0.024,9.880051
504501666777909,4,0.0011,4.125E-4,0.0015125
504501685738211,1,0.06795,-0.028050002,9.880051
504501685738211,4,-0.0,-8.25E-4,2.75E-4
504501695449084,2,-9.76875,34.48125,-14.83125
504501704698529,1,0.075,-0.024,9.876
504501704698529,4,-0.0012375,4.125E-4,-9.625E-4
504501723658526,1,0.072000004,-0.024,9.880051
504501723658524,4,-0.0,4.125E-4,2.75E-4
504501742618823,1,0.076950006,-0.016050002,9.877951
504501742618823,4,0.0011,-9.625E-4,-6.875E-4
504501745454267,2,-9.75,34.48125,-14.83125
504501761579126,1,0.072000004,-0.016050002,9.877951
504501761579126,4,-0.0,2.75E-4,4.125E-4
504501780539213,1,0.07005,-0.021000002,9.876
504501780539211,4,-0.0,2.75E-4,4.125E-4
504501795373514,2,-9.637501,34.4625,-14.906251
504501799499457,1,0.079950005,-0.016050002,9.876
504501799499457,4,-0.0,-9.625E-4,4.125E-4
504501818459755,1,0.08205,-0.021000002,9.880051
504501818459755,4,-0.0,2.75E-4,-6.875E-4
504501837419834,1,0.07005,-0.024,9.880051
504501837419832,4,-0.0,2.75E-4,-6.875E-4
504501845395732,2,-9.50625,34.443752,-14.94375
504501856380140,1,0.07005,-0.028050002,9.877951
504501856380140,4,-0.0,2.75E-4,-6.875E-4
504501875340383,1,0.063,-0.021000002,9.877951
504501875340381,4,0.0011,2.75E-4,4.125E-4
504501894300697,1,0.075,-0.031050002,9.877951
504501894300697,4,-0.0,2.75E-4,4.125E-4
504501895234021,2,-9.4125,34.425003,-14.94375
504501913260776,1,0.072000004,-0.01905,9.876
504501913260774,4,-0.0,0.001375,4.125E-4
504501932221072,1,0.064950004,-0.0139500005,9.873
504501932221072,4,-0.0,-9.625E-4,4.125E-4
504501945292578,2,-9.450001,34.425003,-14.94375
504501951181315,1,0.06795,-0.024,9.883051
504501951181313,4,-0.0,2.75E-4,-6.875E-4
504501970141387,1,0.06795,-0.021000002,9.877951
504501970141385,4,0.0011,2.75E-4,-6.875E-4
504501989101631,1,0.07005,-0.021000002,9.873
504501989101631,4,-0.0012375,2.75E-4,4.125E-4
504501995338052,2,-9.3,34.40625,-15.000001
504502008061928,1,0.060000002,-0.024,9.873
504502008061928,4,-0.0012375,0.001375,4.125E-4
504502027022250,1,0.064950004,-0.031050002,9.877951
504502027022250,4,0.0011,-9.625E-4,4.125E-4
504502045370772,2,-9.150001,34.40625,-15.075001
504502045982320,1,0.07005,-0.016050002,9.880051
504502045982318,4,-0.0012375,2.75E-4,4.125E-4
504502064942549,1,0.072000004,-0.012,9.871051
504502064942549,4,-0.0,2.75E-4,-6.875E-4
504502083902852,1,0.07005,-0.024,9.877951
504502083902852,4,-0.0,-9.625E-4,-6.875E-4
504502095402991,2,-9.225,34.40625,-15.0375
504502102862931,1,0.072000004,-0.01905,9.873
504502102862929,4,-0.0,0.001375,-6.875E-4
504502121823230,1,0.064950004,-0.028050002,9.873
504502121823230,4,-0.0,2.75E-4,4.125E-4
504502140783468,1,0.064950004,-0.021000002,9.871051
504502140783466,4,-0.0,-9.625E-4,-6.875E-4
504502145422669,2,-9.262501,34.40625,-15.000001
504502159743545,1,0.075,-0.01905,9.871051
504502159743543,4,-0.0012375,-9.625E-4,-6.875E-4
504502178703841,1,0.076950006,-0.024,9.876
504502178703841,4,-0.0,2.75E-4,-6.875E-4
504502195443108,2,-9.150001,34.3875,-15.056251
504502197664154,1,0.075,-0.016050002,9.880051
504502197664154,4,0.0011,2.75E-4,4.125E-4
504502216624396,1,0.07005,-0.021000002,9.873
504502216624394,4,0.0023375,-9.625E-4,-6.875E-4
504502235584463,1,0.076950006,-0.01905,9.873
504502235584461,4,-0.0,-9.625E-4,4.125E-4
504502245452472,2,-9.01875,34.36875,-15.13125
504502254544764,1,0.076950006,-0.01905,9.876
504502254544764,4,-0.0,2.75E-4,-6.875E-4
504502273504987,1,0.072000004,-0.01905,9.877951
504502273504985,4,-0.0,-9.625E-4,-6.875E-4
504502292465060,1,0.07005,-0.021000002,9.876
504502292465058,4,0.0011,-9.625E-4,4.125E-4
504502295453242,2,-9.0375,34.3875,-15.075001
504502311425352,1,0.075,-0.021000002,9.873
504502311425352,4,-0.0,2.75E-4,-6.875E-4
504502330385594,1,0.079950005,-0.021000002,9.873
504502330385592,4,-0.0,2.75E-4,4.125E-4
504502345323877,2,-9.075001,34.40625,-15.093751
504502349345899,1,0.072000004,-0.016050002,9.876
504502349345899,4,-0.0,2.75E-4,-6.875E-4
504502368305969,1,0.060000002,-0.01905,9.876
504502368305967,4,0.0011,2.75E-4,4.125E-4
504502387266288,1,0.06795,-0.024,9.880051
504502387266288,4,0.0011,2.75E-4,4.125E-4
504502395353670,2,-9.075001,34.40625,-15.13125
504502406226512,1,0.07005,-0.016050002,9.877951
504502406226510,4,-0.0,2.75E-4,0.00165
504502425186808,1,0.06795,-0.016050002,9.883051
504502425186808,4,-0.0,2.75E-4,0.00165
504502444146887,1,0.072000004,-0.016050002,9.877951
504502444146885,4,-0.0,2.75E-4,4.125E-4
504502445211506,2,-9.13125,34.40625,-15.075001
504502463107188,1,0.072000004,-0.0139500005,9.877951
504502463107188,4,0.0011,2.75E-4,-6.875E-4
504502482067421,1,0.06795,-0.024,9.873
504502482067419,4,-0.0,2.75E-4,-6.875E-4
504502495273566,2,-9.262501,34.425003,-14.981251
504502501027507,1,0.079950005,-0.021000002,9.877951
504502501027505,4,0.0011,-9.625E-4,-6.875E-4
504502519987823,1,0.072000004,-0.024,9.876
504502519987823,4,0.0011,-9.625E-4,4.125E-4
504502538948055,1,0.072000004,-0.021000002,9.871051
504502538948053,4,0.0011,2.75E-4,4.125E-4
504502545321784,2,-9.375,34.443752,-14.906251
504502557908146,1,0.079950005,-0.025950002,9.876
504502557908144,4,0.0011,-9.625E-4,4.125E-4
504502576868452,1,0.072000004,-0.016050002,9.868051
504502576868452,4,-0.0,2.75E-4,0.00165
504502595828685,1,0.07005,-0.021000002,9.877951
504502595828683,4,0.0011,-9.625E-4,4.125E-4
504502595367716,2,-9.375,34.4625,-14.906251
504502614788996,1,0.076950006,-0.01905,9.877951
504502614788996,4,-0.0,2.75E-4,4.125E-4
504502633749080,1,0.07005,-0.021000002,9.877951
504502633749078,4,-0.0,2.75E-4,4.125E-4
504502645398860,2,-9.31875,34.4625,-14.981251
504502652709317,1,0.079950005,-0.024,9.864
504502652709317,4,0.0011,-9.625E-4,-6.875E-4
504502671669620,1,0.060000002,-0.012,9.873
504502671669620,4,-0.0,2.75E-4,-6.875E-4
504502690629699,1,0.072000004,-0.012,9.877951
504502690629697,4,-0.0,-9.625E-4,4.125E-4
504502695428418,2,-9.39375,34.48125,-14.962501
504502709590005,1,0.079950005,-0.016050002,9.876
504502709590005,4,0.0011,2.75E-4,-6.875E-4
504502728550248,1,0.072000004,-0.021000002,9.865951
504502728550246,4,-0.0,2.75E-4,4.125E-4
504502745444839,2,-9.431251,34.48125,-14.925
504502747510562,1,0.072000004,-0.021000002,9.876
504502747510562,4,-0.0,2.75E-4,4.125E-4
504502766470641,1,0.072000004,-0.01905,9.873
504502766470639,4,-0.0,2.75E-4,4.125E-4
504502785430947,1,0.072000004,-0.021000002,9.871051
504502785430947,4,-0.0,0.001375,4.125E-4
504502795428167,2,-9.356251,34.4625,-14.962501
504502804391180,1,0.072000004,-0.024,9.877951
504502804391178,4,-0.0,2.75E-4,4.125E-4
504502823351491,1,0.072000004,-0.0139500005,9.873
504502823351491,4,-0.0,2.75E-4,4.125E-4
504502842311561,1,0.06795,-0.016050002,9.876
504502842311559,4,0.0011,2.75E-4,4.125E-4
504502845442355,2,-9.28125,34.4625,-14.962501
504502861271799,1,0.072000004,-0.0139500005,9.873
504502861271799,4,-0.0,2.75E-4,4.125E-4
504502880232106,1,0.064950004,-0.025950002,9.877951
504502880232106,4,0.0011,-9.625E-4,4.125E-4
504502895271589,2,-9.375,34.48125,-14.925
504502899192171,1,0.075,-0.01905,9.873
504502899192169,4,0.0011,2.75E-4,4.125E-4
504502918152371,1,0.07005,-0.009000001,9.865951
504502918152371,4,-0.0,2.75E-4,4.125E-4
504502937112679,1,0.075,-0.024,9.873
504502937112679,4,-0.0,2.75E-4,0.00165
504502945321746,2,-9.356251,34.5,-14.981251
504502956072748,1,0.07005,-0.016050002,9.871051
504502956072746,4,-0.0,2.75E-4,4.125E-4
504502975033053,1,0.075,-0.025950002,9.877951
504502975033053,4,-0.0,-9.625E-4,-6.875E-4
504502993993296,1,0.075,-0.016050002,9.876
504502993993294,4,0.0011,2.75E-4,4.125E-4
504502995185366,2,-9.262501,34.48125,-15.0375
504503012953382,1,0.064950004,-0.01905,9.876
504503012953380,4,-0.0,2.75E-4,4.125E-4
504503031913688,1,0.063,-0.0139500005,9.877951
504503031913688,4,-0.0,2.75E-4,4.125E-4
504503045251919,2,-9.225,34.48125,-15.01875
504503050873912,1,0.075,-0.0139500005,9.876
504503050873910,4,-0.0,2.75E-4,4.125E-4
504503069834208,1,0.07005,-0.021000002,9.876
504503069834208,4,0.0011,2.75E-4,4.125E-4
504503088794277,1,0.072000004,-0.01905,9.877951
504503088794275,4,-0.0,2.75E-4,-6.875E-4
504503095315101,2,-9.337501,34.48125,-14.981251
504503107754577,1,0.075,-0.0139500005,9.871051
504503107754577,4,-0.0,-9.625E-4,4.125E-4
504503126714820,1,0.064950004,-0.0139500005,9.868051
504503126714818,4,0.0011,-9.625E-4,-6.875E-4
504503145674901,1,0.072000004,-0.01905,9.877951
504503145674899,4,0.0011,2.75E-4,-6.875E-4
504503145361146,2,-9.39375,34.5,-15.000001
504503164635207,1,0.076950006,-0.021000002,9.876
504503164635207,4,-0.0,2.75E-4,4.125E-4
504503183595450,1,0.06795,-0.028050002,9.876
504503183595448,4,-0.0012375,-9.625E-4,4.125E-4
504503195403159,2,-9.31875,34.48125,-15.01875
504503202555784,1,0.072000004,-0.025950002,9.865951
504503202555784,4,-0.0,2.75E-4,4.125E-4
504503221515858,1,0.079950005,-0.024,9.873
504503221515856,4,0.0011,2.75E-4,-6.875E-4
504503240476096,1,0.06795,-0.01905,9.877951
504503240476096,4,-0.0,2.75E-4,4.125E-4
504503245429445,2,-9.31875,34.48125,-15.01875
504503259436404,1,0.064950004,-0.0139500005,9.868051
504503259436404,4,0.0011,-9.625E-4,4.125E-4
504503278396474,1,0.07005,-0.025950002,9.877951
504503278396472,4,-0.0,-9.625E-4,4.125E-4
504503295442584,2,-9.337501,34.48125,-14.981251
504503297356693,1,0.075,-0.028050002,9.873
504503297356693,4,-0.0,2.75E-4,4.125E-4
504503316317000,1,0.079950005,-0.021000002,9.876
504503316317000,4,-0.0,-9.625E-4,4.125E-4
504503335277089,1,0.072000004,-0.016050002,9.876
504503335277087,4,-0.0,2.75E-4,-6.875E-4
504503345378098,2,-9.356251,34.48125,-15.01875
504503354237395,1,0.08205,-0.01905,9.871051
504503354237395,4,-0.0,2.75E-4,4.125E-4
504503373197637,1,0.072000004,-0.028050002,9.868051
504503373197635,4,-0.0,-9.625E-4,-6.875E-4
504503392157943,1,0.064950004,-0.025950002,9.877951
504503392157943,4,0.0011,2.75E-4,4.125E-4
504503395400384,2,-9.28125,34.4625,-15.075001
504503411118022,1,0.07005,-0.024,9.865951
504503411118020,4,0.0011,-9.625E-4,-6.875E-4
504503430078245,1,0.072000004,-0.01905,9.871051
504503430078245,4,-0.0,-9.625E-4,4.125E-4
504503445248362,2,-9.225,34.4625,-15.1125
504503449038553,1,0.075,-0.024,9.873
504503449038553,4,-0.0,-9.625E-4,4.125E-4
504503467998632,1,0.076950006,-0.016050002,9.877951
504503467998630,4,0.0011,-9.625E-4,-6.875E-4
504503486958924,1,0.076950006,-0.01905,9.877951
504503486958924,4,0.0011,-9.625E-4,-6.875E-4
504503495302434,2,-9.31875,34.4625,-15.075001
504503505919161,1,0.075,-0.00705,9.877951
504503505919159,4,0.0011,-9.625E-4,4.125E-4
504503524879471,1,0.076950006,-0.016050002,9.868051
504503524879471,4,-0.0012375,2.75E-4,4.125E-4
504503543839564,1,0.06795,-0.024,9.873
504503543839562,4,-0.0,2.75E-4,4.125E-4
504503545169006,2,-9.375,34.48125,-15.01875
504503562799803,1,0.06795,-0.0139500005,9.876
504503562799803,4,-0.0,2.75E-4,4.125E-4
504503581760111,1,0.079950005,-0.021000002,9.877951
504503581760111,4,-0.0,-9.625E-4,-6.875E-4
504503595249259,2,-9.3,34.48125,-15.056251
504503600720180,1,0.07005,-0.01905,9.871051
504503600720178,4,-0.0,2.75E-4,4.125E-4
504503619680501,1,0.072000004,-0.021000002,9.868051
504503619680501,4,-0.0,2.75E-4,4.125E-4
504503638640718,1,0.07005,-0.024,9.876
504503638640716,4,0.0011,-9.625E-4,-6.875E-4
504503645311274,2,-9.243751,34.4625,-15.093751
504503657600800,1,0.064950004,-0.0139500005,9.868051
504503657600798,4,0.0011,2.75E-4,4.125E-4
504503676561096,1,0.06795,-0.012,9.873
504503676561096,4,0.0011,-8.25E-4,2.75E-4
504503695521414,1,0.079950005,-0.01905,9.873
504503695521414,4,-1.375E-4,4.125E-4,2.75E-4
504503695367307,2,-9.3,34.48125,-15.075001
504503714481647,1,0.075,-0.0139500005,9.877951
504503714481645,4,-1.375E-4,4.125E-4,2.75E-4
504503733441714,1,0.08400001,-0.01905,9.883051
504503733441712,4,0.0011,-8.25E-4,-9.625E-4
504503745405292,2,-9.337501,34.48125,-15.075001
504503752401932,1,0.072000004,-0.012,9.873
504503752401932,4,-1.375E-4,4.125E-4,2.75E-4
504503771362011,1,0.075,-0.012,9.873
504503771362009,4,-1.375E-4,-8.25E-4,2.75E-4
504503790322553,1,0.075,-0.016050002,9.871051
504503790322553,4,0.0011,-8.25E-4,2.75E-4
504503795427972,2,-9.243751,34.4625,-15.150001
504503809282555,1,0.072000004,-0.01905,9.873
504503809282553,4,-1.375E-4,4.125E-4,2.75E-4
504503828242857,1,0.072000004,-0.021000002,9.873
504503828242857,4,0.0011,4.125E-4,2.75E-4
504503845449228,2,-9.225,34.443752,-15.1125
504503847203149,1,0.07005,-0.021000002,9.871051
504503847203149,4,-1.375E-4,-8.25E-4,-9.625E-4
504503866163218,1,0.064950004,-0.016050002,9.876
504503866163216,4,-1.375E-4,4.125E-4,2.75E-4
504503885123524,1,0.063,-0.025950002,9.876
504503885123524,4,-1.375E-4,-8.25E-4,2.75E-4
504503895323315,2,-9.20625,34.443752,-15.1125
504503904083757,1,0.072000004,-0.025950002,9.877951
504503904083755,4,0.0011,-8.25E-4,-9.625E-4
504503923043820,1,0.072000004,-0.016050002,9.876
504503923043818,4,-1.375E-4,4.125E-4,2.75E-4
504503942004140,1,0.072000004,-0.016050002,9.877951
504503942004140,4,-1.375E-4,-8.25E-4,2.75E-4
504503945246875,2,-9.13125,34.425003,-15.168751
504503960964368,1,0.07005,-0.016050002,9.871051
504503960964366,4,-1.375E-4,-8.25E-4,2.75E-4
504503979924440,1,0.072000004,-0.028050002,9.871051
504503979924438,4,0.0011,-8.25E-4,-9.625E-4
504503995315176,2,-9.056251,34.40625,-15.20625
504503998884746,1,0.07005,-0.024,9.868051
504503998884746,4,-1.375E-4,4.125E-4,-9.625E-4
504504017845054,1,0.079950005,-0.024,9.873
504504017845054,4,-1.375E-4,4.125E-4,2.75E-4
504504036805287,1,0.075,-0.0139500005,9.873
504504036805285,4,-0.001375,4.125E-4,2.75E-4
504504045355110,2,-8.962501,34.36875,-15.243751
504504055765373,1,0.075,-0.021000002,9.876
504504055765371,4,0.0011,4.125E-4,2.75E-4
504504074725602,1,0.07005,-0.01905,9.876
504504074725602,4,-1.375E-4,4.125E-4,2.75E-4
504504093685895,1,0.06795,-0.01905,9.871051
504504093685895,4,-1.375E-4,4.125E-4,2.75E-4
504504095218972,2,-8.925,34.36875,-15.20625
504504112645974,1,0.07005,-0.031050002,9.876
504504112645972,4,-1.375E-4,4.125E-4,2.75E-4
504504131606279,1,0.075,-0.028050002,9.876
504504131606279,4,0.0011,4.125E-4,-9.625E-4
504504145283649,2,-8.962501,34.350002,-15.1125
504504150566512,1,0.06795,-0.01905,9.877951
504504150566510,4,-1.375E-4,4.125E-4,2.75E-4
504504169526818,1,0.072000004,-0.0139500005,9.876
504504169526818,4,-1.375E-4,-8.25E-4,-9.625E-4
504504188486897,1,0.072000004,-0.0139500005,9.871051
504504188486895,4,0.0011,-8.25E-4,-9.625E-4
504504195343464,2,-8.887501,34.331253,-15.150001
504504207447135,1,0.063,-0.031050002,9.868051
504504207447135,4,-1.375E-4,-8.25E-4,0.0015125
504504226407448,1,0.07005,-0.0139500005,9.880051
504504226407448,4,-1.375E-4,-8.25E-4,2.75E-4
504504245367751,1,0.076950006,-0.021000002,9.873
504504245367751,4,0.0011,4.125E-4,2.75E-4
504504245385765,2,-8.85,34.331253,-15.187501
504504264327835,1,0.07005,-0.028050002,9.871051
504504264327833,4,-0.001375,4.125E-4,2.75E-4
504504283288059,1,0.079950005,-0.021000002,9.876
504504283288059,4,-1.375E-4,4.125E-4,-9.625E-4
504504295412589,2,-8.94375,34.3125,-15.150001
504504302248366,1,0.06795,-0.024,9.883051
504504302248366,4,0.0011,-8.25E-4,2.75E-4
504504321208444,1,0.076950006,-0.01905,9.876
504504321208442,4,-1.375E-4,4.125E-4,2.75E-4
504504340168673,1,0.072000004,-0.031050002,9.871051
504504340168673,4,-0.001375,4.125E-4,-9.625E-4
504504345415415,2,-8.962501,34.3125,-15.187501
504504359128752,1,0.07005,-0.024,9.880051
504504359128750,4,-1.375E-4,0.00165,2.75E-4
504504378089289,1,0.07005,-0.021000002,9.876
504504378089289,4,0.0011,4.125E-4,2.75E-4
504504395433076,2,-8.887501,34.29375,-15.243751
504504397049574,1,0.07005,-0.01905,9.873
504504397049572,4,-1.375E-4,-8.25E-4,-9.625E-4
504504416009574,1,0.06795,-0.009000001,9.871051
504504416009572,4,0.0011,-8.25E-4,2.75E-4
504504434969661,1,0.079950005,-0.01905,9.868051
504504434969659,4,-1.375E-4,-8.25E-4,2.75E-4
504504445276401,2,-8.887501,34.29375,-15.243751
504504453929976,1,0.07005,-0.0139500005,9.865951
504504453929976,4,0.0011,4.125E-4,2.75E-4
504504472890198,1,0.076950006,-0.0139500005,9.876
504504472890198,4,0.0011,4.125E-4,2.75E-4
504504491850496,1,0.07005,-0.025950002,9.871051
504504491850496,4,0.0011,4.125E-4,0.0015125
504504495324520,2,-8.962501,34.3125,-15.187501
504504510810589,1,0.063,-0.021000002,9.877951
504504510810587,4,-1.375E-4,4.125E-4,2.75E-4
504504529770899,1,0.075,-0.024,9.868051
504504529770899,4,0.0011,4.125E-4,2.75E-4
504504545359966,2,-8.981251,34.3125,-15.243751
504504548731142,1,0.075,-0.016050002,9.868051
504504548731140,4,-1.375E-4,4.125E-4,2.75E-4
504504567691214,1,0.075,-0.025950002,9.880051
504504567691212,4,0.0011,4.125E-4,-9.625E-4
504504586651520,1,0.076950006,-0.0139500005,9.868051
504504586651520,4,0.0011,-8.25E-4,2.75E-4
504504595394889,2,-8.868751,34.3125,-15.337501
504504605611748,1,0.075,-0.021000002,9.873
504504605611746,4,-1.375E-4,4.125E-4,2.75E-4
504504624572062,1,0.07005,-0.025950002,9.876
504504624572062,4,0.0011,4.125E-4,-9.625E-4
504504643532141,1,0.07005,-0.016050002,9.873
504504643532139,4,0.0011,4.125E-4,2.75E-4
504504645198783,2,-8.962501,34.3125,-15.262501
504504662492462,1,0.07005,-0.016050002,9.873
504504662492462,4,-1.375E-4,4.125E-4,-9.625E-4
504504681452684,1,0.06795,-0.009000001,9.876
504504681452682,4,-1.375E-4,4.125E-4,-9.625E-4
504504695271841,2,-9.0375,34.3125,-15.187501
504504700412761,1,0.08205,-0.0139500005,9.877951
504504700412759,4,0.0011,4.125E-4,2.75E-4
504504719372980,1,0.08205,-0.021000002,9.877951
504504719372980,4,0.0011,-8.25E-4,-9.625E-4
504504738333297,1,0.072000004,-0.024,9.877951
504504738333297,4,0.0011,4.125E-4,-9.625E-4
504504745328109,2,-9.0,34.331253,-15.168751
504504757293605,1,0.08205,-0.028050002,9.877951
504504757293605,4,-1.375E-4,4.125E-4,0.0015125
504504776253655,1,0.07005,-0.016050002,9.880051
504504776253653,4,-1.375E-4,4.125E-4,2.75E-4
504504795213961,1,0.079950005,-0.024,9.873
504504795213961,4,0.0011,4.125E-4,-9.625E-4
504504795368303,2,-8.94375,34.3125,-15.187501
504504814174185,1,0.07005,-0.01905,9.871051
504504814174183,4,0.0011,-8.25E-4,2.75E-4
504504833134252,1,0.060000002,-0.016050002,9.871051
504504833134250,4,0.0011,-8.25E-4,0.0015125
504504845405542,2,-8.94375,34.29375,-15.168751
504504852094552,1,0.06795,-0.01905,9.876
504504852094552,4,-1.375E-4,4.125E-4,2.75E-4
504504871054775,1,0.072000004,-0.024,9.865951
504504871054773,4,0.0011,4.125E-4,2.75E-4
504504890015081,1,0.076950006,-0.0139500005,9.883051
504504890015081,4,-1.375E-4,4.125E-4,-9.625E-4
504504895349382,2,-9.0375,34.29375,-15.13125
504504908975180,1,0.08205,-0.01905,9.873
504504908975178,4,-1.375E-4,4.125E-4,-9.625E-4
504504927935418,1,0.06795,-0.01905,9.880051
504504927935418,4,-1.375E-4,4.125E-4,0.0015125
504504945389450,2,-9.075001,34.3125,-15.056251
504504946895735,1,0.075,-0.01905,9.871051
504504946895735,4,-1.375E-4,4.125E-4,0.0015125
504504965855824,1,0.075,-0.025950002,9.876
504504965855822,4,-1.375E-4,-8.25E-4,-9.625E-4
504504984816121,1,0.072000004,-0.01905,9.868051
504504984816121,4,0.0011,-8.25E-4,-9.625E-4
504504995259786,2,-8.981251,34.29375,-15.13125
504505003776354,1,0.075,-0.016050002,9.873
504505003776352,4,-1.375E-4,4.125E-4,-9.625E-4
504505022736435,1,0.072000004,-0.025950002,9.876
504505022736433,4,-1.375E-4,4.125E-4,-9.625E-4
504505041696751,1,0.07005,-0.028050002,9.868051
504505041696751,4,-0.001375,4.125E-4,-9.625E-4
504505045310323,2,-8.962501,34.29375,-15.168751
504505060656994,1,0.072000004,-0.021000002,9.873
504505060656992,4,-1.375E-4,4.125E-4,2.75E-4
504505079617294,1,0.075,-0.024,9.883051
504505079617294,4,-1.375E-4,-8.25E-4,2.75E-4
504505095358745,2,-9.0375,34.29375,-15.1125
504505098577387,1,0.063,-0.01905,9.880051
504505098577385,4,0.0011,-8.25E-4,2.75E-4
504505117537703,1,0.060000002,-0.01905,9.871051
504505117537703,4,0.0011,4.125E-4,2.75E-4
504505136497955,1,0.058050003,-0.0139500005,9.877951
504505136497953,4,0.0011,-8.25E-4,-9.625E-4
504505145392093,2,-9.0375,34.29375,-15.13125
504505155458270,1,0.060000002,-0.016050002,9.877951
504505155458270,4,-1.375E-4,4.125E-4,2.75E-4
504505174418349,1,0.075,-0.01905,9.876
504505174418347,4,-1.375E-4,4.125E-4,2.75E-4
504505193378558,1,0.076950006,-0.01905,9.873
504505193378558,4,-1.375E-4,4.125E-4,2.75E-4
504505195445937,2,-8.981251,34.275,-15.150001
504505212338847,1,0.076950006,-0.0139500005,9.871051
504505212338847,4,0.0011,-8.25E-4,-9.625E-4
504505231299155,1,0.076950006,-0.024,9.865951
504505231299155,4,-1.375E-4,-8.25E-4,2.75E-4
504505245458601,2,-8.981251,34.275,-15.13125
504505250259223,1,0.07005,-0.025950002,9.876
504505250259221,4,-1.375E-4,4.125E-4,2.75E-4
504505269219457,1,0.076950006,-0.01905,9.876
504505269219457,4,-1.375E-4,-8.25E-4,0.0015125
504505288179769,1,0.072000004,-0.025950002,9.876
504505288179769,4,-1.375E-4,4.125E-4,2.75E-4
504505295461003,2,-9.056251,34.275,-15.075001
504505307139833,1,0.079950005,-0.016050002,9.873
504505307139831,4,-1.375E-4,4.125E-4,2.75E-4
504505326100139,1,0.072000004,-0.021000002,9.876
504505326100139,4,-1.375E-4,4.125E-4,0.0015125
504505345060381,1,0.075,-0.024,9.883051
504505345060379,4,-0.001375,4.125E-4,2.75E-4
504505345467039,2,-9.056251,34.29375,-15.13125
504505364020444,1,0.063,-0.024,9.873
504505364020442,4,-1.375E-4,4.125E-4,2.75E-4
504505382980740,1,0.06795,-0.025950002,9.873
504505382980740,4,-1.375E-4,-8.25E-4,2.75E-4
504505395464957,2,-8.981251,34.29375,-15.168751
504505401940958,1,0.075,-0.016050002,9.873
504505401940956,4,-1.375E-4,-8.25E-4,2.75E-4
504505420901269,1,0.075,-0.00705,9.868051
504505420901269,4,0.0011,-8.25E-4,-9.625E-4
504505439861338,1,0.08205,-0.024,9.871051
504505439861336,4,-1.375E-4,-8.25E-4,2.75E-4
504505445321917,2,-9.075001,34.3125,-15.1125
504505458821572,1,0.07005,-0.01905,9.873
504505458821572,4,-1.375E-4,4.125E-4,2.75E-4
504505477781885,1,0.076950006,-0.025950002,9.871051
504505477781885,4,-1.375E-4,4.125E-4,2.75E-4
504505495352671,2,-9.150001,34.331253,-15.01875
504505496742201,1,0.072000004,-0.01905,9.868051
504505496742201,4,-1.375E-4,4.125E-4,2.75E-4
504505515702266,1,0.08205,-0.0139500005,9.877951
504505515702264,4,0.0011,4.125E-4,-9.625E-4
504505534662495,1,0.07005,-0.021000002,9.876
504505534662495,4,-1.375E-4,4.125E-4,2.75E-4
504505545386038,2,-9.225,34.331253,-14.962501
504505553622803,1,0.08205,-0.01905,9.868051
504505553622803,4,0.0011,4.125E-4,2.75E-4
504505572582877,1,0.072000004,-0.016050002,9.871051
504505572582875,4,-1.375E-4,4.125E-4,2.75E-4
504505591543192,1,0.075,-0.021000002,9.871051
504505591543192,4,0.0011,4.125E-4,2.75E-4
504505595408763,2,-9.20625,34.331253,-15.01875
504505610503419,1,0.07005,-0.0139500005,9.868051
504505610503417,4,9.625E-4,2.75E-4,2.75E-4
504505629463492,1,0.07005,-0.024,9.877951
504505629463490,4,-2.75E-4,2.75E-4,-9.625E-4
504505645421911,2,-9.243751,34.331253,-15.01875
504505648423798,1,0.076950006,-0.021000002,9.868051
504505648423798,4,9.625E-4,2.75E-4,2.75E-4
504505667384050,1,0.075,-0.024,9.873
504505667384048,4,-2.75E-4,2.75E-4,2.75E-4
504505686344356,1,0.06795,-0.01905,9.871051
504505686344356,4,-2.75E-4,-9.625E-4,2.75E-4
504505695438210,2,-9.337501,34.350002,-15.000001
504505705304420,1,0.075,-0.021000002,9.877951
504505705304418,4,-2.75E-4,-9.625E-4,0.0015125
504505724264658,1,0.079950005,-0.024,9.877951
504505724264658,4,9.625E-4,2.75E-4,2.75E-4
504505743224966,1,0.075,-0.009000001,9.873
504505743224966,4,-0.0015125,2.75E-4,2.75E-4
504505745272843,2,-9.337501,34.350002,-15.000001
504505762185040,1,0.06795,-0.01905,9.864
504505762185038,4,-2.75E-4,-9.625E-4,2.75E-4
504505781145346,1,0.064950004,-0.009000001,9.871051
504505781145346,4,-2.75E-4,2.75E-4,-9.625E-4
504505795312985,2,-9.262501,34.350002,-15.01875
504505800105593,1,0.075,-0.012,9.877951
504505800105591,4,-0.0015125,-9.625E-4,2.75E-4
504505819065898,1,0.075,-0.0139500005,9.880051
504505819065898,4,-2.75E-4,2.75E-4,-9.625E-4
504505838025987,1,0.079950005,-0.021000002,9.871051
504505838025985,4,-2.75E-4,-9.625E-4,2.75E-4
504505845354514,2,-9.243751,34.350002,-15.0375
504505856986216,1,0.072000004,-0.0139500005,9.873
504505856986216,4,9.625E-4,2.75E-4,2.75E-4
504505875946514,1,0.079950005,-0.024,9.873
504505875946514,4,-2.75E-4,2.75E-4,-9.625E-4
504505894906588,1,0.076950006,-0.016050002,9.868051
504505894906586,4,-2.75E-4,2.75E-4,-9.625E-4
504505895361406,2,-9.31875,34.36875,-15.01875
504505913866895,1,0.063,-0.0139500005,9.871051
504505913866895,4,9.625E-4,-9.625E-4,-9.625E-4
504505932827131,1,0.072000004,-0.012,9.868051
504505932827129,4,-2.75E-4,2.75E-4,2.75E-4
504505945396197,2,-9.31875,34.36875,-14.981251
504505951787447,1,0.072000004,-0.016050002,9.876
504505951787447,4,9.625E-4,2.75E-4,2.75E-4
504505970747516,1,0.072000004,-0.0139500005,9.868051
504505970747514,4,-2.75E-4,2.75E-4,2.75E-4
504505989707822,1,0.079950005,-0.024,9.880051
504505989707822,4,-2.75E-4,2.75E-4,-9.625E-4
504505995242778,2,-9.337501,34.350002,-14.962501
504506008668045,1,0.07005,-0.025950002,9.877951
504506008668043,4,9.625E-4,2.75E-4,2.75E-4
504506027628132,1,0.076950006,-0.024,9.876
504506027628130,4,-0.0015125,2.75E-4,-9.625E-4
504506045295174,2,-9.337501,34.350002,-14.94375
504506046588437,1,0.07005,-0.009000001,9.877951
504506046588437,4,9.625E-4,2.75E-4,2.75E-4
504506065548674,1,0.076950006,-0.021000002,9.873
504506065548672,4,-2.75E-4,-9.625E-4,-9.625E-4
504506084508971,1,0.079950005,-0.012,9.868051
504506084508971,4,9.625E-4,-9.625E-4,2.75E-4
504506095346011,2,-9.431251,34.36875,-14.906251
504506103469065,1,0.079950005,-0.0139500005,9.876
504506103469063,4,-2.75E-4,2.75E-4,2.75E-4
504506122429280,1,0.08205,-0.016050002,9.873
504506122429280,4,-2.75E-4,2.75E-4,2.75E-4
504506141389587,1,0.076950006,-0.0139500005,9.871051
504506141389587,4,9.625E-4,2.75E-4,2.75E-4
504506145381851,2,-9.337501,34.350002,-14.962501
504506160349666,1,0.076950006,-0.0139500005,9.876
504506160349664,4,-2.75E-4,2.75E-4,2.75E-4
504506179309986,1,0.075,-0.0139500005,9.876
504506179309986,4,-2.75E-4,2.75E-4,2.75E-4
504506195415699,2,-9.28125,34.350002,-15.01875
504506198270219,1,0.075,-0.01905,9.876
504506198270217,4,9.625E-4,-9.625E-4,2.75E-4
504506217230530,1,0.07005,-0.01905,9.873
504506217230530,4,9.625E-4,2.75E-4,2.75E-4
504506236190613,1,0.064950004,-0.016050002,9.873
504506236190611,4,-2.75E-4,2.75E-4,2.75E-4
504506245435853,2,-9.31875,34.331253,-15.01875
504506255150833,1,0.064950004,-0.01905,9.877951
504506255150833,4,-2.75E-4,2.75E-4,2.75E-4
504506274111140,1,0.072000004,-0.021000002,9.877951
504506274111140,4,-2.75E-4,2.75E-4,0.0015125
504506293071233,1,0.075,-0.016050002,9.873
504506293071231,4,9.625E-4,2.75E-4,2.75E-4
504506295444731,2,-9.4125,34.350002,-15.000001
504506312031539,1,0.075,-0.021000002,9.877951
504506312031539,4,9.625E-4,2.75E-4,0.0015125
504506330991767,1,0.079950005,-0.033,9.876
504506330991765,4,9.625E-4,-9.625E-4,2.75E-4
504506345456092,2,-9.431251,34.36875,-15.01875
504506349952059,1,0.072000004,-0.0139500005,9.876
504506349952059,4,-2.75E-4,-9.625E-4,-9.625E-4
504506368912148,1,0.075,-0.016050002,9.871051
504506368912146,4,-2.75E-4,2.75E-4,-9.625E-4
504506387872380,1,0.076950006,-0.01905,9.877951
504506387872380,4,-2.75E-4,2.75E-4,-9.625E-4
504506395458348,2,-9.450001,34.3875,-14.981251
504506406832698,1,0.072000004,-0.01905,9.873
504506406832698,4,-2.75E-4,2.75E-4,2.75E-4
504506425793006,1,0.07005,-0.012,9.873
504506425793006,4,9.625E-4,2.75E-4,2.75E-4
504506444753070,1,0.075,-0.01905,9.877951
504506444753068,4,-2.75E-4,2.75E-4,2.75E-4
504506445374872,2,-9.450001,34.3875,-14.981251
504506463713366,1,0.075,-0.021000002,9.877951
504506463713366,4,-0.0015125,-9.625E-4,-9.625E-4
504506482673599,1,0.079950005,-0.024,9.871051
504506482673597,4,-2.75E-4,2.75E-4,2.75E-4
504506495394780,2,-9.543751,34.36875,-14.94375
504506501633895,1,0.076950006,-0.01905,9.871051
504506501633895,4,-2.75E-4,2.75E-4,-9.625E-4
504506520593911,1,0.072000004,-0.0139500005,9.877951
504506520593909,4,-2.75E-4,2.75E-4,-9.625E-4
504506539554217,1,0.079950005,-0.024,9.876
504506539554217,4,-2.75E-4,-9.625E-4,2.75E-4
504506545231055,2,-9.5625,34.3875,-14.925
504506558514520,1,0.07005,-0.016050002,9.873
504506558514520,4,9.625E-4,2.75E-4,2.75E-4
504506577474594,1,0.079950005,-0.009000001,9.873
504506577474592,4,9.625E-4,2.75E-4,2.75E-4
504506595288238,2,-9.50625,34.36875,-14.981251
504506596434842,1,0.075,-0.016050002,9.873
504506596434842,4,-2.75E-4,2.75E-4,2.75E-4
504506615395164,1,0.076950006,-0.01905,9.877951
504506615395164,4,-0.0015125,2.75E-4,2.75E-4
504506634355253,1,0.06795,-0.01905,9.876
504506634355251,4,-2.75E-4,2.75E-4,-9.625E-4
504506645332780,2,-9.50625,34.36875,-15.000001
504506653315559,1,0.06795,-0.016050002,9.871051
504506653315559,4,-2.75E-4,2.75E-4,2.75E-4
504506672275771,1,0.072000004,-0.016050002,9.868051
504506672275769,4,9.625E-4,-9.625E-4,2.75E-4
504506691236076,1,0.06795,-0.01905,9.876
504506691236076,4,-2.75E-4,2.75E-4,-9.625E-4
504506695375928,2,-9.6,34.3875,-14.925
504506710196160,1,0.06795,-0.016050002,9.883051
504506710196158,4,-2.75E-4,2.75E-4,2.75E-4
504506729156399,1,0.075,-0.01905,9.877951
504506729156399,4,-2.75E-4,2.75E-4,2.75E-4
504506745405178,2,-9.675,34.40625,-14.887501
504506748116706,1,0.064950004,-0.024,9.873
504506748116706,4,9.625E-4,2.75E-4,-9.625E-4
504506767076776,1,0.075,-0.021000002,9.877951
504506767076774,4,9.625E-4,2.75E-4,2.75E-4
504506786037087,1,0.075,-0.021000002,9.877951
504506786037087,4,-2.75E-4,-9.625E-4,2.75E-4
504506795422217,2,-9.65625,34.425003,-14.925
504506804997304,1,0.076950006,-0.025950002,9.871051
504506804997302,4,-0.0015125,2.75E-4,2.75E-4
504506823957605,1,0.075,-0.0139500005,9.871051
504506823957605,4,-2.75E-4,2.75E-4,2.75E-4
504506842917679,1,0.076950006,-0.012,9.876
504506842917677,4,-2.75E-4,2.75E-4,2.75E-4
504506845440543,2,-9.65625,34.40625,-14.906251
504506861877918,1,0.064950004,-0.021000002,9.876
504506861877918,4,9.625E-4,2.75E-4,2.75E-4
504506880838240,1,0.072000004,-0.01905,9.876
504506880838240,4,-2.75E-4,2.75E-4,2.75E-4
504506895448433,2,-9.76875,34.425003,-14.887501
504506899798324,1,0.063,-0.01905,9.873
504506899798322,4,9.625E-4,2.75E-4,2.75E-4
504506918758629,1,0.07005,-0.016050002,9.876
504506918758629,4,-2.75E-4,2.75E-4,2.75E-4
504506937718862,1,0.07005,-0.025950002,9.873
504506937718860,4,-2.75E-4,2.75E-4,2.75E-4
504506945459257,2,-9.69375,34.425003,-14.962501
504506956679179,1,0.08205,-0.016050002,9.877951
504506956679179,4,-2.75E-4,2.75E-4,-9.625E-4
504506975639258,1,0.072000004,-0.025950002,9.876
504506975639256,4,9.625E-4,-9.625E-4,2.75E-4
504506994599559,1,0.079950005,-0.025950002,9.864
504506994599559,4,9.625E-4,-9.625E-4,-9.625E-4
504506995326365,2,-9.58125,34.40625,-15.0375
504507013559776,1,0.07005,-0.01905,9.876
504507013559774,4,-0.0015125,2.75E-4,2.75E-4
504507032520068,1,0.075,-0.012,9.873
504507032520068,4,-2.75E-4,2.75E-4,2.75E-4
504507045353231,2,-9.50625,34.40625,-15.093751
504507051480132,1,0.076950006,-0.0139500005,9.876
504507051480130,4,9.625E-4,-9.625E-4,-9.625E-4
504507070440371,1,0.07005,-0.01905,9.871051
504507070440371,4,-2.75E-4,2.75E-4,2.75E-4
504507089400669,1,0.076950006,-0.009000001,9.871051
504507089400669,4,-2.75E-4,-9.625E-4,2.75E-4
504507095383332,2,-9.5625,34.40625,-15.056251
504507108360772,1,0.075,-0.0139500005,9.871051
504507108360770,4,-2.75E-4,2.75E-4,0.0015125
504507127321005,1,0.076950006,-0.031050002,9.871051
504507127321005,4,9.625E-4,-9.625E-4,2.75E-4
504507145403128,2,-9.543751,34.40625,-15.1125
504507146281294,1,0.08205,-0.0139500005,9.873
504507146281294,4,-2.75E-4,2.75E-4,-9.625E-4
504507165241353,1,0.079950005,-0.024,9.876
504507165241351,4,-2.75E-4,-9.625E-4,2.75E-4
504507184201654,1,0.076950006,-0.024,9.877951
504507184201654,4,9.625E-4,2.75E-4,2.75E-4
504507195425053,2,-9.543751,34.40625,-15.056251
504507203161878,1,0.072000004,-0.024,9.871051
504507203161876,4,-2.75E-4,-9.625E-4,2.75E-4
504507222122183,1,0.06795,-0.025950002,9.880051
504507222122183,4,-2.75E-4,2.75E-4,2.75E-4
504507241082262,1,0.07005,-0.016050002,9.871051
504507241082260,4,-0.0015125,2.75E-4,2.75E-4
504507245436893,2,-9.543751,34.40625,-15.0375
504507260042577,1,0.060000002,-0.021000002,9.868051
504507260042577,4,-2.75E-4,2.75E-4,-9.625E-4
504507279002825,1,0.072000004,-0.016050002,9.877951
504507279002823,4,9.625E-4,-9.625E-4,-9.625E-4
504507295440542,2,-9.65625,34.425003,-15.0375
504507297962902,1,0.064950004,-0.021000002,9.873
504507297962900,4,9.625E-4,-9.625E-4,-9.625E-4
504507316923227,1,0.06795,-0.01905,9.873
504507316923227,4,-2.75E-4,2.75E-4,2.75E-4
504507335883474,1,0.06795,-0.009000001,9.868051
504507335883472,4,-2.75E-4,2.75E-4,2.75E-4
504507345448972,2,-9.675,34.425003,-14.981251
504507354843541,1,0.076950006,-0.025950002,9.873
504507354843539,4,9.625E-4,-9.625E-4,-9.625E-4
504507373804087,1,0.060000002,-0.031050002,9.871051
504507373804087,4,-2.75E-4,-9.625E-4,2.75E-4
504507392764152,1,0.072000004,-0.016050002,9.877951
504507392764150,4,9.625E-4,2.75E-4,-9.625E-4
504507395449843,2,-9.618751,34.425003,-15.000001
504507411724376,1,0.06795,-0.025950002,9.883051
504507411724376,4,-2.75E-4,2.75E-4,0.0015125
504507430684464,1,0.06795,-0.01905,9.880051
504507430684462,4,9.625E-4,2.75E-4,2.75E-4
504507445422491,2,-9.6,34.425003,-15.056251
504507449644769,1,0.072000004,-0.028050002,9.873
504507449644769,4,-2.75E-4,2.75E-4,0.0015125
504507468604993,1,0.072000004,-0.016050002,9.871051
504507468604991,4,-0.0015125,2.75E-4,2.75E-4
504507487565313,1,0.06795,-0.024,9.865951
504507487565313,4,-2.75E-4,2.75E-4,2.75E-4
504507495429923,2,-9.6,34.425003,-15.0375
504507506525397,1,0.07005,-0.021000002,9.880051
504507506525395,4,9.625E-4,2.75E-4,-9.625E-4
504507525485708,1,0.072000004,-0.0139500005,9.883051
504507525485708,4,-2.75E-4,-9.625E-4,2.75E-4
504507544445931,1,0.075,-0.01905,9.873
504507544445929,4,0.0011,-9.625E-4,1.375E-4
504507545255417,2,-9.637501,34.425003,-15.01875
504507563406018,1,0.072000004,-0.01905,9.876
504507563406016,4,-1.375E-4,2.75E-4,1.375E-4
504507582366308,1,0.06795,-0.024,9.880051
504507582366308,4,-1.375E-4,2.75E-4,0.001375
504507595303921,2,-9.5625,34.425003,-15.000001
504507601326541,1,0.072000004,-0.021000002,9.873
504507601326539,4,0.0011,-9.625E-4,-0.0011
504507620286847,1,0.075,-0.021000002,9.868051
504507620286847,4,0.0011,-9.625E-4,-0.0011
504507639247155,1,0.072000004,-0.01905,9.873
504507639247155,4,-1.375E-4,2.75E-4,1.375E-4
504507645341752,2,-9.5625,34.425003,-14.981251
504507658207242,1,0.07005,-0.016050002,9.873
504507658207240,4,-1.375E-4,-9.625E-4,1.375E-4
504507677167471,1,0.075,-0.028050002,9.880051
504507677167471,4,0.0011,-9.625E-4,1.375E-4
504507695379980,2,-9.65625,34.443752,-14.906251
504507696127779,1,0.075,-0.024,9.868051
504507696127779,4,0.0011,2.75E-4,1.375E-4
504507715087858,1,0.064950004,-0.024,9.873
504507715087856,4,-1.375E-4,2.75E-4,1.375E-4
504507734048087,1,0.072000004,-0.016050002,9.871051
504507734048087,4,-0.001375,2.75E-4,-0.0011
504507745405671,2,-9.65625,34.443752,-14.887501
504507753008395,1,0.07005,-0.025950002,9.877951
504507753008395,4,-1.375E-4,2.75E-4,1.375E-4
504507771968697,1,0.064950004,-0.01905,9.880051
504507771968697,4,-1.375E-4,2.75E-4,1.375E-4
504507790928781,1,0.06795,-0.01905,9.880051
504507790928779,4,-1.375E-4,2.75E-4,1.375E-4
504507795420509,2,-9.5625,34.425003,-14.925
504507809888990,1,0.075,-0.025950002,9.868051
504507809888990,4,-1.375E-4,-9.625E-4,-0.0011
504507828849298,1,0.072000004,-0.01905,9.868051
504507828849298,4,0.0011,-9.625E-4,-0.0011
504507845437504,2,-9.5625,34.40625,-14.906251
504507847809382,1,0.079950005,-0.021000002,9.873
504507847809380,4,-1.375E-4,2.75E-4,1.375E-4
504507866769620,1,0.079950005,-0.016050002,9.876
504507866769620,4,-1.375E-4,2.75E-4,1.375E-4
504507885729937,1,0.06795,-0.01905,9.873
504507885729937,4,-1.375E-4,-9.625E-4,-0.0011
504507895444826,2,-9.543751,34.3875,-14.925
504507904690025,1,0.079950005,-0.01905,9.871051
504507904690023,4,0.0011,2.75E-4,-0.0011
504507923650322,1,0.064950004,-0.01905,9.871051
504507923650322,4,-1.375E-4,2.75E-4,1.375E-4
504507942610545,1,0.063,-0.0139500005,9.871051
504507942610543,4,-0.001375,2.75E-4,1.375E-4
504507945455582,2,-9.58125,34.40625,-14.925
504507961570622,1,0.075,-0.025950002,9.871051
504507961570620,4,-1.375E-4,2.75E-4,-0.0011
504507980530919,1,0.075,-0.0139500005,9.861
504507980530919,4,-1.375E-4,-9.625E-4,1.375E-4
504507995379202,2,-9.46875,34.3875,-14.94375
504507999491226,1,0.079950005,-0.01905,9.876
504507999491226,4,0.0011,-9.625E-4,1.375E-4
504508018451463,1,0.08205,-0.016050002,9.873
504508018451461,4,-1.375E-4,-9.625E-4,-0.0011
504508037411779,1,0.06795,-0.021000002,9.880051
504508037411779,4,0.0011,2.75E-4,1.375E-4
504508045393500,2,-9.46875,34.36875,-14.94375
504508056371848,1,0.064950004,-0.021000002,9.868051
504508056371846,4,-1.375E-4,2.75E-4,1.375E-4
504508075332072,1,0.07005,-0.024,9.871051
504508075332072,4,0.0011,-9.625E-4,-0.0011
504508094292390,1,0.08205,-0.021000002,9.864
504508094292390,4,-1.375E-4,-9.625E-4,1.375E-4
504508095292570,2,-9.525001,34.3875,-14.94375
504508113252459,1,0.076950006,-0.021000002,9.871051
504508113252457,4,0.0011,2.75E-4,-0.0011
504508132212775,1,0.076950006,-0.025950002,9.865951
504508132212775,4,-1.375E-4,2.75E-4,1.375E-4
504508145330830,2,-9.543751,34.3875,-14.887501
504508151172993,1,0.06795,-0.016050002,9.876
504508151172991,4,-1.375E-4,2.75E-4,1.375E-4
504508170133070,1,0.06795,-0.016050002,9.868051
504508170133068,4,-1.375E-4,2.75E-4,1.375E-4
504508189093376,1,0.063,-0.00705,9.873
504508189093376,4,-1.375E-4,2.75E-4,1.375E-4
504508195370220,2,-9.50625,34.36875,-14.887501
504508208053683,1,0.07005,-0.021000002,9.868051
504508208053683,4,0.0011,-9.625E-4,1.375E-4
504508227013926,1,0.06795,-0.0139500005,9.871051
504508227013924,4,-1.375E-4,-9.625E-4,1.375E-4
504508245397518,2,-9.4125,34.36875,-14.94375
504508245974232,1,0.06795,-0.0139500005,9.877951
504508245974232,4,-1.375E-4,2.75E-4,-0.0011
504508264934310,1,0.07005,-0.024,9.876
504508264934308,4,-0.001375,2.75E-4,1.375E-4
504508283894530,1,0.072000004,-0.01905,9.873
504508283894530,4,-1.375E-4,-9.625E-4,1.375E-4
504508295413916,2,-9.46875,34.36875,-14.906251
504508302854604,1,0.072000004,-0.025950002,9.876
504508302854602,4,-1.375E-4,2.75E-4,1.375E-4
504508321814909,1,0.075,-0.024,9.871051
504508321814909,4,-0.001375,2.75E-4,1.375E-4
504508340775151,1,0.07005,-0.01905,9.868051
504508340775149,4,-1.375E-4,2.75E-4,-0.0011
504508345432535,2,-9.50625,34.36875,-14.925
504508359735457,1,0.06795,-0.025950002,9.885
504508359735457,4,-1.375E-4,2.75E-4,-0.0011
504508378695526,1,0.07005,-0.0139500005,9.877951
504508378695524,4,-0.001375,2.75E-4,1.375E-4
504508395441204,2,-9.4125,34.331253,-14.906251
504508397655841,1,0.064950004,-0.016050002,9.876
504508397655841,4,-1.375E-4,2.75E-4,1.375E-4
504508416616064,1,0.075,-0.024,9.877951
504508416616062,4,-1.375E-4,2.75E-4,0.001375
504508435576370,1,0.076950006,-0.012,9.876
504508435576370,4,-1.375E-4,2.75E-4,1.375E-4
504508445453106,2,-9.356251,34.331253,-14.887501
504508454536453,1,0.072000004,-0.021000002,9.876
504508454536451,4,-1.375E-4,2.75E-4,1.375E-4
504508473496682,1,0.075,-0.0139500005,9.873
504508473496682,4,-1.375E-4,2.75E-4,1.375E-4
504508492456981,1,0.075,-0.021000002,9.877951
504508492456981,4,-1.375E-4,-9.625E-4,1.375E-4
504508495456375,2,-9.50625,34.350002,-14.812501
504508511417069,1,0.072000004,-0.01905,9.873
504508511417067,4,-1.375E-4,2.75E-4,1.375E-4
504508530377384,1,0.08400001,-0.01905,9.868051
504508530377384,4,-1.375E-4,2.75E-4,1.375E-4
504508545318037,2,-9.525001,34.331253,-14.812501
504508549337626,1,0.076950006,-0.016050002,9.877951
504508549337624,4,-1.375E-4,2.75E-4,-0.0011
504508568297703,1,0.07005,-0.01905,9.876
504508568297701,4,0.0011,2.75E-4,-0.0011
504508587258009,1,0.075,-0.01905,9.876
504508587258009,4,-1.375E-4,2.75E-4,1.375E-4
504508595352489,2,-9.431251,34.331253,-14.85
504508606218233,1,0.087000005,-0.021000002,9.868051
504508606218231,4,0.0011,2.75E-4,1.375E-4
504508625178538,1,0.06795,-0.021000002,9.877951
504508625178538,4,-1.375E-4,-9.625E-4,1.375E-4
504508644138632,1,0.07005,-0.025950002,9.873
504508644138630,4,-1.375E-4,2.75E-4,1.375E-4
504508645214348,2,-9.431251,34.331253,-14.83125
504508663098928,1,0.05595,-0.016050002,9.880051
504508663098928,4,-1.375E-4,0.001375,1.375E-4
504508682059161,1,0.060000002,-0.01905,9.868051
504508682059159,4,-1.375E-4,2.75E-4,1.375E-4
504508695279619,2,-9.431251,34.331253,-14.868751
504508701019477,1,0.064950004,-0.01905,9.873
504508701019477,4,0.0011,-9.625E-4,-0.0011
504508719979565,1,0.075,-0.0139500005,9.873
504508719979563,4,-1.375E-4,-9.625E-4,1.375E-4
504508738939870,1,0.064950004,-0.024,9.871051
504508738939870,4,-1.375E-4,2.75E-4,1.375E-4
504508745330433,2,-9.46875,34.331253,-14.868751
504508757900113,1,0.075,-0.016050002,9.868051
504508757900111,4,-1.375E-4,-9.625E-4,-0.0011
504508776860190,1,0.072000004,-0.01905,9.865951
504508776860188,4,-1.375E-4,2.75E-4,-0.0011
504508795820496,1,0.075,-0.016050002,9.876
504508795820496,4,-1.375E-4,-9.625E-4,1.375E-4
504508795367035,2,-9.431251,34.331253,-14.85
504508814780719,1,0.064950004,-0.028050002,9.876
504508814780717,4,0.0011,-9.625E-4,1.375E-4
504508833741016,1,0.076950006,-0.01905,9.877951
504508833741016,4,0.0011,-9.625E-4,1.375E-4
504508845402108,2,-9.525001,34.331253,-14.85
504508852701109,1,0.072000004,-0.01905,9.871051
504508852701107,4,-1.375E-4,2.75E-4,1.375E-4
504508871661414,1,0.075,-0.025950002,9.873
504508871661414,4,-1.375E-4,2.75E-4,1.375E-4
504508890621647,1,0.079950005,-0.0139500005,9.871051
504508890621645,4,-1.375E-4,2.75E-4,-0.0011
504508895423604,2,-9.618751,34.350002,-14.775001
504508909581734,1,0.07005,-0.025950002,9.880051
504508909581732,4,-1.375E-4,-9.625E-4,1.375E-4
504508928542040,1,0.072000004,-0.01905,9.873
504508928542040,4,-1.375E-4,-9.625E-4,0.001375
504508945445117,2,-9.637501,34.331253,-14.7375
504508947502346,1,0.064950004,-0.01905,9.868051
504508947502346,4,-1.375E-4,2.75E-4,1.375E-4
504508966462575,1,0.072000004,-0.021000002,9.873
504508966462573,4,-0.001375,2.75E-4,1.375E-4
504508985422871,1,0.07005,-0.01905,9.871051
504508985422871,4,0.0011,2.75E-4,1.375E-4
504508995432585,2,-9.543751,34.350002,-14.85
504509004382926,1,0.072000004,-0.01905,9.877951
504509004382924,4,0.0011,-9.625E-4,1.375E-4
504509023343222,1,0.076950006,-0.024,9.877951
504509023343222,4,-1.375E-4,2.75E-4,-0.0011
504509042303200,1,0.076950006,-0.021000002,9.876
504509042303198,4,-1.375E-4,-9.625E-4,1.375E-4
504509045438713,2,-9.4875,34.331253,-14.868751
504509061263520,1,0.063,-0.016050002,9.873
504509061263520,4,-1.375E-4,2.75E-4,1.375E-4
504509080223750,1,0.07005,-0.024,9.873
504509080223750,4,-1.375E-4,0.001375,1.375E-4
504509095273860,2,-9.58125,34.331253,-14.85
504509099184058,1,0.075,-0.016050002,9.873
504509099184058,4,-1.375E-4,2.75E-4,1.375E-4
504509118144147,1,0.08205,-0.01905,9.877951
504509118144145,4,-1.375E-4,2.75E-4,1.375E-4
504509137104448,1,0.07005,-0.016050002,9.868051
504509137104448,4,-1.375E-4,-9.625E-4,1.375E-4
504509145316604,2,-9.6,34.350002,-14.868751
504509156064671,1,0.072000004,-0.01905,9.883051
504509156064669,4,-1.375E-4,-9.625E-4,-0.0011
504509175024763,1,0.075,-0.01905,9.873
504509175024761,4,-0.001375,2.75E-4,1.375E-4
504509193985058,1,0.076950006,-0.0139500005,9.877951
504509193985058,4,-1.375E-4,2.75E-4,-0.0011
504509195185669,2,-9.50625,34.331253,-14.925
504509212945281,1,0.072000004,-0.021000002,9.876
504509212945279,4,-1.375E-4,-9.625E-4,1.375E-4
504509231905572,1,0.072000004,-0.025950002,9.880051
504509231905572,4,0.0011,2.75E-4,1.375E-4
504509245256774,2,-9.431251,34.331253,-14.962501
504509250865661,1,0.075,-0.01905,9.873
504509250865659,4,-1.375E-4,-9.625E-4,1.375E-4
504509269825981,1,0.075,-0.024,9.876
504509269825981,4,0.0011,2.75E-4,1.375E-4
504509288786223,1,0.060000002,-0.01905,9.876
504509288786221,4,-1.375E-4,2.75E-4,1.375E-4
504509295312048,2,-9.543751,34.350002,-14.94375
504509307746524,1,0.072000004,-0.028050002,9.873
504509307746524,4,0.0011,-9.625E-4,1.375E-4
504509326706627,1,0.076950006,-0.031050002,9.877951
504509326706625,4,-1.375E-4,2.75E-4,-0.0011
504509345666909,1,0.079950005,-0.021000002,9.873
504509345666909,4,-1.375E-4,-9.625E-4,1.375E-4
504509345363289,2,-9.5625,34.350002,-14.94375
504509364627142,1,0.08205,-0.00705,9.871051
504509364627140,4,-1.375E-4,2.75E-4,1.375E-4
504509383587233,1,0.060000002,-0.025950002,9.877951
504509383587231,4,0.0011,2.75E-4,-0.0011
504509395398040,2,-9.4875,34.36875,-15.01875
504509402547538,1,0.060000002,-0.016050002,9.876
504509402547538,4,-1.375E-4,2.75E-4,1.375E-4
504509421507761,1,0.06795,-0.016050002,9.873
504509421507759,4,-1.375E-4,2.75E-4,1.375E-4
504509440468067,1,0.06795,-0.01905,9.876
504509440468067,4,-1.375E-4,-9.625E-4,1.375E-4
504509445429846,2,-9.450001,34.36875,-15.056251
504509459428117,1,0.064950004,-0.012,9.868051
504509459428115,4,-0.001375,2.75E-4,-0.0011
504509478388356,1,0.072000004,-0.01905,9.873
504509478388356,4,8.25E-4,2.75E-4,1.375E-4
504509495447607,2,-9.543751,34.3875,-15.01875
504509497348673,1,0.075,-0.0139500005,9.873
504509497348673,4,-0.0015125,2.75E-4,-0.0011
504509516308762,1,0.06795,-0.024,9.876
504509516308760,4,-2.75E-4,-9.625E-4,0.001375
504509535269068,1,0.06795,-0.01905,9.873
504509535269068,4,-2.75E-4,2.75E-4,-0.0011
504509545375227,2,-9.58125,34.40625,-15.01875
504509554229291,1,0.075,-0.016050002,9.876
504509554229289,4,-2.75E-4,-9.625E-4,1.375E-4
504509573189597,1,0.07005,-0.01905,9.883051
504509573189597,4,-2.75E-4,2.75E-4,-0.0011
504509592149705,1,0.076950006,-0.025950002,9.868051
504509592149703,4,-2.75E-4,2.75E-4,1.375E-4
504509595402601,2,-9.50625,34.425003,-15.0375
504509611109991,1,0.076950006,-0.0139500005,9.873
504509611109991,4,8.25E-4,-9.625E-4,1.375E-4
504509630070224,1,0.058050003,-0.01905,9.876
504509630070222,4,8.25E-4,2.75E-4,1.375E-4
504509645263791,2,-9.46875,34.40625,-15.093751
504509649030301,1,0.063,-0.033,9.873
504509649030299,4,-2.75E-4,2.75E-4,1.375E-4
504509667990592,1,0.076950006,-0.028050002,9.873
504509667990592,4,-2.75E-4,2.75E-4,1.375E-4
504509686950890,1,0.07005,-0.01905,9.877951
504509686950890,4,8.25E-4,-9.625E-4,1.375E-4
504509695318599,2,-9.525001,34.425003,-15.1125
504509705911118,1,0.064950004,-0.028050002,9.871051
504509705911116,4,-2.75E-4,2.75E-4,-0.0011
504509724871199,1,0.064950004,-0.0139500005,9.868051
504509724871197,4,8.25E-4,-9.625E-4,-0.0011
504509743831496,1,0.072000004,-0.012,9.873
504509743831496,4,8.25E-4,2.75E-4,1.375E-4
504509745185390,2,-9.58125,34.425003,-15.093751
504509762791719,1,0.07005,-0.016050002,9.873
504509762791717,4,-2.75E-4,2.75E-4,1.375E-4
504509781751796,1,0.075,-0.016050002,9.871051
504509781751794,4,-2.75E-4,2.75E-4,1.375E-4
504509795254120,2,-9.4875,34.425003,-15.150001
504509800712092,1,0.075,-0.024,9.883051
504509800712092,4,-2.75E-4,2.75E-4,1.375E-4
504509819672409,1,0.072000004,-0.025950002,9.876
504509819672409,4,-2.75E-4,0.0015125,-0.0011
504509838632627,1,0.075,-0.016050002,9.877951
504509838632625,4,8.25E-4,-9.625E-4,1.375E-4
504509845318437,2,-9.450001,34.443752,-15.13125
504509857592690,1,0.06795,-0.021000002,9.873
504509857592688,4,8.25E-4,-9.625E-4,0.001375
504509876552996,1,0.063,-0.016050002,9.876
504509876552996,4,8.25E-4,-9.625E-4,1.375E-4
504509895513229,1,0.060000002,-0.024,9.877951
504509895513227,4,8.25E-4,2.75E-4,1.375E-4
504509895364983,2,-9.525001,34.4625,-15.13125
504509914473534,1,0.07005,-0.016050002,9.880051
504509914473534,4,8.25E-4,-9.625E-4,1.375E-4
504509933433589,1,0.075,-0.021000002,9.880051
504509933433587,4,8.25E-4,-9.625E-4,1.375E-4
504509945406973,2,-9.6,34.4625,-15.1125
504509952393895,1,0.060000002,-0.024,9.876
504509952393895,4,8.25E-4,2.75E-4,1.375E-4
504509971354138,1,0.063,-0.021000002,9.876
504509971354136,4,-2.75E-4,-9.625E-4,1.375E-4
504509990314229,1,0.06795,-0.024,9.873
504509990314227,4,-0.0015125,2.75E-4,-0.0011
504509995432943,2,-9.450001,34.4625,-15.225
504510009274535,1,0.06795,-0.024,9.877951
504510009274535,4,8.25E-4,-9.625E-4,1.375E-4
504510028234768,1,0.063,-0.01905,9.876
504510028234766,4,-2.75E-4,-9.625E-4,1.375E-4
504510045445711,2,-9.39375,34.48125,-15.262501
504510047195073,1,0.072000004,-0.01905,9.880051
504510047195073,4,-2.75E-4,-9.625E-4,0.001375
504510066155152,1,0.064950004,-0.016050002,9.876
504510066155150,4,8.25E-4,2.75E-4,1.375E-4
504510085115467,1,0.076950006,-0.016050002,9.873
504510085115467,4,-2.75E-4,-9.625E-4,-0.0011
504510095313120,2,-9.46875,34.518753,-15.20625
504510104075691,1,0.072000004,-0.01905,9.877951
504510104075689,4,-2.75E-4,-9.625E-4,1.375E-4
504510123035997,1,0.076950006,-0.016050002,9.877951
504510123035997,4,-2.75E-4,2.75E-4,1.375E-4
504510141996075,1,0.06795,-0.024,9.873
504510141996073,4,8.25E-4,-9.625E-4,0.001375
504510145350618,2,-9.50625,34.518753,-15.187501
504510160956284,1,0.072000004,-0.025950002,9.871051
504510160956284,4,8.25E-4,2.75E-4,-0.0011
504510179916592,1,0.076950006,-0.024,9.873
504510179916592,4,8.25E-4,2.75E-4,-0.0011
504510195237966,2,-9.4125,34.537502,-15.281251
504510198876681,1,0.075,-0.025950002,9.871051
504510198876679,4,-2.75E-4,-9.625E-4,1.375E-4
504510217837001,1,0.08400001,-0.01905,9.880051
504510217837001,4,-2.75E-4,-9.625E-4,1.375E-4
504510236797244,1,0.075,-0.021000002,9.876
504510236797242,4,-2.75E-4,-9.625E-4,-0.0011
504510245297343,2,-9.375,34.537502,-15.3
504510255757539,1,0.07005,-0.021000002,9.873
504510255757539,4,-2.75E-4,2.75E-4,1.375E-4
504510274717613,1,0.063,-0.016050002,9.873
504510274717611,4,-2.75E-4,-9.625E-4,1.375E-4
504510293677852,1,0.06795,-0.024,9.876
504510293677852,4,8.25E-4,-9.625E-4,1.375E-4
504510295167770,2,-9.39375,34.537502,-15.31875
504510312638150,1,0.075,-0.024,9.877951
504510312638150,4,-0.0015125,0.0015125,1.375E-4
504510331598229,1,0.064950004,-0.024,9.880051
504510331598227,4,-2.75E-4,2.75E-4,1.375E-4
504510345250378,2,-9.31875,34.537502,-15.356251
504510350558540,1,0.075,-0.021000002,9.876
504510350558540,4,8.25E-4,-9.625E-4,0.001375
504510369518772,1,0.079950005,-0.025950002,9.873
504510369518770,4,8.25E-4,-9.625E-4,1.375E-4
504510388479078,1,0.072000004,-0.025950002,9.873
504510388479078,4,-2.75E-4,2.75E-4,1.375E-4
504510395313968,2,-9.262501,34.518753,-15.4125
504510407439171,1,0.076950006,-0.016050002,9.876
504510407439169,4,-2.75E-4,2.75E-4,-0.0011
504510426399477,1,0.072000004,-0.024,9.876
504510426399477,4,-2.75E-4,-9.625E-4,-0.0011
504510445359814,1,0.07005,-0.016050002,9.876
504510445359814,4,-0.0015125,2.75E-4,1.375E-4
504510445370702,2,-9.20625,34.537502,-15.431251
504510464319816,1,0.075,-0.024,9.873
504510464319814,4,-2.75E-4,0.0015125,0.001375
504510483280121,1,0.076950006,-0.021000002,9.877951
504510483280121,4,8.25E-4,2.75E-4,-0.0011
504510495408892,2,-9.3,34.537502,-15.337501
504510502240443,1,0.06795,-0.016050002,9.876
504510502240443,4,-2.75E-4,-9.625E-4,1.375E-4
504510521200667,1,0.058050003,-0.012,9.880051
504510521200665,4,-2.75E-4,-9.625E-4,1.375E-4
504510540160753,1,0.072000004,-0.021000002,9.876
504510540160751,4,-2.75E-4,2.75E-4,-0.0011
504510545408842,2,-9.337501,34.55625,-15.356251
504510559121073,1,0.06795,-0.01905,9.871051
504510559121073,4,-2.75E-4,2.75E-4,1.375E-4
504510578081305,1,0.076950006,-0.024,9.880051
504510578081303,4,-2.75E-4,2.75E-4,1.375E-4
504510595434998,2,-9.243751,34.55625,-15.4125
504510597041392,1,0.072000004,-0.021000002,9.868051
504510597041390,4,-2.75E-4,-9.625E-4,1.375E-4
504510616001712,1,0.075,-0.021000002,9.880051
504510616001712,4,-2.75E-4,2.75E-4,1.375E-4
504510634962025,1,0.063,-0.016050002,9.873
504510634962025,4,-2.75E-4,2.75E-4,1.375E-4
504510645272473,2,-9.262501,34.55625,-15.39375
504510653922258,1,0.076950006,-0.0139500005,9.868051
504510653922256,4,-2.75E-4,2.75E-4,-0.0011
504510672882325,1,0.07005,-0.0139500005,9.877951
504510672882323,4,-2.75E-4,2.75E-4,-0.0011
504510691842630,1,0.079950005,-0.024,9.868051
504510691842630,4,-2.75E-4,2.75E-4,-0.0011
504510695327659,2,-9.337501,34.55625,-15.356251
504510710802863,1,0.079950005,-0.01905,9.876
504510710802861,4,-2.75E-4,-9.625E-4,1.375E-4
504510729762940,1,0.072000004,-0.0139500005,9.876
504510729762938,4,-2.75E-4,2.75E-4,1.375E-4
504510745368297,2,-9.39375,34.55625,-15.375001
504510748723256,1,0.072000004,-0.0139500005,9.873
504510748723256,4,-0.0015125,-9.625E-4,1.375E-4
504510767683554,1,0.064950004,-0.025950002,9.868051
504510767683554,4,8.25E-4,-9.625E-4,-0.0011
504510786643861,1,0.058050003,-0.021000002,9.876
504510786643861,4,-2.75E-4,2.75E-4,1.375E-4
504510795395474,2,-9.28125,34.537502,-15.4125
504510805603863,1,0.07005,-0.028050002,9.876
504510805603861,4,-2.75E-4,2.75E-4,1.375E-4
504510824564174,1,0.072000004,-0.024,9.877951
504510824564174,4,-2.75E-4,2.75E-4,1.375E-4
504510843524397,1,0.07005,-0.028050002,9.880051
504510843524395,4,8.25E-4,2.75E-4,1.375E-4
504510845293685,2,-9.243751,34.518753,-15.39375
504510862484693,1,0.075,-0.01905,9.877951
504510862484693,4,-2.75E-4,2.75E-4,1.375E-4
504510881444758,1,0.064950004,-0.01905,9.883051
504510881444756,4,-2.75E-4,-9.625E-4,1.375E-4
504510895338163,2,-9.4125,34.55625,-15.31875
504510900405063,1,0.07005,-0.025950002,9.877951
504510900405063,4,8.25E-4,2.75E-4,-0.0011
504510919365296,1,0.064950004,-0.0139500005,9.876
504510919365294,4,-2.75E-4,2.75E-4,1.375E-4
504510938325383,1,0.07005,-0.016050002,9.880051
504510938325381,4,-2.75E-4,2.75E-4,-0.0011
504510945381005,2,-9.50625,34.537502,-15.262501
504510957285679,1,0.072000004,-0.012,9.877951
504510957285679,4,-2.75E-4,2.75E-4,1.375E-4
504510976245912,1,0.072000004,-0.025950002,9.871051
504510976245910,4,8.25E-4,2.75E-4,1.375E-4
504510995206212,1,0.06795,-0.025950002,9.876
504510995206212,4,-2.75E-4,2.75E-4,1.375E-4
504510995409488,2,-9.431251,34.537502,-15.3
504511014166282,1,0.076950006,-0.01905,9.876
504511014166280,4,8.25E-4,-9.625E-4,-0.0011
504511033126501,1,0.07005,-0.021000002,9.883051
504511033126501,4,-2.75E-4,2.75E-4,-0.0011
504511045425769,2,-9.356251,34.518753,-15.281251
504511052086818,1,0.072000004,-0.012,9.871051
504511052086818,4,-2.75E-4,2.75E-4,1.375E-4
504511071046883,1,0.064950004,-0.024,9.873
504511071046881,4,8.25E-4,2.75E-4,1.375E-4
504511090007112,1,0.06795,-0.01905,9.877951
504511090007112,4,-0.0015125,2.75E-4,1.375E-4
504511095353278,2,-9.450001,34.518753,-15.243751
504511108967419,1,0.072000004,-0.01905,9.868051
504511108967419,4,-2.75E-4,-9.625E-4,1.375E-4
504511127927727,1,0.072000004,-0.01905,9.877951
504511127927727,4,-2.75E-4,2.75E-4,1.375E-4
504511145381286,2,-9.4875,34.537502,-15.262501
504511146887815,1,0.072000004,-0.021000002,9.885
504511146887813,4,-2.75E-4,2.75E-4,1.375E-4
504511165848049,1,0.072000004,-0.021000002,9.873
504511165848049,4,-2.75E-4,-9.625E-4,1.375E-4
504511184808348,1,0.064950004,-0.01905,9.877951
504511184808348,4,-2.75E-4,-9.625E-4,1.375E-4
504511195277431,2,-9.39375,34.537502,-15.3
504511203768426,1,0.07005,-0.0139500005,9.876
504511203768424,4,-0.0015125,-9.625E-4,1.375E-4
504511222728655,1,0.07005,-0.025950002,9.873
504511222728655,4,-2.75E-4,-9.625E-4,-0.0011
504511241688962,1,0.075,-0.016050002,9.880051
504511241688962,4,-2.75E-4,2.75E-4,1.375E-4
504511245325850,2,-9.375,34.518753,-15.281251
504511260649270,1,0.075,-0.021000002,9.883051
504511260649270,4,8.25E-4,2.75E-4,1.375E-4
504511279609364,1,0.076950006,-0.012,9.876
504511279609362,4,8.25E-4,2.75E-4,1.375E-4
504511295361352,2,-9.450001,34.537502,-15.20625
504511298569684,1,0.072000004,-0.025950002,9.871051
504511298569684,4,-2.75E-4,2.75E-4,1.375E-4
504511317529926,1,0.064950004,-0.01905,9.876
504511317529924,4,-2.75E-4,2.75E-4,1.375E-4
504511336490003,1,0.07005,-0.024,9.876
504511336490001,4,-2.75E-4,2.75E-4,1.375E-4
504511345396073,2,-9.46875,34.518753,-15.225
504511355450308,1,0.063,-0.021000002,9.873
504511355450308,4,-2.75E-4,-9.625E-4,-0.0011
504511374410551,1,0.07005,-0.025950002,9.880051
504511374410549,4,-2.75E-4,2.75E-4,-0.0011
504511393370842,1,0.06795,-0.024,9.871051
504511393370842,4,8.25E-4,2.75E-4,1.375E-4
504511395243933,2,-9.375,34.5,-15.3
504511412330921,1,0.072000004,-0.016050002,9.873
504511412330919,4,-1.375E-4,4.125E-4,1.375E-4
504511431291160,1,0.07005,-0.01905,9.880051
504511431291160,4,-0.0026125,4.125E-4,-0.0011
504511445306446,2,-9.450001,34.5,-15.281251
504511450251457,1,0.072000004,-0.0139500005,9.877951
504511450251457,4,0.0011,4.125E-4,1.375E-4
504511469211760,1,0.076950006,-0.0139500005,9.876
504511469211760,4,-1.375E-4,4.125E-4,-0.0011
504511488171854,1,0.076950006,-0.016050002,9.876
504511488171852,4,0.0011,4.125E-4,-0.0011
504511495353410,2,-9.58125,34.518753,-15.168751
504511507132083,1,0.064950004,-0.024,9.871051
504511507132083,4,-1.375E-4,4.125E-4,-0.0011
504511526092391,1,0.06795,-0.025950002,9.873
504511526092391,4,0.0011,0.00165,1.375E-4
504511545052470,1,0.06795,-0.025950002,9.876
504511545052468,4,0.0011,4.125E-4,1.375E-4
504511545385772,2,-9.675,34.518753,-15.075001
504511564012775,1,0.076950006,-0.025950002,9.873
504511564012775,4,-1.375E-4,-8.25E-4,1.375E-4
504511582973003,1,0.072000004,-0.025950002,9.871051
504511582973001,4,-1.375E-4,-8.25E-4,-0.0011
504511595416572,2,-9.58125,34.5,-15.13125
504511601933075,1,0.060000002,-0.025950002,9.883051
504511601933073,4,0.0011,4.125E-4,-0.0011
504511620893602,1,0.072000004,-0.0139500005,9.883051
504511620893602,4,0.0011,-8.25E-4,1.375E-4
504511639853614,1,0.063,-0.0139500005,9.873
504511639853612,4,-1.375E-4,-8.25E-4,1.375E-4
504511645299255,2,-9.65625,34.5,-15.093751
504511658813681,1,0.072000004,-0.01905,9.868051
504511658813679,4,-1.375E-4,4.125E-4,-0.0011
504511677774227,1,0.07005,-0.028050002,9.877951
504511677774227,4,0.0011,4.125E-4,-0.0011
504511695348818,2,-9.7875,34.518753,-15.01875
504511696734296,1,0.058050003,-0.021000002,9.880051
504511696734294,4,0.0011,-8.25E-4,-0.0011
504511715694525,1,0.07005,-0.024,9.871051
504511715694525,4,-1.375E-4,4.125E-4,-0.0011
504511734654857,1,0.075,-0.016050002,9.876
504511734654857,4,-1.375E-4,4.125E-4,1.375E-4
504511745384274,2,-9.8625,34.518753,-14.981251
504511753614950,1,0.072000004,-0.0139500005,9.871051
504511753614948,4,0.0011,4.125E-4,1.375E-4
504511772575188,1,0.079950005,-0.024,9.876
504511772575188,4,-1.375E-4,4.125E-4,1.375E-4
504511791535490,1,0.064950004,-0.01905,9.877951
504511791535490,4,0.0011,4.125E-4,1.375E-4
504511795406925,2,-9.8625,34.537502,-14.981251
504511810495603,1,0.07005,-0.021000002,9.883051
504511810495601,4,0.0011,-8.25E-4,1.375E-4
504511829455928,1,0.07005,-0.021000002,9.871051
504511829455928,4,0.0011,4.125E-4,1.375E-4
504511845429941,2,-9.918751,34.55625,-14.925
504511848416156,1,0.06795,-0.01905,9.873
504511848416154,4,0.0011,-8.25E-4,1.375E-4
504511867376480,1,0.06795,-0.016050002,9.871051
504511867376480,4,-1.375E-4,4.125E-4,1.375E-4
504511886336569,1,0.06795,-0.016050002,9.877951
504511886336567,4,-1.375E-4,-8.25E-4,1.375E-4
504511895441712,2,-9.95625,34.55625,-14.887501
504511905296832,1,0.064950004,-0.009000001,9.877951
504511905296832,4,0.0011,-8.25E-4,1.375E-4
504511924257149,1,0.06795,-0.016050002,9.871051
504511924257149,4,-1.375E-4,-8.25E-4,1.375E-4
504511943217247,1,0.07005,-0.01905,9.871051
504511943217245,4,-0.001375,4.125E-4,1.375E-4
504511945455543,2,-9.993751,34.59375,-14.868751
504511962177577,1,0.072000004,-0.01905,9.876
504511962177577,4,-1.375E-4,4.125E-4,1.375E-4
504511981137814,1,0.064950004,-0.01905,9.880051
504511981137812,4,-1.375E-4,-8.25E-4,1.375E-4
504511995459916,2,-9.900001,34.575,-14.94375
504512000097867,1,0.075,-0.012,9.868051
504512000097865,4,-1.375E-4,4.125E-4,1.375E-4
504512019058159,1,0.06795,-0.012,9.871051
504512019058159,4,0.0011,4.125E-4,1.375E-4
504512038018377,1,0.079950005,-0.021000002,9.873
504512038018375,4,0.0011,-8.25E-4,1.375E-4
504512045456916,2,-9.975,34.55625,-14.85
504512056978673,1,0.072000004,-0.024,9.871051
504512056978673,4,-1.375E-4,4.125E-4,-0.0011
504512075938709,1,0.064950004,-0.024,9.876
504512075938707,4,-1.375E-4,4.125E-4,1.375E-4
504512094899009,1,0.07005,-0.01905,9.876
504512094899009,4,-1.375E-4,4.125E-4,1.375E-4
504512095426112,2,-10.106251,34.575,-14.793751
504512113859232,1,0.07005,-0.021000002,9.877951
504512113859230,4,-1.375E-4,4.125E-4,1.375E-4
504512132819319,1,0.063,-0.024,9.871051
504512132819317,4,0.0011,4.125E-4,1.375E-4
504512145430542,2,-10.125,34.59375,-14.75625
504512151779625,1,0.072000004,-0.021000002,9.880051
504512151779625,4,-0.001375,4.125E-4,-0.0011
504512170739853,1,0.076950006,-0.028050002,9.873
504512170739851,4,-1.375E-4,-8.25E-4,-0.0011
504512189700144,1,0.079950005,-0.028050002,9.873
504512189700144,4,-1.375E-4,4.125E-4,1.375E-4
504512195265802,2,-10.181251,34.59375,-14.75625
504512208660208,1,0.064950004,-0.028050002,9.873
504512208660206,4,-1.375E-4,4.125E-4,1.375E-4
504512227620485,1,0.072000004,-0.016050002,9.876
504512227620485,4,0.0011,4.125E-4,1.375E-4
504512245309556,2,-10.25625,34.59375,-14.700001
504512246580779,1,0.072000004,-0.021000002,9.868051
504512246580779,4,-0.001375,4.125E-4,1.375E-4
504512265540776,1,0.075,-0.01905,9.880051
504512265540774,4,-1.375E-4,4.125E-4,-0.0011
504512284501082,1,0.072000004,-0.016050002,9.873
504512284501082,4,0.0011,4.125E-4,1.375E-4
504512295343457,2,-10.40625,34.612503,-14.625001
504512303461327,1,0.063,-0.016050002,9.873
504512303461326,4,-0.001375,4.125E-4,0.001375
504512322421639,1,0.07005,-0.0139500005,9.868051
504512322421639,4,0.0011,4.125E-4,1.375E-4
504512341381723,1,0.072000004,-0.01905,9.876
504512341381721,4,-0.001375,4.125E-4,1.375E-4
504512345378599,2,-10.5,34.631252,-14.625001
504512360342072,1,0.072000004,-0.024,9.876
504512360342072,4,-0.001375,4.125E-4,1.375E-4
504512379302310,1,0.064950004,-0.016050002,9.877951
504512379302308,4,0.0011,4.125E-4,-0.0011
504512395402129,2,-10.425,34.612503,-14.6625
504512398262392,1,0.075,-0.021000002,9.871051
504512398262390,4,-1.375E-4,4.125E-4,1.375E-4
504512417222616,1,0.076950006,-0.016050002,9.876
504512417222616,4,-1.375E-4,4.125E-4,1.375E-4
504512436182908,1,0.075,-0.024,9.873
504512436182908,4,-1.375E-4,4.125E-4,1.375E-4
504512445426589,2,-10.425,34.631252,-14.64375
504512455143221,1,0.072000004,-0.01905,9.873
504512455143221,4,-1.375E-4,4.125E-4,1.375E-4
504512474103290,1,0.06795,-0.021000002,9.880051
504512474103288,4,-1.375E-4,4.125E-4,1.375E-4
504512493063620,1,0.058050003,-0.01905,9.877951
504512493063620,4,-1.375E-4,-8.25E-4,1.375E-4
504512495439922,2,-10.481251,34.631252,-14.606251
504512512023858,1,0.072000004,-0.01905,9.871051
504512512023856,4,-1.375E-4,4.125E-4,1.375E-4
504512530983954,1,0.064950004,-0.031050002,9.871051
504512530983952,4,0.0011,4.125E-4,1.375E-4
504512545444166,2,-10.51875,34.631252,-14.625001
504512549944250,1,0.07005,-0.024,9.871051
504512549944250,4,0.0011,4.125E-4,1.375E-4
504512568904487,1,0.075,-0.01905,9.873
504512568904485,4,-1.375E-4,4.125E-4,1.375E-4
504512587864813,1,0.06795,-0.021000002,9.873
504512587864813,4,-1.375E-4,-0.0020625,1.375E-4
504512595452637,2,-10.481251,34.631252,-14.606251
504512606824906,1,0.075,-0.028050002,9.876
504512606824904,4,-1.375E-4,4.125E-4,1.375E-4
504512625785452,1,0.076950006,-0.021000002,9.873
504512625785452,4,-1.375E-4,-8.25E-4,1.375E-4
504512644745434,1,0.079950005,-0.024,9.877951
504512644745432,4,0.0011,4.125E-4,-0.0011
504512645374604,2,-10.556251,34.631252,-14.512501
504512663705507,1,0.076950006,-0.021000002,9.876
504512663705505,4,-1.375E-4,-8.25E-4,1.375E-4
504512682665784,1,0.076950006,-0.016050002,9.876
504512682665784,4,0.0011,-8.25E-4,1.375E-4
504512695398821,2,-10.63125,34.631252,-14.493751
504512701626005,1,0.079950005,-0.016050002,9.871051
504512701626005,4,0.0011,4.125E-4,1.375E-4
504512720586079,1,0.07005,-0.016050002,9.877951
504512720586077,4,-1.375E-4,-8.25E-4,1.375E-4
504512739546385,1,0.063,-0.025950002,9.880051
504512739546385,4,-1.375E-4,4.125E-4,1.375E-4
504512745281561,2,-10.63125,34.631252,-14.531251
504512758506622,1,0.075,-0.016050002,9.877951
504512758506620,4,-1.375E-4,4.125E-4,1.375E-4
504512777466913,1,0.07005,-0.021000002,9.877951
504512777466913,4,0.0011,4.125E-4,1.375E-4
504512795320070,2,-10.556251,34.631252,-14.625001
504512796427208,1,0.064950004,-0.025950002,9.880051
504512796427208,4,0.0011,4.125E-4,1.375E-4
504512815387282,1,0.072000004,-0.021000002,9.877951
504512815387280,4,-1.375E-4,4.125E-4,-0.0011
504512834347524,1,0.06795,-0.01905,9.871051
504512834347524,4,-1.375E-4,-8.25E-4,1.375E-4
504512845360008,2,-10.575001,34.65,-14.625001
504512853307604,1,0.075,-0.024,9.871051
504512853307602,4,0.0011,4.125E-4,1.375E-4
504512872267895,1,0.072000004,-0.01905,9.871051
504512872267895,4,0.0011,4.125E-4,1.375E-4
504512891228212,1,0.07005,-0.024,9.864
504512891228212,4,-1.375E-4,4.125E-4,1.375E-4
504512895387824,2,-10.668751,34.6875,-14.55
504512910188455,1,0.075,-0.021000002,9.873
504512910188453,4,0.0011,4.125E-4,-0.0011
504512929148766,1,0.072000004,-0.021000002,9.865951
504512929148766,4,-1.375E-4,4.125E-4,1.375E-4
504512945416326,2,-10.63125,34.706253,-14.606251
504512948108864,1,0.072000004,-0.021000002,9.865951
504512948108862,4,-1.375E-4,4.125E-4,1.375E-4
504512967069111,1,0.08205,-0.021000002,9.871051
504512967069111,4,-1.375E-4,4.125E-4,1.375E-4
504512986029443,1,0.072000004,-0.016050002,9.865951
504512986029443,4,-1.375E-4,4.125E-4,-0.0011
504512995433029,2,-10.6875,34.725002,-14.625001
504513004989761,1,0.072000004,-0.028050002,9.871051
504513004989761,4,-1.375E-4,4.125E-4,1.375E-4
504513023949772,1,0.07005,-0.024,9.876
504513023949770,4,-1.375E-4,4.125E-4,1.375E-4
504513042910088,1,0.06795,-0.021000002,9.865951
504513042910088,4,-1.375E-4,4.125E-4,0.001375
504513045439936,2,-10.668751,34.74375,-14.681251
504513061870399,1,0.064950004,-0.024,9.876
504513061870399,4,-1.375E-4,-8.25E-4,1.375E-4
504513080830502,1,0.06795,-0.016050002,9.864
504513080830500,4,-1.375E-4,4.125E-4,1.375E-4
504513095450384,2,-10.78125,34.7625,-14.6625
504513099790722,1,0.06795,-0.021000002,9.871051
504513099790722,4,0.0011,4.125E-4,-0.0011
504513118751020,1,0.072000004,-0.01905,9.871051
504513118751020,4,0.0011,4.125E-4,1.375E-4
504513137711114,1,0.072000004,-0.01905,9.876
504513137711112,4,-1.375E-4,4.125E-4,1.375E-4
504513145452467,2,-10.6875,34.78125,-14.75625
504513156671443,1,0.075,-0.025950002,9.871051
504513156671443,4,-1.375E-4,-8.25E-4,1.375E-4
504513175631666,1,0.064950004,-0.025950002,9.880051
504513175631664,4,-1.375E-4,4.125E-4,1.375E-4
504513194591967,1,0.060000002,-0.016050002,9.871051
504513194591967,4,-1.375E-4,4.125E-4,1.375E-4
504513195313234,2,-10.59375,34.78125,-14.775001
504513213552056,1,0.064950004,-0.028050002,9.876
504513213552054,4,-1.375E-4,-8.25E-4,1.375E-4
504513232512285,1,0.064950004,-0.016050002,9.873
504513232512285,4,-1.375E-4,4.125E-4,-0.0011
504513245346970,2,-10.5375,34.78125,-14.85
504513251472568,1,0.06795,-0.016050002,9.873
504513251472568,4,-0.001375,4.125E-4,1.375E-4
504513270432890,1,0.064950004,-0.024,9.876
504513270432890,4,-1.375E-4,4.125E-4,1.375E-4
504513289392964,1,0.072000004,-0.031050002,9.864
504513289392962,4,-1.375E-4,4.125E-4,1.375E-4
504513295382773,2,-10.575001,34.78125,-14.83125
504513308353193,1,0.06795,-0.024,9.876
504513308353193,4,-1.375E-4,4.125E-4,1.375E-4
504513327313511,1,0.064950004,-0.024,9.873
504513327313511,4,0.0011,4.125E-4,-0.0011
504513345407261,2,-10.481251,34.800003,-14.887501
504513346273580,1,0.06795,-0.028050002,9.865951
504513346273578,4,8.25E-4,2.75E-4,2.75E-4
504513365233876,1,0.072000004,-0.009000001,9.871051
504513365233876,4,-2.75E-4,-9.625E-4,-8.25E-4
504513384194183,1,0.07005,-0.01905,9.865951
504513384194183,4,-2.75E-4,2.75E-4,2.75E-4
504513395421661,2,-10.425,34.800003,-14.962501
504513403154416,1,0.076950006,-0.01905,9.868051
504513403154414,4,8.25E-4,-9.625E-4,2.75E-4
504513422114713,1,0.058050003,-0.025950002,9.880051
504513422114713,4,-2.75E-4,2.75E-4,2.75E-4
504513441074796,1,0.06795,-0.024,9.871051
504513441074794,4,8.25E-4,-9.625E-4,-8.25E-4
504513445438755,2,-10.44375,34.800003,-14.981251
504513460035011,1,0.06795,-0.012,9.864
504513460035011,4,-2.75E-4,-9.625E-4,2.75E-4
504513478995313,1,0.076950006,-0.0139500005,9.876
504513478995313,4,-2.75E-4,0.0015125,2.75E-4
504513495446493,2,-10.5375,34.800003,-14.94375
504513497955362,1,0.076950006,-0.016050002,9.865951
504513497955360,4,-2.75E-4,2.75E-4,-8.25E-4
504513516915668,1,0.07005,-0.016050002,9.865951
504513516915668,4,-2.75E-4,-9.625E-4,-8.25E-4
504513535875906,1,0.07005,-0.016050002,9.871051
504513535875904,4,-0.0015125,-9.625E-4,2.75E-4
504513545446720,2,-10.40625,34.818752,-15.000001
504513554836188,1,0.064950004,-0.016050002,9.868051
504513554836188,4,-2.75E-4,2.75E-4,2.75E-4
504513573796257,1,0.075,-0.024,9.864
504513573796255,4,-2.75E-4,-9.625E-4,2.75E-4
504513592756548,1,0.07005,-0.025950002,9.868051
504513592756548,4,-0.0015125,2.75E-4,2.75E-4
504513595452376,2,-10.293751,34.800003,-15.075001
504513611716757,1,0.07005,-0.025950002,9.861
504513611716755,4,8.25E-4,-0.0020625,-8.25E-4
504513630677067,1,0.07005,-0.028050002,9.868051
504513630677067,4,-2.75E-4,2.75E-4,0.0015125
504513645428890,2,-10.21875,34.78125,-15.13125
504513649637142,1,0.064950004,-0.021000002,9.873
504513649637140,4,-2.75E-4,2.75E-4,2.75E-4
504513668597443,1,0.07005,-0.016050002,9.871051
504513668597443,4,-2.75E-4,2.75E-4,0.0015125
504513687557680,1,0.076950006,-0.025950002,9.864
504513687557678,4,8.25E-4,2.75E-4,2.75E-4
504513695439229,2,-10.181251,34.7625,-15.150001
504513706517942,1,0.075,-0.024,9.864
504513706517942,4,-2.75E-4,-9.625E-4,2.75E-4
504513725478012,1,0.06795,-0.024,9.864
504513725478010,4,-2.75E-4,-9.625E-4,2.75E-4
504513744438308,1,0.075,-0.025950002,9.859051
504513744438308,4,-2.75E-4,0.0015125,-8.25E-4
504513745267540,2,-10.06875,34.7625,-15.225
504513763398541,1,0.072000004,-0.0139500005,9.871051
504513763398539,4,-0.0015125,2.75E-4,-8.25E-4
504513782358831,1,0.075,-0.025950002,9.871051
504513782358831,4,-2.75E-4,2.75E-4,2.75E-4
504513795306017,2,-9.900001,34.74375,-15.3
504513801318906,1,0.07005,-0.021000002,9.865951
504513801318904,4,8.25E-4,2.75E-4,-8.25E-4
504513820279216,1,0.06795,-0.021000002,9.868051
504513820279216,4,-2.75E-4,2.75E-4,-8.25E-4
504513839239449,1,0.06795,-0.0139500005,9.864
504513839239447,4,8.25E-4,2.75E-4,2.75E-4
504513845347038,2,-9.825001,34.74375,-15.31875
504513858199736,1,0.072000004,-0.016050002,9.868051
504513858199736,4,8.25E-4,2.75E-4,2.75E-4
504513877160033,1,0.072000004,-0.021000002,9.861
504513877160033,4,-2.75E-4,-9.625E-4,-8.25E-4
504513895376561,2,-9.84375,34.74375,-15.281251
504513896120103,1,0.07005,-0.01905,9.861
504513896120101,4,-2.75E-4,2.75E-4,-8.25E-4
504513915080327,1,0.076950006,-0.016050002,9.864
504513915080327,4,-2.75E-4,2.75E-4,2.75E-4
504513934040635,1,0.06795,-0.01905,9.865951
504513934040635,4,8.25E-4,-9.625E-4,2.75E-4
504513945406887,2,-9.7875,34.725002,-15.3
504513953000699,1,0.075,-0.01905,9.864
504513953000697,4,-2.75E-4,2.75E-4,2.75E-4
504513971961005,1,0.064950004,-0.024,9.865951
504513971961005,4,8.25E-4,2.75E-4,2.75E-4
504513990921312,1,0.058050003,-0.024,9.859051
504513990921312,4,-2.75E-4,2.75E-4,2.75E-4
504513995425431,2,-9.731251,34.706253,-15.375001
504514009881545,1,0.060000002,-0.016050002,9.865951
504514009881543,4,-2.75E-4,2.75E-4,2.75E-4
504514028841632,1,0.072000004,-0.0139500005,9.859051
504514028841630,4,-2.75E-4,-9.625E-4,2.75E-4
504514045434208,2,-9.712501,34.706253,-15.337501
504514047801953,1,0.06795,-0.028050002,9.864
504514047801953,4,-2.75E-4,2.75E-4,2.75E-4
504514066762270,1,0.072000004,-0.024,9.864
504514066762270,4,-2.75E-4,2.75E-4,2.75E-4
504514085722499,1,0.06795,-0.021000002,9.865951
504514085722497,4,-2.75E-4,2.75E-4,2.75E-4
504514095446375,2,-9.75,34.725002,-15.356251
504514104682813,1,0.079950005,-0.01905,9.864
504514104682813,4,-0.0015125,2.75E-4,2.75E-4
504514123643121,1,0.063,-0.028050002,9.861
504514123643121,4,-2.75E-4,2.75E-4,2.75E-4
504514142603205,1,0.076950006,-0.028050002,9.864
504514142603203,4,-2.75E-4,-9.625E-4,-8.25E-4
504514145449872,2,-9.65625,34.725002,-15.4125
504514161563443,1,0.07005,-0.024,9.861
504514161563443,4,-2.75E-4,2.75E-4,0.0015125
504514180523761,1,0.075,-0.025950002,9.865951
504514180523761,4,8.25E-4,2.75E-4,2.75E-4
504514195367790,2,-9.5625,34.706253,-15.4125
504514199483834,1,0.072000004,-0.021000002,9.865951
504514199483832,4,-2.75E-4,2.75E-4,-8.25E-4
504514218444131,1,0.063,-0.025950002,9.861
504514218444131,4,-2.75E-4,2.75E-4,2.75E-4
504514237404477,1,0.06795,-0.024,9.871051
504514237404477,4,8.25E-4,2.75E-4,2.75E-4
504514245389243,2,-9.6,34.725002,-15.375001
504514256364780,1,0.06795,-0.024,9.865951
504514256364780,4,-2.75E-4,-9.625E-4,2.75E-4
504514275325013,1,0.07005,-0.024,9.859051
504514275325011,4,-2.75E-4,2.75E-4,2.75E-4
504514294285318,1,0.07005,-0.028050002,9.864
504514294285318,4,8.25E-4,2.75E-4,2.75E-4
504514295227142,2,-9.69375,34.706253,-15.31875
504514313245387,1,0.072000004,-0.021000002,9.859051
504514313245385,4,-2.75E-4,2.75E-4,2.75E-4
504514332205684,1,0.06795,-0.0139500005,9.864
504514332205684,4,-2.75E-4,2.75E-4,-8.25E-4
504514345285512,2,-9.69375,34.6875,-15.31875
504514351165972,1,0.075,-0.01905,9.8560505
504514351165972,4,-2.75E-4,2.75E-4,2.75E-4
504514370126195,1,0.06795,-0.025950002,9.861
504514370126193,4,8.25E-4,-9.625E-4,2.75E-4
504514389086285,1,0.076950006,-0.025950002,9.861
504514389086283,4,-2.75E-4,2.75E-4,-8.25E-4
504514395330877,2,-9.6,34.631252,-15.337501
504514408046582,1,0.076950006,-0.024,9.861
504514408046582,4,8.25E-4,-9.625E-4,2.75E-4
504514427006904,1,0.07005,-0.016050002,9.859051
504514427006904,4,-2.75E-4,2.75E-4,-0.0020625
504514445374820,2,-9.525001,34.59375,-15.337501
504514445967197,1,0.072000004,-0.012,9.8560505
504514445967197,4,-2.75E-4,2.75E-4,2.75E-4
504514464927429,1,0.064950004,-0.025950002,9.8560505
504514464927427,4,-2.75E-4,2.75E-4,-8.25E-4
504514483887735,1,0.072000004,-0.021000002,9.859051
504514483887735,4,-2.75E-4,2.75E-4,-8.25E-4
504514495404514,2,-9.450001,34.575,-15.356251
504514502847814,1,0.07005,-0.021000002,9.864
504514502847812,4,-2.75E-4,2.75E-4,2.75E-4
504514521808096,1,0.075,-0.021000002,9.859051
504514521808096,4,8.25E-4,2.75E-4,2.75E-4
504514540768409,1,0.06795,-0.025950002,9.861
504514540768409,4,-2.75E-4,2.75E-4,0.0015125
504514545421964,2,-9.39375,34.55625,-15.375001
504514559728726,1,0.06795,-0.025950002,9.865951
504514559728726,4,-2.75E-4,-9.625E-4,2.75E-4
504514578688968,1,0.060000002,-0.028050002,9.859051
504514578688966,4,-2.75E-4,-9.625E-4,2.75E-4
504514595440605,2,-9.337501,34.537502,-15.39375
504514597649284,1,0.072000004,-0.028050002,9.859051
504514597649284,4,-2.75E-4,2.75E-4,-8.25E-4
504514616609372,1,0.063,-0.028050002,9.864
504514616609370,4,-2.75E-4,2.75E-4,2.75E-4
504514635569694,1,0.064950004,-0.024,9.864
504514635569694,4,-2.75E-4,2.75E-4,2.75E-4
504514645448545,2,-9.31875,34.518753,-15.375001
504514654529926,1,0.064950004,-0.021000002,9.865951
504514654529924,4,-2.75E-4,2.75E-4,2.75E-4
504514673490294,1,0.072000004,-0.024,9.864
504514673490294,4,-2.75E-4,-9.625E-4,-8.25E-4
504514692450517,1,0.072000004,-0.021000002,9.861
504514692450515,4,8.25E-4,2.75E-4,2.75E-4
504514695459486,2,-9.375,34.518753,-15.356251
504514711410809,1,0.064950004,-0.024,9.861
504514711410809,4,-2.75E-4,2.75E-4,2.75E-4
504514730370893,1,0.06795,-0.025950002,9.868051
504514730370891,4,8.25E-4,2.75E-4,2.75E-4
504514745315356,2,-9.375,34.5,-15.337501
504514749331188,1,0.072000004,-0.025950002,9.859051
504514749331188,4,8.25E-4,-9.625E-4,2.75E-4
504514768291431,1,0.06795,-0.028050002,9.859051
504514768291429,4,-2.75E-4,0.0015125,2.75E-4
504514787251722,1,0.06795,-0.016050002,9.861
504514787251722,4,-2.75E-4,-9.625E-4,2.75E-4
504514795344881,2,-9.262501,34.48125,-15.375001
504514806212026,1,0.063,-0.01905,9.868051
504514806212026,4,-2.75E-4,2.75E-4,2.75E-4
504514825172337,1,0.052950002,-0.01905,9.864
504514825172337,4,-2.75E-4,-9.625E-4,2.75E-4
504514844132416,1,0.064950004,-0.021000002,9.861
504514844132414,4,-0.0015125,2.75E-4,2.75E-4
504514845202901,2,-9.262501,34.4625,-15.356251
504514863092722,1,0.06795,-0.024,9.864
504514863092722,4,-2.75E-4,2.75E-4,2.75E-4
504514882052955,1,0.072000004,-0.024,9.865951
504514882052953,4,-2.75E-4,2.75E-4,-8.25E-4
504514895265211,2,-9.356251,34.4625,-15.31875
504514901013261,1,0.072000004,-0.021000002,9.864
504514901013261,4,-2.75E-4,2.75E-4,2.75E-4
504514919973558,1,0.075,-0.033,9.868051
504514919973558,4,8.25E-4,-9.625E-4,2.75E-4
504514938933875,1,0.064950004,-0.025950002,9.861
504514938933875,4,8.25E-4,-9.625E-4,2.75E-4
504514945324989,2,-9.356251,34.443752,-15.3
504514957894193,1,0.072000004,-0.024,9.865951
504514957894193,4,8.25E-4,2.75E-4,2.75E-4
504514976854281,1,0.06795,-0.009000001,9.8539505
504514976854279,4,-0.0015125,0.0015125,2.75E-4
504514995814587,1,0.07005,-0.028050002,9.868051
504514995814587,4,-2.75E-4,2.75E-4,2.75E-4
504514995368652,2,-9.28125,34.443752,-15.31875
504515014774819,1,0.072000004,-0.024,9.861
504515014774817,4,8.25E-4,2.75E-4,2.75E-4
504515033735120,1,0.06795,-0.01905,9.861
504515033735120,4,-2.75E-4,2.75E-4,2.75E-4
504515045397772,2,-9.39375,34.4625,-15.31875
504515052695433,1,0.06795,-0.024,9.8560505
504515052695433,4,-2.75E-4,2.75E-4,2.75E-4
504515071655746,1,0.06795,-0.025950002,9.864
504515071655746,4,-2.75E-4,2.75E-4,-8.25E-4
504515090615834,1,0.060000002,-0.031050002,9.864
504515090615832,4,-0.0015125,2.75E-4,2.75E-4
504515095425690,2,-9.50625,34.4625,-15.3
504515109576139,1,0.063,-0.033,9.865951
504515109576139,4,-2.75E-4,2.75E-4,-8.25E-4
504515128536438,1,0.064950004,-0.025950002,9.865951
504515128536438,4,-2.75E-4,2.75E-4,2.75E-4
504515145440638,2,-9.525001,34.4625,-15.281251
504515147496746,1,0.076950006,-0.031050002,9.864
504515147496746,4,-2.75E-4,2.75E-4,-8.25E-4
504515166457044,1,0.076950006,-0.01905,9.859051
504515166457044,4,-2.75E-4,2.75E-4,2.75E-4
504515185417356,1,0.07005,-0.01905,9.861
504515185417356,4,-2.75E-4,2.75E-4,2.75E-4
504515195422982,2,-9.46875,34.4625,-15.3
504515204377589,1,0.06795,-0.021000002,9.865951
504515204377587,4,8.25E-4,2.75E-4,2.75E-4
504515223337977,1,0.06795,-0.028050002,9.865951
504515223337977,4,-2.75E-4,2.75E-4,2.75E-4
504515242298210,1,0.058050003,-0.028050002,9.864
504515242298208,4,8.25E-4,-9.625E-4,2.75E-4
504515245436480,2,-9.4875,34.4625,-15.281251
504515261258277,1,0.072000004,-0.024,9.859051
504515261258275,4,8.25E-4,-9.625E-4,2.75E-4
504515280218582,1,0.06795,-0.025950002,9.864
504515280218582,4,9.625E-4,2.75E-4,2.75E-4
504515295265270,2,-9.58125,34.48125,-15.225
504515299178890,1,0.07005,-0.025950002,9.868051
504515299178890,4,-2.75E-4,-9.625E-4,2.75E-4
504515318139212,1,0.060000002,-0.024,9.865951
504515318139212,4,-2.75E-4,0.0015125,2.75E-4
504515337099440,1,0.072000004,-0.033,9.861
504515337099438,4,-2.75E-4,-9.625E-4,2.75E-4
504515345315202,2,-9.6,34.48125,-15.20625
504515356059740,1,0.064950004,-0.021000002,9.861
504515356059740,4,9.625E-4,-9.625E-4,2.75E-4
504515375020053,1,0.063,-0.016050002,9.861
504515375020053,4,9.625E-4,2.75E-4,2.75E-4
504515393980366,1,0.06795,-0.024,9.864
504515393980366,4,9.625E-4,2.75E-4,2.75E-4
504515395178585,2,-9.618751,34.48125,-15.225
504515412940674,1,0.076950006,-0.024,9.861
504515412940674,4,9.625E-4,2.75E-4,-9.625E-4
504515431900752,1,0.076950006,-0.028050002,9.868051
504515431900750,4,-2.75E-4,2.75E-4,2.75E-4
504515445256454,2,-9.712501,34.5,-15.168751
504515450861067,1,0.064950004,-0.025950002,9.865951
504515450861067,4,-2.75E-4,2.75E-4,2.75E-4
504515469821371,1,0.06795,-0.025950002,9.865951
504515469821371,4,9.625E-4,-9.625E-4,2.75E-4
504515488781604,1,0.076950006,-0.025950002,9.871051
504515488781602,4,9.625E-4,-9.625E-4,2.75E-4
504515495317042,2,-9.7875,34.518753,-15.075001
504515507741981,1,0.076950006,-0.028050002,9.864
504515507741981,4,-2.75E-4,2.75E-4,2.75E-4
504515526702214,1,0.075,-0.024,9.859051
504515526702212,4,-2.75E-4,2.75E-4,2.75E-4
504515545662520,1,0.072000004,-0.028050002,9.864
504515545662520,4,-2.75E-4,2.75E-4,2.75E-4
504515545360897,2,-9.84375,34.518753,-15.000001
504515564622823,1,0.075,-0.01905,9.868051
504515564622823,4,9.625E-4,2.75E-4,-9.625E-4
504515583583130,1,0.064950004,-0.028050002,9.871051
504515583583130,4,9.625E-4,2.75E-4,2.75E-4
504515595401010,2,-9.7875,34.5,-15.0375
504515602543199,1,0.06795,-0.016050002,9.861
504515602543197,4,-0.0015125,2.75E-4,2.75E-4
504515621503505,1,0.06795,-0.028050002,9.864
504515621503505,4,-0.0015125,-9.625E-4,2.75E-4
504515640463799,1,0.064950004,-0.021000002,9.859051
504515640463799,4,-2.75E-4,2.75E-4,2.75E-4
504515645425639,2,-9.7875,34.5,-15.056251
504515659424116,1,0.06795,-0.024,9.868051
504515659424116,4,9.625E-4,2.75E-4,-9.625E-4
504515678384438,1,0.079950005,-0.016050002,9.868051
504515678384438,4,-0.0015125,-9.625E-4,2.75E-4
504515695448976,2,-9.84375,34.5,-15.056251
504515697344670,1,0.07005,-0.025950002,9.861
504515697344668,4,9.625E-4,2.75E-4,2.75E-4
504515716304972,1,0.064950004,-0.024,9.865951
504515716304972,4,0.0022,-9.625E-4,2.75E-4
504515735265357,1,0.072000004,-0.033,9.868051
504515735265357,4,-0.0015125,-9.625E-4,2.75E-4
504515745369780,2,-9.9375,34.518753,-15.01875
504515754225656,1,0.064950004,-0.036000002,9.864
504515754225654,4,-2.75E-4,2.75E-4,2.75E-4
504515773185887,1,0.064950004,-0.028050002,9.864
504515773185885,4,-2.75E-4,2.75E-4,2.75E-4
504515792146218,1,0.063,-0.024,9.868051
504515792146218,4,-2.75E-4,-9.625E-4,2.75E-4
504515795391878,2,-9.8625,34.518753,-15.056251
504515811106516,1,0.07005,-0.021000002,9.868051
504515811106516,4,-2.75E-4,2.75E-4,2.75E-4
504515830066823,1,0.072000004,-0.021000002,9.871051
504515830066823,4,9.625E-4,-9.625E-4,-9.625E-4
504515845239767,2,-9.84375,34.537502,-15.01875
504515849026916,1,0.06795,-0.031050002,9.873
504515849026914,4,9.625E-4,-9.625E-4,-9.625E-4
504515867987232,1,0.06795,-0.033,9.865951
504515867987232,4,-2.75E-4,-9.625E-4,2.75E-4
504515886947540,1,0.063,-0.025950002,9.861
504515886947540,4,-2.75E-4,2.75E-4,2.75E-4
504515895293965,2,-9.918751,34.537502,-14.962501
504515905907853,1,0.076950006,-0.025950002,9.865951
504515905907853,4,-2.75E-4,2.75E-4,2.75E-4
504515924868159,1,0.05595,-0.024,9.864
504515924868159,4,-2.75E-4,2.75E-4,2.75E-4
504515943828463,1,0.06795,-0.024,9.865951
504515943828463,4,9.625E-4,-9.625E-4,2.75E-4
504515945172265,2,-9.975,34.537502,-14.962501
504515962788681,1,0.063,-0.028050002,9.864
504515962788679,4,-2.75E-4,2.75E-4,0.0015125
504515981749078,1,0.075,-0.024,9.861
504515981749078,4,-2.75E-4,2.75E-4,2.75E-4
504515995250104,2,-9.918751,34.518753,-14.962501
504516000709387,1,0.063,-0.025950002,9.871051
504516000709385,4,-2.75E-4,2.75E-4,2.75E-4
504516019669633,1,0.07005,-0.01905,9.865951
504516019669631,4,-2.75E-4,2.75E-4,2.75E-4
504516038629929,1,0.07005,-0.025950002,9.865951
504516038629929,4,-2.75E-4,-9.625E-4,2.75E-4
504516045310131,2,-9.918751,34.5,-14.94375
504516057590212,1,0.06795,-0.024,9.865951
504516057590212,4,-2.75E-4,2.75E-4,2.75E-4
504516076550290,1,0.060000002,-0.021000002,9.868051
504516076550288,4,-2.75E-4,2.75E-4,2.75E-4
504516095510914,1,0.06795,-0.025950002,9.868051
504516095510914,4,-2.75E-4,2.75E-4,2.75E-4
504516095364571,2,-10.012501,34.5,-14.85
504516114471147,1,0.072000004,-0.025950002,9.873
504516114471145,4,-2.75E-4,2.75E-4,2.75E-4
504516133431224,1,0.06795,-0.024,9.871051
504516133431222,4,-2.75E-4,2.75E-4,0.0015125
504516145401260,2,-10.05,34.5,-14.85
504516152391519,1,0.063,-0.028050002,9.864
504516152391519,4,-2.75E-4,0.0015125,2.75E-4
504516171351841,1,0.07005,-0.021000002,9.868051
504516171351841,4,-2.75E-4,2.75E-4,2.75E-4
504516190312149,1,0.064950004,-0.01905,9.873
504516190312149,4,-0.0015125,-9.625E-4,-9.625E-4
504516195434068,2,-10.106251,34.5,-14.793751
504516209272476,1,0.06795,-0.016050002,9.868051
504516209272476,4,9.625E-4,2.75E-4,2.75E-4
504516228232783,1,0.072000004,-0.028050002,9.868051
504516228232783,4,-0.0015125,2.75E-4,2.75E-4
504516245452110,2,-10.106251,34.48125,-14.75625
504516247193091,1,0.072000004,-0.031050002,9.868051
504516247193091,4,9.625E-4,2.75E-4,2.75E-4
504516266153390,1,0.07005,-0.028050002,9.861
504516266153390,4,9.625E-4,-9.625E-4,2.75E-4
504516285113698,1,0.064950004,-0.01905,9.865951
504516285113698,4,-2.75E-4,2.75E-4,0.0015125
504516295323369,2,-10.181251,34.48125,-14.7375
504516304073925,1,0.064950004,-0.024,9.871051
504516304073923,4,-2.75E-4,-9.625E-4,-9.625E-4
504516323034303,1,0.064950004,-0.024,9.868051
504516323034303,4,-2.75E-4,-9.625E-4,-9.625E-4
504516341994536,1,0.07005,-0.021000002,9.876
504516341994534,4,9.625E-4,2.75E-4,-9.625E-4
504516345363336,2,-10.200001,34.48125,-14.718751
504516360954842,1,0.06795,-0.024,9.873
504516360954842,4,-2.75E-4,2.75E-4,-9.625E-4
504516379915149,1,0.058050003,-0.021000002,9.873
504516379915149,4,-2.75E-4,0.0015125,2.75E-4
504516395402297,2,-10.1625,34.4625,-14.718751
504516398875467,1,0.07005,-0.021000002,9.865951
504516398875467,4,-2.75E-4,2.75E-4,2.75E-4
504516417835765,1,0.058050003,-0.025950002,9.876
504516417835765,4,-0.0015125,2.75E-4,2.75E-4
504516436796073,1,0.07005,-0.025950002,9.873
504516436796073,4,-2.75E-4,2.75E-4,2.75E-4
504516445427706,2,-10.106251,34.4625,-14.718751
504516455756123,1,0.079950005,-0.024,9.864
504516455756121,4,-2.75E-4,2.75E-4,2.75E-4
504516474716659,1,0.07005,-0.021000002,9.868051
504516474716659,4,-2.75E-4,2.75E-4,2.75E-4
504516493676733,1,0.075,-0.021000002,9.873
504516493676731,4,-0.0015125,0.0015125,-9.625E-4
504516495268288,2,-10.200001,34.443752,-14.681251
504516512637030,1,0.07005,-0.021000002,9.868051
504516512637030,4,9.625E-4,2.75E-4,2.75E-4
504516531597338,1,0.06795,-0.031050002,9.873
504516531597338,4,-2.75E-4,2.75E-4,2.75E-4
504516545312989,2,-10.125,34.425003,-14.700001
504516550557654,1,0.072000004,-0.024,9.876
504516550557654,4,9.625E-4,-9.625E-4,2.75E-4
504516569517962,1,0.079950005,-0.016050002,9.865951
504516569517962,4,9.625E-4,2.75E-4,2.75E-4
504516588478261,1,0.072000004,-0.024,9.876
504516588478261,4,-2.75E-4,2.75E-4,0.0015125
504516595357381,2,-10.06875,34.425003,-14.7375
504516607438567,1,0.063,-0.024,9.871051
504516607438567,4,-0.0015125,2.75E-4,0.0015125
504516626398880,1,0.063,-0.028050002,9.864
504516626398880,4,9.625E-4,2.75E-4,2.75E-4
504516645359199,1,0.076950006,-0.024,9.876
504516645359199,4,-2.75E-4,2.75E-4,2.75E-4
504516645388353,2,-10.012501,34.40625,-14.700001
504516664319521,1,0.075,-0.021000002,9.876
504516664319521,4,-2.75E-4,2.75E-4,2.75E-4
504516683279819,1,0.063,-0.028050002,9.864
504516683279818,4,-2.75E-4,-9.625E-4,-9.625E-4
504516695418668,2,-10.106251,34.40625,-14.681251
504516702240127,1,0.063,-0.01905,9.871051
504516702240126,4,9.625E-4,2.75E-4,2.75E-4
504516721200369,1,0.064950004,-0.024,9.871051
504516721200367,4,-2.75E-4,2.75E-4,-9.625E-4
504516740160675,1,0.07005,-0.025950002,9.876
504516740160675,4,9.625E-4,2.75E-4,2.75E-4
504516745413721,2,-10.125,34.425003,-14.681251
504516759120996,1,0.063,-0.025950002,9.868051
504516759120996,4,-2.75E-4,2.75E-4,2.75E-4
504516778081314,1,0.063,-0.024,9.873
504516778081314,4,-2.75E-4,2.75E-4,2.75E-4
504516795426235,2,-10.06875,34.425003,-14.718751
504516797041684,1,0.072000004,-0.024,9.864
504516797041684,4,-2.75E-4,2.75E-4,2.75E-4
504516816001931,1,0.07005,-0.021000002,9.873
504516816001929,4,9.625E-4,2.75E-4,-9.625E-4
504516834962236,1,0.072000004,-0.01905,9.865951
504516834962236,4,-0.0015125,2.75E-4,2.75E-4
504516845266342,2,-10.087501,34.40625,-14.718751
504516853922535,1,0.072000004,-0.025950002,9.871051
504516853922535,4,-2.75E-4,2.75E-4,2.75E-4
504516872882843,1,0.07005,-0.024,9.865951
504516872882843,4,9.625E-4,-9.625E-4,2.75E-4
504516891842931,1,0.063,-0.025950002,9.880051
504516891842929,4,-2.75E-4,-9.625E-4,2.75E-4
504516895312839,2,-10.06875,34.40625,-14.7375
504516910803227,1,0.064950004,-0.024,9.876
504516910803227,4,-2.75E-4,2.75E-4,2.75E-4
504516929763765,1,0.07005,-0.024,9.876
504516929763765,4,-0.0015125,2.75E-4,2.75E-4
504516945358916,2,-9.95625,34.3875,-14.812501
504516948723820,1,0.06795,-0.024,9.873
504516948723818,4,-2.75E-4,2.75E-4,2.75E-4
504516967684126,1,0.076950006,-0.025950002,9.873
504516967684126,4,-2.75E-4,-9.625E-4,2.75E-4
504516986644439,1,0.072000004,-0.033,9.877951
504516986644439,4,9.625E-4,-9.625E-4,2.75E-4
504516995391159,2,-9.8625,34.3875,-14.887501
504517005604736,1,0.07005,-0.025950002,9.873
504517005604736,4,-2.75E-4,2.75E-4,2.75E-4
504517024565275,1,0.063,-0.0139500005,9.873
504517024565275,4,9.625E-4,2.75E-4,2.75E-4
504517043525354,1,0.08205,-0.021000002,9.873
504517043525352,4,9.625E-4,2.75E-4,-9.625E-4
504517045193579,2,-9.7875,34.3875,-14.981251
504517062485659,1,0.06795,-0.01905,9.876
504517062485659,4,9.625E-4,2.75E-4,2.75E-4
504517081445962,1,0.06795,-0.028050002,9.877951
504517081445962,4,9.625E-4,2.75E-4,2.75E-4
504517095265287,2,-9.88125,34.40625,-14.906251
504517100406270,1,0.07005,-0.0139500005,9.873
504517100406270,4,9.625E-4,2.75E-4,2.75E-4
504517119366588,1,0.06795,-0.016050002,9.877951
504517119366588,4,-2.75E-4,2.75E-4,2.75E-4
504517138326829,1,0.063,-0.031050002,9.871051
504517138326827,4,-2.75E-4,2.75E-4,2.75E-4
504517145320853,2,-9.975,34.425003,-14.83125
504517157287135,1,0.063,-0.028050002,9.880051
504517157287135,4,9.625E-4,2.75E-4,2.75E-4
504517176247530,1,0.07005,-0.028050002,9.873
504517176247530,4,-2.75E-4,2.75E-4,2.75E-4
504517195207773,1,0.064950004,-0.016050002,9.873
504517195207771,4,-2.75E-4,2.75E-4,2.75E-4
504517195371964,2,-9.9375,34.425003,-14.85
504517214168082,1,0.063,-0.031050002,9.871051
504517214168082,4,-1.375E-4,1.375E-4,1.375E-4
504517233128467,1,0.063,-0.028050002,9.871051
504517233128467,4,-1.375E-4,-9.625E-4,1.375E-4
504517245406408,2,-9.806251,34.40625,-14.906251
504517252088710,1,0.064950004,-0.016050002,9.873
504517252088708,4,-1.375E-4,1.375E-4,-0.0011
504517271049001,1,0.06795,-0.025950002,9.873
504517271049001,4,0.0011,1.375E-4,1.375E-4
504517290009318,1,0.07005,-0.028050002,9.868051
504517290009318,4,0.0011,1.375E-4,1.375E-4
504517295347992,2,-9.8625,34.425003,-14.868751
504517308969640,1,0.07005,-0.024,9.864
504517308969640,4,-1.375E-4,1.375E-4,1.375E-4
504517327929948,1,0.06795,-0.024,9.864
504517327929948,4,-1.375E-4,1.375E-4,1.375E-4
504517345386351,2,-9.900001,34.425003,-14.812501
504517346890256,1,0.076950006,-0.024,9.865951
504517346890256,4,-1.375E-4,1.375E-4,1.375E-4
504517365850564,1,0.063,-0.028050002,9.880051
504517365850563,4,-0.0012375,1.375E-4,1.375E-4
504517384810848,1,0.072000004,-0.016050002,9.868051
504517384810847,4,-1.375E-4,1.375E-4,0.001375
504517395255223,2,-9.806251,34.40625,-14.906251
504517403770916,1,0.063,-0.031050002,9.876
504517403770914,4,-1.375E-4,1.375E-4,1.375E-4
504517422731458,1,0.06795,-0.028050002,9.868051
504517422731458,4,-1.375E-4,1.375E-4,-0.0011
504517441691758,1,0.06795,-0.021000002,9.876
504517441691756,4,0.0011,-9.625E-4,-0.0011
504517445191978,2,-9.712501,34.40625,-14.925
504517460652066,1,0.072000004,-0.025950002,9.873
504517460652064,4,-1.375E-4,1.375E-4,-0.0011
504517479612143,1,0.072000004,-0.021000002,9.873
504517479612141,4,-1.375E-4,-9.625E-4,1.375E-4
504517495265901,2,-9.76875,34.425003,-14.868751
504517498572674,1,0.07005,-0.016050002,9.877951
504517498572674,4,-1.375E-4,-9.625E-4,1.375E-4
504517517532753,1,0.072000004,-0.033,9.880051
504517517532751,4,-1.375E-4,1.375E-4,1.375E-4
504517536493290,1,0.064950004,-0.025950002,9.876
504517536493290,4,-1.375E-4,-9.625E-4,0.001375
504517545322215,2,-9.7875,34.443752,-14.868751
504517555453369,1,0.064950004,-0.021000002,9.871051
504517555453367,4,0.0011,-9.625E-4,0.001375
504517574413679,1,0.076950006,-0.025950002,9.880051
504517574413679,4,0.0011,1.375E-4,-0.0011
504517593373982,1,0.063,-0.024,9.880051
504517593373982,4,-1.375E-4,1.375E-4,1.375E-4
504517595198828,2,-9.65625,34.443752,-14.981251
504517612334280,1,0.064950004,-0.025950002,9.877951
504517612334280,4,-1.375E-4,1.375E-4,-0.0011
504517631294819,1,0.072000004,-0.025950002,9.880051
504517631294819,4,-1.375E-4,1.375E-4,-0.0011
504517645273284,2,-9.6,34.443752,-14.981251
504517650254898,1,0.07005,-0.021000002,9.880051
504517650254896,4,0.0011,1.375E-4,-0.0011
504517669215203,1,0.07005,-0.016050002,9.873
504517669215203,4,0.0011,-9.625E-4,0.001375
504517688175535,1,0.064950004,-0.021000002,9.883051
504517688175535,4,-1.375E-4,-9.625E-4,0.001375
504517695340207,2,-9.525001,34.443752,-14.981251
504517707135833,1,0.06795,-0.024,9.880051
504517707135833,4,-1.375E-4,1.375E-4,1.375E-4
504517726096141,1,0.064950004,-0.012,9.880051
504517726096141,4,-1.375E-4,1.375E-4,1.375E-4
504517745056448,1,0.060000002,-0.021000002,9.880051
504517745056448,4,-1.375E-4,1.375E-4,1.375E-4
504517745387064,2,-9.5625,34.443752,-14.962501
504517764016746,1,0.06795,-0.025950002,9.873
504517764016746,4,-1.375E-4,1.375E-4,1.375E-4
504517782977054,1,0.07005,-0.024,9.876
504517782977054,4,0.0011,-9.625E-4,1.375E-4
504517795416734,2,-9.46875,34.443752,-14.981251
504517801937372,1,0.07005,-0.024,9.877951
504517801937372,4,-0.0012375,-9.625E-4,1.375E-4
504517820897680,1,0.07005,-0.021000002,9.880051
504517820897679,4,0.0011,1.375E-4,1.375E-4
504517839857912,1,0.072000004,-0.012,9.880051
504517839857910,4,-0.0012375,1.375E-4,-0.0011
504517845297150,2,-9.431251,34.443752,-14.925
504517858818290,1,0.076950006,-0.025950002,9.873
504517858818290,4,-1.375E-4,1.375E-4,1.375E-4
504517877778523,1,0.072000004,-0.025950002,9.871051
504517877778521,4,0.0011,1.375E-4,1.375E-4
504517895344138,2,-9.450001,34.4625,-14.887501
504517896738914,1,0.076950006,-0.024,9.8880005
504517896738914,4,-1.375E-4,0.001375,1.375E-4
504517915699138,1,0.06795,-0.01905,9.883051
504517915699136,4,-0.0012375,1.375E-4,1.375E-4
504517934659444,1,0.07005,-0.021000002,9.873
504517934659444,4,-1.375E-4,1.375E-4,1.375E-4
504517945387926,2,-9.50625,34.4625,-14.793751
504517953619742,1,0.06795,-0.025950002,9.873
504517953619742,4,0.0011,-9.625E-4,1.375E-4
504517972580039,1,0.07005,-0.025950002,9.873
504517972580039,4,-1.375E-4,1.375E-4,-0.0011
504517991540347,1,0.064950004,-0.016050002,9.877951
504517991540347,4,-0.0012375,-9.625E-4,-0.0011
504517995416496,2,-9.525001,34.48125,-14.83125
504518010500660,1,0.064950004,-0.01905,9.877951
504518010500660,4,-0.0012375,-9.625E-4,1.375E-4
504518029460968,1,0.063,-0.024,9.877951
504518029460967,4,-1.375E-4,1.375E-4,1.375E-4
504518045432321,2,-9.46875,34.4625,-14.793751
504518048421276,1,0.07005,-0.028050002,9.876
504518048421275,4,0.0011,1.375E-4,1.375E-4
504518067381584,1,0.058050003,-0.021000002,9.873
504518067381583,4,0.0011,-9.625E-4,-0.0011
504518086341897,1,0.07005,-0.016050002,9.873
504518086341896,4,-0.0012375,1.375E-4,0.001375
504518095448988,2,-9.50625,34.48125,-14.775001
504518105302215,1,0.076950006,-0.024,9.876
504518105302213,4,0.0011,1.375E-4,-0.0011
504518124262523,1,0.07005,-0.024,9.877951
504518124262521,4,-0.0012375,1.375E-4,1.375E-4
504518143222830,1,0.064950004,-0.021000002,9.871051
504518143222828,4,0.0011,-9.625E-4,1.375E-4
504518145330947,2,-9.5625,34.5,-14.75625
504518162183129,1,0.064950004,-0.021000002,9.868051
504518162183127,4,-1.375E-4,-9.625E-4,-0.0011
504518181143436,1,0.064950004,-0.024,9.8880005
504518181143434,4,0.0023375,-9.625E-4,0.001375
504518195369198,2,-9.450001,34.5,-14.793751
504518200103752,1,0.06795,-0.024,9.876
504518200103751,4,0.0011,1.375E-4,1.375E-4
504518219063840,1,0.063,-0.0139500005,9.877951
504518219063838,4,-1.375E-4,1.375E-4,-0.0011
504518238024160,1,0.064950004,-0.0139500005,9.880051
504518238024160,4,0.0011,1.375E-4,1.375E-4
504518245395783,2,-9.39375,34.48125,-14.793751
504518256984468,1,0.07005,-0.021000002,9.883051
504518256984468,4,0.0023375,-9.625E-4,0.001375
504518275944775,1,0.058050003,-0.025950002,9.873
504518275944775,4,0.0011,-9.625E-4,-0.0011
504518294905088,1,0.064950004,-0.01905,9.871051
504518294905088,4,-1.375E-4,-9.625E-4,1.375E-4
504518295389335,2,-9.431251,34.48125,-14.775001
504518313865386,1,0.06795,-0.01905,9.876
504518313865386,4,-1.375E-4,1.375E-4,1.375E-4
504518332825703,1,0.064950004,-0.031050002,9.877951
504518332825703,4,-1.375E-4,1.375E-4,1.375E-4
504518345413141,2,-9.431251,34.5,-14.75625
504518351786000,1,0.06795,-0.031050002,9.865951
504518351786000,4,-1.375E-4,-9.625E-4,1.375E-4
504518370746303,1,0.07005,-0.01905,9.873
504518370746303,4,0.0011,1.375E-4,1.375E-4
504518389706611,1,0.064950004,-0.024,9.876
504518389706611,4,-1.375E-4,1.375E-4,-0.0011
504518395250800,2,-9.337501,34.48125,-14.812501
504518408666919,1,0.06795,-0.021000002,9.873
504518408666918,4,0.0023375,-9.625E-4,1.375E-4
504518427627142,1,0.058050003,-0.028050002,9.876
504518427627140,4,-1.375E-4,1.375E-4,-0.0011
504518445307926,2,-9.39375,34.5,-14.775001
504518446587529,1,0.06795,-0.021000002,9.880051
504518446587529,4,0.0011,-9.625E-4,1.375E-4
504518465547839,1,0.07005,-0.025950002,9.877951
504518465547837,4,-1.375E-4,1.375E-4,1.375E-4
504518484508156,1,0.06795,-0.012,9.877951
504518484508154,4,-1.375E-4,-9.625E-4,1.375E-4
504518495351286,2,-9.543751,34.518753,-14.7375
504518503468377,1,0.06795,-0.025950002,9.880051
504518503468375,4,-1.375E-4,1.375E-4,1.375E-4
504518522428683,1,0.06795,-0.024,9.880051
504518522428683,4,-1.375E-4,1.375E-4,1.375E-4
504518541388977,1,0.064950004,-0.033,9.883051
504518541388977,4,-0.0012375,0.001375,1.375E-4
504518545381489,2,-9.5625,34.518753,-14.775001
504518560349346,1,0.072000004,-0.025950002,9.877951
504518560349346,4,0.0011,-9.625E-4,1.375E-4
504518579309584,1,0.060000002,-0.021000002,9.877951
504518579309582,4,-1.375E-4,1.375E-4,1.375E-4
504518595411396,2,-9.50625,34.518753,-14.812501
504518598269900,1,0.06795,-0.024,9.876
504518598269900,4,0.0011,-9.625E-4,1.375E-4
504518617230236,1,0.07005,-0.025950002,9.876
504518617230236,4,0.0011,1.375E-4,1.375E-4
504518636190558,1,0.072000004,-0.01905,9.873
504518636190558,4,-1.375E-4,-9.625E-4,1.375E-4
504518645428805,2,-9.4125,34.5,-14.868751
504518655150886,1,0.07005,-0.021000002,9.877951
504518655150886,4,-1.375E-4,1.375E-4,1.375E-4
504518674111213,1,0.072000004,-0.021000002,9.883051
504518674111213,4,-1.375E-4,-9.625E-4,-0.0011
504518693071526,1,0.06795,-0.021000002,9.876
504518693071526,4,-1.375E-4,1.375E-4,1.375E-4
504518695447346,2,-9.4875,34.518753,-14.812501
504518712031887,1,0.075,-0.024,9.8880005
504518712031886,4,-1.375E-4,1.375E-4,1.375E-4
504518730992219,1,0.063,-0.021000002,9.876
504518730992218,4,-1.375E-4,1.375E-4,1.375E-4
504518745455395,2,-9.543751,34.537502,-14.812501
504518749952531,1,0.075,-0.024,9.876
504518749952530,4,0.0011,-9.625E-4,1.375E-4
504518768912629,1,0.07005,-0.024,9.876
504518768912627,4,-1.375E-4,-9.625E-4,0.001375
504518787873179,1,0.064950004,-0.021000002,9.877951
504518787873179,4,-1.375E-4,1.375E-4,1.375E-4
504518795455075,2,-9.5625,34.537502,-14.812501
504518806833503,1,0.075,-0.01905,9.876
504518806833501,4,-1.375E-4,-9.625E-4,1.375E-4
504518825793613,1,0.064950004,-0.024,9.880051
504518825793611,4,-1.375E-4,-9.625E-4,1.375E-4
504518844753929,1,0.06795,-0.021000002,9.880051
504518844753929,4,-0.0012375,-9.625E-4,1.375E-4
504518845381046,2,-9.637501,34.537502,-14.775001
504518863714216,1,0.06795,-0.031050002,9.876
504518863714216,4,-0.0012375,1.375E-4,1.375E-4
504518882674511,1,0.072000004,-0.01905,9.880051
504518882674511,4,-1.375E-4,1.375E-4,-0.0011
504518895397110,2,-9.712501,34.537502,-14.718751
504518901634809,1,0.07005,-0.025950002,9.877951
504518901634809,4,-0.0012375,1.375E-4,1.375E-4
504518920595102,1,0.075,-0.031050002,9.877951
504518920595102,4,-1.375E-4,-9.625E-4,1.375E-4
504518939555394,1,0.072000004,-0.021000002,9.880051
504518939555394,4,0.0011,1.375E-4,1.375E-4
504518945291538,2,-9.76875,34.55625,-14.700001
504518958515692,1,0.063,-0.024,9.885
504518958515692,4,0.0011,1.375E-4,-0.0011
504518977475906,1,0.060000002,-0.021000002,9.877951
504518977475904,4,-0.0012375,-9.625E-4,-0.0011
504518995332049,2,-9.675,34.537502,-14.775001
504518996436198,1,0.08205,-0.024,9.868051
504518996436198,4,0.0011,1.375E-4,1.375E-4
504519015396481,1,0.064950004,-0.021000002,9.873
504519015396481,4,-0.0012375,1.375E-4,1.375E-4
504519034356789,1,0.064950004,-0.025950002,9.877951
504519034356789,4,-1.375E-4,1.375E-4,1.375E-4
504519045362095,2,-9.675,34.537502,-14.775001
504519053317072,1,0.07005,-0.0139500005,9.883051
504519053317072,4,-1.375E-4,-9.625E-4,-0.0011
504519072277376,1,0.06795,-0.031050002,9.880051
504519072277376,4,-1.375E-4,1.375E-4,0.001375
504519091237693,1,0.075,-0.01905,9.877951
504519091237692,4,0.0011,1.375E-4,-0.0011
504519095393327,2,-9.75,34.537502,-14.718751
504519110198001,1,0.07005,-0.028050002,9.877951
504519110198000,4,0.0011,-9.625E-4,-0.0011
504519129158300,1,0.07005,-0.031050002,9.883051
504519129158299,4,0.0011,-9.625E-4,-0.0011
504519145413182,2,-9.7875,34.55625,-14.718751
504519148118612,1,0.07005,-0.033,9.880051
504519148118611,4,0.0011,1.375E-4,1.375E-4
504519167078920,1,0.07005,-0.01905,9.876
504519167078918,4,0.0011,1.375E-4,1.375E-4
504519186039228,1,0.072000004,-0.021000002,9.876
504519186039226,4,0.0011,1.375E-4,1.375E-4
504519195434515,2,-9.825001,34.55625,-14.7375
504519204999557,1,0.064950004,-0.028050002,9.883051
504519204999555,4,-1.375E-4,1.375E-4,1.375E-4
504519223959633,1,0.07005,-0.01905,9.876
504519223959631,4,-1.375E-4,1.375E-4,1.375E-4
504519242919944,1,0.06795,-0.028050002,9.873
504519242919944,4,-1.375E-4,-0.0011,-0.0011
504519245445206,2,-9.88125,34.55625,-14.775001
504519261880237,1,0.064950004,-0.01905,9.871051
504519261880237,4,-1.375E-4,-0.0011,-0.0011
504519280840540,1,0.06795,-0.016050002,9.880051
504519280840540,4,-0.001375,1.375E-4,1.375E-4
504519295447260,2,-9.95625,34.55625,-14.718751
504519299800853,1,0.06795,-0.021000002,9.876
504519299800853,4,-1.375E-4,1.375E-4,1.375E-4
504519318761155,1,0.06795,-0.028050002,9.883051
504519318761155,4,-1.375E-4,1.375E-4,1.375E-4
504519337721472,1,0.075,-0.01905,9.8880005
504519337721472,4,-1.375E-4,1.375E-4,1.375E-4
504519345454243,2,-9.975,34.575,-14.793751
504519356681771,1,0.07005,-0.028050002,9.883051
504519356681771,4,-1.375E-4,1.375E-4,1.375E-4
504519375642064,1,0.060000002,-0.031050002,9.883051
504519375642064,4,-1.375E-4,1.375E-4,1.375E-4
504519394602296,1,0.07005,-0.021000002,9.883051
504519394602294,4,-1.375E-4,1.375E-4,-0.0011
504519395318804,2,-9.900001,34.55625,-14.868751
504519413562583,1,0.064950004,-0.024,9.871051
504519413562583,4,0.0011,-0.0011,0.0012375
504519432522886,1,0.060000002,-0.024,9.877951
504519432522886,4,-0.001375,1.375E-4,1.375E-4
504519445355494,2,-9.8625,34.55625,-14.925
504519451483194,1,0.06795,-0.01905,9.883051
504519451483194,4,-0.001375,-0.0011,-0.0011
504519470443563,1,0.060000002,-0.021000002,9.880051
504519470443563,4,0.0011,-0.0011,1.375E-4
504519489403791,1,0.06795,-0.028050002,9.885
504519489403789,4,-1.375E-4,0.001375,1.375E-4
504519495393408,2,-9.825001,34.55625,-14.925
504519508364069,1,0.075,-0.021000002,9.871051
504519508364069,4,-1.375E-4,1.375E-4,-0.0011
504519527324377,1,0.076950006,-0.016050002,9.873
504519527324377,4,0.0011,1.375E-4,1.375E-4
504519545408032,2,-9.8625,34.575,-14.962501
504519546284693,1,0.072000004,-0.024,9.877951
504519546284693,4,-0.001375,1.375E-4,1.375E-4
504519565245006,1,0.072000004,-0.021000002,9.880051
504519565245006,4,0.0011,1.375E-4,0.0012375
504519584205314,1,0.063,-0.024,9.880051
504519584205314,4,-1.375E-4,0.001375,1.375E-4
504519595426021,2,-9.76875,34.575,-15.000001
504519603165393,1,0.064950004,-0.0139500005,9.877951
504519603165391,4,-0.001375,1.375E-4,1.375E-4
504519622125915,1,0.063,-0.025950002,9.877951
504519622125915,4,-1.375E-4,-0.0011,1.375E-4
504519641085994,1,0.064950004,-0.021000002,9.871051
504519641085992,4,-0.001375,0.001375,1.375E-4
504519645434778,2,-9.75,34.575,-15.000001
504519660046300,1,0.060000002,-0.031050002,9.876
504519660046300,4,-0.001375,0.001375,-0.0011
504519679006607,1,0.07005,-0.025950002,9.877951
504519679006607,4,-1.375E-4,1.375E-4,1.375E-4
504519695447258,2,-9.825001,34.575,-14.925
504519697966915,1,0.07005,-0.024,9.873
504519697966915,4,-1.375E-4,1.375E-4,1.375E-4
504519716927232,1,0.075,-0.028050002,9.871051
504519716927232,4,-1.375E-4,-0.0011,1.375E-4
504519735887530,1,0.064950004,-0.031050002,9.877951
504519735887530,4,-1.375E-4,-0.0011,-0.0011
504519745451325,2,-9.8625,34.59375,-14.906251
504519754847838,1,0.06795,-0.025950002,9.880051
504519754847838,4,-1.375E-4,1.375E-4,1.375E-4
504519773808062,1,0.064950004,-0.028050002,9.883051
504519773808060,4,-1.375E-4,-0.0011,1.375E-4
504519792768362,1,0.072000004,-0.025950002,9.871051
504519792768362,4,-1.375E-4,-0.0011,1.375E-4
504519795448912,2,-9.806251,34.575,-14.94375
504519811728665,1,0.064950004,-0.025950002,9.871051
504519811728665,4,-0.001375,1.375E-4,1.375E-4
504519830688973,1,0.07005,-0.024,9.868051
504519830688973,4,-1.375E-4,-0.0011,1.375E-4
504519845430239,2,-9.76875,34.575,-14.962501
504519849649265,1,0.072000004,-0.025950002,9.880051
504519849649265,4,-1.375E-4,1.375E-4,1.375E-4
504519868609564,1,0.07005,-0.0139500005,9.865951
504519868609564,4,0.0011,1.375E-4,1.375E-4
504519887569867,1,0.07005,-0.028050002,9.871051
504519887569867,4,0.0011,1.375E-4,1.375E-4
504519895433149,2,-9.8625,34.575,-14.925
504519906530175,1,0.063,-0.024,9.868051
504519906530175,4,-0.001375,1.375E-4,1.375E-4
504519925490254,1,0.06795,-0.024,9.876
504519925490252,4,0.0011,1.375E-4,1.375E-4
504519944450559,1,0.060000002,-0.01905,9.873
504519944450559,4,-1.375E-4,1.375E-4,1.375E-4
504519945267227,2,-9.76875,34.55625,-14.925
504519963410857,1,0.058050003,-0.025950002,9.877951
504519963410857,4,0.0011,1.375E-4,1.375E-4
504519982371386,1,0.06795,-0.024,9.871051
504519982371386,4,0.0011,-0.0011,-0.0011
504519995310213,2,-9.65625,34.537502,-15.000001
504520001331475,1,0.075,-0.021000002,9.876
504520001331473,4,-1.375E-4,-0.0011,1.375E-4
504520020291789,1,0.072000004,-0.025950002,9.873
504520020291789,4,-1.375E-4,-0.0011,1.375E-4
504520039252097,1,0.060000002,-0.025950002,9.871051
504520039252097,4,-0.001375,1.375E-4,1.375E-4
504520045343550,2,-9.637501,34.537502,-14.962501
504520058212395,1,0.07005,-0.01905,9.865951
504520058212395,4,-1.375E-4,1.375E-4,1.375E-4
504520077172703,1,0.064950004,-0.033,9.876
504520077172703,4,0.0011,-0.0011,1.375E-4
504520095378425,2,-9.69375,34.537502,-14.94375
504520096133019,1,0.072000004,-0.01905,9.873
504520096133019,4,0.0011,1.375E-4,-0.0011
504520115093318,1,0.06795,-0.025950002,9.865951
504520115093318,4,-1.375E-4,-0.0011,1.375E-4
504520134053551,1,0.06795,-0.024,9.868051
504520134053549,4,-1.375E-4,1.375E-4,1.375E-4
504520145401630,2,-9.69375,34.518753,-14.962501
504520153013866,1,0.063,-0.031050002,9.868051
504520153013866,4,0.0011,-0.0011,-0.0023375
504520171974265,1,0.072000004,-0.01905,9.876
504520171974265,4,-1.375E-4,1.375E-4,1.375E-4
504520190934507,1,0.063,-0.028050002,9.873
504520190934505,4,-0.001375,1.375E-4,1.375E-4
504520195425900,2,-9.58125,34.518753,-15.0375
504520209894823,1,0.07005,-0.024,9.868051
504520209894823,4,0.0011,1.375E-4,-0.0011
504520228855126,1,0.07005,-0.021000002,9.871051
504520228855126,4,-1.375E-4,1.375E-4,1.375E-4
504520245439236,2,-9.58125,34.5,-15.01875
504520247815462,1,0.05595,-0.025950002,9.877951
504520247815462,4,-1.375E-4,1.375E-4,1.375E-4
504520266775779,1,0.063,-0.021000002,9.873
504520266775779,4,-1.375E-4,1.375E-4,-0.0011
504520285736087,1,0.064950004,-0.025950002,9.871051
504520285736087,4,-1.375E-4,1.375E-4,1.375E-4
504520295443515,2,-9.543751,34.5,-15.01875
504520304696166,1,0.07005,-0.028050002,9.876
504520304696164,4,-1.375E-4,1.375E-4,0.0012375
504520323656712,1,0.058050003,-0.01905,9.876
504520323656712,4,-1.375E-4,1.375E-4,1.375E-4
504520342616791,1,0.060000002,-0.024,9.876
504520342616789,4,0.0011,1.375E-4,1.375E-4
504520345452119,2,-9.46875,34.48125,-15.075001
504520361577107,1,0.075,-0.033,9.883051
504520361577107,4,0.0011,1.375E-4,1.375E-4
504520380537405,1,0.06795,-0.021000002,9.868051
504520380537405,4,0.0011,1.375E-4,-0.0011
504520395374164,2,-9.39375,34.5,-15.13125
504520399497721,1,0.064950004,-0.024,9.868051
504520399497721,4,-1.375E-4,1.375E-4,1.375E-4
504520418458039,1,0.07005,-0.028050002,9.873
504520418458039,4,0.0011,1.375E-4,-0.0011
504520437418342,1,0.072000004,-0.016050002,9.876
504520437418342,4,0.0011,1.375E-4,1.375E-4
504520445398525,2,-9.375,34.48125,-15.150001
504520456378575,1,0.060000002,-0.021000002,9.865951
504520456378573,4,-1.375E-4,1.375E-4,1.375E-4
504520475338947,1,0.072000004,-0.021000002,9.871051
504520475338947,4,0.0011,-0.0011,1.375E-4
504520494299257,1,0.063,-0.024,9.873
504520494299255,4,-1.375E-4,1.375E-4,1.375E-4
504520495238466,2,-9.431251,34.48125,-15.093751
504520513259556,1,0.064950004,-0.024,9.877951
504520513259554,4,0.0011,1.375E-4,1.375E-4
504520532219782,1,0.06795,-0.021000002,9.873
504520532219780,4,-1.375E-4,1.375E-4,1.375E-4
504520545286976,2,-9.431251,34.48125,-15.093751
504520551180058,1,0.072000004,-0.021000002,9.876
504520551180058,4,-1.375E-4,-0.0011,1.375E-4
504520570140366,1,0.06795,-0.021000002,9.877951
504520570140366,4,-0.001375,1.375E-4,-0.0011
504520589100741,1,0.079950005,-0.021000002,9.868051
504520589100741,4,-0.001375,1.375E-4,-0.0011
504520595335930,2,-9.356251,34.48125,-15.150001
504520608060965,1,0.064950004,-0.01905,9.876
504520608060963,4,-1.375E-4,1.375E-4,1.375E-4
504520627021347,1,0.07005,-0.01905,9.871051
504520627021347,4,-1.375E-4,1.375E-4,1.375E-4
504520645371313,2,-9.39375,34.5,-15.168751
504520645981580,1,0.072000004,-0.033,9.871051
504520645981578,4,-1.375E-4,-0.0011,1.375E-4
504520664941876,1,0.06795,-0.021000002,9.871051
504520664941876,4,-1.375E-4,-0.0011,1.375E-4
504520683902184,1,0.07005,-0.024,9.877951
504520683902184,4,0.0011,-0.0011,-0.0011
504520695405738,2,-9.356251,34.48125,-15.150001
504520702862481,1,0.072000004,-0.01905,9.877951
504520702862481,4,0.0011,-0.0011,-0.0011
504520721822550,1,0.07005,-0.031050002,9.871051
504520721822548,4,0.0011,1.375E-4,1.375E-4
504520740782852,1,0.06795,-0.01905,9.877951
504520740782852,4,0.0011,1.375E-4,1.375E-4
504520745426958,2,-9.28125,34.48125,-15.13125
504520759743150,1,0.075,-0.021000002,9.871051
504520759743150,4,0.0011,1.375E-4,1.375E-4
504520778703702,1,0.07005,-0.021000002,9.868051
504520778703702,4,-1.375E-4,1.375E-4,-0.0011
504520795437286,2,-9.20625,34.48125,-15.225
504520797663791,1,0.072000004,-0.025950002,9.871051
504520797663789,4,0.0011,-0.0011,1.375E-4
504520816624106,1,0.064950004,-0.024,9.873
504520816624106,4,-1.375E-4,1.375E-4,1.375E-4
504520835584424,1,0.05595,-0.031050002,9.883051
504520835584424,4,0.0023375,1.375E-4,1.375E-4
504520845450204,2,-9.225,34.48125,-15.187501
504520854544740,1,0.07005,-0.033,9.880051
504520854544740,4,-0.001375,1.375E-4,1.375E-4
504520873505044,1,0.06795,-0.028050002,9.876
504520873505044,4,0.0011,1.375E-4,1.375E-4
504520892465291,1,0.07005,-0.031050002,9.871051
504520892465289,4,0.0011,1.375E-4,1.375E-4
504520895453778,2,-9.356251,34.5,-15.13125
504520911425684,1,0.07005,-0.028050002,9.876
504520911425684,4,-0.001375,1.375E-4,1.375E-4
504520930385993,1,0.07005,-0.028050002,9.868051
504520930385991,4,-1.375E-4,1.375E-4,-0.0011
504520945315314,2,-9.375,34.518753,-15.168751
504520949346224,1,0.064950004,-0.01905,9.871051
504520949346222,4,-1.375E-4,-0.0011,1.375E-4
504520968306539,1,0.07005,-0.024,9.873
504520968306539,4,0.0011,1.375E-4,-0.0011
504520987266862,1,0.07005,-0.024,9.876
504520987266862,4,-0.001375,-0.0011,1.375E-4
504520995349421,2,-9.356251,34.5,-15.187501
504521006227178,1,0.060000002,-0.024,9.873
504521006227178,4,0.0011,1.375E-4,0.0012375
504521025187486,1,0.072000004,-0.024,9.876
504521025187486,4,0.0011,-0.0011,-0.0011
504521044147789,1,0.064950004,-0.01905,9.877951
504521044147789,4,-1.375E-4,1.375E-4,-0.0011
504521045210935,2,-9.356251,34.5,-15.187501
504521063108087,1,0.06795,-0.028050002,9.877951
504521063108087,4,0.0011,1.375E-4,-0.0011
504521082068395,1,0.064950004,-0.01905,9.880051
504521082068394,4,-1.375E-4,-9.625E-4,-9.625E-4
504521095275757,2,-9.450001,34.5,-15.13125
504521101028703,1,0.052950002,-0.033,9.877951
504521101028702,4,-1.375E-4,2.75E-4,2.75E-4
504521119989016,1,0.063,-0.033,9.876
504521119989015,4,0.0011,2.75E-4,-9.625E-4
504521138949099,1,0.079950005,-0.025950002,9.877951
504521138949097,4,-1.375E-4,2.75E-4,2.75E-4
504521145325962,2,-9.46875,34.518753,-15.168751
504521157909620,1,0.06795,-0.028050002,9.877951
504521157909620,4,-1.375E-4,0.0015125,2.75E-4
504521176869704,1,0.07005,-0.025950002,9.871051
504521176869702,4,-1.375E-4,2.75E-4,0.0015125
504521195830231,1,0.07005,-0.024,9.873
504521195830231,4,-1.375E-4,2.75E-4,2.75E-4
504521195373341,2,-9.4125,34.5,-15.243751
504521214790326,1,0.058050003,-0.01905,9.876
504521214790324,4,-1.375E-4,2.75E-4,2.75E-4
504521233750862,1,0.060000002,-0.024,9.876
504521233750862,4,-1.375E-4,-9.625E-4,2.75E-4
504521245405422,2,-9.4125,34.5,-15.3
504521252710931,1,0.08205,-0.024,9.876
504521252710929,4,-1.375E-4,2.75E-4,2.75E-4
504521271671218,1,0.063,-0.033,9.873
504521271671218,4,-0.001375,2.75E-4,2.75E-4
504521290631526,1,0.063,-0.01905,9.876
504521290631526,4,0.0011,-9.625E-4,2.75E-4
504521295424229,2,-9.5625,34.518753,-15.262501
504521309591833,1,0.063,-0.016050002,9.873
504521309591833,4,-1.375E-4,2.75E-4,0.0015125
504521328552131,1,0.07005,-0.024,9.871051
504521328552131,4,0.0011,-9.625E-4,2.75E-4
504521345443536,2,-9.6,34.537502,-15.243751
504521347512449,1,0.058050003,-0.024,9.876
504521347512449,4,-1.375E-4,2.75E-4,2.75E-4
504521366472682,1,0.06795,-0.025950002,9.876
504521366472680,4,-0.001375,2.75E-4,2.75E-4
504521385433285,1,0.064950004,-0.016050002,9.876
504521385433285,4,-1.375E-4,2.75E-4,-9.625E-4
504521395429293,2,-9.50625,34.537502,-15.3
504521404393364,1,0.063,-0.024,9.873
504521404393362,4,-1.375E-4,2.75E-4,2.75E-4
504521423353660,1,0.075,-0.0139500005,9.871051
504521423353660,4,-1.375E-4,-9.625E-4,2.75E-4
504521442313903,1,0.076950006,-0.031050002,9.868051
504521442313901,4,-1.375E-4,-9.625E-4,2.75E-4
504521445272537,2,-9.50625,34.518753,-15.356251
504521461274194,1,0.064950004,-0.021000002,9.876
504521461274194,4,-1.375E-4,2.75E-4,2.75E-4
504521480234511,1,0.063,-0.021000002,9.868051
504521480234511,4,-1.375E-4,-9.625E-4,2.75E-4
504521495143445,2,-9.6,34.537502,-15.262501
504521499194809,1,0.07005,-0.01905,9.877951
504521499194809,4,-0.001375,2.75E-4,2.75E-4
504521518155127,1,0.063,-0.028050002,9.876
504521518155127,4,-1.375E-4,-9.625E-4,-9.625E-4
504521537115434,1,0.064950004,-0.021000002,9.871051
504521537115434,4,-0.001375,2.75E-4,2.75E-4
504521545219306,2,-9.637501,34.537502,-15.31875
504521556075746,1,0.07005,-0.0139500005,9.873
504521556075746,4,-1.375E-4,2.75E-4,2.75E-4
504521575036054,1,0.075,-0.025950002,9.871051
504521575036054,4,-1.375E-4,2.75E-4,-9.625E-4
504521593996142,1,0.06795,-0.021000002,9.876
504521593996140,4,-1.375E-4,2.75E-4,2.75E-4
504521595116448,2,-9.543751,34.55625,-15.31875
504521612956678,1,0.07005,-0.024,9.868051
504521612956678,4,0.0011,2.75E-4,0.0015125
504521631916767,1,0.072000004,-0.01905,9.876
504521631916765,4,-1.375E-4,2.75E-4,2.75E-4
504521645210361,2,-9.543751,34.537502,-15.3
504521650877294,1,0.064950004,-0.033,9.873
504521650877294,4,0.0011,2.75E-4,-9.625E-4
504521669837595,1,0.063,-0.021000002,9.871051
504521669837593,4,-1.375E-4,-9.625E-4,-9.625E-4
504521688797671,1,0.058050003,-0.024,9.873
504521688797669,4,-1.375E-4,-9.625E-4,2.75E-4
504521695294462,2,-9.637501,34.537502,-15.281251
504521707757972,1,0.06795,-0.016050002,9.873
504521707757972,4,0.0011,-9.625E-4,-9.625E-4
504521726718497,1,0.064950004,-0.024,9.877951
504521726718497,4,-1.375E-4,2.75E-4,2.75E-4
504521745678576,1,0.064950004,-0.028050002,9.877951
504521745678574,4,0.0011,-9.625E-4,-9.625E-4
504521745355854,2,-9.637501,34.518753,-15.281251
504521764638881,1,0.064950004,-0.028050002,9.876
504521764638881,4,-1.375E-4,2.75E-4,2.75E-4
504521783599194,1,0.060000002,-0.028050002,9.877951
504521783599194,4,-1.375E-4,2.75E-4,2.75E-4
504521795397207,2,-9.5625,34.5,-15.356251
504521802559502,1,0.064950004,-0.031050002,9.876
504521802559502,4,-1.375E-4,2.75E-4,2.75E-4
504521821519810,1,0.07005,-0.024,9.868051
504521821519810,4,-1.375E-4,-9.625E-4,-9.625E-4
504521840480117,1,0.058050003,-0.021000002,9.880051
504521840480117,4,-1.375E-4,-9.625E-4,2.75E-4
504521845432885,2,-9.543751,34.5,-15.356251
504521859440425,1,0.063,-0.024,9.876
504521859440425,4,-1.375E-4,-9.625E-4,2.75E-4
504521878400723,1,0.06795,-0.021000002,9.873
504521878400723,4,-0.001375,0.0015125,-9.625E-4
504521895452290,2,-9.637501,34.5,-15.337501
504521897361031,1,0.072000004,-0.025950002,9.885
504521897361031,4,-1.375E-4,-9.625E-4,2.75E-4
504521916321329,1,0.060000002,-0.024,9.880051
504521916321328,4,0.0011,2.75E-4,2.75E-4
504521935281571,1,0.064950004,-0.016050002,9.877951
504521935281569,4,0.0011,2.75E-4,2.75E-4
504521945391369,2,-9.637501,34.5,-15.31875
504521954241877,1,0.06795,-0.028050002,9.877951
504521954241877,4,-1.375E-4,-9.625E-4,2.75E-4
504521973202194,1,0.07005,-0.025950002,9.876
504521973202194,4,-1.375E-4,2.75E-4,-9.625E-4
504521992162477,1,0.07005,-0.025950002,9.871051
504521992162477,4,-1.375E-4,2.75E-4,2.75E-4
504521995415308,2,-9.58125,34.5,-15.337501
504522011122776,1,0.06795,-0.025950002,9.877951
504522011122776,4,0.0011,2.75E-4,2.75E-4
504522030083093,1,0.063,-0.031050002,9.876
504522030083093,4,-1.375E-4,-9.625E-4,2.75E-4
504522045272727,2,-9.5625,34.5,-15.356251
504522049043391,1,0.075,-0.028050002,9.880051
504522049043391,4,0.0011,-9.625E-4,-9.625E-4
504522068003699,1,0.07005,-0.028050002,9.873
504522068003698,4,-1.375E-4,2.75E-4,2.75E-4
504522086963763,1,0.072000004,-0.021000002,9.877951
504522086963761,4,-1.375E-4,2.75E-4,-9.625E-4
504522095324103,2,-9.637501,34.5,-15.3
504522105924309,1,0.076950006,-0.021000002,9.873
504522105924309,4,-1.375E-4,0.0015125,2.75E-4
504522124884629,1,0.075,-0.031050002,9.868051
504522124884627,4,-1.375E-4,-9.625E-4,2.75E-4
504522143844946,1,0.060000002,-0.021000002,9.873
504522143844944,4,-1.375E-4,2.75E-4,0.0015125
504522145187769,2,-9.618751,34.5,-15.3
504522162805023,1,0.063,-0.021000002,9.883051
504522162805021,4,-1.375E-4,-9.625E-4,-9.625E-4
504522181765338,1,0.05595,-0.021000002,9.883051
504522181765338,4,0.0011,2.75E-4,0.0015125
504522195265172,2,-9.525001,34.48125,-15.31875
504522200725636,1,0.064950004,-0.025950002,9.871051
504522200725636,4,-1.375E-4,-9.625E-4,-9.625E-4
504522219685958,1,0.060000002,-0.01905,9.876
504522219685958,4,-1.375E-4,-9.625E-4,2.75E-4
504522238646266,1,0.06795,-0.021000002,9.876
504522238646266,4,-1.375E-4,-9.625E-4,2.75E-4
504522245324728,2,-9.525001,34.4625,-15.375001
504522257606598,1,0.064950004,-0.024,9.877951
504522257606598,4,-1.375E-4,2.75E-4,2.75E-4
504522276566906,1,0.07005,-0.024,9.876
504522276566906,4,-1.375E-4,-9.625E-4,2.75E-4
504522295527473,1,0.064950004,-0.01905,9.871051
504522295527473,4,0.0011,2.75E-4,2.75E-4
504522295378567,2,-9.6,34.443752,-15.3
504522314487552,1,0.064950004,-0.021000002,9.868051
504522314487550,4,-1.375E-4,-9.625E-4,2.75E-4
504522333447790,1,0.063,-0.016050002,9.883051
504522333447790,4,-1.375E-4,2.75E-4,2.75E-4
504522345414770,2,-9.6,34.443752,-15.337501
504522352408165,1,0.07005,-0.033,9.873
504522352408165,4,0.0011,2.75E-4,2.75E-4
504522371368411,1,0.072000004,-0.025950002,9.877951
504522371368409,4,-1.375E-4,2.75E-4,2.75E-4
504522390328717,1,0.06795,-0.021000002,9.873
504522390328717,4,-0.001375,2.75E-4,2.75E-4
504522395435983,2,-9.4875,34.425003,-15.4125
504522409289102,1,0.06795,-0.025950002,9.880051
504522409289102,4,-1.375E-4,-9.625E-4,2.75E-4
504522428249325,1,0.072000004,-0.025950002,9.876
504522428249323,4,-1.375E-4,2.75E-4,2.75E-4
504522445456222,2,-9.450001,34.425003,-15.39375
504522447209630,1,0.063,-0.025950002,9.876
504522447209630,4,-1.375E-4,-9.625E-4,-9.625E-4
504522466169938,1,0.06795,-0.033,9.873
504522466169938,4,0.0011,2.75E-4,2.75E-4
504522485130256,1,0.07005,-0.021000002,9.877951
504522485130256,4,-1.375E-4,2.75E-4,-9.625E-4
504522495329480,2,-9.50625,34.425003,-15.356251
504522504090564,1,0.064950004,-0.016050002,9.871051
504522504090564,4,-1.375E-4,2.75E-4,0.0015125
504522523050861,1,0.06795,-0.016050002,9.876
504522523050861,4,-1.375E-4,2.75E-4,2.75E-4
504522542011159,1,0.064950004,-0.021000002,9.873
504522542011159,4,-1.375E-4,2.75E-4,2.75E-4
504522545360054,2,-9.50625,34.40625,-15.356251
504522560971238,1,0.06795,-0.025950002,9.868051
504522560971236,4,-1.375E-4,-9.625E-4,-9.625E-4
504522579931761,1,0.06795,-0.025950002,9.873
504522579931761,4,-1.375E-4,2.75E-4,2.75E-4
504522595253235,2,-9.4125,34.40625,-15.39375
504522598891839,1,0.06795,-0.021000002,9.873
504522598891837,4,0.0011,2.75E-4,-9.625E-4
504522617852135,1,0.064950004,-0.028050002,9.880051
504522617852135,4,0.0011,-9.625E-4,-9.625E-4
504522636812453,1,0.058050003,-0.028050002,9.873
504522636812453,4,-1.375E-4,2.75E-4,0.0015125
504522645305698,2,-9.39375,34.3875,-15.39375
504522655772737,1,0.072000004,-0.024,9.877951
504522655772737,4,-1.375E-4,2.75E-4,2.75E-4
504522674733044,1,0.058050003,-0.01905,9.876
504522674733044,4,-1.375E-4,-9.625E-4,-9.625E-4
504522693693357,1,0.07005,-0.028050002,9.876
504522693693357,4,-1.375E-4,2.75E-4,0.0015125
504522695181691,2,-9.450001,34.3875,-15.3
504522712653674,1,0.063,-0.01905,9.873
504522712653674,4,0.0011,2.75E-4,2.75E-4
504522731613982,1,0.06795,-0.024,9.868051
504522731613982,4,-1.375E-4,2.75E-4,2.75E-4
504522745257491,2,-9.450001,34.36875,-15.243751
504522750574205,1,0.064950004,-0.01905,9.873
504522750574203,4,-1.375E-4,2.75E-4,2.75E-4
504522769534578,1,0.072000004,-0.01905,9.877951
504522769534578,4,-1.375E-4,2.75E-4,2.75E-4
504522788494893,1,0.072000004,-0.025950002,9.883051
504522788494891,4,-1.375E-4,2.75E-4,-9.625E-4
504522795315734,2,-9.4125,34.350002,-15.262501
504522807455114,1,0.07005,-0.01905,9.876
504522807455112,4,0.0011,-9.625E-4,2.75E-4
504522826415501,1,0.064950004,-0.021000002,9.877951
504522826415501,4,-1.375E-4,2.75E-4,-9.625E-4
504522845375821,1,0.063,-0.031050002,9.880051
504522845375819,4,-0.001375,2.75E-4,2.75E-4
504522845368468,2,-9.337501,34.331253,-15.281251
504522864336052,1,0.060000002,-0.01905,9.877951
504522864336050,4,-1.375E-4,2.75E-4,2.75E-4
504522883296358,1,0.063,-0.024,9.877951
504522883296358,4,0.0011,-9.625E-4,-9.625E-4
504522895403812,2,-9.4875,34.350002,-15.187501
504522902256679,1,0.06795,-0.021000002,9.880051
504522902256679,4,-1.375E-4,-9.625E-4,2.75E-4
504522921216976,1,0.072000004,-0.021000002,9.880051
504522921216976,4,-1.375E-4,2.75E-4,2.75E-4
504522940177308,1,0.05595,-0.024,9.873
504522940177308,4,-1.375E-4,2.75E-4,2.75E-4
504522945413095,2,-9.6,34.36875,-15.13125
504522959137607,1,0.06795,-0.021000002,9.885
504522959137607,4,-1.375E-4,2.75E-4,2.75E-4
504522978097667,1,0.07005,-0.033,9.883051
504522978097665,4,0.0011,-9.625E-4,-9.625E-4
504522995435460,2,-9.65625,34.36875,-15.150001
504522997058193,1,0.075,-0.021000002,9.873
504522997058193,4,-1.375E-4,2.75E-4,2.75E-4
504523016018282,1,0.07005,-0.031050002,9.871051
504523016018280,4,-2.75E-4,4.125E-4,-9.625E-4
504523034978804,1,0.07005,-0.024,9.873
504523034978804,4,-2.75E-4,4.125E-4,2.75E-4
504523045270127,2,-9.712501,34.425003,-15.093751
504523053938897,1,0.06795,-0.021000002,9.877951
504523053938895,4,-2.75E-4,-6.875E-4,2.75E-4
504523072899188,1,0.075,-0.021000002,9.877951
504523072899188,4,-2.75E-4,4.125E-4,2.75E-4
504523091859477,1,0.064950004,-0.024,9.873
504523091859477,4,9.625E-4,4.125E-4,2.75E-4
504523095323234,2,-9.84375,34.425003,-15.0375
504523110819790,1,0.07005,-0.021000002,9.880051
504523110819790,4,9.625E-4,4.125E-4,2.75E-4
504523129780082,1,0.075,-0.024,9.877951
504523129780082,4,9.625E-4,-6.875E-4,2.75E-4
504523145362265,2,-9.918751,34.425003,-15.000001
504523148740320,1,0.07005,-0.024,9.877951
504523148740318,4,-2.75E-4,4.125E-4,2.75E-4
504523167700693,1,0.063,-0.028050002,9.868051
504523167700693,4,-2.75E-4,4.125E-4,2.75E-4
504523186660912,1,0.072000004,-0.021000002,9.880051
504523186660910,4,9.625E-4,4.125E-4,2.75E-4
504523195399713,2,-9.9375,34.443752,-15.000001
504523205621227,1,0.075,-0.021000002,9.876
504523205621227,4,-2.75E-4,4.125E-4,2.75E-4
504523224581612,1,0.072000004,-0.025950002,9.877951
504523224581612,4,-2.75E-4,-6.875E-4,-9.625E-4
504523243541859,1,0.060000002,-0.0139500005,9.880051
504523243541857,4,9.625E-4,4.125E-4,-9.625E-4
504523245205393,2,-9.993751,34.4625,-14.94375
504523262502160,1,0.064950004,-0.021000002,9.873
504523262502160,4,-2.75E-4,4.125E-4,2.75E-4
504523281462458,1,0.07005,-0.025950002,9.880051
504523281462458,4,-2.75E-4,4.125E-4,2.75E-4
504523295268228,2,-10.03125,34.4625,-14.906251
504523300422780,1,0.06795,-0.024,9.865951
504523300422780,4,-2.75E-4,4.125E-4,2.75E-4
504523319382845,1,0.063,-0.028050002,9.876
504523319382843,4,9.625E-4,-6.875E-4,-9.625E-4
504523338343151,1,0.072000004,-0.028050002,9.877951
504523338343151,4,-2.75E-4,-6.875E-4,2.75E-4
504523345327595,2,-10.106251,34.48125,-14.887501
504523357303473,1,0.06795,-0.016050002,9.873
504523357303473,4,-2.75E-4,-6.875E-4,-9.625E-4
504523376264011,1,0.072000004,-0.025950002,9.873
504523376264011,4,-2.75E-4,4.125E-4,2.75E-4
504523395224076,1,0.07005,-0.031050002,9.873
504523395224074,4,-0.0015125,4.125E-4,2.75E-4
504523395370403,2,-10.106251,34.4625,-14.868751
504523414184386,1,0.07005,-0.031050002,9.873
504523414184386,4,-2.75E-4,0.00165,2.75E-4
504523433144699,1,0.076950006,-0.01905,9.873
504523433144699,4,-2.75E-4,4.125E-4,0.0015125
504523445409529,2,-10.05,34.4625,-14.887501
504523452105016,1,0.076950006,-0.01905,9.877951
504523452105016,4,-2.75E-4,4.125E-4,2.75E-4
504523471065333,1,0.06795,-0.028050002,9.880051
504523471065333,4,-2.75E-4,4.125E-4,0.0015125
504523490025646,1,0.076950006,-0.021000002,9.876
504523490025646,4,9.625E-4,4.125E-4,2.75E-4
504523495354667,2,-10.106251,34.4625,-14.887501
504523508985893,1,0.075,-0.028050002,9.880051
504523508985891,4,-0.0015125,4.125E-4,2.75E-4
504523527946194,1,0.076950006,-0.024,9.880051
504523527946194,4,-2.75E-4,4.125E-4,2.75E-4
504523545384505,2,-10.181251,34.48125,-14.83125
504523546906516,1,0.072000004,-0.024,9.877951
504523546906516,4,9.625E-4,-6.875E-4,2.75E-4
504523565866824,1,0.07005,-0.01905,9.880051
504523565866824,4,9.625E-4,4.125E-4,2.75E-4
504523584827146,1,0.07005,-0.0139500005,9.876
504523584827146,4,-2.75E-4,4.125E-4,2.75E-4
504523595258389,2,-10.181251,34.48125,-14.83125
504523603787463,1,0.07005,-0.016050002,9.877951
504523603787463,4,9.625E-4,-6.875E-4,-9.625E-4
504523622747542,1,0.079950005,-0.021000002,9.876
504523622747540,4,-2.75E-4,-6.875E-4,2.75E-4
504523641708088,1,0.07005,-0.01905,9.877951
504523641708088,4,-2.75E-4,0.00165,2.75E-4
504523645311419,2,-10.125,34.5,-14.887501
504523660668167,1,0.06795,-0.021000002,9.876
504523660668165,4,-2.75E-4,-6.875E-4,-9.625E-4
504523679628477,1,0.076950006,-0.025950002,9.880051
504523679628477,4,-2.75E-4,4.125E-4,2.75E-4
504523695361847,2,-10.1625,34.518753,-14.906251
504523698588785,1,0.06795,-0.031050002,9.877951
504523698588785,4,-2.75E-4,-6.875E-4,2.75E-4
504523717549083,1,0.072000004,-0.021000002,9.873
504523717549083,4,-2.75E-4,4.125E-4,-9.625E-4
504523736509396,1,0.064950004,-0.021000002,9.877951
504523736509396,4,-2.75E-4,-6.875E-4,0.0015125
504523745396589,2,-10.2375,34.518753,-14.85
504523755469703,1,0.064950004,-0.024,9.883051
504523755469703,4,9.625E-4,-6.875E-4,2.75E-4
504523774429991,1,0.06795,-0.025950002,9.876
504523774429991,4,-2.75E-4,4.125E-4,2.75E-4
504523793390285,1,0.06795,-0.024,9.880051
504523793390285,4,-2.75E-4,-6.875E-4,2.75E-4
504523795274787,2,-10.200001,34.537502,-14.887501
504523812350503,1,0.06795,-0.024,9.876
504523812350501,4,-2.75E-4,4.125E-4,2.75E-4
504523831310808,1,0.064950004,-0.016050002,9.873
504523831310808,4,-2.75E-4,-6.875E-4,2.75E-4
504523845329430,2,-10.1625,34.537502,-14.906251
504523850271130,1,0.060000002,-0.028050002,9.876
504523850271130,4,-2.75E-4,4.125E-4,2.75E-4
504523869231424,1,0.079950005,-0.031050002,9.883051
504523869231424,4,9.625E-4,4.125E-4,2.75E-4
504523888191722,1,0.076950006,-0.01905,9.880051
504523888191722,4,-2.75E-4,-6.875E-4,2.75E-4
504523895368980,2,-10.181251,34.537502,-14.868751
504523907152039,1,0.06795,-0.01905,9.871051
504523907152039,4,-2.75E-4,4.125E-4,2.75E-4
504523926112118,1,0.064950004,-0.01905,9.873
504523926112116,4,9.625E-4,4.125E-4,2.75E-4
504523945072424,1,0.072000004,-0.028050002,9.877951
504523945072424,4,9.625E-4,4.125E-4,2.75E-4
504523945406193,2,-10.25625,34.537502,-14.887501
504523964032732,1,0.060000002,-0.031050002,9.877951
504523964032732,4,-2.75E-4,4.125E-4,-9.625E-4
504523982993040,1,0.07005,-0.031050002,9.876
504523982993040,4,-2.75E-4,4.125E-4,2.75E-4
504523995429142,2,-10.2375,34.537502,-14.85
504524001953356,1,0.060000002,-0.024,9.876
504524001953356,4,-2.75E-4,-6.875E-4,2.75E-4
504524020913890,1,0.072000004,-0.025950002,9.880051
504524020913890,4,-2.75E-4,4.125E-4,-9.625E-4
504524039873955,1,0.072000004,-0.01905,9.877951
504524039873953,4,-2.75E-4,-6.875E-4,2.75E-4
504524045316607,2,-10.3125,34.575,-14.775001
504524058834184,1,0.07005,-0.025950002,9.883051
504524058834184,4,-2.75E-4,4.125E-4,-9.625E-4
504524077794491,1,0.06795,-0.0139500005,9.877951
504524077794491,4,-2.75E-4,4.125E-4,-9.625E-4
504524095358621,2,-10.35,34.575,-14.7375
504524096754876,1,0.07005,-0.0139500005,9.876
504524096754876,4,-2.75E-4,-6.875E-4,2.75E-4
504524115715118,1,0.06795,-0.021000002,9.873
504524115715116,4,-2.75E-4,4.125E-4,-9.625E-4
504524134675410,1,0.06795,-0.031050002,9.880051
504524134675410,4,-2.75E-4,4.125E-4,2.75E-4
504524145399156,2,-10.40625,34.59375,-14.700001
504524153635712,1,0.07005,-0.016050002,9.876
504524153635712,4,-2.75E-4,4.125E-4,2.75E-4
504524172596030,1,0.07005,-0.01905,9.876
504524172596030,4,-2.75E-4,-6.875E-4,2.75E-4
504524191556123,1,0.07005,-0.024,9.876
504524191556121,4,-2.75E-4,-6.875E-4,2.75E-4
504524195425728,2,-10.481251,34.612503,-14.718751
504524210516419,1,0.07005,-0.024,9.877951
504524210516419,4,-2.75E-4,-6.875E-4,2.75E-4
504524229476736,1,0.06795,-0.021000002,9.871051
504524229476736,4,-2.75E-4,4.125E-4,-9.625E-4
504524245440507,2,-10.425,34.612503,-14.775001
504524248437039,1,0.06795,-0.021000002,9.873
504524248437039,4,-2.75E-4,4.125E-4,2.75E-4
504524267397361,1,0.072000004,-0.021000002,9.873
504524267397361,4,-2.75E-4,-6.875E-4,0.0015125
504524286357890,1,0.07005,-0.028050002,9.877951
504524286357890,4,-2.75E-4,4.125E-4,2.75E-4
504524295445636,2,-10.33125,34.59375,-14.775001
504524305317892,1,0.07005,-0.024,9.880051
504524305317890,4,-2.75E-4,-6.875E-4,2.75E-4
504524324278202,1,0.06795,-0.021000002,9.873
504524324278202,4,-2.75E-4,4.125E-4,-9.625E-4
504524343238526,1,0.072000004,-0.01905,9.877951
504524343238526,4,-2.75E-4,4.125E-4,-9.625E-4
504524345454511,2,-10.425,34.612503,-14.775001
504524362198843,1,0.07005,-0.021000002,9.876
504524362198843,4,-0.0015125,4.125E-4,2.75E-4
504524381159160,1,0.07005,-0.025950002,9.880051
504524381159160,4,-2.75E-4,4.125E-4,-9.625E-4
504524395455333,2,-10.35,34.612503,-14.83125
504524400119468,1,0.060000002,-0.016050002,9.877951
504524400119468,4,-2.75E-4,4.125E-4,-9.625E-4
504524419079790,1,0.07005,-0.01905,9.877951
504524419079790,4,9.625E-4,4.125E-4,-9.625E-4
504524438040089,1,0.064950004,-0.016050002,9.864
504524438040089,4,-2.75E-4,4.125E-4,-9.625E-4
504524445461293,2,-10.181251,34.59375,-14.906251
504524457000396,1,0.075,-0.024,9.873
504524457000395,4,-2.75E-4,4.125E-4,2.75E-4
504524475960470,1,0.064950004,-0.016050002,9.876
504524475960468,4,-2.75E-4,4.125E-4,2.75E-4
504524494920776,1,0.06795,-0.025950002,9.876
504524494920776,4,9.625E-4,4.125E-4,2.75E-4
504524495437571,2,-10.06875,34.575,-14.925
504524513881074,1,0.063,-0.016050002,9.871051
504524513881074,4,-2.75E-4,0.00165,2.75E-4
504524532841382,1,0.07005,-0.01905,9.883051
504524532841382,4,-2.75E-4,4.125E-4,2.75E-4
504524545436345,2,-10.03125,34.537502,-14.925
504524551801703,1,0.075,-0.025950002,9.868051
504524551801703,4,-2.75E-4,4.125E-4,2.75E-4
504524570761931,1,0.07005,-0.016050002,9.873
504524570761929,4,9.625E-4,-6.875E-4,-9.625E-4
504524589722324,1,0.064950004,-0.01905,9.877951
504524589722324,4,-2.75E-4,4.125E-4,2.75E-4
504524595266214,2,-9.95625,34.537502,-14.981251
504524608682557,1,0.07005,-0.025950002,9.876
504524608682555,4,-2.75E-4,4.125E-4,-9.625E-4
504524627642862,1,0.07005,-0.031050002,9.876
504524627642862,4,-2.75E-4,-6.875E-4,2.75E-4
504524645306736,2,-9.975,34.518753,-14.962501
504524646603236,1,0.058050003,-0.021000002,9.876
504524646603236,4,-2.75E-4,4.125E-4,-9.625E-4
504524665563460,1,0.076950006,-0.016050002,9.883051
504524665563458,4,-2.75E-4,4.125E-4,2.75E-4
504524684523537,1,0.06795,-0.021000002,9.876
504524684523535,4,9.625E-4,4.125E-4,2.75E-4
504524695349638,2,-9.88125,34.5,-14.981251
504524703483833,1,0.07005,-0.01905,9.871051
504524703483833,4,-2.75E-4,4.125E-4,2.75E-4
504524722444140,1,0.07005,-0.012,9.871051
504524722444140,4,-2.75E-4,-6.875E-4,2.75E-4
504524741404448,1,0.07005,-0.025950002,9.873
504524741404448,4,-2.75E-4,4.125E-4,2.75E-4
504524745380572,2,-9.8625,34.518753,-15.000001
504524760364742,1,0.07005,-0.024,9.880051
504524760364742,4,-0.0015125,4.125E-4,2.75E-4
504524779325048,1,0.07005,-0.031050002,9.880051
504524779325048,4,9.625E-4,4.125E-4,2.75E-4
504524795400638,2,-9.88125,34.518753,-14.981251
504524798285291,1,0.075,-0.031050002,9.877951
504524798285289,4,9.625E-4,4.125E-4,2.75E-4
504524817245607,1,0.072000004,-0.028050002,9.880051
504524817245607,4,-2.75E-4,4.125E-4,2.75E-4
504524836205905,1,0.07005,-0.016050002,9.868051
504524836205905,4,-2.75E-4,-6.875E-4,-9.625E-4
504524845422593,2,-9.806251,34.518753,-15.01875
504524855166208,1,0.06795,-0.025950002,9.883051
504524855166208,4,-2.75E-4,4.125E-4,2.75E-4
504524874126515,1,0.07005,-0.021000002,9.883051
504524874126515,4,-2.75E-4,-6.875E-4,2.75E-4
504524893086823,1,0.075,-0.025950002,9.873
504524893086823,4,-2.75E-4,4.125E-4,2.75E-4
504524895456677,2,-9.75,34.5,-15.000001
504524912047122,1,0.07005,-0.01905,9.876
504524912047122,4,-2.75E-4,4.125E-4,2.75E-4
504524931007440,1,0.058050003,-0.016050002,9.883051
504524931007439,4,-2.75E-4,4.125E-4,2.75E-4
504524945465910,2,-9.84375,34.518753,-14.962501
504524949967518,1,0.07005,-0.021000002,9.880051
504524949967516,4,-1.375E-4,-8.25E-4,1.375E-4
504524968927814,1,0.072000004,-0.01905,9.873
504524968927814,4,-1.375E-4,4.125E-4,1.375E-4
504524987888132,1,0.07005,-0.021000002,9.873
504524987888132,4,-0.001375,4.125E-4,1.375E-4
504524995466366,2,-9.8625,34.518753,-14.94375
504525006848430,1,0.06795,-0.021000002,9.877951
504525006848430,4,9.625E-4,-8.25E-4,1.375E-4
504525025808723,1,0.06795,-0.024,9.871051
504525025808723,4,-1.375E-4,4.125E-4,-9.625E-4
504525044768956,1,0.064950004,-0.01905,9.871051
504525044768954,4,-1.375E-4,4.125E-4,-9.625E-4
504525045392843,2,-9.76875,34.5,-15.0375
504525063729262,1,0.06795,-0.021000002,9.877951
504525063729262,4,9.625E-4,4.125E-4,-9.625E-4
504525082689569,1,0.064950004,-0.024,9.871051
504525082689569,4,-1.375E-4,-0.0020625,-9.625E-4
504525095409279,2,-9.712501,34.5,-15.093751
504525101649867,1,0.07005,-0.021000002,9.877951
504525101649867,4,-1.375E-4,-8.25E-4,1.375E-4
504525120609955,1,0.07005,-0.028050002,9.877951
504525120609953,4,-1.375E-4,4.125E-4,1.375E-4
504525139570266,1,0.060000002,-0.024,9.880051
504525139570266,4,-1.375E-4,-8.25E-4,1.375E-4
504525145263064,2,-9.8625,34.518753,-15.01875
504525158530574,1,0.07005,-0.031050002,9.871051
504525158530574,4,-0.001375,4.125E-4,1.375E-4
504525177490882,1,0.064950004,-0.028050002,9.876
504525177490882,4,-1.375E-4,4.125E-4,0.001375
504525195313390,2,-9.9375,34.518753,-15.000001
504525196451189,1,0.072000004,-0.01905,9.876
504525196451189,4,-1.375E-4,4.125E-4,1.375E-4
504525215411497,1,0.064950004,-0.021000002,9.876
504525215411497,4,9.625E-4,4.125E-4,1.375E-4
504525234371730,1,0.06795,-0.01905,9.885
504525234371728,4,-1.375E-4,4.125E-4,1.375E-4
504525245351921,2,-9.9375,34.518753,-15.000001
504525253332036,1,0.075,-0.0139500005,9.877951
504525253332036,4,-1.375E-4,4.125E-4,1.375E-4
504525272292420,1,0.072000004,-0.024,9.876
504525272292420,4,-1.375E-4,4.125E-4,1.375E-4
504525291252653,1,0.060000002,-0.025950002,9.873
504525291252651,4,-0.001375,4.125E-4,-9.625E-4
504525295379128,2,-9.900001,34.5,-15.01875
504525310212992,1,0.05595,-0.021000002,9.880051
504525310212992,4,-1.375E-4,-8.25E-4,1.375E-4
504525329173305,1,0.060000002,-0.0139500005,9.883051
504525329173305,4,-1.375E-4,-8.25E-4,1.375E-4
504525345407338,2,-9.993751,34.518753,-14.962501
504525348133612,1,0.063,-0.025950002,9.876
504525348133612,4,9.625E-4,-8.25E-4,1.375E-4
504525367093911,1,0.07005,-0.028050002,9.876
504525367093911,4,-1.375E-4,4.125E-4,1.375E-4
504525386053985,1,0.06795,-0.021000002,9.876
504525386053983,4,-1.375E-4,4.125E-4,-9.625E-4
504525395424038,2,-10.05,34.518753,-14.925
504525405014291,1,0.064950004,-0.024,9.880051
504525405014291,4,-0.001375,-8.25E-4,1.375E-4
504525423974598,1,0.07005,-0.025950002,9.883051
504525423974598,4,-1.375E-4,-8.25E-4,1.375E-4
504525442934896,1,0.06795,-0.033,9.876
504525442934896,4,9.625E-4,-8.25E-4,1.375E-4
504525445442405,2,-9.95625,34.5,-14.981251
504525461895119,1,0.063,-0.025950002,9.883051
504525461895117,4,9.625E-4,4.125E-4,1.375E-4
504525480855430,1,0.06795,-0.025950002,9.877951
504525480855430,4,-1.375E-4,4.125E-4,1.375E-4
504525495450679,2,-9.900001,34.5,-15.01875
504525499815752,1,0.06795,-0.01905,9.876
504525499815752,4,-1.375E-4,-8.25E-4,1.375E-4
504525518776049,1,0.07005,-0.0139500005,9.876
504525518776049,4,9.625E-4,4.125E-4,-9.625E-4
504525537736367,1,0.075,-0.021000002,9.876
504525537736367,4,9.625E-4,-8.25E-4,1.375E-4
504525545450885,2,-9.8625,34.48125,-15.075001
504525556696455,1,0.064950004,-0.025950002,9.877951
504525556696453,4,-1.375E-4,-8.25E-4,1.375E-4
504525575656761,1,0.06795,-0.016050002,9.876
504525575656761,4,9.625E-4,4.125E-4,-9.625E-4
504525594617068,1,0.064950004,-0.01905,9.876
504525594617068,4,-1.375E-4,4.125E-4,1.375E-4
504525595321233,2,-9.918751,34.4625,-15.1125
504525613577376,1,0.076950006,-0.024,9.883051
504525613577376,4,-1.375E-4,4.125E-4,1.375E-4
504525632537669,1,0.063,-0.01905,9.876
504525632537669,4,-0.001375,4.125E-4,1.375E-4
504525645351099,2,-9.825001,34.4625,-15.150001
504525651497982,1,0.06795,-0.0139500005,9.873
504525651497982,4,-0.001375,4.125E-4,1.375E-4
504525670458214,1,0.06795,-0.025950002,9.885
504525670458212,4,-1.375E-4,4.125E-4,1.375E-4
504525689418525,1,0.072000004,-0.016050002,9.877951
504525689418525,4,-1.375E-4,4.125E-4,1.375E-4
504525695394935,2,-9.731251,34.443752,-15.225
504525708378837,1,0.063,-0.01905,9.876
504525708378837,4,-1.375E-4,4.125E-4,1.375E-4
504525727339155,1,0.064950004,-0.025950002,9.877951
504525727339155,4,9.625E-4,4.125E-4,1.375E-4
504525745414046,2,-9.8625,34.4625,-15.150001
504525746299244,1,0.072000004,-0.024,9.877951
504525746299242,4,9.625E-4,4.125E-4,1.375E-4
504525765259549,1,0.072000004,-0.025950002,9.876
504525765259549,4,-1.375E-4,4.125E-4,1.375E-4
504525784219828,1,0.072000004,-0.028050002,9.876
504525784219828,4,9.625E-4,-8.25E-4,0.001375
504525795424047,2,-9.88125,34.443752,-15.168751
504525803180151,1,0.07005,-0.01905,9.877951
504525803180151,4,9.625E-4,4.125E-4,1.375E-4
504525822140679,1,0.063,-0.021000002,9.877951
504525822140679,4,-0.001375,4.125E-4,0.001375
504525841100753,1,0.076950006,-0.024,9.877951
504525841100751,4,-1.375E-4,0.0015125,1.375E-4
504525845437713,2,-9.806251,34.443752,-15.225
504525860061064,1,0.06795,-0.021000002,9.873
504525860061064,4,-1.375E-4,4.125E-4,1.375E-4
504525879021363,1,0.06795,-0.025950002,9.877951
504525879021363,4,-1.375E-4,4.125E-4,1.375E-4
504525895442803,2,-9.806251,34.4625,-15.243751
504525897981591,1,0.06795,-0.031050002,9.877951
504525897981589,4,-1.375E-4,-8.25E-4,1.375E-4
504525916941910,1,0.063,-0.016050002,9.877951
504525916941910,4,-1.375E-4,-8.25E-4,1.375E-4
504525935902228,1,0.06795,-0.031050002,9.876
504525935902228,4,9.625E-4,4.125E-4,0.001375
504525945452554,2,-9.918751,34.4625,-15.187501
504525954862307,1,0.064950004,-0.024,9.873
504525954862305,4,-0.001375,4.125E-4,1.375E-4
504525973822858,1,0.06795,-0.021000002,9.880051
504525973822858,4,-1.375E-4,-8.25E-4,1.375E-4
504525992782918,1,0.064950004,-0.028050002,9.877951
504525992782916,4,-1.375E-4,-8.25E-4,-9.625E-4
504525995454368,2,-9.9375,34.48125,-15.225
504526011743223,1,0.064950004,-0.016050002,9.880051
504526011743223,4,-1.375E-4,4.125E-4,1.375E-4
504526030703521,1,0.075,-0.021000002,9.871051
504526030703521,4,-1.375E-4,4.125E-4,1.375E-4
504526045438954,2,-9.84375,34.48125,-15.281251
504526049663759,1,0.06795,-0.01905,9.873
504526049663757,4,-0.001375,4.125E-4,-9.625E-4
504526068624089,1,0.072000004,-0.016050002,9.877951
504526068624089,4,-0.001375,4.125E-4,1.375E-4
504526087584453,1,0.063,-0.021000002,9.877951
504526087584453,4,9.625E-4,-8.25E-4,1.375E-4
504526095444281,2,-9.825001,34.4625,-15.281251
504526106544695,1,0.076950006,-0.016050002,9.876
504526106544693,4,-1.375E-4,4.125E-4,1.375E-4
504526125504987,1,0.076950006,-0.028050002,9.873
504526125504987,4,9.625E-4,4.125E-4,1.375E-4
504526144465294,1,0.063,-0.01905,9.880051
504526144465294,4,-0.001375,4.125E-4,1.375E-4
504526145267856,2,-9.7875,34.4625,-15.3
504526163425377,1,0.075,-0.01905,9.877951
504526163425375,4,-1.375E-4,4.125E-4,1.375E-4
504526182385683,1,0.06795,-0.024,9.883051
504526182385683,4,-1.375E-4,4.125E-4,1.375E-4
504526195314720,2,-9.806251,34.4625,-15.3
504526201345967,1,0.07005,-0.01905,9.883051
504526201345967,4,-1.375E-4,4.125E-4,1.375E-4
504526220306285,1,0.07005,-0.021000002,9.877951
504526220306285,4,9.625E-4,4.125E-4,1.375E-4
504526239266512,1,0.064950004,-0.021000002,9.877951
504526239266510,4,-1.375E-4,4.125E-4,1.375E-4
504526245351177,2,-9.712501,34.443752,-15.39375
504526258226832,1,0.072000004,-0.016050002,9.876
504526258226832,4,9.625E-4,-8.25E-4,-9.625E-4
504526277187131,1,0.064950004,-0.025950002,9.883051
504526277187131,4,-1.375E-4,4.125E-4,-9.625E-4
504526295376891,2,-9.69375,34.4625,-15.431251
504526296147443,1,0.07005,-0.016050002,9.880051
504526296147443,4,-1.375E-4,4.125E-4,1.375E-4
504526315107760,1,0.072000004,-0.01905,9.880051
504526315107760,4,-1.375E-4,4.125E-4,0.001375
504526334068058,1,0.06795,-0.025950002,9.883051
504526334068058,4,-1.375E-4,4.125E-4,-9.625E-4
504526345404375,2,-9.731251,34.4625,-15.431251
504526353028137,1,0.072000004,-0.021000002,9.876
504526353028135,4,-1.375E-4,4.125E-4,1.375E-4
504526371988434,1,0.072000004,-0.016050002,9.880051
504526371988434,4,-1.375E-4,4.125E-4,1.375E-4
504526390948751,1,0.063,-0.016050002,9.880051
504526390948751,4,9.625E-4,-8.25E-4,1.375E-4
504526395420869,2,-9.75,34.4625,-15.4875
504526409908978,1,0.06795,-0.016050002,9.880051
504526409908976,4,-1.375E-4,4.125E-4,-9.625E-4
504526428869361,1,0.063,-0.0139500005,9.873
504526428869361,4,9.625E-4,4.125E-4,1.375E-4
504526445439451,2,-9.65625,34.443752,-15.58125
504526447829584,1,0.06795,-0.016050002,9.880051
504526447829582,4,-1.375E-4,0.0015125,1.375E-4
504526466789890,1,0.063,-0.028050002,9.877951
504526466789890,4,9.625E-4,-8.25E-4,1.375E-4
504526485750212,1,0.063,-0.024,9.873
504526485750212,4,-0.001375,0.0015125,1.375E-4
504526495448027,2,-9.618751,34.443752,-15.58125
504526504710520,1,0.06795,-0.031050002,9.877951
504526504710520,4,-1.375E-4,4.125E-4,1.375E-4
504526523670828,1,0.06795,-0.028050002,9.885
504526523670828,4,-1.375E-4,4.125E-4,0.001375
504526542630911,1,0.07005,-0.01905,9.880051
504526542630909,4,-1.375E-4,4.125E-4,1.375E-4
504526545448523,2,-9.69375,34.4625,-15.4875
504526561591227,1,0.06795,-0.024,9.877951
504526561591227,4,9.625E-4,4.125E-4,1.375E-4
504526580551520,1,0.064950004,-0.012,9.871051
504526580551520,4,9.625E-4,-8.25E-4,1.375E-4
504526595375572,2,-9.712501,34.4625,-15.468751
504526599511818,1,0.072000004,-0.028050002,9.877951
504526599511818,4,-1.375E-4,0.0015125,1.375E-4
504526618472061,1,0.064950004,-0.021000002,9.877951
504526618472059,4,-1.375E-4,4.125E-4,1.375E-4
504526637432357,1,0.064950004,-0.021000002,9.876
504526637432357,4,9.625E-4,4.125E-4,1.375E-4
504526645392770,2,-9.5625,34.425003,-15.562501
504526656392689,1,0.07005,-0.024,9.876
504526656392689,4,-1.375E-4,4.125E-4,1.375E-4
504526675352768,1,0.072000004,-0.0139500005,9.871051
504526675352766,4,-1.375E-4,-8.25E-4,-9.625E-4
504526694313305,1,0.060000002,-0.036000002,9.876
504526694313305,4,-0.001375,4.125E-4,1.375E-4
504526695238377,2,-9.50625,34.40625,-15.562501
504526713273384,1,0.063,-0.031050002,9.868051
504526713273382,4,-1.375E-4,4.125E-4,0.001375
504526732233685,1,0.07005,-0.025950002,9.873
504526732233685,4,-0.001375,-0.0033,0.001375
504526745291420,2,-9.4875,34.425003,-15.525001
504526751194002,1,0.076950006,-0.024,9.868051
504526751194002,4,-0.0050875,0.00275,1.375E-4
504526770154319,1,0.075,-0.016050002,9.883051
504526770154319,4,-0.0026125,0.0039875,1.375E-4
504526789114627,1,0.07005,-0.01905,9.8880005
504526789114627,4,-0.001375,4.125E-4,-9.625E-4
504526795332637,2,-9.525001,34.425003,-15.50625
504526808074841,1,0.076950006,-0.016050002,9.876
504526808074839,4,-0.001375,0.00275,-9.625E-4
504526827035218,1,0.06795,-0.024,9.885
504526827035218,4,-1.375E-4,0.005225,-9.625E-4
504526845373248,2,-9.431251,34.425003,-15.58125
504526845995456,1,0.060000002,-0.01905,9.877951
504526845995454,4,9.625E-4,-8.25E-4,-9.625E-4
504526864955533,1,0.063,-0.040050004,9.876
504526864955531,4,0.0034375,-0.00825,0.001375
504526883915863,1,0.07005,-0.024,9.847051
504526883915863,4,-0.00385,2.75E-4,0.00275
504526895400600,2,-9.39375,34.40625,-15.58125
504526902876184,1,0.05595,-0.021000002,9.89505
504526902876184,4,0.0011,-0.004675,0.0039875
504526921836506,1,0.06795,-0.025950002,9.876
504526921836506,4,0.0023375,-0.0022,0.0039875
504526940796838,1,0.072000004,-0.024,9.871051
504526940796838,4,0.0023375,-0.0034375,0.00275
504526945427595,2,-9.46875,34.40625,-15.525001
504526959757062,1,0.075,-0.016050002,9.873
504526959757060,4,0.0011,-0.0022,0.0015125
504526978717376,1,0.08400001,-0.00705,9.859051
504526978717376,4,-0.00385,0.006325,-0.0045375
504526995442389,2,-9.4875,34.425003,-15.543751
504526997677699,1,0.063,-0.00705,9.901951
504526997677699,4,0.0011,0.0015125,-0.0045375
504527016638026,1,0.072000004,-0.028050002,9.876
504527016638026,4,0.0034375,-0.0022,-0.0022
504527035598339,1,0.07005,-0.031050002,9.84405
504527035598339,4,-1.375E-4,0.00275,2.75E-4
504527045447467,2,-9.431251,34.425003,-15.543751
504527054558432,1,0.063,-0.031050002,9.8880005
504527054558430,4,0.0023375,-0.0022,2.75E-4
504527073518742,1,0.06795,-0.025950002,9.873
504527073518742,4,-1.375E-4,0.0015125,2.75E-4
504527092479079,1,0.079950005,-0.01905,9.876
504527092479079,4,-1.375E-4,2.75E-4,-9.625E-4
504527095456318,2,-9.431251,34.4625,-15.525001
504527111439340,1,0.075,-0.0139500005,9.883051
504527111439338,4,-1.375E-4,2.75E-4,2.75E-4
504527130399661,1,0.064950004,-0.024,9.880051
504527130399661,4,-1.375E-4,2.75E-4,-9.625E-4
504527145321715,2,-9.58125,34.518753,-15.50625
504527149359987,1,0.064950004,-0.016050002,9.873
504527149359987,4,-1.375E-4,2.75E-4,2.75E-4
504527168320285,1,0.063,-0.021000002,9.883051
504527168320285,4,-1.375E-4,2.75E-4,2.75E-4
504527187280584,1,0.07005,-0.024,9.880051
504527187280584,4,-1.375E-4,2.75E-4,2.75E-4
504527195358758,2,-9.618751,34.575,-15.525001
504527206240672,1,0.06795,-0.021000002,9.877951
504527206240670,4,-1.375E-4,-9.625E-4,2.75E-4
504527225200993,1,0.07005,-0.021000002,9.876
504527225200993,4,0.0011,2.75E-4,-9.625E-4
504527244161305,1,0.06795,-0.028050002,9.871051
504527244161305,4,0.0011,-9.625E-4,-9.625E-4
504527245222361,2,-9.69375,34.631252,-15.525001
504527263121613,1,0.07005,-0.021000002,9.880051
504527263121613,4,-1.375E-4,2.75E-4,2.75E-4
504527282081925,1,0.064950004,-0.016050002,9.873
504527282081925,4,0.0011,2.75E-4,2.75E-4
504527295277232,2,-9.8625,34.706253,-15.431251
504527301042163,1,0.072000004,-0.028050002,9.876
504527301042161,4,-1.375E-4,-9.625E-4,2.75E-4
504527320002449,1,0.064950004,-0.028050002,9.880051
504527320002449,4,-1.375E-4,-9.625E-4,2.75E-4
504527338962757,1,0.064950004,-0.025950002,9.868051
504527338962757,4,0.0011,2.75E-4,2.75E-4
504527345331065,2,-9.993751,34.74375,-15.356251
504527357923065,1,0.06795,-0.021000002,9.873
504527357923065,4,-1.375E-4,2.75E-4,-9.625E-4
504527376883387,1,0.060000002,-0.028050002,9.880051
504527376883387,4,-1.375E-4,2.75E-4,-9.625E-4
504527395843456,1,0.06795,-0.025950002,9.873
504527395843454,4,-1.375E-4,2.75E-4,2.75E-4
504527395370068,2,-10.03125,34.74375,-15.337501
504527414803752,1,0.064950004,-0.021000002,9.880051
504527414803752,4,-1.375E-4,2.75E-4,2.75E-4
504527433764060,1,0.072000004,-0.028050002,9.873
504527433764060,4,-1.375E-4,2.75E-4,2.75E-4
504527445406803,2,-9.9375,34.74375,-15.39375
504527452724312,1,0.058050003,-0.024,9.876
504527452724310,4,-0.001375,2.75E-4,2.75E-4
504527471684618,1,0.064950004,-0.016050002,9.876
504527471684618,4,-0.001375,0.0015125,2.75E-4
504527490644915,1,0.058050003,-0.021000002,9.885
504527490644915,4,-0.001375,-9.625E-4,2.75E-4
504527495429398,2,-9.975,34.78125,-15.356251
504527509604984,1,0.064950004,-0.024,9.876
504527509604982,4,-1.375E-4,0.0015125,0.0015125
504527528565521,1,0.048,-0.025950002,9.871051
504527528565521,4,-1.375E-4,2.75E-4,2.75E-4
504527545440419,2,-10.087501,34.800003,-15.31875
504527547525600,1,0.06795,-0.024,9.877951
504527547525598,4,0.0011,2.75E-4,-9.625E-4
504527566485916,1,0.06795,-0.031050002,9.880051
504527566485916,4,-1.375E-4,-9.625E-4,2.75E-4
504527585446227,1,0.051000003,-0.01905,9.883051
504527585446227,4,-1.375E-4,2.75E-4,-9.625E-4
504527595431126,2,-10.14375,34.818752,-15.3
504527604406564,1,0.075,-0.021000002,9.876
504527604406564,4,-1.375E-4,2.75E-4,-9.625E-4
504527623366783,1,0.06795,-0.01905,9.876
504527623366781,4,0.0011,-9.625E-4,-9.625E-4
504527642327065,1,0.052950002,-0.024,9.880051
504527642327065,4,-1.375E-4,2.75E-4,-9.625E-4
504527645439841,2,-10.106251,34.8375,-15.356251
504527661287348,1,0.08205,-0.031050002,9.877951
504527661287348,4,-1.375E-4,-9.625E-4,2.75E-4
504527680247665,1,0.06795,-0.025950002,9.880051
504527680247665,4,-1.375E-4,2.75E-4,2.75E-4
504527695276199,2,-10.14375,34.8375,-15.356251
504527699207730,1,0.075,-0.024,9.873
504527699207728,4,-1.375E-4,2.75E-4,2.75E-4
504527718168270,1,0.058050003,-0.028050002,9.868051
504527718168270,4,-1.375E-4,2.75E-4,2.75E-4
504527737128330,1,0.05595,-0.021000002,9.873
504527737128328,4,0.0011,-9.625E-4,2.75E-4
504527745320652,2,-10.25625,34.893753,-15.262501
504527756088636,1,0.063,-0.031050002,9.868051
504527756088636,4,-1.375E-4,2.75E-4,2.75E-4
504527775048949,1,0.058050003,-0.031050002,9.877951
504527775048949,4,0.0011,2.75E-4,-9.625E-4
504527794009152,1,0.07005,-0.033,9.880051
504527794009150,4,-1.375E-4,2.75E-4,-9.625E-4
504527795179677,2,-10.275001,34.875,-15.243751
504527812969467,1,0.075,-0.025950002,9.876
504527812969467,4,-1.375E-4,2.75E-4,-9.625E-4
504527831929784,1,0.06795,-0.024,9.877951
504527831929784,4,-1.375E-4,-9.625E-4,2.75E-4
504527845254327,2,-10.200001,34.875,-15.281251
504527850890073,1,0.058050003,-0.01905,9.873
504527850890073,4,0.0011,2.75E-4,0.0015125
504527869850367,1,0.064950004,-0.021000002,9.871051
504527869850367,4,-1.375E-4,2.75E-4,-9.625E-4
504527888810436,1,0.060000002,-0.024,9.871051
504527888810434,4,-1.375E-4,-9.625E-4,2.75E-4
504527895312376,2,-10.181251,34.875,-15.262501
504527907770703,1,0.064950004,-0.025950002,9.873
504527907770703,4,-1.375E-4,-9.625E-4,2.75E-4
504527926731015,1,0.058050003,-0.024,9.873
504527926731015,4,-1.375E-4,-9.625E-4,2.75E-4
504527945691229,1,0.064950004,-0.024,9.868051
504527945691227,4,-1.375E-4,2.75E-4,2.75E-4
504527945365808,2,-10.293751,34.893753,-15.168751
504527964651588,1,0.06795,-0.033,9.876
504527964651588,4,-1.375E-4,-9.625E-4,-9.625E-4
504527983611907,1,0.064950004,-0.021000002,9.873
504527983611905,4,0.0011,2.75E-4,-9.625E-4
504527995402216,2,-10.3125,34.893753,-15.168751
504528002572123,1,0.064950004,-0.024,9.868051
504528002572121,4,-1.375E-4,2.75E-4,2.75E-4
504528021532410,1,0.07005,-0.025950002,9.868051
504528021532410,4,-1.375E-4,2.75E-4,-9.625E-4
504528040492475,1,0.058050003,-0.01905,9.873
504528040492473,4,-0.001375,-9.625E-4,2.75E-4
504528045424097,2,-10.35,34.912502,-15.187501
504528059452766,1,0.07005,-0.024,9.868051
504528059452766,4,-1.375E-4,2.75E-4,2.75E-4
504528078413073,1,0.07005,-0.033,9.873
504528078413073,4,-1.375E-4,2.75E-4,2.75E-4
504528095445331,2,-10.368751,34.912502,-15.150001
504528097373376,1,0.052950002,-0.028050002,9.873
504528097373376,4,-1.375E-4,2.75E-4,2.75E-4
504528116333674,1,0.064950004,-0.025950002,9.865951
504528116333674,4,-1.375E-4,-9.625E-4,2.75E-4
504528135293987,1,0.075,-0.024,9.868051
504528135293987,4,-1.375E-4,2.75E-4,0.0015125
504528145387037,2,-10.5,34.93125,-15.056251
504528154254214,1,0.060000002,-0.033,9.859051
504528154254212,4,-1.375E-4,2.75E-4,2.75E-4
504528173214520,1,0.063,-0.028050002,9.868051
504528173214520,4,-1.375E-4,2.75E-4,-9.625E-4
504528192174823,1,0.076950006,-0.025950002,9.861
504528192174823,4,-1.375E-4,-9.625E-4,2.75E-4
504528195414034,2,-10.556251,34.93125,-15.01875
504528211135141,1,0.064950004,-0.024,9.861
504528211135141,4,-1.375E-4,2.75E-4,2.75E-4
504528230095438,1,0.064950004,-0.021000002,9.871051
504528230095438,4,-1.375E-4,2.75E-4,2.75E-4
504528245254092,2,-10.44375,34.912502,-15.093751
504528249055527,1,0.06795,-0.033,9.865951
504528249055525,4,-1.375E-4,-9.625E-4,2.75E-4
504528268015833,1,0.07005,-0.021000002,9.871051
504528268015833,4,-0.001375,-9.625E-4,2.75E-4
504528286976136,1,0.072000004,-0.031050002,9.865951
504528286976136,4,-0.001375,2.75E-4,2.75E-4
504528295301699,2,-10.481251,34.912502,-15.1125
504528305936452,1,0.058050003,-0.025950002,9.868051
504528305936452,4,-1.375E-4,-9.625E-4,2.75E-4
504528324896775,1,0.058050003,-0.025950002,9.873
504528324896775,4,0.0011,2.75E-4,2.75E-4
504528343857073,1,0.060000002,-0.025950002,9.865951
504528343857073,4,0.0011,-9.625E-4,2.75E-4
504528345174570,2,-10.59375,34.912502,-15.0375
504528362817391,1,0.07005,-0.028050002,9.861
504528362817391,4,-0.001375,2.75E-4,2.75E-4
504528381777629,1,0.075,-0.028050002,9.81795
504528381777627,4,-0.013612499,0.02475,2.75E-4
504528395248408,2,-10.59375,34.93125,-15.056251
504528400738011,1,0.034050003,-0.045,9.95895
504528400738011,4,0.020624999,-0.0314875,-0.0045375
504528419698254,1,0.076950006,-0.0139500005,9.80595
504528419698252,4,-0.0099,0.0160875,2.75E-4
504528438658345,1,0.06795,-0.021000002,9.865951
504528438658343,4,0.0023375,-0.0022,-9.625E-4
504528445316880,2,-10.5375,34.95,-15.1125
504528457618895,1,0.060000002,-0.028050002,9.897
504528457618895,4,0.004675,-0.005775,2.75E-4
504528476578998,1,0.072000004,-0.021000002,9.8230505
504528476578996,4,-0.0050875,0.0088,-9.625E-4
504528495539299,1,0.058050003,-0.033,9.8880005
504528495539299,4,0.0034375,-0.005775,2.75E-4
504528495366788,2,-10.650001,34.987503,-15.093751
504528514499631,1,0.075,-0.021000002,9.852
504528514499631,4,-0.001375,0.0015125,2.75E-4
504528533459963,1,0.07005,-0.01905,9.852
504528533459963,4,-0.001375,0.0015125,2.75E-4
504528545399895,2,-10.743751,35.006252,-15.0375
504528552420294,1,0.07005,-0.024,9.873
504528552420294,4,0.0011,-0.0034375,-9.625E-4
504528571380611,1,0.063,-0.028050002,9.852
504528571380611,4,-0.001375,0.00275,2.75E-4
504528590340919,1,0.075,-0.024,9.868051
504528590340919,4,0.0011,-0.0022,-9.625E-4
504528595430149,2,-10.762501,34.987503,-15.093751
504528609301186,1,0.075,-0.024,9.864
504528609301184,4,-1.375E-4,2.75E-4,0.0015125
504528628261520,1,0.072000004,-0.036000002,9.864
504528628261520,4,-1.375E-4,2.75E-4,-9.625E-4
504528645446425,2,-10.650001,34.95,-15.13125
504528647221837,1,0.058050003,-0.021000002,9.864
504528647221837,4,-1.375E-4,-9.625E-4,2.75E-4
504528666182145,1,0.07005,-0.03795,9.859051
504528666182145,4,-1.375E-4,2.75E-4,-9.625E-4
504528685142458,1,0.064950004,-0.021000002,9.861
504528685142458,4,-1.375E-4,2.75E-4,2.75E-4
504528695327760,2,-10.59375,34.912502,-15.1125
504528704102552,1,0.06795,-0.021000002,9.8560505
504528704102550,4,-1.375E-4,-9.625E-4,2.75E-4
504528723063083,1,0.063,-0.031050002,9.861
504528723063083,4,-1.375E-4,2.75E-4,2.75E-4
504528742023152,1,0.07005,-0.025950002,9.864
504528742023150,4,-1.375E-4,2.75E-4,2.75E-4
504528745364535,2,-10.5375,34.875,-15.13125
504528760983453,1,0.07005,-0.024,9.864
504528760983453,4,0.0011,2.75E-4,2.75E-4
504528779943766,1,0.064950004,-0.025950002,9.8539505
504528779943766,4,-1.375E-4,2.75E-4,2.75E-4
504528795412160,2,-10.425,34.8375,-15.168751
504528798904073,1,0.064950004,-0.031050002,9.864
504528798904073,4,-1.375E-4,-9.625E-4,2.75E-4
504528817864371,1,0.063,-0.021000002,9.865951
504528817864371,4,0.0011,2.75E-4,2.75E-4
504528836824679,1,0.06795,-0.028050002,9.859051
504528836824679,4,-1.375E-4,2.75E-4,2.75E-4
504528845432829,2,-10.33125,34.8375,-15.20625
504528855784982,1,0.072000004,-0.028050002,9.868051
504528855784982,4,-1.375E-4,2.75E-4,2.75E-4
504528874745277,1,0.07005,-0.024,9.8560505
504528874745276,4,-1.375E-4,-9.625E-4,2.75E-4
504528893705551,1,0.06795,-0.031050002,9.864
504528893705550,4,-1.375E-4,2.75E-4,2.75E-4
504528895268454,2,-10.293751,34.818752,-15.225
504528912665849,1,0.07005,-0.03795,9.8560505
504528912665848,4,0.0011,-9.625E-4,-9.625E-4
504528931626142,1,0.06795,-0.033,9.861
504528931626140,4,-1.375E-4,2.75E-4,2.75E-4
504528945321551,2,-10.425,34.8375,-15.150001
504528950586363,1,0.07005,-0.025950002,9.864
504528950586361,4,-1.375E-4,-9.625E-4,-9.625E-4
504528969546679,1,0.064950004,-0.033,9.8560505
504528969546679,4,0.0011,2.75E-4,-9.625E-4
504528988506977,1,0.07005,-0.036000002,9.859051
504528988506977,4,-1.375E-4,-9.625E-4,2.75E-4
504528995361370,2,-10.462501,34.85625,-15.1125
504529007467270,1,0.058050003,-0.031050002,9.8560505
504529007467270,4,-0.001375,2.75E-4,2.75E-4
504529026427578,1,0.063,-0.031050002,9.861
504529026427578,4,0.0011,-9.625E-4,-9.625E-4
504529045387958,1,0.06795,-0.031050002,9.8539505
504529045387958,4,-1.375E-4,-9.625E-4,2.75E-4
504529045388661,2,-10.35,34.8375,-15.13125
504529064348181,1,0.063,-0.028050002,9.8560505
504529064348179,4,-0.001375,2.75E-4,2.75E-4
504529083308476,1,0.064950004,-0.031050002,9.8560505
504529083308476,4,0.0011,-9.625E-4,-9.625E-4
504529095416013,2,-10.3125,34.8375,-15.150001
504529102268760,1,0.06795,-0.031050002,9.8539505
504529102268760,4,-1.375E-4,-9.625E-4,-9.625E-4
504529121229054,1,0.058050003,-0.024,9.8560505
504529121229054,4,-1.375E-4,2.75E-4,2.75E-4
504529140189362,1,0.064950004,-0.024,9.852
504529140189362,4,-1.375E-4,2.75E-4,2.75E-4
504529145420342,2,-10.368751,34.8375,-15.056251
504529159149678,1,0.064950004,-0.021000002,9.8560505
504529159149678,4,-1.375E-4,-9.625E-4,2.75E-4
504529178109972,1,0.064950004,-0.025950002,9.861
504529178109972,4,0.0011,-9.625E-4,2.75E-4
504529195440101,2,-10.33125,34.8375,-15.0375
504529197070261,1,0.058050003,-0.025950002,9.859051
504529197070261,4,-1.375E-4,2.75E-4,2.75E-4
504529216030641,1,0.06795,-0.03795,9.8539505
504529216030641,4,-1.375E-4,-9.625E-4,2.75E-4
504529234990868,1,0.06795,-0.028050002,9.859051
504529234990866,4,0.0011,2.75E-4,2.75E-4
504529245273544,2,-10.368751,34.818752,-15.0375
504529253951237,1,0.064950004,-0.028050002,9.8560505
504529253951237,4,-1.375E-4,2.75E-4,2.75E-4
504529272911455,1,0.072000004,-0.028050002,9.8560505
504529272911453,4,-1.375E-4,-9.625E-4,2.75E-4
504529291871751,1,0.063,-0.025950002,9.864
504529291871751,4,0.0011,-9.625E-4,2.75E-4
504529295315354,2,-10.425,34.818752,-15.0375
504529310832058,1,0.064950004,-0.025950002,9.861
504529310832058,4,0.0011,-9.625E-4,0.0015125
504529329792371,1,0.07005,-0.01905,9.861
504529329792371,4,-1.375E-4,2.75E-4,2.75E-4
504529345357821,2,-10.556251,34.85625,-14.94375
504529348752674,1,0.072000004,-0.025950002,9.852
504529348752674,4,0.0011,2.75E-4,2.75E-4
504529367712986,1,0.063,-0.025950002,9.8560505
504529367712986,4,-1.375E-4,2.75E-4,2.75E-4
504529386673380,1,0.072000004,-0.031050002,9.8539505
504529386673380,4,-0.001375,-9.625E-4,2.75E-4
504529395387525,2,-10.59375,34.85625,-14.868751
504529405633714,1,0.07005,-0.028050002,9.859051
504529405633712,4,-1.375E-4,-9.625E-4,2.75E-4
504529424594013,1,0.064950004,-0.031050002,9.859051
504529424594011,4,-1.375E-4,2.75E-4,2.75E-4
504529443554243,1,0.072000004,-0.028050002,9.8539505
504529443554241,4,0.0011,2.75E-4,2.75E-4
504529445198840,2,-10.5,34.85625,-14.94375
504529462514626,1,0.060000002,-0.031050002,9.8560505
504529462514626,4,-1.375E-4,-9.625E-4,2.75E-4
504529481474936,1,0.06795,-0.024,9.8539505
504529481474934,4,-0.001375,0.0015125,0.0015125
504529495266873,2,-10.481251,34.8375,-14.94375
504529500435167,1,0.058050003,-0.025950002,9.861
504529500435165,4,-0.001375,2.75E-4,-9.625E-4
504529519395534,1,0.05595,-0.031050002,9.8539505
504529519395534,4,-0.001375,0.0015125,-9.625E-4
504529538355834,1,0.075,-0.033,9.8539505
504529538355832,4,-1.375E-4,2.75E-4,-9.625E-4
504529545319394,2,-10.51875,34.818752,-14.906251
504529557316147,1,0.07005,-0.025950002,9.847051
504529557316145,4,-1.375E-4,2.75E-4,2.75E-4
504529576276441,1,0.063,-0.025950002,9.8560505
504529576276439,4,-1.375E-4,-9.625E-4,-9.625E-4
504529595236748,1,0.060000002,-0.024,9.8539505
504529595236746,4,-1.375E-4,2.75E-4,2.75E-4
504529595368209,2,-10.575001,34.8375,-14.868751
504529614197056,1,0.064950004,-0.021000002,9.849001
504529614197054,4,-1.375E-4,2.75E-4,-9.625E-4
504529633157354,1,0.058050003,-0.036000002,9.859051
504529633157352,4,0.0011,2.75E-4,-9.625E-4
504529645401000,2,-10.462501,34.818752,-14.981251
504529652117656,1,0.063,-0.031050002,9.8560505
504529652117654,4,-1.375E-4,2.75E-4,2.75E-4
504529671077963,1,0.075,-0.028050002,9.847051
504529671077962,4,-1.375E-4,2.75E-4,0.0015125
504529690038270,1,0.05595,-0.031050002,9.849001
504529690038270,4,-1.375E-4,2.75E-4,2.75E-4
504529695352741,2,-10.40625,34.8375,-15.0375
504529708998823,1,0.06795,-0.036000002,9.84195
504529708998823,4,0.0011,2.75E-4,2.75E-4
504529727959133,1,0.064950004,-0.025950002,9.849001
504529727959131,4,-1.375E-4,2.75E-4,2.75E-4
504529745387737,2,-10.556251,34.8375,-14.962501
504529746919450,1,0.07005,-0.028050002,9.861
504529746919448,4,-1.375E-4,-9.625E-4,2.75E-4
504529765879773,1,0.07005,-0.033,9.852
504529765879771,4,-1.375E-4,-9.625E-4,-9.625E-4
504529784840080,1,0.07005,-0.036000002,9.852
504529784840078,4,-1.375E-4,2.75E-4,2.75E-4
504529795234044,2,-10.575001,34.85625,-14.925
504529803800398,1,0.072000004,-0.024,9.8539505
504529803800396,4,-1.375E-4,-9.625E-4,0.0015125
504529822760791,1,0.079950005,-0.025950002,9.852
504529822760791,4,-1.375E-4,2.75E-4,2.75E-4
504529841721101,1,0.072000004,-0.028050002,9.8539505
504529841721099,4,-1.375E-4,-9.625E-4,0.0015125
504529845297493,2,-10.481251,34.8375,-14.981251
504529860681403,1,0.063,-0.025950002,9.859051
504529860681401,4,0.0011,2.75E-4,2.75E-4
504529879641711,1,0.060000002,-0.025950002,9.847051
504529879641709,4,-1.375E-4,2.75E-4,2.75E-4
504529895345138,2,-10.51875,34.8375,-14.962501
504529898601995,1,0.063,-0.031050002,9.849001
504529898601993,4,-1.375E-4,2.75E-4,2.75E-4
504529917562301,1,0.07005,-0.025950002,9.8539505
504529917562299,4,-1.375E-4,2.75E-4,0.0015125
504529936522624,1,0.072000004,-0.024,9.852
504529936522622,4,-1.375E-4,2.75E-4,2.75E-4
504529945389451,2,-10.650001,34.818752,-14.887501
504529955483151,1,0.064950004,-0.025950002,9.847051
504529955483151,4,0.0011,2.75E-4,2.75E-4
504529974443455,1,0.064950004,-0.028050002,9.852
504529974443453,4,-1.375E-4,2.75E-4,2.75E-4
504529993403735,1,0.063,-0.033,9.8560505
504529993403733,4,-1.375E-4,2.75E-4,-9.625E-4
504529995244737,2,-10.59375,34.800003,-14.868751
504530012364062,1,0.06795,-0.036000002,9.852
504530012364060,4,-1.375E-4,-9.625E-4,2.75E-4
504530031324445,1,0.07005,-0.036000002,9.847051
504530031324445,4,-0.001375,2.75E-4,2.75E-4
504530045300787,2,-10.481251,34.78125,-14.962501
504530050284738,1,0.06795,-0.025950002,9.852
504530050284736,4,-1.375E-4,-9.625E-4,2.75E-4
504530069245056,1,0.06795,-0.028050002,9.864
504530069245054,4,0.0011,-9.625E-4,2.75E-4
504530088205369,1,0.075,-0.036000002,9.84405
504530088205367,4,0.0011,2.75E-4,2.75E-4
504530095353342,2,-10.40625,34.7625,-14.94375
504530107165905,1,0.075,-0.025950002,9.847051
504530107165905,4,-1.375E-4,2.75E-4,2.75E-4
504530126126219,1,0.07005,-0.025950002,9.8539505
504530126126217,4,-1.375E-4,2.75E-4,2.75E-4
504530145086527,1,0.01695,-0.031050002,9.877951
504530145086525,4,0.064625,0.0710875,0.0345125
504530145389765,2,-10.481251,34.74375,-14.906251
504530164046924,1,0.09900001,0.0019500001,9.801001
504530164046924,4,0.0034375,0.0075625,0.0185625
504530183007166,1,0.06795,-0.049950004,9.889951
504530183007164,4,0.0034375,-0.016775,-0.0070125
504530195423347,2,-10.5,34.74375,-14.887501
504530201967544,1,0.06795,0.010950001,9.78705
504530201967544,4,-0.018424999,0.02475,0.0075625
504530220928092,1,0.06795,-0.040050004,9.900001
504530220928092,4,0.004675,-0.0229625,-0.0132
504530239888171,1,0.08895,-0.109950006,10.042951
504530239888169,4,0.0144375,-0.0974875,-0.08525
504530245318960,2,-10.40625,34.725002,-14.94375
504530258848722,1,0.08400001,0.08595,9.535951
504530258848722,4,-0.01485,0.039325,2.75E-4
504530277809023,1,0.010050001,-0.036000002,10.09095
504530277809021,4,0.0242,-0.0572,-0.0132
504530295355598,2,-10.35,34.6875,-14.94375
504530296769395,1,0.120000005,-0.024,9.77505
504530296769395,4,-0.0026125,-0.03025,-0.032725
504530315729705,1,0.08400001,0.0019500001,9.80895
504530315729703,4,0.0108624995,-9.625E-4,-0.0094875
504530334690013,1,0.09900001,-0.016050002,9.79395
504530334690011,4,0.0059125,0.0455125,0.00275
504530345402738,2,-10.425,34.6875,-14.868751
504530353650321,1,0.06795,-0.016050002,9.913951
504530353650319,4,0.0133375,2.75E-4,-0.0045375
504530372610852,1,0.07005,-0.00405,9.864
504530372610852,4,0.0108624995,-0.0070125,-0.0045375
504530391571167,1,0.09105001,-0.028050002,9.877951
504530391571165,4,0.020624999,-0.0229625,-0.0119624995
504530395423016,2,-10.40625,34.65,-14.83125
504530410531489,1,0.132,-0.00705,9.745951
504530410531487,4,-0.0099,0.0149875,-0.021724999
504530429491881,1,0.048,0.016050002,9.859051
504530429491881,4,-0.00385,0.0198,0.0039875
504530445443858,2,-10.387501,34.631252,-14.812501
504530448452191,1,0.075,-0.0139500005,9.880051
504530448452189,4,0.0059125,0.0125124995,0.0100375
504530467412499,1,0.07005,0.00405,9.84195
504530467412497,4,0.0059125,0.0198,0.0210375
504530486373039,1,0.043950003,0.0139500005,9.873
504530486373039,4,0.009625,0.0075625,0.0295625
504530495453490,2,-10.368751,34.59375,-14.85
504530505333349,1,0.10095,-0.040050004,9.847051
504530505333347,4,0.004675,0.00275,0.0100375
504530524293723,1,0.07005,-0.009000001,9.861
504530524293723,4,0.0144375,0.006325,0.0088
504530543254022,1,0.060000002,0.00405,9.880051
504530543254020,4,0.0231,0.0050875,0.0210375
504530545279931,2,-10.44375,34.575,-14.775001
504530562214340,1,0.08400001,0.00405,9.859051
504530562214338,4,0.0242,-0.0034375,0.0149875
504530581174657,1,0.08895,0.009000001,9.837001
504530581174655,4,0.020624999,-9.625E-4,0.0015125
504530595326092,2,-10.556251,34.575,-14.775001
504530600135184,1,0.064950004,0.025950002,9.825001
504530600135184,4,0.0121,0.0050875,-0.0022
504530619095494,1,0.064950004,0.010950001,9.852
504530619095492,4,0.0108624995,0.0075625,0.00275
504530638055867,1,0.07005,0.00405,9.861
504530638055867,4,0.0121,-9.625E-4,-0.0070125
504530645360463,2,-10.44375,34.55625,-14.85
504530657016176,1,0.060000002,0.028050002,9.81795
504530657016174,4,-1.375E-4,0.006325,0.0015125
504530675976479,1,0.079950005,0.009000001,9.868051
504530675976477,4,0.0059125,0.0075625,-9.625E-4
504530694937006,1,0.075,0.028050002,9.8230505
504530694937006,4,-0.0075625,0.01375,0.0064625
504530695372632,2,-10.462501,34.55625,-14.83125
504530713897373,1,0.060000002,0.0139500005,9.880051
504530713897371,4,0.004675,-0.0022,0.0064625
504530732857609,1,0.08205,0.00705,9.84
504530732857607,4,-0.0026125,0.0088,0.0039875
504530745400175,2,-10.40625,34.55625,-14.83125
504530751818237,1,0.07005,0.0139500005,9.859051
504530751818237,4,0.0011,0.0015125,2.75E-4
504530770778537,1,0.076950006,0.018000001,9.8560505
504530770778535,4,0.0011,-0.0022,-0.005775
504530789738830,1,0.064950004,0.042000003,9.84
504530789738828,4,-0.0111375,0.011275,0.00275
504530795242061,2,-10.35,34.537502,-14.812501
504530808699247,1,0.058050003,-0.012,9.969001
504530808699247,4,0.031625,-0.06325,-0.01925
504530827659575,1,0.108,0.042000003,9.691051
504530827659573,4,-0.023375,0.0210375,-0.0155375
504530845300960,2,-10.2375,34.537502,-14.906251
504530846620179,1,0.051000003,0.00405,9.916051
504530846620179,4,-1.375E-4,-0.0034375,-0.0094875
504530865580402,1,0.08400001,0.00405,9.8539505
504530865580400,4,-0.006325,-9.625E-4,-0.0204875
504530884540709,1,0.072000004,0.010950001,9.852
504530884540707,4,-0.0026125,-0.0034375,-0.0265375
504530895345574,2,-10.21875,34.55625,-14.925
504530903501103,1,0.060000002,0.022950001,9.861
504530903501103,4,-0.001375,-9.625E-4,-0.0204875
504530922461437,1,0.058050003,0.030000001,9.8560505
504530922461435,4,-0.0050875,-0.0034375,-0.0180125
504530941421977,1,0.07005,0.022950001,9.84
504530941421977,4,-0.01485,-0.005775,-0.01925
504530945387830,2,-10.3125,34.575,-14.85
504530960382292,1,0.07005,0.0019500001,9.861
504530960382290,4,-0.01485,-0.0034375,-0.021724999
504530979342689,1,0.03195,0.030000001,9.880051
504530979342689,4,0.0011,-9.625E-4,0.0015125
504530995415522,2,-10.40625,34.59375,-14.793751
504530998303008,1,0.076950006,0.0,9.8539505
504530998303006,4,-0.001375,0.0015125,0.0015125
504531017263540,1,0.076950006,0.010950001,9.864
504531017263540,4,-1.375E-4,-9.625E-4,-9.625E-4
504531036223859,1,0.07005,0.00405,9.852
504531036223857,4,-0.001375,0.0015125,2.75E-4
504531045430781,2,-10.33125,34.59375,-14.868751
504531055184256,1,0.075,0.00405,9.859051
504531055184256,4,-1.375E-4,-9.625E-4,-9.625E-4
504531074144814,1,0.08400001,0.009000001,9.8539505
504531074144814,4,-1.375E-4,2.75E-4,0.0015125
504531093105119,1,0.072000004,0.00405,9.8539505
504531093105117,4,-1.375E-4,-9.625E-4,-0.0022
504531095447339,2,-10.3125,34.59375,-14.906251
504531112065501,1,0.07005,0.009000001,9.852
504531112065501,4,-1.375E-4,-9.625E-4,-9.625E-4
504531131025835,1,0.06795,0.010950001,9.864
504531131025833,4,-1.375E-4,2.75E-4,2.75E-4
504531145453522,2,-10.425,34.612503,-14.83125
504531149986148,1,0.072000004,0.00705,9.8539505
504531149986146,4,-1.375E-4,0.0015125,0.0015125
504531168946708,1,0.06795,0.009000001,9.864
504531168946708,4,-1.375E-4,2.75E-4,-9.625E-4
504531187907099,1,0.075,0.010950001,9.8539505
504531187907097,4,-0.001375,2.75E-4,2.75E-4
504531195463038,2,-10.462501,34.59375,-14.812501
504531206867403,1,0.064950004,0.010950001,9.859051
504531206867401,4,-1.375E-4,2.75E-4,-9.625E-4
504531225827939,1,0.072000004,0.010950001,9.859051
504531225827939,4,-1.375E-4,-9.625E-4,2.75E-4
504531244788249,1,0.06795,0.0139500005,9.861
504531244788247,4,0.0011,2.75E-4,2.75E-4
504531245396419,2,-10.368751,34.612503,-14.83125
504531263748627,1,0.06795,0.00405,9.859051
504531263748627,4,-1.375E-4,2.75E-4,2.75E-4
504531282709160,1,0.060000002,0.016050002,9.864
504531282709160,4,0.0034375,0.0039875,0.00275
504531295406552,2,-10.25625,34.59375,-14.906251
504531301669451,1,0.075,0.0139500005,9.8560505
504531301669449,4,-0.0050875,0.00275,-0.0034375
504531320629750,1,0.003,0.054,9.837001
504531320629748,4,0.004675,0.01375,0.0479875
504531339590117,1,0.012,0.042000003,9.889951
504531339590117,4,0.0083875,0.0088,0.0785125
504531345245823,2,-10.35,34.612503,-14.85
504531358550432,1,0.18195,-0.055050004,9.837001
504531358550430,4,-1.375E-4,0.01375,0.0198
504531377510973,1,0.03195,0.021000002,9.913951
504531377510973,4,0.0193875,-0.0119624995,0.005225
504531395294201,2,-10.3125,34.612503,-14.85
504531396471350,1,0.08400001,0.021000002,9.813001
504531396471348,4,-1.375E-4,0.0210375,0.0185625
504531415431634,1,0.048,0.022950001,9.877951
504531415431632,4,0.009625,-0.0034375,0.011275
504531434392170,1,0.051000003,0.025950002,9.847051
504531434392170,4,0.004675,0.0075625,0.02475
504531445342978,2,-10.25625,34.612503,-14.925
504531453352480,1,0.051000003,0.028050002,9.8539505
504531453352478,4,0.004675,0.0050875,0.033275
504531472312872,1,0.060000002,0.0019500001,9.864
504531472312872,4,0.0011,0.0050875,0.028324999
504531491273177,1,0.06795,0.0139500005,9.859051
504531491273175,4,-1.375E-4,0.0039875,0.0210375
504531495378287,2,-10.293751,34.631252,-14.906251
504531510233694,1,0.072000004,0.0019500001,9.864
504531510233694,4,0.0011,2.75E-4,0.005225
504531529194067,1,0.075,0.0,9.861
504531529194065,4,-1.375E-4,-9.625E-4,-0.00825
504531545401282,2,-10.425,34.65,-14.812501
504531548154378,1,0.076950006,0.00705,9.864
504531548154376,4,0.0011,-0.0070125,-0.021724999
504531567114915,1,0.07005,0.00405,9.859051
504531567114915,4,-0.0050875,-0.0094875,-0.0375375
504531586075235,1,0.08205,0.0019500001,9.861
504531586075233,4,-0.0050875,-0.005775,-0.0400125
504531595425128,2,-10.481251,34.65,-14.812501
504531605035636,1,0.060000002,0.022950001,9.868051
504531605035636,4,-0.001375,-0.0070125,-0.0400125
504531623995941,1,0.03195,0.045,9.84405
504531623995939,4,-0.00385,0.0015125,-0.0204875
504531642956464,1,0.01695,0.03795,9.876
504531642956464,4,0.0034375,-9.625E-4,0.0015125
504531645437640,2,-10.387501,34.631252,-14.83125
504531661916850,1,0.043950003,0.025950002,9.8539505
504531661916848,4,0.0034375,0.0050875,0.011275
504531680877382,1,0.051000003,0.03795,9.84
504531680877382,4,0.0011,0.0125124995,0.02475
504531695452270,2,-10.387501,34.631252,-14.83125
504531699837691,1,0.072000004,0.00405,9.868051
504531699837689,4,0.0023375,0.011275,0.0174625
504531718798079,1,0.03195,0.040050004,9.849001
504531718798079,4,-1.375E-4,0.011275,0.0308
504531737758379,1,0.072000004,-0.0019500001,9.871051
504531737758377,4,0.0011,-9.625E-4,0.0210375
504531745457414,2,-10.425,34.65,-14.775001
504531756718900,1,0.087000005,0.0,9.864
504531756718900,4,-1.375E-4,-0.0034375,0.0015125
504531775679278,1,0.072000004,0.0019500001,9.868051
504531775679276,4,-1.375E-4,-0.005775,-0.00825
504531794639581,1,0.072000004,0.016050002,9.859051
504531794639579,4,0.0011,-0.005775,-0.010725
504531795331304,2,-10.481251,34.65,-14.83125
504531813600122,1,0.075,0.00405,9.868051
504531813600122,4,0.0011,-0.005775,-0.0229625
504531832560518,1,0.051000003,0.022950001,9.8560505
504531832560516,4,0.0011,-0.0022,-0.0180125
504531845363545,2,-10.368751,34.631252,-14.887501
504531851520826,1,0.052950002,0.021000002,9.871051
504531851520824,4,0.0023375,-9.625E-4,-0.0119624995
504531870481366,1,0.05595,0.033,9.864
504531870481366,4,0.0023375,2.75E-4,-0.0070125
504531889441740,1,0.058050003,0.016050002,9.868051
504531889441738,4,-1.375E-4,-9.625E-4,-0.0045375
504531895408778,2,-10.35,34.65,-14.962501
504531908402048,1,0.051000003,0.030000001,9.849001
504531908402046,4,-0.001375,2.75E-4,0.0015125
504531927362579,1,0.060000002,0.021000002,9.8539505
504531927362579,4,-0.001375,0.00275,0.0064625
504531945428752,2,-10.293751,34.631252,-14.981251
504531946322875,1,0.060000002,0.021000002,9.8560505
504531946322873,4,0.0011,0.00275,0.0075625
504531965283256,1,0.052950002,0.018000001,9.868051
504531965283256,4,-1.375E-4,0.0050875,0.011275
504531984243805,1,0.052950002,0.0139500005,9.865951
504531984243805,4,-0.001375,0.0050875,0.0125124995
504531995439140,2,-10.2375,34.631252,-15.01875
504532003204182,1,0.05595,0.0139500005,9.865951
504532003204180,4,-1.375E-4,0.0015125,0.0075625
504532022164723,1,0.06795,0.018000001,9.868051
504532022164723,4,0.0011,0.0015125,0.0015125
504532041125048,1,0.051000003,0.030000001,9.832951
504532041125046,4,-0.00385,0.0100375,0.0075625
504532045441515,2,-10.14375,34.631252,-15.1125
504532060085450,1,0.05595,0.022950001,9.871051
504532060085450,4,-0.001375,0.0075625,0.0088
504532079045988,1,0.05595,0.021000002,9.847051
504532079045988,4,-0.0086624995,0.0149875,0.011275
504532095449138,2,-10.05,34.631252,-15.150001
504532098006288,1,0.04605,0.016050002,9.883051
504532098006286,4,0.0011,-0.004675,0.0088
504532116966670,1,0.04605,0.021000002,9.877951
504532116966670,4,-0.001375,-0.004675,0.0125124995
504532135926975,1,0.072000004,0.016050002,9.847051
504532135926973,4,-0.0050875,0.0015125,0.0100375
504532145449433,2,-10.125,34.65,-15.056251
504532154887512,1,0.048,0.009000001,9.876
504532154887512,4,-1.375E-4,-0.0034375,0.0064625
504532173847898,1,0.048,0.00705,9.859051
504532173847896,4,-0.0026125,0.0015125,0.0075625
504532192808192,1,0.051000003,0.021000002,9.871051
504532192808190,4,-0.0026125,2.75E-4,0.0075625
504532195455482,2,-10.106251,34.65,-15.093751
504532211768729,1,0.043950003,0.0139500005,9.865951
504532211768729,4,-1.375E-4,-9.625E-4,0.0088
504532230729105,1,0.060000002,0.016050002,9.8560505
504532230729103,4,-0.0026125,0.0015125,0.0075625
504532245443621,2,-10.03125,34.612503,-15.13125
504532249689427,1,0.05595,0.009000001,9.8560505
504532249689425,4,-0.001375,-9.625E-4,0.0039875
504532268650045,1,0.05595,0.0139500005,9.861
504532268650045,4,-0.0026125,0.0015125,0.00275
504532287610355,1,0.051000003,0.009000001,9.873
504532287610353,4,-0.0026125,0.0015125,0.0015125
504532295440457,2,-9.993751,34.631252,-15.13125
504532306570858,1,0.051000003,0.00705,9.861
504532306570858,4,-1.375E-4,2.75E-4,2.75E-4
504532325531153,1,0.051000003,0.010950001,9.865951
504532325531151,4,-1.375E-4,-9.625E-4,-9.625E-4
504532344491536,1,0.058050003,0.018000001,9.865951
504532344491536,4,-0.001375,2.75E-4,-0.0022
504532345270091,2,-10.05,34.631252,-15.1125
504532363452084,1,0.039,0.034950003,9.84
504532363452084,4,-0.0111375,0.01375,0.0075625
504532382412408,1,0.048,0.0019500001,9.8880005
504532382412406,4,0.0011,-0.0034375,0.005225
504532395309351,2,-10.03125,34.59375,-15.150001
504532401373027,1,0.05595,0.00705,9.8560505
504532401373027,4,-0.0026125,0.0039875,2.75E-4
504532420333340,1,0.04605,-0.0019500001,9.897
504532420333338,4,0.0034375,-0.00825,-9.625E-4
504532439293730,1,0.04095,-0.00405,9.904051
504532439293728,4,0.0133375,-0.0242,-0.010725
504532445351040,2,-9.9375,34.575,-15.243751
504532458254277,1,0.075,0.033,9.78705
504532458254277,4,-0.0050875,0.0075625,-9.625E-4
504532477214586,1,0.043950003,0.0139500005,9.909
504532477214584,4,0.004675,-0.010725,-9.625E-4
504532495381301,2,-9.825001,34.55625,-15.31875
504532496174959,1,0.060000002,0.022950001,9.832951
504532496174959,4,0.0011,2.75E-4,-9.625E-4
504532515135526,1,0.05595,0.010950001,9.847051
504532515135526,4,-0.00385,0.0050875,0.0015125
504532534095902,1,0.048,0.0139500005,9.864
504532534095900,4,-0.00385,0.006325,0.00275
504532545400901,2,-9.84375,34.55625,-15.281251
504532553056210,1,0.058050003,0.010950001,9.865951
504532553056208,4,-0.0026125,0.0050875,0.0015125
504532572016765,1,0.048,0.009000001,9.876
504532572016765,4,-1.375E-4,2.75E-4,0.0015125
504532590977181,1,0.04095,0.0139500005,9.868051
504532590977179,4,-1.375E-4,0.0015125,2.75E-4
504532595422589,2,-9.76875,34.575,-15.3
504532609937470,1,0.043950003,0.009000001,9.876
504532609937468,4,0.0011,-9.625E-4,0.0015125
504532628898025,1,0.058050003,0.0139500005,9.865951
504532628898025,4,0.0011,-9.625E-4,2.75E-4
504532645433976,2,-9.675,34.55625,-15.356251
504532647858402,1,0.051000003,0.021000002,9.861
504532647858400,4,0.0011,-0.0022,-9.625E-4
504532666818925,1,0.052950002,0.010950001,9.861
504532666818925,4,0.0011,2.75E-4,2.75E-4
504532685779243,1,0.05595,0.0139500005,9.861
504532685779241,4,-1.375E-4,0.00275,2.75E-4
504532695448195,2,-9.618751,34.55625,-15.356251
504532704739848,1,0.051000003,0.0139500005,9.865951
504532704739848,4,-1.375E-4,0.0015125,2.75E-4
504532723700166,1,0.060000002,0.018000001,9.852
504532723700164,4,-0.00385,0.006325,2.75E-4
504532742660556,1,0.051000003,0.0139500005,9.868051
504532742660554,4,-0.001375,0.0039875,2.75E-4
504532745453405,2,-9.69375,34.575,-15.356251
504532761621098,1,0.04095,0.00405,9.883051
504532761621098,4,0.0023375,-0.0034375,2.75E-4
504532780581431,1,0.04605,0.021000002,9.876
504532780581429,4,0.004675,-0.010725,2.75E-4
504532795395214,2,-9.731251,34.575,-15.31875
504532799541799,1,0.052950002,0.010950001,9.861
504532799541799,4,0.0059125,-0.010725,-9.625E-4
504532818502337,1,0.064950004,0.010950001,9.84405
504532818502337,4,-0.001375,0.0039875,2.75E-4
504532837462715,1,0.060000002,0.0139500005,9.865951
504532837462713,4,0.0011,-0.0022,-9.625E-4
504532845412237,2,-9.637501,34.575,-15.356251
504532856423247,1,0.051000003,0.018000001,9.865951
504532856423247,4,0.0023375,-9.625E-4,2.75E-4
504532875383551,1,0.05595,0.018000001,9.852
504532875383549,4,-0.0026125,0.006325,2.75E-4
504532894343964,1,0.051000003,0.018000001,9.859051
504532894343964,4,-0.00385,0.0100375,-0.0022
504532895246011,2,-9.618751,34.575,-15.375001
504532913304508,1,0.043950003,0.00405,9.92595
504532913304508,4,0.009625,-0.016775,-9.625E-4
504532932264816,1,0.07005,0.022950001,9.81795
504532932264814,4,-0.0050875,0.0075625,2.75E-4
504532945300801,2,-9.58125,34.575,-15.3
504532951225454,1,0.05595,0.00705,9.8880005
504532951225454,4,0.004675,-0.0094875,2.75E-4
504532970185759,1,0.052950002,0.010950001,9.873
504532970185757,4,0.0023375,-0.0034375,2.75E-4
504532989146134,1,0.058050003,0.025950002,9.8560505
504532989146132,4,-1.375E-4,-9.625E-4,-9.625E-4
504532995343327,2,-9.4875,34.575,-15.356251
504533008106700,1,0.058050003,0.009000001,9.883051
504533008106700,4,0.0034375,-0.0070125,-9.625E-4
504533027067076,1,0.063,0.016050002,9.8539505
504533027067074,4,0.0011,-9.625E-4,-9.625E-4
504533045373722,2,-9.337501,34.55625,-15.450001
504533046027403,1,0.051000003,0.022950001,9.865951
504533046027401,4,0.0011,-9.625E-4,2.75E-4
504533064987926,1,0.051000003,0.018000001,9.873
504533064987926,4,0.0011,-0.0022,-9.625E-4
504533083948312,1,0.052950002,0.016050002,9.852
504533083948310,4,-0.0026125,0.0050875,2.75E-4
504533095404356,2,-9.356251,34.55625,-15.4125
504533102908858,1,0.060000002,0.010950001,9.880051
504533102908858,4,-1.375E-4,-9.625E-4,2.75E-4
504533121869191,1,0.048,0.016050002,9.873
504533121869189,4,0.0023375,-0.0022,2.75E-4
504533140829564,1,0.052950002,0.016050002,9.868051
504533140829564,4,0.0011,-9.625E-4,2.75E-4
504533145422863,2,-9.4875,34.59375,-15.356251
504533159790084,1,0.060000002,0.016050002,9.865951
504533159790084,4,-1.375E-4,2.75E-4,0.0015125
504533178750455,1,0.05595,0.016050002,9.865951
504533178750453,4,-1.375E-4,2.75E-4,0.0015125
504533195442523,2,-9.46875,34.575,-15.375001
504533197710992,1,0.048,0.018000001,9.865951
504533197710992,4,-0.0026125,0.00275,0.0015125
504533216671297,1,0.04605,0.0139500005,9.880051
504533216671295,4,0.0023375,-0.0022,2.75E-4
504533235631670,1,0.058050003,0.010950001,9.849001
504533235631670,4,-0.0075625,0.01375,-9.625E-4
504533245451458,2,-9.431251,34.59375,-15.4125
504533254592218,1,0.051000003,0.010950001,9.883051
504533254592218,4,-1.375E-4,2.75E-4,-9.625E-4
504533273552609,1,0.048,0.00705,9.873
504533273552607,4,0.0023375,2.75E-4,-9.625E-4
504533292513127,1,0.05595,0.0139500005,9.8560505
504533292513127,4,-1.375E-4,0.0050875,2.75E-4
504533295452004,2,-9.46875,34.575,-15.375001
504533311473456,1,0.043950003,0.010950001,9.880051
504533311473454,4,0.0011,-9.625E-4,2.75E-4
504533330433810,1,0.063,0.009000001,9.859051
504533330433810,4,-1.375E-4,2.75E-4,-9.625E-4
504533345333775,2,-9.618751,34.612503,-15.3
504533349394344,1,0.063,0.0139500005,9.864
504533349394344,4,-1.375E-4,2.75E-4,-9.625E-4
504533368354720,1,0.04605,0.0139500005,9.873
504533368354718,4,-1.375E-4,0.0015125,-9.625E-4
504533387315257,1,0.05595,0.016050002,9.873
504533387315257,4,0.0034375,-0.0022,2.75E-4
504533395361023,2,-9.618751,34.59375,-15.262501
504533406275553,1,0.05595,0.016050002,9.864
504533406275551,4,-1.375E-4,0.0015125,-9.625E-4
504533425235954,1,0.051000003,0.018000001,9.871051
504533425235954,4,0.0011,-9.625E-4,2.75E-4
504533444196498,1,0.051000003,0.021000002,9.868051
504533444196498,4,0.0011,-0.0022,-9.625E-4
504533445237629,2,-9.637501,34.59375,-15.262501
504533463156898,1,0.051000003,0.016050002,9.873
504533463156896,4,0.0011,2.75E-4,-9.625E-4
504533482117425,1,0.051000003,0.0139500005,9.865951
504533482117425,4,-1.375E-4,-9.625E-4,-9.625E-4
504533495293077,2,-9.65625,34.612503,-15.281251
504533501077726,1,0.05595,0.0139500005,9.865951
504533501077724,4,0.0011,-9.625E-4,-9.625E-4
504533520038108,1,0.052950002,0.018000001,9.871051
504533520038108,4,-0.001375,0.0015125,2.75E-4
504533538998632,1,0.051000003,0.00705,9.865951
504533538998632,4,-0.001375,0.0015125,2.75E-4
504533545335562,2,-9.712501,34.612503,-15.20625
504533557959024,1,0.052950002,0.0,9.871051
504533557959022,4,-0.001375,0.0015125,0.0015125
504533576919541,1,0.05595,0.0139500005,9.861
504533576919541,4,-0.001375,0.00275,2.75E-4
504533595879913,1,0.060000002,0.00705,9.871051
504533595879911,4,-0.0026125,0.0050875,2.75E-4
504533595376761,2,-9.7875,34.612503,-15.187501
504533614840239,1,0.04605,0.021000002,9.865951
504533614840237,4,-0.001375,0.0050875,-9.625E-4
504533633800795,1,0.04605,-0.0019500001,9.904051
504533633800795,4,0.0059125,-0.0094875,-9.625E-4
504533645404275,2,-9.7875,34.631252,-15.225
504533652761206,1,0.058050003,0.018000001,9.84405
504533652761204,4,-0.001375,0.00275,-0.0022
504533671721728,1,0.04095,0.0,9.885
504533671721728,4,0.004675,-0.0070125,-9.625E-4
504533690682139,1,0.063,0.021000002,9.8539505
504533690682137,4,-1.375E-4,2.75E-4,2.75E-4
504533695431037,2,-9.806251,34.631252,-15.225
504533709642670,1,0.05595,0.022950001,9.873
504533709642670,4,0.0011,-0.0022,2.75E-4
504533728602965,1,0.05595,0.0139500005,9.871051
504533728602963,4,0.0011,-9.625E-4,-9.625E-4
504533745445459,2,-9.88125,34.65,-15.225
504533747563343,1,0.05595,0.021000002,9.864
504533747563343,4,0.0011,-9.625E-4,-9.625E-4
504533766523890,1,0.043950003,0.022950001,9.865951
504533766523890,4,-0.0026125,0.0039875,0.0015125
504533785484506,1,0.052950002,0.016050002,9.865951
504533785484506,4,-1.375E-4,2.75E-4,2.75E-4
504533795449984,2,-9.918751,34.631252,-15.262501
504533804444585,1,0.04605,0.0,9.880051
504533804444583,4,0.0023375,-0.004675,2.75E-4
504533823405217,1,0.052950002,0.010950001,9.864
504533823405217,4,-1.375E-4,2.75E-4,-9.625E-4
504533842365547,1,0.076950006,-0.00705,9.885
504533842365545,4,0.0059125,-0.0070125,-0.0034375
504533845458182,2,-9.8625,34.612503,-15.3
504533861326092,1,0.05595,0.03795,9.84
504533861326092,4,0.0011,0.00275,-0.005775
504533880286489,1,0.048,0.022950001,9.892051
504533880286487,4,0.0023375,-0.0034375,-0.0034375
504533895289504,2,-9.8625,34.631252,-15.262501
504533899247015,1,0.052950002,0.016050002,9.868051
504533899247015,4,0.0011,-0.0034375,-9.625E-4
504533918207402,1,0.052950002,0.025950002,9.865951
504533918207400,4,0.0011,-9.625E-4,2.75E-4
504533937167705,1,0.052950002,0.0139500005,9.877951
504533937167703,4,0.0034375,-0.004675,2.75E-4
504533945333957,2,-9.918751,34.631252,-15.262501
504533956128265,1,0.051000003,0.0139500005,9.8539505
504533956128265,4,-0.001375,0.00275,2.75E-4
504533975088647,1,0.060000002,0.018000001,9.868051
504533975088645,4,-0.0026125,0.0050875,-9.625E-4
504533994049180,1,0.063,0.0139500005,9.873
504533994049180,4,-0.006325,0.0088,-9.625E-4
504533995191073,2,-9.918751,34.631252,-15.262501
504534013009585,1,0.051000003,0.016050002,9.847051
504534013009583,4,-0.006325,0.0088,0.0015125
504534031969902,1,0.051000003,0.00405,9.897
504534031969900,4,0.0059125,-0.0070125,0.0015125
504534045254680,2,-9.8625,34.631252,-15.281251
504534050930438,1,0.051000003,0.018000001,9.873
504534050930438,4,0.0011,-9.625E-4,0.00275
504534069890825,1,0.05595,0.018000001,9.849001
504534069890823,4,-0.0026125,0.0050875,2.75E-4
504534088851381,1,0.048,0.021000002,9.876
504534088851381,4,-1.375E-4,2.75E-4,2.75E-4
504534095315837,2,-9.8625,34.65,-15.262501
504534107811777,1,0.051000003,0.0139500005,9.873
504534107811775,4,-1.375E-4,0.0015125,2.75E-4
504534126772309,1,0.052950002,0.010950001,9.864
504534126772309,4,-1.375E-4,0.0015125,2.75E-4
504534145732695,1,0.052950002,0.018000001,9.889951
504534145732693,4,0.00715,-0.0119624995,-0.0022
504534145360599,2,-9.9375,34.65,-15.20625
504534164692998,1,0.05595,0.028050002,9.84195
504534164692996,4,-1.375E-4,0.0015125,-9.625E-4
504534183653545,1,0.060000002,0.022950001,9.859051
504534183653545,4,-0.00385,0.0075625,0.0015125
504534195401842,2,-9.9375,34.65,-15.187501
504534202613912,1,0.04605,0.025950002,9.873
504534202613910,4,-0.001375,0.0015125,0.0015125
504534221574439,1,0.04095,0.021000002,9.904051
504534221574439,4,0.0083875,-0.0132,-9.625E-4
504534240534825,1,0.064950004,0.016050002,9.82995
504534240534823,4,-0.0050875,0.0088,0.0015125
504534245427631,2,-9.84375,34.631252,-15.243751
504534259495362,1,0.043950003,0.00705,9.8880005
504534259495362,4,0.004675,-0.0070125,-9.625E-4
504534278455653,1,0.048,0.0139500005,9.865951
504534278455651,4,0.0011,2.75E-4,-9.625E-4
504534295440790,2,-9.806251,34.631252,-15.262501
504534297416020,1,0.05595,0.021000002,9.852
504534297416020,4,-0.001375,0.0039875,-9.625E-4
504534316376549,1,0.051000003,0.009000001,9.865951
504534316376549,4,-0.001375,0.0050875,-9.625E-4
504534335336927,1,0.043950003,0.018000001,9.873
504534335336925,4,-0.001375,0.00275,2.75E-4
504534345398854,2,-9.88125,34.631252,-15.243751
504534354297472,1,0.052950002,0.010950001,9.871051
504534354297472,4,-0.0026125,0.006325,0.0015125
504534373257850,1,0.01995,0.0,9.981001
504534373257848,4,0.0144375,-0.01925,2.75E-4
504534392218366,1,0.09900001,0.034950003,9.736951
504534392218366,4,0.0133375,-0.0204875,-0.0034375
504534395416145,2,-9.88125,34.612503,-15.225
504534411178729,1,0.052950002,0.00705,9.9210005
504534411178727,4,-0.012375,0.017324999,-0.0022
504534430139028,1,0.06795,0.028050002,9.837001
504534430139026,4,-1.375E-4,0.0015125,-9.625E-4
504534445259706,2,-9.825001,34.612503,-15.281251
504534449099583,1,0.060000002,0.022950001,9.861
504534449099583,4,-0.0111375,0.0160875,0.0015125
504534468059946,1,0.04095,0.009000001,9.90705
504534468059944,4,0.0011,-0.0022,-0.0034375
504534487020491,1,0.063,0.030000001,9.8230505
504534487020491,4,-0.00385,0.006325,-9.625E-4
504534495310068,2,-9.825001,34.612503,-15.225
504534505980767,1,0.04095,0.022950001,9.892051
504534505980765,4,-1.375E-4,2.75E-4,0.0015125
504534524941361,1,0.060000002,0.028050002,9.864
504534524941361,4,-1.375E-4,-9.625E-4,2.75E-4
504534543901772,1,0.051000003,0.018000001,9.864
504534543901770,4,-1.375E-4,2.75E-4,0.00275
504534545173676,2,-9.900001,34.612503,-15.187501
504534562862099,1,0.052950002,0.010950001,9.861
504534562862097,4,-0.0026125,0.0039875,0.005225
504534581822723,1,0.048,0.018000001,9.859051
504534581822723,4,-0.00385,0.0075625,0.00275
504534595251743,2,-9.84375,34.59375,-15.20625
504534600783033,1,0.052950002,0.018000001,9.873
504534600783031,4,-0.00385,0.0050875,0.00275
504534619743570,1,-0.10605001,0.03795,10.335
504534619743570,4,0.0768625,-0.1012,0.0174625
504534638703966,1,0.18,-0.0019500001,9.636001
504534638703964,4,0.114675,-0.1854875,0.00275
504534645312178,2,-9.712501,34.575,-15.281251
504534657664507,1,0.36405003,0.109050006,8.83605
504534657664507,4,-0.2091375,0.3141875,-0.005775
504534676624912,1,-0.15195,-0.045,10.824
504534676624910,4,0.015675,-0.021724999,0.00275
504534695585220,1,0.135,0.069000006,9.591001
504534695585218,4,-0.012375,0.017324999,-9.625E-4
504534695367246,2,-9.712501,34.575,-15.262501
504534714545761,1,0.0049500004,0.0,10.066951
504534714545761,4,0.0108624995,-0.016775,-9.625E-4
504534733506129,1,0.10095,0.045,9.71805
504534733506127,4,-0.017324999,0.0259875,2.75E-4
504534745404467,2,-9.76875,34.59375,-15.225
504534752466684,1,0.028950002,0.0019500001,9.98595
504534752466684,4,0.0121,-0.0180125,2.75E-4
504534771427070,1,0.075,0.03795,9.79395
504534771427068,4,-0.0099,0.017324999,0.0039875
504534790387626,1,0.048,0.016050002,9.904051
504534790387626,4,0.0023375,-0.0034375,0.0015125
504534795426618,2,-9.76875,34.65,-15.281251
504534809347965,1,0.063,0.022950001,9.865951
504534809347963,4,-0.00385,0.006325,0.00275
504534828308564,1,0.064950004,0.025950002,9.8560505
504534828308564,4,-0.0050875,0.0075625,0.00275
504534845447824,2,-9.637501,34.65,-15.375001
504534847268859,1,0.052950002,0.022950001,9.90705
504534847268857,4,0.00715,-0.0119624995,0.0015125
504534866229492,1,0.064950004,0.022950001,9.837001
504534866229492,4,-0.0050875,0.006325,0.0039875
504534885189826,1,0.058050003,0.016050002,9.871051
504534885189824,4,-0.001375,2.75E-4,0.00275
504534895344494,2,-9.675,34.706253,-15.39375
504534904150216,1,0.048,0.018000001,9.877951
504534904150214,4,-1.375E-4,-9.625E-4,0.0015125
504534923110743,1,0.072000004,0.018000001,9.861
504534923110743,4,-1.375E-4,0.0015125,2.75E-4
504534942071120,1,0.060000002,0.00405,9.883051
504534942071118,4,0.0023375,-0.0034375,-9.625E-4
504534945381565,2,-9.69375,34.7625,-15.39375
504534961031651,1,0.05595,0.016050002,9.868051
504534961031651,4,-0.001375,-9.625E-4,2.75E-4
504534979992052,1,0.058050003,0.022950001,9.877951
504534979992050,4,0.0023375,-0.0022,-0.0022
504534995230754,2,-9.75,34.78125,-15.375001
504534998952585,1,0.063,0.016050002,9.873
504534998952585,4,-1.375E-4,2.75E-4,-9.625E-4
504535017912980,1,0.05595,0.022950001,9.876
504535017912978,4,0.0011,-9.625E-4,2.75E-4
504535036873298,1,0.058050003,0.016050002,9.873
504535036873296,4,-0.001375,0.0015125,2.75E-4
504535045285841,2,-9.712501,34.8375,-15.450001
504535055833838,1,0.05595,0.021000002,9.865951
504535055833838,4,-1.375E-4,2.75E-4,2.75E-4
504535074794225,1,0.063,0.016050002,9.865951
504535074794223,4,-1.375E-4,2.75E-4,2.75E-4
504535093754772,1,0.05595,0.025950002,9.871051
504535093754772,4,-1.375E-4,2.75E-4,2.75E-4
504535095164906,2,-9.65625,34.85625,-15.4125
504535112715143,1,0.064950004,0.018000001,9.871051
504535112715141,4,0.0011,-9.625E-4,-9.625E-4
504535131675690,1,0.060000002,0.0139500005,9.865951
504535131675690,4,-1.375E-4,0.0015125,-9.625E-4
504535145243343,2,-9.675,34.85625,-15.431251
504535150636014,1,0.052950002,0.022950001,9.868051
504535150636012,4,-0.001375,0.0015125,2.75E-4
504535169596607,1,0.052950002,0.010950001,9.873
504535169596607,4,0.0011,2.75E-4,-9.625E-4
504535188556908,1,0.063,0.018000001,9.868051
504535188556906,4,0.0011,2.75E-4,-9.625E-4
504535195315118,2,-9.731251,34.875,-15.4125
504535207517291,1,0.048,0.016050002,9.865951
504535207517289,4,0.0011,-9.625E-4,-9.625E-4
504535226477929,1,0.05595,0.022950001,9.871051
504535226477929,4,0.0011,2.75E-4,2.75E-4
504535245438482,1,0.05595,0.010950001,9.868051
504535245438482,4,0.0011,-0.0022,-9.625E-4
504535245367198,2,-9.637501,34.875,-15.431251
504535264398782,1,0.05595,0.021000002,9.859051
504535264398780,4,-1.375E-4,2.75E-4,-9.625E-4
504535283359167,1,0.064950004,0.021000002,9.861
504535283359165,4,-1.375E-4,2.75E-4,2.75E-4
504535295401729,2,-9.6,34.893753,-15.450001
504535302319708,1,0.06795,0.025950002,9.868051
504535302319708,4,-0.001375,2.75E-4,-9.625E-4
504535321280090,1,0.06795,0.0139500005,9.876
504535321280088,4,-1.375E-4,-9.625E-4,2.75E-4
504535340240393,1,0.05595,0.018000001,9.865951
504535340240391,4,-1.375E-4,-9.625E-4,2.75E-4
504535345432674,2,-9.712501,34.93125,-15.4125
504535359201011,1,0.058050003,0.0139500005,9.864
504535359201011,4,-1.375E-4,2.75E-4,-9.625E-4
504535378161297,1,0.064950004,0.018000001,9.871051
504535378161295,4,0.0011,-9.625E-4,2.75E-4
504535395449175,2,-9.731251,34.93125,-15.375001
504535397121842,1,0.060000002,0.010950001,9.865951
504535397121842,4,-0.001375,0.0015125,-9.625E-4
504535416082234,1,0.05595,0.021000002,9.864
504535416082232,4,-1.375E-4,-9.625E-4,-9.625E-4
504535435042756,1,0.058050003,0.025950002,9.871051
504535435042756,4,-1.375E-4,-9.625E-4,2.75E-4
504535445296772,2,-9.675,34.93125,-15.375001
504535454003147,1,0.052950002,0.021000002,9.871051
504535454003145,4,-1.375E-4,2.75E-4,2.75E-4
504535472963666,1,0.058050003,0.0139500005,9.873
504535472963666,4,0.0011,-0.0022,2.75E-4
504535491924033,1,0.05595,0.022950001,9.873
504535491924031,4,-1.375E-4,-9.625E-4,2.75E-4
504535495341112,2,-9.712501,34.93125,-15.39375
504535510884536,1,0.060000002,0.018000001,9.877951
504535510884536,4,0.0034375,-0.0070125,-9.625E-4
504535529844903,1,0.064950004,0.018000001,9.849001
504535529844901,4,0.0023375,-0.0034375,-9.625E-4
504535545372672,2,-9.806251,34.93125,-15.375001
504535548805435,1,0.064950004,0.016050002,9.8560505
504535548805435,4,-1.375E-4,2.75E-4,-9.625E-4
504535567765745,1,0.072000004,0.018000001,9.865951
504535567765743,4,-1.375E-4,2.75E-4,-9.625E-4
504535586726348,1,0.058050003,0.022950001,9.868051
504535586726348,4,0.0023375,-0.0034375,-0.0022
504535595295074,2,-9.84375,34.93125,-15.4125
504535605686707,1,0.06795,0.018000001,9.859051
504535605686705,4,-0.001375,0.0039875,-9.625E-4
504535624646999,1,0.060000002,0.016050002,9.877951
504535624646997,4,0.0034375,-0.004675,-9.625E-4
504535643607541,1,0.075,0.021000002,9.847051
504535643607541,4,-0.00385,0.0039875,2.75E-4
504535645144287,2,-9.75,34.912502,-15.450001
504535662567913,1,0.063,0.018000001,9.864
504535662567911,4,0.0011,2.75E-4,0.0015125
504535681528445,1,0.063,0.022950001,9.8539505
504535681528445,4,-0.0026125,0.0039875,0.0015125
504535695232299,2,-9.900001,34.96875,-15.431251
504535700488832,1,0.064950004,0.018000001,9.864
504535700488830,4,-0.001375,0.0039875,2.75E-4
504535719449363,1,0.05595,0.010950001,9.880051
504535719449363,4,0.0034375,-0.004675,-9.625E-4
504535738409750,1,0.063,0.016050002,9.861
504535738409748,4,0.0034375,-0.005775,2.75E-4
